benchmark,method,selected_columns,includes_target,n_selected,n_noise,noise_ratio,execution_time_sec,error
jannis,variance_score,"['class', 'V1', 'V2', 'V3', 'V4', 'V5', 'V6', 'V7', 'V8', 'V9', 'V10', 'V11', 'V12', 'V13', 'V14', 'V15', 'V16', 'V17', 'V18', 'V19', 'V20', 'V21', 'V22', 'V23', 'V24', 'V25', 'V26', 'V27', 'V28', 'V29', 'V30', 'V31', 'V32', 'V33', 'V34', 'V35', 'V36', 'V37', 'V38', 'V39', 'V40', 'V41', 'V42', 'V43', 'V44', 'V45', 'V46', 'V47', 'V48', 'V49', 'V50', 'V51', 'V52', 'V53', 'V54', 'noise_numeric_1', 'noise_numeric_2', 'V1_shuffled_1', 'V1_shuffled_2', 'V2_shuffled_1', 'V2_shuffled_2', 'V3_shuffled_1', 'V3_shuffled_2', 'V4_shuffled_1', 'V4_shuffled_2', 'V5_shuffled_1', 'V5_shuffled_2', 'V6_shuffled_1', 'V6_shuffled_2', 'V7_shuffled_1', 'V7_shuffled_2', 'V8_shuffled_1', 'V8_shuffled_2', 'V9_shuffled_1', 'V9_shuffled_2', 'V10_shuffled_1', 'V10_shuffled_2', 'V11_shuffled_1', 'V11_shuffled_2', 'V12_shuffled_1', 'V12_shuffled_2', 'V13_shuffled_1', 'V13_shuffled_2', 'V14_shuffled_1', 'V14_shuffled_2', 'V15_shuffled_1', 'V15_shuffled_2', 'V16_shuffled_1', 'V16_shuffled_2', 'V17_shuffled_1', 'V17_shuffled_2', 'V18_shuffled_1', 'V18_shuffled_2', 'V19_shuffled_1', 'V19_shuffled_2', 'V20_shuffled_1', 'V20_shuffled_2', 'V21_shuffled_1', 'V21_shuffled_2', 'V22_shuffled_1', 'V22_shuffled_2', 'V23_shuffled_1', 'V23_shuffled_2', 'V24_shuffled_1', 'V24_shuffled_2', 'V25_shuffled_1', 'V25_shuffled_2', 'V26_shuffled_1', 'V26_shuffled_2', 'V27_shuffled_1', 'V27_shuffled_2', 'V28_shuffled_1', 'V28_shuffled_2', 'V29_shuffled_1', 'V29_shuffled_2', 'V30_shuffled_1', 'V30_shuffled_2', 'V31_shuffled_1', 'V31_shuffled_2', 'V32_shuffled_1', 'V32_shuffled_2', 'V33_shuffled_1', 'V33_shuffled_2', 'V34_shuffled_1', 'V34_shuffled_2', 'V35_shuffled_1', 'V35_shuffled_2', 'V36_shuffled_1', 'V36_shuffled_2', 'V37_shuffled_1', 'V37_shuffled_2', 'V38_shuffled_1', 'V38_shuffled_2', 'V39_shuffled_1', 'V39_shuffled_2', 'V40_shuffled_1', 'V40_shuffled_2', 'V41_shuffled_1', 'V41_shuffled_2', 'V42_shuffled_1', 'V42_shuffled_2', 'V43_shuffled_1', 'V43_shuffled_2', 'V44_shuffled_1', 'V44_shuffled_2', 'V45_shuffled_1', 'V45_shuffled_2', 'V46_shuffled_1', 'V46_shuffled_2', 'V47_shuffled_1', 'V47_shuffled_2', 'V48_shuffled_1', 'V48_shuffled_2', 'V49_shuffled_1', 'V49_shuffled_2', 'V50_shuffled_1', 'V50_shuffled_2', 'V51_shuffled_1', 'V51_shuffled_2', 'V52_shuffled_1', 'V52_shuffled_2', 'V53_shuffled_1', 'V53_shuffled_2', 'V54_shuffled_1', 'V54_shuffled_2']",True,165,110,0.6666666666666666,0.1017,
jannis,laplacian_score,"['class', 'V1', 'V2', 'V3', 'V4', 'V5', 'V6', 'V7', 'V8', 'V9', 'V10', 'V11', 'V12', 'V13', 'V14', 'V15', 'V16', 'V17', 'V18', 'V19', 'V20', 'V21', 'V22', 'V23', 'V24', 'V25', 'V26', 'V27', 'V28', 'V29', 'V30', 'V31', 'V32', 'V33', 'V34', 'V35', 'V36', 'V37', 'V38', 'V39', 'V40', 'V41', 'V42', 'V43', 'V44', 'V45', 'V46', 'V47', 'V48', 'V49', 'V50', 'V51', 'V52', 'V53', 'V54', 'noise_numeric_1', 'noise_numeric_2', 'V1_shuffled_1', 'V1_shuffled_2', 'V2_shuffled_1', 'V2_shuffled_2', 'V3_shuffled_1', 'V3_shuffled_2', 'V4_shuffled_1', 'V4_shuffled_2', 'V5_shuffled_1', 'V5_shuffled_2', 'V6_shuffled_1', 'V6_shuffled_2', 'V7_shuffled_1', 'V7_shuffled_2', 'V8_shuffled_1', 'V8_shuffled_2', 'V9_shuffled_1', 'V9_shuffled_2', 'V10_shuffled_1', 'V10_shuffled_2', 'V11_shuffled_1', 'V11_shuffled_2', 'V12_shuffled_1', 'V12_shuffled_2', 'V13_shuffled_1', 'V13_shuffled_2', 'V14_shuffled_1', 'V14_shuffled_2', 'V15_shuffled_1', 'V15_shuffled_2', 'V16_shuffled_1', 'V16_shuffled_2', 'V17_shuffled_1', 'V17_shuffled_2', 'V18_shuffled_1', 'V18_shuffled_2', 'V19_shuffled_1', 'V19_shuffled_2', 'V20_shuffled_1', 'V20_shuffled_2', 'V21_shuffled_1', 'V21_shuffled_2', 'V22_shuffled_1', 'V22_shuffled_2', 'V23_shuffled_1', 'V23_shuffled_2', 'V24_shuffled_1', 'V24_shuffled_2', 'V25_shuffled_1', 'V25_shuffled_2', 'V26_shuffled_1', 'V26_shuffled_2', 'V27_shuffled_1', 'V27_shuffled_2', 'V28_shuffled_1', 'V28_shuffled_2', 'V29_shuffled_1', 'V29_shuffled_2', 'V30_shuffled_1', 'V30_shuffled_2', 'V31_shuffled_1', 'V31_shuffled_2', 'V32_shuffled_1', 'V32_shuffled_2', 'V33_shuffled_1', 'V33_shuffled_2', 'V34_shuffled_1', 'V34_shuffled_2', 'V35_shuffled_1', 'V35_shuffled_2', 'V36_shuffled_1', 'V36_shuffled_2', 'V37_shuffled_1', 'V37_shuffled_2', 'V38_shuffled_1', 'V38_shuffled_2', 'V39_shuffled_1', 'V39_shuffled_2', 'V40_shuffled_1', 'V40_shuffled_2', 'V41_shuffled_1', 'V41_shuffled_2', 'V42_shuffled_1', 'V42_shuffled_2', 'V43_shuffled_1', 'V43_shuffled_2', 'V44_shuffled_1', 'V44_shuffled_2', 'V45_shuffled_1', 'V45_shuffled_2', 'V46_shuffled_1', 'V46_shuffled_2', 'V47_shuffled_1', 'V47_shuffled_2', 'V48_shuffled_1', 'V48_shuffled_2', 'V49_shuffled_2', 'V50_shuffled_1', 'V50_shuffled_2', 'V51_shuffled_1', 'V51_shuffled_2', 'V52_shuffled_1', 'V52_shuffled_2', 'V53_shuffled_1', 'V53_shuffled_2', 'V54_shuffled_1', 'V54_shuffled_2', 'noise_categorical_1', 'noise_categorical_2']",True,166,111,0.6686746987951807,222.2997,
jannis,spec,[],False,0,0,0.0,419.5257,(lwork>0||lwork==-1) failed for 4th keyword lwork: dsygvd:lwork=-1958676311
jannis,mcfs,[],False,0,0,0.0,553.3,(lwork>0||lwork==-1) failed for 4th keyword lwork: dsygvd:lwork=-1958676311
jannis,ndfs,[],False,0,0,0.0,572.0867,(lwork>0||lwork==-1) failed for 4th keyword lwork: dsygvd:lwork=-1958676311
jannis,rsr,[],False,0,0,0.0,261.9086,"Unable to allocate 24.7 GiB for an array with shape (57580, 57580) and data type float64"
jannis,agufs,"['class', 'V1', 'V2', 'V3', 'V4', 'V5', 'V6', 'V7', 'V8', 'V9', 'V10', 'V11', 'V12', 'V13', 'V14', 'V15', 'V16', 'V17', 'V18', 'V19', 'V20', 'V21', 'V22', 'V23', 'V24', 'V25', 'V26', 'V27', 'V28', 'V29', 'V30', 'V31', 'V32', 'V33', 'V34', 'V35', 'V36', 'V37', 'V38', 'V39', 'V40', 'V41', 'V42', 'V43', 'V44', 'V45', 'V46', 'V47', 'V48', 'V49', 'V50', 'V51', 'V52', 'V53', 'V54', 'noise_numeric_1', 'noise_numeric_2', 'V1_shuffled_1', 'V1_shuffled_2', 'V2_shuffled_1', 'V2_shuffled_2', 'V3_shuffled_1', 'V3_shuffled_2', 'V4_shuffled_1', 'V4_shuffled_2', 'V5_shuffled_1', 'V5_shuffled_2', 'V6_shuffled_1', 'V6_shuffled_2', 'V7_shuffled_1', 'V7_shuffled_2', 'V8_shuffled_1', 'V8_shuffled_2', 'V9_shuffled_1', 'V9_shuffled_2', 'V10_shuffled_1', 'V10_shuffled_2', 'V11_shuffled_1', 'V11_shuffled_2', 'V12_shuffled_1', 'V12_shuffled_2', 'V13_shuffled_1', 'V13_shuffled_2', 'V14_shuffled_1', 'V14_shuffled_2', 'V15_shuffled_1', 'V15_shuffled_2', 'V16_shuffled_1', 'V16_shuffled_2', 'V17_shuffled_1', 'V17_shuffled_2', 'V18_shuffled_1', 'V18_shuffled_2', 'V19_shuffled_1', 'V19_shuffled_2', 'V20_shuffled_1', 'V20_shuffled_2', 'V21_shuffled_1', 'V21_shuffled_2', 'V22_shuffled_1', 'V22_shuffled_2', 'V23_shuffled_1', 'V23_shuffled_2', 'V24_shuffled_1', 'V24_shuffled_2', 'V25_shuffled_1', 'V25_shuffled_2', 'V26_shuffled_1', 'V26_shuffled_2', 'V27_shuffled_1', 'V27_shuffled_2', 'V28_shuffled_1', 'V28_shuffled_2', 'V29_shuffled_1', 'V29_shuffled_2', 'V30_shuffled_1', 'V30_shuffled_2', 'V31_shuffled_1', 'V31_shuffled_2', 'V32_shuffled_1', 'V32_shuffled_2', 'V33_shuffled_1', 'V33_shuffled_2', 'V34_shuffled_1', 'V34_shuffled_2', 'V35_shuffled_1', 'V35_shuffled_2', 'V36_shuffled_1', 'V36_shuffled_2', 'V37_shuffled_1', 'V37_shuffled_2', 'V38_shuffled_1', 'V38_shuffled_2', 'V39_shuffled_1', 'V39_shuffled_2', 'V40_shuffled_1', 'V40_shuffled_2', 'V41_shuffled_1', 'V41_shuffled_2', 'V42_shuffled_1', 'V42_shuffled_2', 'V43_shuffled_1', 'V43_shuffled_2', 'V44_shuffled_1', 'V44_shuffled_2', 'V45_shuffled_1', 'V45_shuffled_2', 'V46_shuffled_1', 'V46_shuffled_2', 'V47_shuffled_1', 'V47_shuffled_2', 'V48_shuffled_1', 'V48_shuffled_2', 'V49_shuffled_1', 'V49_shuffled_2', 'V50_shuffled_1', 'V50_shuffled_2', 'V51_shuffled_1', 'V51_shuffled_2', 'V52_shuffled_1', 'V52_shuffled_2', 'V53_shuffled_1', 'V53_shuffled_2', 'V54_shuffled_1', 'V54_shuffled_2']",True,165,110,0.6666666666666666,475.7019,
jannis,udfs_like,"['V9', 'V20']",False,2,0,0.0,99.0034,
jannis,correlation_uniqueness,"['V4', 'V28', 'V29', 'V30', 'V31', 'V32', 'V33', 'V34', 'V35', 'V36', 'V37', 'V38', 'V39', 'V40', 'V41', 'V42', 'V43', 'V44', 'V45', 'V46', 'V47', 'V48', 'V49', 'V50', 'V51', 'V52', 'V53', 'V54', 'noise_numeric_1', 'noise_numeric_2', 'V1_shuffled_1', 'V1_shuffled_2', 'V2_shuffled_1', 'V2_shuffled_2', 'V3_shuffled_1', 'V3_shuffled_2', 'V4_shuffled_1', 'V4_shuffled_2', 'V5_shuffled_1', 'V5_shuffled_2', 'V6_shuffled_1', 'V6_shuffled_2', 'V7_shuffled_1', 'V7_shuffled_2', 'V8_shuffled_1', 'V8_shuffled_2', 'V9_shuffled_1', 'V9_shuffled_2', 'V10_shuffled_1', 'V10_shuffled_2', 'V11_shuffled_1', 'V11_shuffled_2', 'V12_shuffled_1', 'V12_shuffled_2', 'V13_shuffled_1', 'V13_shuffled_2', 'V14_shuffled_1', 'V14_shuffled_2', 'V15_shuffled_1', 'V15_shuffled_2', 'V16_shuffled_1', 'V16_shuffled_2', 'V17_shuffled_1', 'V17_shuffled_2', 'V18_shuffled_1', 'V18_shuffled_2', 'V19_shuffled_1', 'V19_shuffled_2', 'V20_shuffled_1', 'V20_shuffled_2', 'V21_shuffled_1', 'V21_shuffled_2', 'V22_shuffled_1', 'V22_shuffled_2', 'V23_shuffled_1', 'V23_shuffled_2', 'V24_shuffled_1', 'V24_shuffled_2', 'V25_shuffled_1', 'V25_shuffled_2', 'V26_shuffled_1', 'V26_shuffled_2', 'V27_shuffled_1', 'V27_shuffled_2', 'V28_shuffled_1', 'V28_shuffled_2', 'V29_shuffled_1', 'V29_shuffled_2', 'V30_shuffled_1', 'V30_shuffled_2', 'V31_shuffled_1', 'V31_shuffled_2', 'V32_shuffled_1', 'V32_shuffled_2', 'V33_shuffled_1', 'V33_shuffled_2', 'V34_shuffled_1', 'V34_shuffled_2', 'V35_shuffled_1', 'V35_shuffled_2', 'V36_shuffled_1', 'V36_shuffled_2', 'V37_shuffled_1', 'V37_shuffled_2', 'V38_shuffled_1', 'V38_shuffled_2', 'V39_shuffled_1', 'V39_shuffled_2', 'V40_shuffled_1', 'V40_shuffled_2', 'V41_shuffled_1', 'V41_shuffled_2', 'V42_shuffled_1', 'V42_shuffled_2', 'V43_shuffled_1', 'V43_shuffled_2', 'V44_shuffled_1', 'V44_shuffled_2', 'V45_shuffled_1', 'V45_shuffled_2', 'V46_shuffled_1', 'V46_shuffled_2', 'V47_shuffled_1', 'V47_shuffled_2', 'V48_shuffled_1', 'V48_shuffled_2', 'V49_shuffled_1', 'V49_shuffled_2', 'V50_shuffled_1', 'V50_shuffled_2', 'V51_shuffled_1', 'V51_shuffled_2', 'V52_shuffled_1', 'V52_shuffled_2', 'V53_shuffled_1', 'V53_shuffled_2', 'V54_shuffled_1', 'V54_shuffled_2']",False,138,110,0.7971014492753623,0.0723,
jannis,mrmr,"['V11', 'V12', 'V13', 'V14', 'V15', 'V19', 'V22']",False,7,0,0.0,25.8078,
jannis,jmi,"['V1', 'V4']",False,2,0,0.0,25.6681,
jannis,cmim,"['V4', 'V29']",False,2,0,0.0,25.5467,
jannis,inf_fs,"['noise_categorical_1', 'noise_categorical_2']",False,2,2,1.0,0.1174,
jannis,cluster_dispersion,"['V1', 'V2', 'V3', 'V6', 'V7', 'V10', 'V11', 'V12', 'V13', 'V14', 'V15', 'V16', 'V17', 'V18', 'V19', 'V22', 'V25']",False,17,0,0.0,1.2016,
jannis,principal_feature_analysis,"['class', 'V1', 'V2', 'V3', 'V5', 'V6', 'V7', 'V8', 'V9', 'V10', 'V11', 'V12', 'V13', 'V14', 'V15', 'V16', 'V17', 'V18', 'V19', 'V20', 'V21', 'V22', 'V23', 'V24', 'V25', 'V26']",True,26,0,0.0,0.0703,
jannis,feature_cluster_representative,"['V2', 'V3', 'V14', 'V32_shuffled_2', 'noise_categorical_1']",False,5,2,0.4,0.82,
jannis,cae,"['V19', 'V24', 'V37', 'V51', 'V54', 'V15_shuffled_2', 'V40_shuffled_2', 'V42_shuffled_1', 'noise_categorical_2']",False,9,4,0.4444444444444444,1.3212,
jannis,lima,"['V1', 'V10', 'V11', 'V12', 'V13', 'V14', 'V15', 'V16', 'V17', 'V18', 'V19', 'V2', 'V20', 'V21', 'V22', 'V23', 'V24', 'V25', 'V27', 'V3', 'V4', 'V5', 'V6', 'V7', 'V8', 'V9', 'class']",True,27,0,0.0,19.76,
miniboone,variance_score,"['signal', 'ParticleID_0', 'ParticleID_1', 'ParticleID_2', 'ParticleID_3', 'ParticleID_4', 'ParticleID_5', 'ParticleID_6', 'ParticleID_7', 'ParticleID_8', 'ParticleID_9', 'ParticleID_10', 'ParticleID_11', 'ParticleID_12', 'ParticleID_13', 'ParticleID_14', 'ParticleID_15', 'ParticleID_16', 'ParticleID_17', 'ParticleID_18', 'ParticleID_19', 'ParticleID_20', 'ParticleID_21', 'ParticleID_22', 'ParticleID_23', 'ParticleID_24', 'ParticleID_25', 'ParticleID_26', 'ParticleID_27', 'ParticleID_28', 'ParticleID_29', 'ParticleID_30', 'ParticleID_31', 'ParticleID_32', 'ParticleID_33', 'ParticleID_34', 'ParticleID_35', 'ParticleID_36', 'ParticleID_37', 'ParticleID_38', 'ParticleID_39', 'ParticleID_40', 'ParticleID_41', 'ParticleID_42', 'ParticleID_43', 'ParticleID_44', 'ParticleID_45', 'ParticleID_46', 'ParticleID_47', 'ParticleID_48', 'ParticleID_49', 'noise_numeric_1', 'noise_numeric_2', 'ParticleID_0_shuffled_1', 'ParticleID_0_shuffled_2', 'ParticleID_1_shuffled_1', 'ParticleID_1_shuffled_2', 'ParticleID_2_shuffled_1', 'ParticleID_2_shuffled_2', 'ParticleID_3_shuffled_1', 'ParticleID_3_shuffled_2', 'ParticleID_4_shuffled_1', 'ParticleID_4_shuffled_2', 'ParticleID_5_shuffled_1', 'ParticleID_5_shuffled_2', 'ParticleID_6_shuffled_1', 'ParticleID_6_shuffled_2', 'ParticleID_7_shuffled_1', 'ParticleID_7_shuffled_2', 'ParticleID_8_shuffled_1', 'ParticleID_8_shuffled_2', 'ParticleID_9_shuffled_1', 'ParticleID_9_shuffled_2', 'ParticleID_10_shuffled_1', 'ParticleID_10_shuffled_2', 'ParticleID_11_shuffled_1', 'ParticleID_11_shuffled_2', 'ParticleID_12_shuffled_1', 'ParticleID_12_shuffled_2', 'ParticleID_13_shuffled_1', 'ParticleID_13_shuffled_2', 'ParticleID_14_shuffled_1', 'ParticleID_14_shuffled_2', 'ParticleID_15_shuffled_1', 'ParticleID_15_shuffled_2', 'ParticleID_16_shuffled_1', 'ParticleID_16_shuffled_2', 'ParticleID_17_shuffled_1', 'ParticleID_17_shuffled_2', 'ParticleID_18_shuffled_1', 'ParticleID_18_shuffled_2', 'ParticleID_19_shuffled_1', 'ParticleID_19_shuffled_2', 'ParticleID_20_shuffled_1', 'ParticleID_20_shuffled_2', 'ParticleID_21_shuffled_1', 'ParticleID_21_shuffled_2', 'ParticleID_22_shuffled_1', 'ParticleID_22_shuffled_2', 'ParticleID_23_shuffled_1', 'ParticleID_23_shuffled_2', 'ParticleID_24_shuffled_1', 'ParticleID_24_shuffled_2', 'ParticleID_25_shuffled_1', 'ParticleID_25_shuffled_2', 'ParticleID_26_shuffled_1', 'ParticleID_26_shuffled_2', 'ParticleID_27_shuffled_1', 'ParticleID_27_shuffled_2', 'ParticleID_28_shuffled_1', 'ParticleID_28_shuffled_2', 'ParticleID_29_shuffled_1', 'ParticleID_29_shuffled_2', 'ParticleID_30_shuffled_1', 'ParticleID_30_shuffled_2', 'ParticleID_31_shuffled_1', 'ParticleID_31_shuffled_2', 'ParticleID_32_shuffled_1', 'ParticleID_32_shuffled_2', 'ParticleID_33_shuffled_1', 'ParticleID_33_shuffled_2', 'ParticleID_34_shuffled_1', 'ParticleID_34_shuffled_2', 'ParticleID_35_shuffled_1', 'ParticleID_35_shuffled_2', 'ParticleID_36_shuffled_1', 'ParticleID_36_shuffled_2', 'ParticleID_37_shuffled_1', 'ParticleID_37_shuffled_2', 'ParticleID_38_shuffled_1', 'ParticleID_38_shuffled_2', 'ParticleID_39_shuffled_1', 'ParticleID_39_shuffled_2', 'ParticleID_40_shuffled_1', 'ParticleID_40_shuffled_2', 'ParticleID_41_shuffled_1', 'ParticleID_41_shuffled_2', 'ParticleID_42_shuffled_1', 'ParticleID_42_shuffled_2', 'ParticleID_43_shuffled_1', 'ParticleID_43_shuffled_2', 'ParticleID_44_shuffled_1', 'ParticleID_44_shuffled_2', 'ParticleID_45_shuffled_1', 'ParticleID_45_shuffled_2', 'ParticleID_46_shuffled_1', 'ParticleID_46_shuffled_2', 'ParticleID_47_shuffled_1', 'ParticleID_47_shuffled_2', 'ParticleID_48_shuffled_1', 'ParticleID_48_shuffled_2', 'ParticleID_49_shuffled_1', 'ParticleID_49_shuffled_2']",True,153,102,0.6666666666666666,0.4337,
miniboone,laplacian_score,"['signal', 'ParticleID_0', 'ParticleID_1', 'ParticleID_2', 'ParticleID_3', 'ParticleID_4', 'ParticleID_5', 'ParticleID_6', 'ParticleID_7', 'ParticleID_8', 'ParticleID_9', 'ParticleID_10', 'ParticleID_11', 'ParticleID_12', 'ParticleID_13', 'ParticleID_14', 'ParticleID_15', 'ParticleID_16', 'ParticleID_17', 'ParticleID_18', 'ParticleID_19', 'ParticleID_20', 'ParticleID_21', 'ParticleID_22', 'ParticleID_23', 'ParticleID_24', 'ParticleID_25', 'ParticleID_26', 'ParticleID_27', 'ParticleID_28', 'ParticleID_29', 'ParticleID_30', 'ParticleID_31', 'ParticleID_32', 'ParticleID_33', 'ParticleID_34', 'ParticleID_35', 'ParticleID_36', 'ParticleID_37', 'ParticleID_38', 'ParticleID_39', 'ParticleID_40', 'ParticleID_41', 'ParticleID_42', 'ParticleID_43', 'ParticleID_44', 'ParticleID_45', 'ParticleID_46', 'ParticleID_47', 'ParticleID_48', 'ParticleID_49', 'noise_numeric_1', 'noise_numeric_2', 'ParticleID_0_shuffled_1', 'ParticleID_0_shuffled_2', 'ParticleID_1_shuffled_1', 'ParticleID_1_shuffled_2', 'ParticleID_2_shuffled_1', 'ParticleID_2_shuffled_2', 'ParticleID_3_shuffled_1', 'ParticleID_3_shuffled_2', 'ParticleID_4_shuffled_1', 'ParticleID_4_shuffled_2', 'ParticleID_5_shuffled_1', 'ParticleID_5_shuffled_2', 'ParticleID_6_shuffled_1', 'ParticleID_6_shuffled_2', 'ParticleID_7_shuffled_1', 'ParticleID_7_shuffled_2', 'ParticleID_8_shuffled_1', 'ParticleID_8_shuffled_2', 'ParticleID_9_shuffled_1', 'ParticleID_9_shuffled_2', 'ParticleID_10_shuffled_1', 'ParticleID_10_shuffled_2', 'ParticleID_11_shuffled_1', 'ParticleID_11_shuffled_2', 'ParticleID_12_shuffled_1', 'ParticleID_12_shuffled_2', 'ParticleID_13_shuffled_1', 'ParticleID_13_shuffled_2', 'ParticleID_14_shuffled_1', 'ParticleID_14_shuffled_2', 'ParticleID_15_shuffled_1', 'ParticleID_15_shuffled_2', 'ParticleID_16_shuffled_1', 'ParticleID_16_shuffled_2', 'ParticleID_17_shuffled_1', 'ParticleID_17_shuffled_2', 'ParticleID_18_shuffled_1', 'ParticleID_18_shuffled_2', 'ParticleID_19_shuffled_1', 'ParticleID_20_shuffled_1', 'ParticleID_20_shuffled_2', 'ParticleID_21_shuffled_1', 'ParticleID_21_shuffled_2', 'ParticleID_22_shuffled_1', 'ParticleID_22_shuffled_2', 'ParticleID_23_shuffled_1', 'ParticleID_23_shuffled_2', 'ParticleID_24_shuffled_1', 'ParticleID_24_shuffled_2', 'ParticleID_25_shuffled_1', 'ParticleID_25_shuffled_2', 'ParticleID_26_shuffled_1', 'ParticleID_26_shuffled_2', 'ParticleID_27_shuffled_1', 'ParticleID_27_shuffled_2', 'ParticleID_28_shuffled_1', 'ParticleID_28_shuffled_2', 'ParticleID_29_shuffled_1', 'ParticleID_29_shuffled_2', 'ParticleID_30_shuffled_1', 'ParticleID_30_shuffled_2', 'ParticleID_31_shuffled_1', 'ParticleID_31_shuffled_2', 'ParticleID_32_shuffled_1', 'ParticleID_32_shuffled_2', 'ParticleID_33_shuffled_1', 'ParticleID_33_shuffled_2', 'ParticleID_34_shuffled_1', 'ParticleID_34_shuffled_2', 'ParticleID_35_shuffled_1', 'ParticleID_35_shuffled_2', 'ParticleID_36_shuffled_1', 'ParticleID_36_shuffled_2', 'ParticleID_37_shuffled_1', 'ParticleID_37_shuffled_2', 'ParticleID_38_shuffled_1', 'ParticleID_38_shuffled_2', 'ParticleID_39_shuffled_1', 'ParticleID_39_shuffled_2', 'ParticleID_40_shuffled_1', 'ParticleID_40_shuffled_2', 'ParticleID_41_shuffled_1', 'ParticleID_41_shuffled_2', 'ParticleID_42_shuffled_1', 'ParticleID_42_shuffled_2', 'ParticleID_43_shuffled_1', 'ParticleID_43_shuffled_2', 'ParticleID_44_shuffled_1', 'ParticleID_44_shuffled_2', 'ParticleID_45_shuffled_1', 'ParticleID_45_shuffled_2', 'ParticleID_46_shuffled_1', 'ParticleID_46_shuffled_2', 'ParticleID_47_shuffled_1', 'ParticleID_47_shuffled_2', 'ParticleID_48_shuffled_1', 'ParticleID_48_shuffled_2', 'ParticleID_49_shuffled_1', 'ParticleID_49_shuffled_2', 'noise_categorical_1', 'noise_categorical_2']",True,154,103,0.6688311688311688,14160.898,
miniboone,spec,[],False,0,0,0.0,689.9321,"Unable to allocate 39.7 GiB for an array with shape (72998, 72998) and data type float64"
miniboone,mcfs,[],False,0,0,0.0,869.4865,"Unable to allocate 39.7 GiB for an array with shape (72998, 72998) and data type float64"
miniboone,ndfs,[],False,0,0,0.0,383.2358,"Unable to allocate 39.7 GiB for an array with shape (72998, 72998) and data type float64"
miniboone,rsr,[],False,0,0,0.0,418.1631,"Unable to allocate 39.7 GiB for an array with shape (72998, 72998) and data type float64"
miniboone,agufs,"['signal', 'ParticleID_0', 'ParticleID_1', 'ParticleID_2', 'ParticleID_3', 'ParticleID_4', 'ParticleID_5', 'ParticleID_6', 'ParticleID_7', 'ParticleID_8', 'ParticleID_9', 'ParticleID_10', 'ParticleID_11', 'ParticleID_12', 'ParticleID_13', 'ParticleID_14', 'ParticleID_15', 'ParticleID_16', 'ParticleID_17', 'ParticleID_18', 'ParticleID_19', 'ParticleID_20', 'ParticleID_21', 'ParticleID_22', 'ParticleID_23', 'ParticleID_24', 'ParticleID_25', 'ParticleID_26', 'ParticleID_27', 'ParticleID_28', 'ParticleID_29', 'ParticleID_30', 'ParticleID_31', 'ParticleID_32', 'ParticleID_33', 'ParticleID_34', 'ParticleID_35', 'ParticleID_36', 'ParticleID_37', 'ParticleID_38', 'ParticleID_39', 'ParticleID_40', 'ParticleID_41', 'ParticleID_42', 'ParticleID_43', 'ParticleID_44', 'ParticleID_45', 'ParticleID_46', 'ParticleID_47', 'ParticleID_48', 'ParticleID_49', 'noise_numeric_1', 'noise_numeric_2', 'ParticleID_0_shuffled_1', 'ParticleID_0_shuffled_2', 'ParticleID_1_shuffled_1', 'ParticleID_1_shuffled_2', 'ParticleID_2_shuffled_1', 'ParticleID_2_shuffled_2', 'ParticleID_3_shuffled_1', 'ParticleID_3_shuffled_2', 'ParticleID_4_shuffled_1', 'ParticleID_4_shuffled_2', 'ParticleID_5_shuffled_1', 'ParticleID_5_shuffled_2', 'ParticleID_6_shuffled_1', 'ParticleID_6_shuffled_2', 'ParticleID_7_shuffled_1', 'ParticleID_7_shuffled_2', 'ParticleID_8_shuffled_1', 'ParticleID_8_shuffled_2', 'ParticleID_9_shuffled_1', 'ParticleID_9_shuffled_2', 'ParticleID_10_shuffled_1', 'ParticleID_10_shuffled_2', 'ParticleID_11_shuffled_1', 'ParticleID_11_shuffled_2', 'ParticleID_12_shuffled_1', 'ParticleID_12_shuffled_2', 'ParticleID_13_shuffled_1', 'ParticleID_13_shuffled_2', 'ParticleID_14_shuffled_1', 'ParticleID_14_shuffled_2', 'ParticleID_15_shuffled_1', 'ParticleID_15_shuffled_2', 'ParticleID_16_shuffled_1', 'ParticleID_16_shuffled_2', 'ParticleID_17_shuffled_1', 'ParticleID_17_shuffled_2', 'ParticleID_18_shuffled_1', 'ParticleID_18_shuffled_2', 'ParticleID_19_shuffled_1', 'ParticleID_19_shuffled_2', 'ParticleID_20_shuffled_1', 'ParticleID_20_shuffled_2', 'ParticleID_21_shuffled_1', 'ParticleID_21_shuffled_2', 'ParticleID_22_shuffled_1', 'ParticleID_22_shuffled_2', 'ParticleID_23_shuffled_1', 'ParticleID_23_shuffled_2', 'ParticleID_24_shuffled_1', 'ParticleID_24_shuffled_2', 'ParticleID_25_shuffled_1', 'ParticleID_25_shuffled_2', 'ParticleID_26_shuffled_1', 'ParticleID_26_shuffled_2', 'ParticleID_27_shuffled_1', 'ParticleID_27_shuffled_2', 'ParticleID_28_shuffled_1', 'ParticleID_28_shuffled_2', 'ParticleID_29_shuffled_1', 'ParticleID_29_shuffled_2', 'ParticleID_30_shuffled_1', 'ParticleID_30_shuffled_2', 'ParticleID_31_shuffled_1', 'ParticleID_31_shuffled_2', 'ParticleID_32_shuffled_1', 'ParticleID_32_shuffled_2', 'ParticleID_33_shuffled_1', 'ParticleID_33_shuffled_2', 'ParticleID_34_shuffled_1', 'ParticleID_34_shuffled_2', 'ParticleID_35_shuffled_1', 'ParticleID_35_shuffled_2', 'ParticleID_36_shuffled_1', 'ParticleID_36_shuffled_2', 'ParticleID_37_shuffled_1', 'ParticleID_37_shuffled_2', 'ParticleID_38_shuffled_1', 'ParticleID_38_shuffled_2', 'ParticleID_39_shuffled_1', 'ParticleID_39_shuffled_2', 'ParticleID_40_shuffled_1', 'ParticleID_40_shuffled_2', 'ParticleID_41_shuffled_1', 'ParticleID_41_shuffled_2', 'ParticleID_42_shuffled_1', 'ParticleID_42_shuffled_2', 'ParticleID_43_shuffled_1', 'ParticleID_43_shuffled_2', 'ParticleID_44_shuffled_1', 'ParticleID_44_shuffled_2', 'ParticleID_45_shuffled_1', 'ParticleID_45_shuffled_2', 'ParticleID_46_shuffled_1', 'ParticleID_46_shuffled_2', 'ParticleID_47_shuffled_1', 'ParticleID_47_shuffled_2', 'ParticleID_48_shuffled_1', 'ParticleID_48_shuffled_2', 'ParticleID_49_shuffled_1', 'ParticleID_49_shuffled_2']",True,153,102,0.6666666666666666,12508.318,
miniboone,udfs_like,"['signal', 'ParticleID_0', 'ParticleID_1', 'ParticleID_2', 'ParticleID_3', 'ParticleID_4', 'ParticleID_5', 'ParticleID_6', 'ParticleID_7', 'ParticleID_8', 'ParticleID_9', 'ParticleID_10', 'ParticleID_11', 'ParticleID_12', 'ParticleID_13', 'ParticleID_14', 'ParticleID_15', 'ParticleID_16', 'ParticleID_17', 'ParticleID_18', 'ParticleID_20', 'ParticleID_21', 'ParticleID_22', 'ParticleID_23', 'ParticleID_24', 'ParticleID_25', 'ParticleID_26', 'ParticleID_27', 'ParticleID_28', 'ParticleID_29', 'ParticleID_30', 'ParticleID_31', 'ParticleID_32', 'ParticleID_33', 'ParticleID_34', 'ParticleID_35', 'ParticleID_36', 'ParticleID_37', 'ParticleID_38', 'ParticleID_39', 'ParticleID_40', 'ParticleID_41', 'ParticleID_42', 'ParticleID_43', 'ParticleID_44', 'ParticleID_45', 'ParticleID_46', 'ParticleID_47', 'ParticleID_48', 'ParticleID_49', 'noise_categorical_1']",True,51,1,0.0196078431372549,1581.2833,
miniboone,correlation_uniqueness,"['ParticleID_19', 'ParticleID_19_shuffled_1', 'ParticleID_19_shuffled_2', 'ParticleID_33_shuffled_2']",False,4,3,0.75,0.0863,
miniboone,mrmr,"['signal', 'ParticleID_15']",True,2,0,0.0,28.5341,
miniboone,jmi,"['signal', 'ParticleID_19', 'ParticleID_8_shuffled_1']",True,3,1,0.3333333333333333,28.3828,
miniboone,cmim,"['signal', 'ParticleID_19']",True,2,0,0.0,28.4423,
miniboone,inf_fs,"['ParticleID_47', 'noise_categorical_1', 'noise_categorical_2']",False,3,2,0.6666666666666666,0.1348,
miniboone,cluster_dispersion,"['ParticleID_4', 'ParticleID_44']",False,2,0,0.0,0.7458,
miniboone,principal_feature_analysis,"['signal', 'ParticleID_2', 'ParticleID_11', 'ParticleID_15', 'ParticleID_22', 'ParticleID_26', 'ParticleID_33', 'ParticleID_19_shuffled_2', 'ParticleID_44_shuffled_2']",True,9,2,0.2222222222222222,0.0727,
miniboone,feature_cluster_representative,"['ParticleID_14', 'ParticleID_15', 'ParticleID_29_shuffled_2', 'ParticleID_44_shuffled_2', 'noise_categorical_1']",False,5,3,0.6,0.9607,
miniboone,cae,"['ParticleID_0', 'ParticleID_6', 'ParticleID_18', 'ParticleID_47', 'ParticleID_2_shuffled_2', 'ParticleID_9_shuffled_1', 'ParticleID_13_shuffled_2', 'ParticleID_27_shuffled_2', 'ParticleID_32_shuffled_1', 'ParticleID_43_shuffled_2']",False,10,6,0.6,3.0917,
miniboone,lima,"['ParticleID_0', 'ParticleID_1', 'ParticleID_10', 'ParticleID_11', 'ParticleID_12', 'ParticleID_13', 'ParticleID_14', 'ParticleID_15', 'ParticleID_16', 'ParticleID_17', 'ParticleID_18', 'ParticleID_19', 'ParticleID_2', 'ParticleID_20', 'ParticleID_21', 'ParticleID_22', 'ParticleID_23', 'ParticleID_24', 'ParticleID_25', 'ParticleID_26', 'ParticleID_27', 'ParticleID_28', 'ParticleID_29', 'ParticleID_3', 'ParticleID_30', 'ParticleID_31', 'ParticleID_32', 'ParticleID_33', 'ParticleID_34', 'ParticleID_35', 'ParticleID_36', 'ParticleID_37', 'ParticleID_38', 'ParticleID_39', 'ParticleID_4', 'ParticleID_40', 'ParticleID_41', 'ParticleID_42', 'ParticleID_43', 'ParticleID_44', 'ParticleID_45', 'ParticleID_46', 'ParticleID_47', 'ParticleID_48', 'ParticleID_49', 'ParticleID_5', 'ParticleID_6', 'ParticleID_7', 'ParticleID_8', 'ParticleID_8_shuffled_1', 'ParticleID_9', 'signal']",True,52,1,0.019230769230769232,19.92,
bank,variance_score,"['Class', 'V1', 'V6', 'V10', 'V12', 'V13', 'V14', 'V15', 'noise_numeric_1', 'noise_numeric_2', 'V1_shuffled_1', 'V1_shuffled_2', 'V6_shuffled_1', 'V6_shuffled_2', 'V10_shuffled_1', 'V10_shuffled_2', 'V12_shuffled_1', 'V12_shuffled_2', 'V13_shuffled_1', 'V13_shuffled_2', 'V14_shuffled_1', 'V14_shuffled_2', 'V15_shuffled_1', 'V15_shuffled_2']",True,24,16,0.6666666666666666,0.0276,
bank,laplacian_score,"['Class', 'V14', 'V16']",True,3,0,0.0,72.6876,
bank,spec,[],False,0,0,0.0,89.7966,(lwork>0||lwork==-1) failed for 4th keyword lwork: dsygvd:lwork=-206626987
bank,mcfs,[],False,0,0,0.0,135.2484,(lwork>0||lwork==-1) failed for 4th keyword lwork: dsygvd:lwork=-206626987
bank,ndfs,[],False,0,0,0.0,200.6015,(lwork>0||lwork==-1) failed for 4th keyword lwork: dsygvd:lwork=-206626987
bank,rsr,[],False,0,0,0.0,155.2329,(lwork>0||lwork==-1) failed for 4th keyword lwork: dsygvd:lwork=-206626987
bank,agufs,"['Class', 'V1', 'V6', 'V10', 'V12', 'V13', 'V14', 'V15', 'noise_numeric_1', 'noise_numeric_2', 'V1_shuffled_1', 'V1_shuffled_2', 'V6_shuffled_1', 'V6_shuffled_2', 'V10_shuffled_1', 'V10_shuffled_2', 'V12_shuffled_1', 'V12_shuffled_2', 'V13_shuffled_1', 'V13_shuffled_2', 'V14_shuffled_1', 'V14_shuffled_2', 'V15_shuffled_1', 'V15_shuffled_2', 'V7']",True,25,16,0.64,97.6559,
bank,udfs_like,"['V1', 'V10', 'V11_shuffled_1', 'V11_shuffled_2']",False,4,2,0.5,48.3954,
bank,correlation_uniqueness,"['noise_numeric_1', 'noise_numeric_2', 'V1_shuffled_1', 'V1_shuffled_2', 'V6_shuffled_1', 'V6_shuffled_2', 'V10_shuffled_1', 'V10_shuffled_2', 'V12_shuffled_1', 'V12_shuffled_2', 'V13_shuffled_1', 'V13_shuffled_2', 'V14_shuffled_1', 'V14_shuffled_2', 'V15_shuffled_1', 'V15_shuffled_2']",False,16,16,1.0,0.0551,
bank,mrmr,"['Class', 'V14', 'V15', 'V14_shuffled_1', 'V14_shuffled_2', 'V16']",True,6,2,0.3333333333333333,18.3085,
bank,jmi,"['V15', 'V14_shuffled_1', 'V14_shuffled_2']",False,3,2,0.6666666666666666,18.1916,
bank,cmim,"['V13_shuffled_1', 'V14_shuffled_1', 'V14_shuffled_2']",False,3,3,1.0,18.1907,
bank,inf_fs,"['Class', 'V1', 'V6', 'V10', 'V12', 'V13', 'noise_numeric_1', 'noise_numeric_2', 'V1_shuffled_1', 'V1_shuffled_2', 'V6_shuffled_1', 'V6_shuffled_2', 'V10_shuffled_1', 'V10_shuffled_2', 'V12_shuffled_1', 'V12_shuffled_2', 'V13_shuffled_1', 'V13_shuffled_2', 'V14_shuffled_1', 'V14_shuffled_2', 'V15_shuffled_1', 'V15_shuffled_2', 'V2', 'V3', 'V4', 'V5', 'V7', 'V8', 'V9', 'V11', 'V16', 'noise_categorical_1', 'noise_categorical_2', 'V2_shuffled_1', 'V2_shuffled_2', 'V3_shuffled_1', 'V3_shuffled_2', 'V4_shuffled_1', 'V4_shuffled_2', 'V5_shuffled_1', 'V5_shuffled_2', 'V7_shuffled_1', 'V7_shuffled_2', 'V8_shuffled_1', 'V8_shuffled_2', 'V9_shuffled_1', 'V9_shuffled_2', 'V11_shuffled_1', 'V11_shuffled_2', 'V16_shuffled_1', 'V16_shuffled_2']",True,51,36,0.7058823529411765,0.1067,
bank,cluster_dispersion,"['Class', 'V14']",True,2,0,0.0,0.8098,
bank,principal_feature_analysis,"['Class', 'V1', 'V10', 'V12', 'V13', 'V14', 'V15']",True,7,0,0.0,0.0555,
bank,feature_cluster_representative,"['V10', 'V14', 'V14_shuffled_2', 'V5', 'V11']",False,5,1,0.2,0.7811,
bank,cae,"['V13_shuffled_1', 'V13_shuffled_2', 'V8', 'noise_categorical_2', 'V2_shuffled_1', 'V2_shuffled_2', 'V7_shuffled_1', 'V7_shuffled_2', 'V9_shuffled_2', 'V11_shuffled_2']",False,10,9,0.9,0.956,
bank,lima,"['Class', 'V1', 'V10', 'V11', 'V12', 'V13', 'V14', 'V15', 'V16', 'V2', 'V3', 'V4', 'V5', 'V7', 'V8', 'V9']",True,16,0,0.0,2.22,
pendigits,variance_score,"['class', 'input1', 'input2', 'input3', 'input4', 'input5', 'input6', 'input7', 'input8', 'input9', 'input10', 'input11', 'input12', 'input13', 'input14', 'input15', 'input16', 'noise_numeric_1', 'noise_numeric_2', 'input1_shuffled_1', 'input1_shuffled_2', 'input2_shuffled_1', 'input2_shuffled_2', 'input3_shuffled_1', 'input3_shuffled_2', 'input4_shuffled_1', 'input4_shuffled_2', 'input5_shuffled_1', 'input5_shuffled_2', 'input6_shuffled_1', 'input6_shuffled_2', 'input7_shuffled_1', 'input7_shuffled_2', 'input8_shuffled_1', 'input8_shuffled_2', 'input9_shuffled_1', 'input9_shuffled_2', 'input10_shuffled_1', 'input10_shuffled_2', 'input11_shuffled_1', 'input11_shuffled_2', 'input12_shuffled_1', 'input12_shuffled_2', 'input13_shuffled_1', 'input13_shuffled_2', 'input14_shuffled_1', 'input14_shuffled_2', 'input15_shuffled_1', 'input15_shuffled_2', 'input16_shuffled_1', 'input16_shuffled_2']",True,51,34,0.6666666666666666,0.002,
pendigits,laplacian_score,"['class', 'input1', 'input2', 'input3', 'input4', 'input5', 'input6', 'input7', 'input8', 'input9', 'input10', 'input11', 'input12', 'input14', 'input15', 'input16', 'input15_shuffled_1']",True,17,1,0.058823529411764705,2.1124,
pendigits,spec,"['input2', 'input4']",False,2,0,0.0,51.5129,
pendigits,mcfs,"['class', 'input1', 'input2', 'input3', 'input4', 'input5', 'input6', 'input7', 'input8', 'input9', 'input10', 'input11', 'input12', 'input13', 'input14', 'input15', 'input16', 'noise_categorical_2']",True,18,1,0.05555555555555555,50.7993,
pendigits,ndfs,"['input5', 'input6', 'input11']",False,3,0,0.0,50.9342,
pendigits,rsr,"['input4', 'input14', 'noise_categorical_2']",False,3,1,0.3333333333333333,60.7301,
pendigits,agufs,"['class', 'input1', 'input2', 'input3', 'input4', 'input5', 'input6', 'input7', 'input8', 'input9', 'input10', 'input11', 'input12', 'input13', 'input14', 'input15', 'input16', 'noise_numeric_1', 'noise_numeric_2', 'input1_shuffled_1', 'input1_shuffled_2', 'input2_shuffled_1', 'input2_shuffled_2', 'input3_shuffled_1', 'input3_shuffled_2', 'input4_shuffled_1', 'input4_shuffled_2', 'input5_shuffled_1', 'input5_shuffled_2', 'input6_shuffled_1', 'input6_shuffled_2', 'input7_shuffled_1', 'input7_shuffled_2', 'input8_shuffled_1', 'input8_shuffled_2', 'input9_shuffled_1', 'input9_shuffled_2', 'input10_shuffled_1', 'input10_shuffled_2', 'input11_shuffled_1', 'input11_shuffled_2', 'input12_shuffled_1', 'input12_shuffled_2', 'input13_shuffled_1', 'input13_shuffled_2', 'input14_shuffled_1', 'input14_shuffled_2', 'input15_shuffled_1', 'input15_shuffled_2', 'input16_shuffled_1', 'input16_shuffled_2']",True,51,34,0.6666666666666666,2.1329,
pendigits,udfs_like,"['class', 'input1', 'input2', 'input3', 'input4', 'input5', 'input6', 'input7', 'input8', 'input9', 'input10', 'input11', 'input12', 'input13', 'input14', 'input15', 'input16', 'noise_categorical_1']",True,18,1,0.05555555555555555,11.8751,
pendigits,correlation_uniqueness,"['noise_numeric_1', 'noise_numeric_2', 'input1_shuffled_1', 'input1_shuffled_2', 'input2_shuffled_1', 'input2_shuffled_2', 'input3_shuffled_1', 'input3_shuffled_2', 'input4_shuffled_1', 'input4_shuffled_2', 'input5_shuffled_1', 'input5_shuffled_2', 'input6_shuffled_1', 'input6_shuffled_2', 'input7_shuffled_1', 'input7_shuffled_2', 'input8_shuffled_1', 'input8_shuffled_2', 'input9_shuffled_1', 'input9_shuffled_2', 'input10_shuffled_1', 'input10_shuffled_2', 'input11_shuffled_1', 'input11_shuffled_2', 'input12_shuffled_1', 'input12_shuffled_2', 'input13_shuffled_1', 'input13_shuffled_2', 'input14_shuffled_1', 'input14_shuffled_2', 'input15_shuffled_1', 'input15_shuffled_2', 'input16_shuffled_1', 'input16_shuffled_2']",False,34,34,1.0,0.0033,
pendigits,mrmr,"['class', 'input8']",True,2,0,0.0,1.673,
pendigits,jmi,"['class', 'input15']",True,2,0,0.0,1.6658,
pendigits,cmim,"['class', 'input1_shuffled_2']",True,2,1,0.5,1.6538,
pendigits,inf_fs,"['input4', 'input6', 'input8', 'input12', 'input14', 'input16', 'noise_categorical_1', 'noise_categorical_2']",False,8,2,0.25,0.0043,
pendigits,cluster_dispersion,"['input6', 'input8', 'input9', 'input11', 'input12', 'input14']",False,6,0,0.0,0.1221,
pendigits,principal_feature_analysis,"['class', 'input1', 'input2', 'input3', 'input4', 'input5', 'input6', 'input7', 'input8', 'input9', 'input10', 'input11', 'input12', 'input13', 'input14', 'input15', 'input16', 'input5_shuffled_1']",True,18,1,0.05555555555555555,0.0049,
pendigits,feature_cluster_representative,"['input8', 'input9', 'input14', 'input9_shuffled_1', 'noise_categorical_1']",False,5,2,0.4,0.0736,
pendigits,cae,"['input4', 'input8', 'input15', 'input1_shuffled_2', 'input2_shuffled_2', 'input3_shuffled_1', 'input5_shuffled_1', 'input7_shuffled_2', 'noise_categorical_2']",False,9,6,0.6666666666666666,0.1582,
pendigits,lima,"['class', 'input1', 'input10', 'input11', 'input12', 'input13', 'input14', 'input15', 'input16', 'input2', 'input3', 'input4', 'input5', 'input6', 'input7', 'input8', 'input9']",True,17,0,0.0,1.65,
students,variance_score,"['Marital status', 'Application mode', 'Application order', 'Course', 'Daytime/evening attendance\t', 'Previous qualification', 'Previous qualification (grade)', ""Mother's qualification"", ""Father's qualification"", ""Mother's occupation"", ""Father's occupation"", 'Admission grade', 'Displaced', 'Debtor', 'Tuition fees up to date', 'Gender', 'Scholarship holder', 'Age at enrollment', 'Curricular units 1st sem (credited)', 'Curricular units 1st sem (enrolled)', 'Curricular units 1st sem (evaluations)', 'Curricular units 1st sem (approved)', 'Curricular units 1st sem (grade)', 'Curricular units 2nd sem (credited)', 'Curricular units 2nd sem (enrolled)', 'Curricular units 2nd sem (evaluations)', 'Curricular units 2nd sem (approved)', 'Curricular units 2nd sem (grade)', 'Unemployment rate', 'Inflation rate', 'GDP', 'noise_numeric_1', 'noise_numeric_2', 'Marital status_shuffled_1', 'Marital status_shuffled_2', 'Application mode_shuffled_1', 'Application mode_shuffled_2', 'Application order_shuffled_1', 'Application order_shuffled_2', 'Course_shuffled_1', 'Course_shuffled_2', 'Daytime/evening attendance\t_shuffled_1', 'Daytime/evening attendance\t_shuffled_2', 'Previous qualification_shuffled_1', 'Previous qualification_shuffled_2', 'Previous qualification (grade)_shuffled_1', 'Previous qualification (grade)_shuffled_2', ""Mother's qualification_shuffled_1"", ""Mother's qualification_shuffled_2"", ""Father's qualification_shuffled_1"", ""Father's qualification_shuffled_2"", ""Mother's occupation_shuffled_1"", ""Mother's occupation_shuffled_2"", ""Father's occupation_shuffled_1"", ""Father's occupation_shuffled_2"", 'Admission grade_shuffled_1', 'Admission grade_shuffled_2', 'Displaced_shuffled_1', 'Displaced_shuffled_2', 'Debtor_shuffled_1', 'Debtor_shuffled_2', 'Tuition fees up to date_shuffled_1', 'Tuition fees up to date_shuffled_2', 'Gender_shuffled_1', 'Gender_shuffled_2', 'Scholarship holder_shuffled_1', 'Scholarship holder_shuffled_2', 'Age at enrollment_shuffled_1', 'Age at enrollment_shuffled_2', 'Curricular units 1st sem (credited)_shuffled_1', 'Curricular units 1st sem (credited)_shuffled_2', 'Curricular units 1st sem (enrolled)_shuffled_1', 'Curricular units 1st sem (enrolled)_shuffled_2', 'Curricular units 1st sem (evaluations)_shuffled_1', 'Curricular units 1st sem (evaluations)_shuffled_2', 'Curricular units 1st sem (approved)_shuffled_1', 'Curricular units 1st sem (approved)_shuffled_2', 'Curricular units 1st sem (grade)_shuffled_1', 'Curricular units 1st sem (grade)_shuffled_2', 'Curricular units 2nd sem (credited)_shuffled_1', 'Curricular units 2nd sem (credited)_shuffled_2', 'Curricular units 2nd sem (enrolled)_shuffled_1', 'Curricular units 2nd sem (enrolled)_shuffled_2', 'Curricular units 2nd sem (evaluations)_shuffled_1', 'Curricular units 2nd sem (evaluations)_shuffled_2', 'Curricular units 2nd sem (approved)_shuffled_1', 'Curricular units 2nd sem (approved)_shuffled_2', 'Curricular units 2nd sem (grade)_shuffled_1', 'Curricular units 2nd sem (grade)_shuffled_2', 'Unemployment rate_shuffled_1', 'Unemployment rate_shuffled_2', 'Inflation rate_shuffled_1', 'Inflation rate_shuffled_2', 'GDP_shuffled_1', 'GDP_shuffled_2']",False,95,64,0.6736842105263158,0.0013,
students,laplacian_score,"['Marital status', 'Application mode', 'Application order', 'Course', 'Daytime/evening attendance\t', 'Previous qualification', 'Previous qualification (grade)', ""Mother's qualification"", ""Father's qualification"", ""Father's occupation"", 'Admission grade', 'Displaced', 'Debtor', 'Tuition fees up to date', 'Gender', 'Scholarship holder', 'Age at enrollment', 'Curricular units 1st sem (credited)', 'Curricular units 1st sem (enrolled)', 'Curricular units 1st sem (evaluations)', 'Curricular units 1st sem (approved)', 'Curricular units 1st sem (grade)', 'Curricular units 2nd sem (credited)', 'Curricular units 2nd sem (enrolled)', 'Curricular units 2nd sem (evaluations)', 'Curricular units 2nd sem (approved)', 'Curricular units 2nd sem (grade)', 'Unemployment rate', 'Inflation rate', 'GDP', 'noise_numeric_1', 'noise_numeric_2', 'Marital status_shuffled_1', 'Marital status_shuffled_2', 'Application mode_shuffled_1', 'Application mode_shuffled_2', 'Application order_shuffled_1', 'Application order_shuffled_2', 'Course_shuffled_1', 'Course_shuffled_2', 'Daytime/evening attendance\t_shuffled_1', 'Daytime/evening attendance\t_shuffled_2', 'Previous qualification_shuffled_1', 'Previous qualification_shuffled_2', 'Previous qualification (grade)_shuffled_1', 'Previous qualification (grade)_shuffled_2', ""Mother's qualification_shuffled_1"", ""Mother's qualification_shuffled_2"", ""Father's qualification_shuffled_1"", ""Mother's occupation_shuffled_1"", ""Mother's occupation_shuffled_2"", ""Father's occupation_shuffled_1"", ""Father's occupation_shuffled_2"", 'Admission grade_shuffled_1', 'Admission grade_shuffled_2', 'Displaced_shuffled_1', 'Displaced_shuffled_2', 'Debtor_shuffled_1', 'Debtor_shuffled_2', 'Tuition fees up to date_shuffled_1', 'Tuition fees up to date_shuffled_2', 'Gender_shuffled_1', 'Gender_shuffled_2', 'Scholarship holder_shuffled_1', 'Scholarship holder_shuffled_2', 'Age at enrollment_shuffled_1', 'Age at enrollment_shuffled_2', 'Curricular units 1st sem (credited)_shuffled_1', 'Curricular units 1st sem (credited)_shuffled_2', 'Curricular units 1st sem (enrolled)_shuffled_1', 'Curricular units 1st sem (enrolled)_shuffled_2', 'Curricular units 1st sem (evaluations)_shuffled_1', 'Curricular units 1st sem (evaluations)_shuffled_2', 'Curricular units 1st sem (approved)_shuffled_1', 'Curricular units 1st sem (approved)_shuffled_2', 'Curricular units 1st sem (grade)_shuffled_1', 'Curricular units 1st sem (grade)_shuffled_2', 'Curricular units 2nd sem (credited)_shuffled_1', 'Curricular units 2nd sem (credited)_shuffled_2', 'Curricular units 2nd sem (enrolled)_shuffled_1', 'Curricular units 2nd sem (enrolled)_shuffled_2', 'Curricular units 2nd sem (evaluations)_shuffled_1', 'Curricular units 2nd sem (evaluations)_shuffled_2', 'Curricular units 2nd sem (approved)_shuffled_1', 'Curricular units 2nd sem (approved)_shuffled_2', 'Curricular units 2nd sem (grade)_shuffled_1', 'Curricular units 2nd sem (grade)_shuffled_2', 'Unemployment rate_shuffled_1', 'Unemployment rate_shuffled_2', 'Inflation rate_shuffled_1', 'Inflation rate_shuffled_2', 'GDP_shuffled_1', 'GDP_shuffled_2', 'Target', 'noise_categorical_1', 'noise_categorical_2']",True,96,65,0.6770833333333334,0.6105,
students,spec,"[""Mother's occupation"", ""Father's occupation"", 'Curricular units 1st sem (credited)', 'Curricular units 2nd sem (credited)', 'Curricular units 2nd sem (credited)_shuffled_2']",False,5,1,0.2,3.9181,
students,mcfs,"['Course', 'Curricular units 2nd sem (enrolled)']",False,2,0,0.0,3.7415,
students,ndfs,"['Course', 'Curricular units 1st sem (enrolled)']",False,2,0,0.0,3.7986,
students,rsr,"['Course', 'Curricular units 1st sem (credited)', 'Curricular units 2nd sem (credited)', 'Curricular units 2nd sem (enrolled)', ""Father's occupation_shuffled_2""]",False,5,1,0.2,6.474,
students,agufs,"['Marital status', 'Application mode', 'Application order', 'Course', 'Daytime/evening attendance\t', 'Previous qualification', 'Previous qualification (grade)', ""Mother's qualification"", ""Father's qualification"", ""Mother's occupation"", ""Father's occupation"", 'Admission grade', 'Displaced', 'Debtor', 'Tuition fees up to date', 'Gender', 'Scholarship holder', 'Age at enrollment', 'Curricular units 1st sem (credited)', 'Curricular units 1st sem (enrolled)', 'Curricular units 1st sem (evaluations)', 'Curricular units 1st sem (approved)', 'Curricular units 1st sem (grade)', 'Curricular units 2nd sem (credited)', 'Curricular units 2nd sem (enrolled)', 'Curricular units 2nd sem (evaluations)', 'Curricular units 2nd sem (approved)', 'Curricular units 2nd sem (grade)', 'Unemployment rate', 'Inflation rate', 'GDP', 'noise_numeric_1', 'noise_numeric_2', 'Marital status_shuffled_1', 'Marital status_shuffled_2', 'Application mode_shuffled_1', 'Application mode_shuffled_2', 'Application order_shuffled_1', 'Application order_shuffled_2', 'Course_shuffled_1', 'Course_shuffled_2', 'Daytime/evening attendance\t_shuffled_1', 'Daytime/evening attendance\t_shuffled_2', 'Previous qualification_shuffled_1', 'Previous qualification_shuffled_2', 'Previous qualification (grade)_shuffled_1', 'Previous qualification (grade)_shuffled_2', ""Mother's qualification_shuffled_1"", ""Mother's qualification_shuffled_2"", ""Father's qualification_shuffled_1"", ""Father's qualification_shuffled_2"", ""Mother's occupation_shuffled_1"", ""Mother's occupation_shuffled_2"", ""Father's occupation_shuffled_1"", ""Father's occupation_shuffled_2"", 'Admission grade_shuffled_1', 'Admission grade_shuffled_2', 'Displaced_shuffled_1', 'Displaced_shuffled_2', 'Debtor_shuffled_1', 'Debtor_shuffled_2', 'Tuition fees up to date_shuffled_1', 'Tuition fees up to date_shuffled_2', 'Gender_shuffled_1', 'Gender_shuffled_2', 'Scholarship holder_shuffled_1', 'Scholarship holder_shuffled_2', 'Age at enrollment_shuffled_1', 'Age at enrollment_shuffled_2', 'Curricular units 1st sem (credited)_shuffled_1', 'Curricular units 1st sem (credited)_shuffled_2', 'Curricular units 1st sem (enrolled)_shuffled_1', 'Curricular units 1st sem (enrolled)_shuffled_2', 'Curricular units 1st sem (evaluations)_shuffled_1', 'Curricular units 1st sem (evaluations)_shuffled_2', 'Curricular units 1st sem (approved)_shuffled_1', 'Curricular units 1st sem (approved)_shuffled_2', 'Curricular units 1st sem (grade)_shuffled_1', 'Curricular units 1st sem (grade)_shuffled_2', 'Curricular units 2nd sem (credited)_shuffled_1', 'Curricular units 2nd sem (credited)_shuffled_2', 'Curricular units 2nd sem (enrolled)_shuffled_1', 'Curricular units 2nd sem (enrolled)_shuffled_2', 'Curricular units 2nd sem (evaluations)_shuffled_1', 'Curricular units 2nd sem (evaluations)_shuffled_2', 'Curricular units 2nd sem (approved)_shuffled_1', 'Curricular units 2nd sem (approved)_shuffled_2', 'Curricular units 2nd sem (grade)_shuffled_1', 'Curricular units 2nd sem (grade)_shuffled_2', 'Unemployment rate_shuffled_1', 'Unemployment rate_shuffled_2', 'Inflation rate_shuffled_1', 'Inflation rate_shuffled_2', 'GDP_shuffled_1', 'GDP_shuffled_2', 'Target', 'noise_categorical_1']",True,97,65,0.6701030927835051,0.5758,
students,udfs_like,"['Course', 'noise_categorical_1']",False,2,1,0.5,0.7387,
students,correlation_uniqueness,"['noise_numeric_1', 'noise_numeric_2', 'Marital status_shuffled_1', 'Marital status_shuffled_2', 'Application mode_shuffled_1', 'Application mode_shuffled_2', 'Application order_shuffled_1', 'Application order_shuffled_2', 'Course_shuffled_1', 'Course_shuffled_2', 'Daytime/evening attendance\t_shuffled_1', 'Daytime/evening attendance\t_shuffled_2', 'Previous qualification_shuffled_1', 'Previous qualification_shuffled_2', 'Previous qualification (grade)_shuffled_1', 'Previous qualification (grade)_shuffled_2', ""Mother's qualification_shuffled_1"", ""Mother's qualification_shuffled_2"", ""Father's qualification_shuffled_1"", ""Father's qualification_shuffled_2"", ""Mother's occupation_shuffled_1"", ""Mother's occupation_shuffled_2"", ""Father's occupation_shuffled_1"", ""Father's occupation_shuffled_2"", 'Admission grade_shuffled_1', 'Admission grade_shuffled_2', 'Displaced_shuffled_1', 'Displaced_shuffled_2', 'Debtor_shuffled_1', 'Debtor_shuffled_2', 'Tuition fees up to date_shuffled_1', 'Tuition fees up to date_shuffled_2', 'Gender_shuffled_1', 'Gender_shuffled_2', 'Scholarship holder_shuffled_1', 'Scholarship holder_shuffled_2', 'Age at enrollment_shuffled_1', 'Age at enrollment_shuffled_2', 'Curricular units 1st sem (credited)_shuffled_1', 'Curricular units 1st sem (credited)_shuffled_2', 'Curricular units 1st sem (enrolled)_shuffled_1', 'Curricular units 1st sem (enrolled)_shuffled_2', 'Curricular units 1st sem (evaluations)_shuffled_1', 'Curricular units 1st sem (evaluations)_shuffled_2', 'Curricular units 1st sem (approved)_shuffled_1', 'Curricular units 1st sem (approved)_shuffled_2', 'Curricular units 1st sem (grade)_shuffled_1', 'Curricular units 1st sem (grade)_shuffled_2', 'Curricular units 2nd sem (credited)_shuffled_1', 'Curricular units 2nd sem (credited)_shuffled_2', 'Curricular units 2nd sem (enrolled)_shuffled_1', 'Curricular units 2nd sem (enrolled)_shuffled_2', 'Curricular units 2nd sem (evaluations)_shuffled_1', 'Curricular units 2nd sem (evaluations)_shuffled_2', 'Curricular units 2nd sem (approved)_shuffled_1', 'Curricular units 2nd sem (approved)_shuffled_2', 'Curricular units 2nd sem (grade)_shuffled_1', 'Curricular units 2nd sem (grade)_shuffled_2', 'Unemployment rate_shuffled_1', 'Unemployment rate_shuffled_2', 'Inflation rate_shuffled_1', 'Inflation rate_shuffled_2', 'GDP_shuffled_1', 'GDP_shuffled_2']",False,64,64,1.0,0.0028,
students,mrmr,"['Curricular units 1st sem (approved)', 'Curricular units 1st sem (grade)', 'Curricular units 2nd sem (approved)']",False,3,0,0.0,1.2548,
students,jmi,"['Application mode', 'Course', 'Previous qualification', 'Previous qualification (grade)', ""Mother's occupation"", ""Father's occupation"", 'Admission grade', 'Age at enrollment', 'Curricular units 1st sem (credited)', 'Curricular units 1st sem (enrolled)', 'Curricular units 1st sem (evaluations)', 'Curricular units 1st sem (approved)', 'Curricular units 1st sem (grade)', 'Curricular units 2nd sem (credited)', 'Curricular units 2nd sem (enrolled)', 'Curricular units 2nd sem (evaluations)', 'Curricular units 2nd sem (approved)', 'Curricular units 2nd sem (grade)']",False,18,0,0.0,1.233,
students,cmim,"['Marital status', 'Application mode', 'Application order', 'Course', 'Daytime/evening attendance\t', 'Previous qualification', 'Previous qualification (grade)', ""Mother's qualification"", ""Father's qualification"", ""Mother's occupation"", 'Admission grade', 'Displaced', 'Debtor', 'Tuition fees up to date', 'Gender', 'Scholarship holder', 'Age at enrollment', 'Curricular units 1st sem (credited)', 'Curricular units 1st sem (enrolled)', 'Curricular units 1st sem (evaluations)', 'Curricular units 1st sem (approved)', 'Curricular units 1st sem (grade)', 'Curricular units 2nd sem (credited)', 'Curricular units 2nd sem (enrolled)', 'Curricular units 2nd sem (evaluations)', 'Curricular units 2nd sem (approved)', 'Curricular units 2nd sem (grade)', 'Unemployment rate', 'Inflation rate', 'GDP', 'noise_numeric_1', 'noise_numeric_2', 'Marital status_shuffled_1', 'Marital status_shuffled_2', 'Application mode_shuffled_1', 'Application mode_shuffled_2', 'Application order_shuffled_1', 'Application order_shuffled_2', 'Course_shuffled_1', 'Course_shuffled_2', 'Daytime/evening attendance\t_shuffled_1', 'Daytime/evening attendance\t_shuffled_2', 'Previous qualification_shuffled_1', 'Previous qualification_shuffled_2', 'Previous qualification (grade)_shuffled_1', 'Previous qualification (grade)_shuffled_2', ""Mother's qualification_shuffled_1"", ""Mother's qualification_shuffled_2"", ""Father's qualification_shuffled_1"", ""Father's qualification_shuffled_2"", ""Mother's occupation_shuffled_1"", ""Mother's occupation_shuffled_2"", ""Father's occupation_shuffled_1"", ""Father's occupation_shuffled_2"", 'Admission grade_shuffled_1', 'Admission grade_shuffled_2', 'Displaced_shuffled_1', 'Displaced_shuffled_2', 'Debtor_shuffled_1', 'Debtor_shuffled_2', 'Tuition fees up to date_shuffled_1', 'Tuition fees up to date_shuffled_2', 'Gender_shuffled_1', 'Gender_shuffled_2', 'Scholarship holder_shuffled_1', 'Scholarship holder_shuffled_2', 'Age at enrollment_shuffled_1', 'Age at enrollment_shuffled_2', 'Curricular units 1st sem (credited)_shuffled_1', 'Curricular units 1st sem (credited)_shuffled_2', 'Curricular units 1st sem (enrolled)_shuffled_1', 'Curricular units 1st sem (enrolled)_shuffled_2', 'Curricular units 1st sem (evaluations)_shuffled_1', 'Curricular units 1st sem (evaluations)_shuffled_2', 'Curricular units 1st sem (approved)_shuffled_1', 'Curricular units 1st sem (approved)_shuffled_2', 'Curricular units 1st sem (grade)_shuffled_1', 'Curricular units 1st sem (grade)_shuffled_2', 'Curricular units 2nd sem (credited)_shuffled_1', 'Curricular units 2nd sem (credited)_shuffled_2', 'Curricular units 2nd sem (enrolled)_shuffled_1', 'Curricular units 2nd sem (enrolled)_shuffled_2', 'Curricular units 2nd sem (evaluations)_shuffled_1', 'Curricular units 2nd sem (evaluations)_shuffled_2', 'Curricular units 2nd sem (approved)_shuffled_1', 'Curricular units 2nd sem (approved)_shuffled_2', 'Curricular units 2nd sem (grade)_shuffled_1', 'Curricular units 2nd sem (grade)_shuffled_2', 'Unemployment rate_shuffled_1', 'Unemployment rate_shuffled_2', 'Inflation rate_shuffled_1', 'Inflation rate_shuffled_2', 'GDP_shuffled_1', 'GDP_shuffled_2', 'Target', 'noise_categorical_1', 'noise_categorical_2']",True,97,66,0.6804123711340206,1.2341,
students,inf_fs,"['Target', 'noise_categorical_2']",True,2,1,0.5,0.054,
students,cluster_dispersion,"[""Mother's occupation"", ""Father's occupation"", 'Curricular units 1st sem (credited)', 'Curricular units 1st sem (approved)', 'Curricular units 1st sem (grade)', 'Curricular units 2nd sem (credited)', 'Curricular units 2nd sem (grade)']",False,7,0,0.0,0.1566,
students,principal_feature_analysis,"[""Mother's occupation"", ""Father's occupation""]",False,2,0,0.0,0.0061,
students,feature_cluster_representative,"[""Mother's occupation"", 'Curricular units 1st sem (enrolled)', 'Curricular units 1st sem (evaluations)', 'Curricular units 1st sem (grade)', 'noise_categorical_1']",False,5,1,0.2,0.0658,
students,cae,"['Curricular units 1st sem (approved)', 'Curricular units 1st sem (grade)', 'Marital status_shuffled_1', 'Application order_shuffled_2', 'Previous qualification_shuffled_2', 'Curricular units 1st sem (evaluations)_shuffled_1', 'Curricular units 1st sem (approved)_shuffled_1', 'Curricular units 2nd sem (approved)_shuffled_2', 'Unemployment rate_shuffled_1', 'Target']",True,10,7,0.7,0.1499,
students,lima,"['Admission grade', 'Age at enrollment', 'Application mode', 'Application order', 'Course', 'Curricular units 1st sem (approved)', 'Curricular units 1st sem (credited)', 'Curricular units 1st sem (credited)_shuffled_1', 'Curricular units 1st sem (credited)_shuffled_2', 'Curricular units 1st sem (enrolled)', 'Curricular units 1st sem (evaluations)', 'Curricular units 1st sem (grade)', 'Curricular units 2nd sem (approved)', 'Curricular units 2nd sem (credited)', 'Curricular units 2nd sem (credited)_shuffled_1', 'Curricular units 2nd sem (enrolled)', 'Curricular units 2nd sem (evaluations)', 'Curricular units 2nd sem (grade)', 'Daytime/evening attendance\t', 'Daytime/evening attendance\t_shuffled_1', 'Debtor', 'Debtor_shuffled_1', 'Debtor_shuffled_2', 'Displaced', 'Father's occupation', 'Father's qualification', 'GDP', 'Gender', 'Inflation rate', 'Marital status', 'Mother's occupation', 'Mother's qualification', 'Previous qualification', 'Previous qualification (grade)', 'Previous qualification_shuffled_1', 'Scholarship holder', 'Target', 'Tuition fees up to date', 'Unemployment rate']",True,39,7,0.1794871794871795,5.07,
drive_diagnosis,variance_score,"['RES', 'NUM1', 'NUM2', 'NUM3', 'NUM4', 'NUM5', 'NUM6', 'NUM7', 'NUM8', 'NUM9', 'NUM10', 'NUM11', 'NUM12', 'NUM13', 'NUM14', 'NUM15', 'NUM16', 'NUM17', 'NUM18', 'NUM19', 'NUM20', 'NUM21', 'NUM22', 'NUM23', 'NUM24', 'NUM25', 'NUM26', 'NUM27', 'NUM28', 'NUM29', 'NUM30', 'NUM31', 'NUM32', 'NUM33', 'NUM34', 'NUM35', 'NUM36', 'NUM37', 'NUM38', 'NUM39', 'NUM40', 'NUM41', 'NUM42', 'NUM43', 'NUM44', 'NUM45', 'NUM46', 'NUM47', 'NUM48', 'noise_numeric_1', 'noise_numeric_2', 'NUM1_shuffled_1', 'NUM1_shuffled_2', 'NUM2_shuffled_1', 'NUM2_shuffled_2', 'NUM3_shuffled_1', 'NUM3_shuffled_2', 'NUM4_shuffled_1', 'NUM4_shuffled_2', 'NUM5_shuffled_1', 'NUM5_shuffled_2', 'NUM6_shuffled_1', 'NUM6_shuffled_2', 'NUM7_shuffled_1', 'NUM7_shuffled_2', 'NUM8_shuffled_1', 'NUM8_shuffled_2', 'NUM9_shuffled_1', 'NUM9_shuffled_2', 'NUM10_shuffled_1', 'NUM10_shuffled_2', 'NUM11_shuffled_1', 'NUM11_shuffled_2', 'NUM12_shuffled_1', 'NUM12_shuffled_2', 'NUM13_shuffled_1', 'NUM13_shuffled_2', 'NUM14_shuffled_1', 'NUM14_shuffled_2', 'NUM15_shuffled_1', 'NUM15_shuffled_2', 'NUM16_shuffled_1', 'NUM16_shuffled_2', 'NUM17_shuffled_1', 'NUM17_shuffled_2', 'NUM18_shuffled_1', 'NUM18_shuffled_2', 'NUM19_shuffled_1', 'NUM19_shuffled_2', 'NUM20_shuffled_1', 'NUM20_shuffled_2', 'NUM21_shuffled_1', 'NUM21_shuffled_2', 'NUM22_shuffled_1', 'NUM22_shuffled_2', 'NUM23_shuffled_1', 'NUM23_shuffled_2', 'NUM24_shuffled_1', 'NUM24_shuffled_2', 'NUM25_shuffled_1', 'NUM25_shuffled_2', 'NUM26_shuffled_1', 'NUM26_shuffled_2', 'NUM27_shuffled_1', 'NUM27_shuffled_2', 'NUM28_shuffled_1', 'NUM28_shuffled_2', 'NUM29_shuffled_1', 'NUM29_shuffled_2', 'NUM30_shuffled_1', 'NUM30_shuffled_2', 'NUM31_shuffled_1', 'NUM31_shuffled_2', 'NUM32_shuffled_1', 'NUM32_shuffled_2', 'NUM33_shuffled_1', 'NUM33_shuffled_2', 'NUM34_shuffled_1', 'NUM34_shuffled_2', 'NUM35_shuffled_1', 'NUM35_shuffled_2', 'NUM36_shuffled_1', 'NUM36_shuffled_2', 'NUM37_shuffled_1', 'NUM37_shuffled_2', 'NUM38_shuffled_1', 'NUM38_shuffled_2', 'NUM39_shuffled_1', 'NUM39_shuffled_2', 'NUM40_shuffled_1', 'NUM40_shuffled_2', 'NUM41_shuffled_1', 'NUM41_shuffled_2', 'NUM42_shuffled_1', 'NUM42_shuffled_2', 'NUM43_shuffled_1', 'NUM43_shuffled_2', 'NUM44_shuffled_1', 'NUM44_shuffled_2', 'NUM45_shuffled_1', 'NUM45_shuffled_2', 'NUM46_shuffled_1', 'NUM46_shuffled_2', 'NUM47_shuffled_1', 'NUM47_shuffled_2', 'NUM48_shuffled_1', 'NUM48_shuffled_2']",True,147,98,0.6666666666666666,0.1371,
drive_diagnosis,laplacian_score,"['RES', 'NUM1', 'NUM2', 'NUM3', 'NUM4', 'NUM5', 'NUM6', 'NUM7', 'NUM8', 'NUM9', 'NUM10', 'NUM11', 'NUM12', 'NUM13', 'NUM14', 'NUM15', 'NUM16', 'NUM17', 'NUM18', 'NUM19', 'NUM20', 'NUM21', 'NUM22', 'NUM23', 'NUM24', 'NUM25', 'NUM26', 'NUM27', 'NUM28', 'NUM29', 'NUM30', 'NUM31', 'NUM32', 'NUM33', 'NUM34', 'NUM35', 'NUM36', 'NUM37', 'NUM38', 'NUM39', 'NUM40', 'NUM41', 'NUM42', 'NUM43', 'NUM44', 'NUM45', 'NUM46', 'NUM47', 'NUM48', 'noise_numeric_1', 'noise_numeric_2', 'NUM1_shuffled_1', 'NUM1_shuffled_2', 'NUM2_shuffled_1', 'NUM2_shuffled_2', 'NUM3_shuffled_1', 'NUM3_shuffled_2', 'NUM4_shuffled_1', 'NUM4_shuffled_2', 'NUM5_shuffled_1', 'NUM5_shuffled_2', 'NUM6_shuffled_1', 'NUM6_shuffled_2', 'NUM7_shuffled_1', 'NUM7_shuffled_2', 'NUM8_shuffled_1', 'NUM8_shuffled_2', 'NUM9_shuffled_1', 'NUM9_shuffled_2', 'NUM10_shuffled_1', 'NUM10_shuffled_2', 'NUM11_shuffled_1', 'NUM11_shuffled_2', 'NUM12_shuffled_1', 'NUM12_shuffled_2', 'NUM13_shuffled_1', 'NUM13_shuffled_2', 'NUM14_shuffled_1', 'NUM14_shuffled_2', 'NUM15_shuffled_1', 'NUM15_shuffled_2', 'NUM16_shuffled_1', 'NUM16_shuffled_2', 'NUM17_shuffled_1', 'NUM17_shuffled_2', 'NUM18_shuffled_1', 'NUM18_shuffled_2', 'NUM19_shuffled_1', 'NUM19_shuffled_2', 'NUM20_shuffled_1', 'NUM20_shuffled_2', 'NUM21_shuffled_1', 'NUM22_shuffled_2', 'NUM23_shuffled_1', 'NUM23_shuffled_2', 'NUM24_shuffled_1', 'NUM24_shuffled_2', 'NUM25_shuffled_1', 'NUM25_shuffled_2', 'NUM26_shuffled_1', 'NUM26_shuffled_2', 'NUM27_shuffled_1', 'NUM27_shuffled_2', 'NUM28_shuffled_1', 'NUM28_shuffled_2', 'NUM29_shuffled_1', 'NUM29_shuffled_2', 'NUM30_shuffled_1', 'NUM30_shuffled_2', 'NUM31_shuffled_1', 'NUM32_shuffled_1', 'NUM32_shuffled_2', 'NUM33_shuffled_1', 'NUM33_shuffled_2', 'NUM34_shuffled_2', 'NUM35_shuffled_1', 'NUM35_shuffled_2', 'NUM36_shuffled_1', 'NUM36_shuffled_2', 'NUM37_shuffled_1', 'NUM37_shuffled_2', 'NUM38_shuffled_1', 'NUM38_shuffled_2', 'NUM39_shuffled_1', 'NUM39_shuffled_2', 'NUM40_shuffled_1', 'NUM40_shuffled_2', 'NUM41_shuffled_1', 'NUM41_shuffled_2', 'NUM42_shuffled_1', 'NUM42_shuffled_2', 'NUM43_shuffled_1', 'NUM43_shuffled_2', 'NUM44_shuffled_1', 'NUM44_shuffled_2', 'NUM45_shuffled_1', 'NUM45_shuffled_2', 'NUM46_shuffled_1', 'NUM46_shuffled_2', 'NUM47_shuffled_1', 'NUM47_shuffled_2', 'NUM48_shuffled_1', 'NUM48_shuffled_2', 'noise_categorical_1', 'noise_categorical_2']",True,145,96,0.6620689655172414,200.4472,
drive_diagnosis,spec,[],False,0,0,0.0,147.1265,"Unable to allocate 25.5 GiB for an array with shape (58509, 58509) and data type float64"
drive_diagnosis,mcfs,[],False,0,0,0.0,110.4181,"Unable to allocate 25.5 GiB for an array with shape (58509, 58509) and data type float64"
drive_diagnosis,ndfs,[],False,0,0,0.0,172.6864,"Unable to allocate 25.5 GiB for an array with shape (58509, 58509) and data type float64"
drive_diagnosis,rsr,[],False,0,0,0.0,142.1104,"Unable to allocate 25.5 GiB for an array with shape (58509, 58509) and data type float64"
drive_diagnosis,agufs,"['RES', 'NUM1', 'NUM2', 'NUM3', 'NUM4', 'NUM5', 'NUM6', 'NUM7', 'NUM8', 'NUM9', 'NUM10', 'NUM11', 'NUM12', 'NUM13', 'NUM14', 'NUM15', 'NUM16', 'NUM17', 'NUM18', 'NUM19', 'NUM20', 'NUM21', 'NUM22', 'NUM23', 'NUM24', 'NUM25', 'NUM26', 'NUM27', 'NUM28', 'NUM29', 'NUM30', 'NUM31', 'NUM32', 'NUM33', 'NUM34', 'NUM35', 'NUM36', 'NUM37', 'NUM38', 'NUM39', 'NUM40', 'NUM41', 'NUM42', 'NUM43', 'NUM44', 'NUM45', 'NUM46', 'NUM47', 'NUM48', 'noise_numeric_1', 'noise_numeric_2', 'NUM1_shuffled_1', 'NUM1_shuffled_2', 'NUM2_shuffled_1', 'NUM2_shuffled_2', 'NUM3_shuffled_1', 'NUM3_shuffled_2', 'NUM4_shuffled_1', 'NUM4_shuffled_2', 'NUM5_shuffled_1', 'NUM5_shuffled_2', 'NUM6_shuffled_1', 'NUM6_shuffled_2', 'NUM7_shuffled_1', 'NUM7_shuffled_2', 'NUM8_shuffled_1', 'NUM8_shuffled_2', 'NUM9_shuffled_1', 'NUM9_shuffled_2', 'NUM10_shuffled_1', 'NUM10_shuffled_2', 'NUM11_shuffled_1', 'NUM11_shuffled_2', 'NUM12_shuffled_1', 'NUM12_shuffled_2', 'NUM13_shuffled_1', 'NUM13_shuffled_2', 'NUM14_shuffled_1', 'NUM14_shuffled_2', 'NUM15_shuffled_1', 'NUM15_shuffled_2', 'NUM16_shuffled_1', 'NUM16_shuffled_2', 'NUM17_shuffled_1', 'NUM17_shuffled_2', 'NUM18_shuffled_1', 'NUM18_shuffled_2', 'NUM19_shuffled_1', 'NUM19_shuffled_2', 'NUM20_shuffled_1', 'NUM20_shuffled_2', 'NUM21_shuffled_1', 'NUM21_shuffled_2', 'NUM22_shuffled_1', 'NUM22_shuffled_2', 'NUM23_shuffled_1', 'NUM23_shuffled_2', 'NUM24_shuffled_1', 'NUM24_shuffled_2', 'NUM25_shuffled_1', 'NUM25_shuffled_2', 'NUM26_shuffled_1', 'NUM26_shuffled_2', 'NUM27_shuffled_1', 'NUM27_shuffled_2', 'NUM28_shuffled_1', 'NUM28_shuffled_2', 'NUM29_shuffled_1', 'NUM29_shuffled_2', 'NUM30_shuffled_1', 'NUM30_shuffled_2', 'NUM31_shuffled_1', 'NUM31_shuffled_2', 'NUM32_shuffled_1', 'NUM32_shuffled_2', 'NUM33_shuffled_1', 'NUM33_shuffled_2', 'NUM34_shuffled_1', 'NUM34_shuffled_2', 'NUM35_shuffled_1', 'NUM35_shuffled_2', 'NUM36_shuffled_1', 'NUM36_shuffled_2', 'NUM37_shuffled_1', 'NUM37_shuffled_2', 'NUM38_shuffled_1', 'NUM38_shuffled_2', 'NUM39_shuffled_1', 'NUM39_shuffled_2', 'NUM40_shuffled_1', 'NUM40_shuffled_2', 'NUM41_shuffled_1', 'NUM41_shuffled_2', 'NUM42_shuffled_1', 'NUM42_shuffled_2', 'NUM43_shuffled_1', 'NUM43_shuffled_2', 'NUM44_shuffled_1', 'NUM44_shuffled_2', 'NUM45_shuffled_1', 'NUM45_shuffled_2', 'NUM46_shuffled_1', 'NUM46_shuffled_2', 'NUM47_shuffled_1', 'NUM47_shuffled_2', 'NUM48_shuffled_1', 'NUM48_shuffled_2']",True,147,98,0.6666666666666666,215.6065,
drive_diagnosis,udfs_like,"['NUM4', 'NUM37', 'NUM38', 'NUM40', 'NUM41', 'noise_categorical_1']",False,6,1,0.16666666666666666,433.3628,
drive_diagnosis,correlation_uniqueness,"['noise_numeric_1', 'noise_numeric_2', 'NUM1_shuffled_1', 'NUM1_shuffled_2', 'NUM2_shuffled_1', 'NUM2_shuffled_2', 'NUM3_shuffled_1', 'NUM3_shuffled_2', 'NUM4_shuffled_1', 'NUM4_shuffled_2', 'NUM5_shuffled_1', 'NUM5_shuffled_2', 'NUM6_shuffled_1', 'NUM6_shuffled_2', 'NUM7_shuffled_1', 'NUM7_shuffled_2', 'NUM8_shuffled_1', 'NUM8_shuffled_2', 'NUM9_shuffled_1', 'NUM9_shuffled_2', 'NUM10_shuffled_1', 'NUM10_shuffled_2', 'NUM11_shuffled_1', 'NUM11_shuffled_2', 'NUM12_shuffled_1', 'NUM12_shuffled_2', 'NUM13_shuffled_1', 'NUM13_shuffled_2', 'NUM14_shuffled_1', 'NUM14_shuffled_2', 'NUM15_shuffled_1', 'NUM15_shuffled_2', 'NUM16_shuffled_1', 'NUM16_shuffled_2', 'NUM17_shuffled_1', 'NUM17_shuffled_2', 'NUM18_shuffled_1', 'NUM18_shuffled_2', 'NUM19_shuffled_1', 'NUM19_shuffled_2', 'NUM20_shuffled_1', 'NUM20_shuffled_2', 'NUM21_shuffled_1', 'NUM21_shuffled_2', 'NUM22_shuffled_1', 'NUM22_shuffled_2', 'NUM23_shuffled_1', 'NUM23_shuffled_2', 'NUM24_shuffled_1', 'NUM24_shuffled_2', 'NUM25_shuffled_1', 'NUM25_shuffled_2', 'NUM26_shuffled_1', 'NUM26_shuffled_2', 'NUM27_shuffled_1', 'NUM27_shuffled_2', 'NUM28_shuffled_1', 'NUM28_shuffled_2', 'NUM29_shuffled_1', 'NUM29_shuffled_2', 'NUM30_shuffled_1', 'NUM30_shuffled_2', 'NUM31_shuffled_1', 'NUM31_shuffled_2', 'NUM32_shuffled_1', 'NUM32_shuffled_2', 'NUM33_shuffled_1', 'NUM33_shuffled_2', 'NUM34_shuffled_1', 'NUM34_shuffled_2', 'NUM35_shuffled_1', 'NUM35_shuffled_2', 'NUM36_shuffled_1', 'NUM36_shuffled_2', 'NUM37_shuffled_1', 'NUM37_shuffled_2', 'NUM38_shuffled_1', 'NUM38_shuffled_2', 'NUM39_shuffled_1', 'NUM39_shuffled_2', 'NUM40_shuffled_1', 'NUM40_shuffled_2', 'NUM41_shuffled_1', 'NUM41_shuffled_2', 'NUM42_shuffled_1', 'NUM42_shuffled_2', 'NUM43_shuffled_1', 'NUM43_shuffled_2', 'NUM44_shuffled_1', 'NUM44_shuffled_2', 'NUM45_shuffled_1', 'NUM45_shuffled_2', 'NUM46_shuffled_1', 'NUM46_shuffled_2', 'NUM47_shuffled_1', 'NUM47_shuffled_2', 'NUM48_shuffled_1', 'NUM48_shuffled_2', 'noise_categorical_1']",False,99,99,1.0,0.0735,
drive_diagnosis,mrmr,"['NUM13', 'NUM16', 'NUM17', 'NUM19', 'NUM20', 'NUM21', 'NUM22', 'NUM23', 'NUM24']",False,9,0,0.0,21.9188,
drive_diagnosis,jmi,"['NUM13', 'NUM19', 'NUM20', 'NUM21', 'NUM22', 'NUM23', 'NUM24', 'NUM37']",False,8,0,0.0,21.8048,
drive_diagnosis,cmim,"['RES', 'NUM1', 'NUM2', 'NUM3', 'NUM4', 'NUM5', 'NUM6', 'NUM7', 'NUM8', 'NUM9', 'NUM10', 'NUM11', 'NUM12', 'NUM13', 'NUM14', 'NUM15', 'NUM16', 'NUM17', 'NUM18', 'NUM19', 'NUM20', 'NUM21', 'NUM22', 'NUM23', 'NUM24', 'NUM25', 'NUM26', 'NUM27', 'NUM28', 'NUM29', 'NUM30', 'NUM34', 'NUM35', 'NUM36', 'NUM37', 'NUM38', 'NUM39', 'NUM40', 'NUM41', 'NUM42', 'NUM43', 'NUM44', 'NUM45', 'NUM48', 'noise_numeric_1', 'noise_numeric_2', 'NUM1_shuffled_1', 'NUM1_shuffled_2', 'NUM2_shuffled_1', 'NUM2_shuffled_2', 'NUM3_shuffled_1', 'NUM3_shuffled_2', 'NUM4_shuffled_1', 'NUM4_shuffled_2', 'NUM5_shuffled_1', 'NUM5_shuffled_2', 'NUM6_shuffled_1', 'NUM6_shuffled_2', 'NUM7_shuffled_1', 'NUM7_shuffled_2', 'NUM8_shuffled_1', 'NUM8_shuffled_2', 'NUM9_shuffled_1', 'NUM9_shuffled_2', 'NUM10_shuffled_1', 'NUM10_shuffled_2', 'NUM11_shuffled_1', 'NUM11_shuffled_2', 'NUM12_shuffled_1', 'NUM12_shuffled_2', 'NUM13_shuffled_1', 'NUM13_shuffled_2', 'NUM14_shuffled_1', 'NUM14_shuffled_2', 'NUM15_shuffled_1', 'NUM15_shuffled_2', 'NUM16_shuffled_1', 'NUM16_shuffled_2', 'NUM17_shuffled_1', 'NUM17_shuffled_2', 'NUM18_shuffled_1', 'NUM18_shuffled_2', 'NUM19_shuffled_1', 'NUM19_shuffled_2', 'NUM20_shuffled_1', 'NUM20_shuffled_2', 'NUM21_shuffled_1', 'NUM21_shuffled_2', 'NUM22_shuffled_1', 'NUM22_shuffled_2', 'NUM23_shuffled_1', 'NUM23_shuffled_2', 'NUM24_shuffled_1', 'NUM24_shuffled_2', 'NUM25_shuffled_1', 'NUM25_shuffled_2', 'NUM26_shuffled_1', 'NUM26_shuffled_2', 'NUM27_shuffled_1', 'NUM27_shuffled_2', 'NUM28_shuffled_1', 'NUM28_shuffled_2', 'NUM29_shuffled_1', 'NUM29_shuffled_2', 'NUM30_shuffled_1', 'NUM30_shuffled_2', 'NUM31_shuffled_1', 'NUM31_shuffled_2', 'NUM32_shuffled_1', 'NUM32_shuffled_2', 'NUM33_shuffled_1', 'NUM33_shuffled_2', 'NUM34_shuffled_1', 'NUM34_shuffled_2', 'NUM35_shuffled_1', 'NUM35_shuffled_2', 'NUM36_shuffled_1', 'NUM36_shuffled_2', 'NUM37_shuffled_1', 'NUM37_shuffled_2', 'NUM38_shuffled_1', 'NUM38_shuffled_2', 'NUM39_shuffled_1', 'NUM39_shuffled_2', 'NUM40_shuffled_1', 'NUM40_shuffled_2', 'NUM41_shuffled_1', 'NUM41_shuffled_2', 'NUM42_shuffled_1', 'NUM42_shuffled_2', 'NUM43_shuffled_1', 'NUM43_shuffled_2', 'NUM44_shuffled_1', 'NUM44_shuffled_2', 'NUM45_shuffled_1', 'NUM45_shuffled_2', 'NUM46_shuffled_1', 'NUM46_shuffled_2', 'NUM47_shuffled_1', 'NUM47_shuffled_2', 'NUM48_shuffled_1', 'NUM48_shuffled_2', 'noise_categorical_1', 'noise_categorical_2']",True,144,100,0.6944444444444444,21.7945,
drive_diagnosis,inf_fs,"['NUM12', 'NUM43', 'NUM44', 'NUM45', 'NUM46', 'NUM47', 'NUM48', 'noise_categorical_1', 'noise_categorical_2']",False,9,2,0.2222222222222222,0.1273,
drive_diagnosis,cluster_dispersion,"['NUM7', 'NUM8', 'NUM9', 'NUM10', 'NUM11', 'NUM12', 'NUM19', 'NUM20', 'NUM21', 'NUM22', 'NUM23', 'NUM24']",False,12,0,0.0,0.7234,
drive_diagnosis,principal_feature_analysis,"['NUM31', 'NUM32', 'NUM33']",False,3,0,0.0,0.0631,
drive_diagnosis,feature_cluster_representative,"['NUM10', 'NUM14', 'NUM19', 'NUM25_shuffled_2', 'noise_categorical_1']",False,5,2,0.4,0.849,
drive_diagnosis,cae,"['NUM3', 'NUM7', 'NUM36', 'NUM1_shuffled_1', 'NUM28_shuffled_1', 'NUM31_shuffled_2', 'NUM32_shuffled_1', 'NUM34_shuffled_2', 'NUM44_shuffled_2', 'noise_categorical_2']",False,10,7,0.7,1.2606,
drive_diagnosis,lima,"['NUM1', 'NUM10', 'NUM11', 'NUM12', 'NUM13', 'NUM14', 'NUM14_shuffled_2', 'NUM15', 'NUM16', 'NUM17', 'NUM18', 'NUM19', 'NUM2', 'NUM20', 'NUM21', 'NUM22', 'NUM23', 'NUM24', 'NUM25', 'NUM26', 'NUM27', 'NUM28', 'NUM29', 'NUM3', 'NUM30', 'NUM31', 'NUM32', 'NUM33', 'NUM34', 'NUM34_shuffled_1', 'NUM35', 'NUM36', 'NUM37', 'NUM38', 'NUM39', 'NUM4', 'NUM40', 'NUM41', 'NUM42', 'NUM43', 'NUM44', 'NUM45', 'NUM46', 'NUM47', 'NUM48', 'NUM5', 'NUM6', 'NUM7', 'NUM8', 'NUM9', 'NUM9_shuffled_1', 'RES']",True,52,3,0.057692307692307696,17.75,
covertype,variance_score,"['class', 'Elevation', 'Aspect', 'Slope', 'Horizontal_Distance_To_Hydrology', 'Vertical_Distance_To_Hydrology', 'Horizontal_Distance_To_Roadways', 'Hillshade_9am', 'Hillshade_Noon', 'Hillshade_3pm', 'Horizontal_Distance_To_Fire_Points', 'Wilderness_Area', 'Soil_Type', 'noise_numeric_1', 'noise_numeric_2', 'Elevation_shuffled_1', 'Elevation_shuffled_2', 'Aspect_shuffled_1', 'Aspect_shuffled_2', 'Slope_shuffled_1', 'Slope_shuffled_2', 'Horizontal_Distance_To_Hydrology_shuffled_1', 'Horizontal_Distance_To_Hydrology_shuffled_2', 'Vertical_Distance_To_Hydrology_shuffled_1', 'Vertical_Distance_To_Hydrology_shuffled_2', 'Horizontal_Distance_To_Roadways_shuffled_1', 'Horizontal_Distance_To_Roadways_shuffled_2', 'Hillshade_9am_shuffled_1', 'Hillshade_9am_shuffled_2', 'Hillshade_Noon_shuffled_1', 'Hillshade_Noon_shuffled_2', 'Hillshade_3pm_shuffled_1', 'Hillshade_3pm_shuffled_2', 'Horizontal_Distance_To_Fire_Points_shuffled_1', 'Horizontal_Distance_To_Fire_Points_shuffled_2', 'Wilderness_Area_shuffled_1', 'Wilderness_Area_shuffled_2', 'Soil_Type_shuffled_1', 'Soil_Type_shuffled_2']",True,39,26,0.6666666666666666,0.0064,
covertype,laplacian_score,"['class', 'Elevation', 'Aspect', 'Slope', 'Horizontal_Distance_To_Hydrology', 'Vertical_Distance_To_Hydrology', 'Horizontal_Distance_To_Roadways', 'Hillshade_9am', 'Hillshade_Noon', 'Hillshade_3pm', 'Horizontal_Distance_To_Fire_Points', 'Wilderness_Area', 'Soil_Type', 'noise_numeric_1', 'noise_numeric_2', 'Elevation_shuffled_1', 'Elevation_shuffled_2', 'Aspect_shuffled_1', 'Aspect_shuffled_2', 'Slope_shuffled_1', 'Slope_shuffled_2', 'Horizontal_Distance_To_Hydrology_shuffled_1', 'Horizontal_Distance_To_Hydrology_shuffled_2', 'Vertical_Distance_To_Hydrology_shuffled_1', 'Vertical_Distance_To_Hydrology_shuffled_2', 'Horizontal_Distance_To_Roadways_shuffled_1', 'Horizontal_Distance_To_Roadways_shuffled_2', 'Hillshade_9am_shuffled_1', 'Hillshade_9am_shuffled_2', 'Hillshade_Noon_shuffled_1', 'Hillshade_Noon_shuffled_2', 'Hillshade_3pm_shuffled_1', 'Hillshade_3pm_shuffled_2', 'Horizontal_Distance_To_Fire_Points_shuffled_1', 'Horizontal_Distance_To_Fire_Points_shuffled_2', 'Wilderness_Area_shuffled_1', 'Wilderness_Area_shuffled_2', 'Soil_Type_shuffled_1', 'Soil_Type_shuffled_2', 'noise_categorical_1']",True,40,27,0.675,22.0553,
covertype,spec,[],False,0,0,0.0,35.8338,(lwork>0||lwork==-1) failed for 4th keyword lwork: dsygvd:lwork=-986462787
covertype,mcfs,[],False,0,0,0.0,74.308,(lwork>0||lwork==-1) failed for 4th keyword lwork: dsygvd:lwork=-986462787
covertype,ndfs,[],False,0,0,0.0,41.3927,"Unable to allocate 12.3 GiB for an array with shape (40671, 40671) and data type float64"
covertype,rsr,[],False,0,0,0.0,10.716,"Unable to allocate 12.3 GiB for an array with shape (40671, 40671) and data type float64"
covertype,agufs,"['class', 'Elevation', 'Aspect', 'Slope', 'Horizontal_Distance_To_Hydrology', 'Vertical_Distance_To_Hydrology', 'Horizontal_Distance_To_Roadways', 'Hillshade_9am', 'Hillshade_Noon', 'Hillshade_3pm', 'Horizontal_Distance_To_Fire_Points', 'Wilderness_Area', 'Soil_Type', 'noise_numeric_1', 'noise_numeric_2', 'Elevation_shuffled_1', 'Elevation_shuffled_2', 'Aspect_shuffled_1', 'Aspect_shuffled_2', 'Slope_shuffled_1', 'Slope_shuffled_2', 'Horizontal_Distance_To_Hydrology_shuffled_1', 'Horizontal_Distance_To_Hydrology_shuffled_2', 'Vertical_Distance_To_Hydrology_shuffled_1', 'Vertical_Distance_To_Hydrology_shuffled_2', 'Horizontal_Distance_To_Roadways_shuffled_1', 'Horizontal_Distance_To_Roadways_shuffled_2', 'Hillshade_9am_shuffled_1', 'Hillshade_9am_shuffled_2', 'Hillshade_Noon_shuffled_1', 'Hillshade_Noon_shuffled_2', 'Hillshade_3pm_shuffled_1', 'Hillshade_3pm_shuffled_2', 'Horizontal_Distance_To_Fire_Points_shuffled_1', 'Horizontal_Distance_To_Fire_Points_shuffled_2', 'Wilderness_Area_shuffled_1', 'Wilderness_Area_shuffled_2', 'Soil_Type_shuffled_1', 'Soil_Type_shuffled_2']",True,39,26,0.6666666666666666,22.4266,
covertype,udfs_like,"['Slope', 'Hillshade_Noon']",False,2,0,0.0,11.7351,
covertype,correlation_uniqueness,"['noise_numeric_1', 'noise_numeric_2', 'Elevation_shuffled_1', 'Elevation_shuffled_2', 'Aspect_shuffled_1', 'Aspect_shuffled_2', 'Slope_shuffled_1', 'Slope_shuffled_2', 'Horizontal_Distance_To_Hydrology_shuffled_1', 'Horizontal_Distance_To_Hydrology_shuffled_2', 'Vertical_Distance_To_Hydrology_shuffled_1', 'Vertical_Distance_To_Hydrology_shuffled_2', 'Horizontal_Distance_To_Roadways_shuffled_1', 'Horizontal_Distance_To_Roadways_shuffled_2', 'Hillshade_9am_shuffled_1', 'Hillshade_9am_shuffled_2', 'Hillshade_Noon_shuffled_1', 'Hillshade_Noon_shuffled_2', 'Hillshade_3pm_shuffled_1', 'Hillshade_3pm_shuffled_2', 'Horizontal_Distance_To_Fire_Points_shuffled_1', 'Horizontal_Distance_To_Fire_Points_shuffled_2', 'Wilderness_Area_shuffled_1', 'Wilderness_Area_shuffled_2', 'Soil_Type_shuffled_1', 'Soil_Type_shuffled_2']",False,26,26,1.0,0.0194,
covertype,mrmr,"['Aspect', 'Hillshade_3pm', 'Soil_Type']",False,3,0,0.0,5.1538,
covertype,jmi,"['class', 'Elevation', 'Aspect', 'Horizontal_Distance_To_Hydrology', 'Vertical_Distance_To_Hydrology', 'Horizontal_Distance_To_Roadways', 'Hillshade_9am', 'Hillshade_3pm', 'Horizontal_Distance_To_Fire_Points', 'Wilderness_Area', 'Soil_Type']",True,11,0,0.0,5.1279,
covertype,cmim,"['class', 'Aspect', 'Horizontal_Distance_To_Roadways', 'Horizontal_Distance_To_Fire_Points', 'Wilderness_Area', 'Soil_Type', 'noise_numeric_1', 'noise_numeric_2', 'Elevation_shuffled_1', 'Elevation_shuffled_2', 'Aspect_shuffled_1', 'Aspect_shuffled_2', 'Slope_shuffled_1', 'Slope_shuffled_2', 'Horizontal_Distance_To_Hydrology_shuffled_1', 'Horizontal_Distance_To_Hydrology_shuffled_2', 'Vertical_Distance_To_Hydrology_shuffled_1', 'Vertical_Distance_To_Hydrology_shuffled_2', 'Horizontal_Distance_To_Roadways_shuffled_1', 'Horizontal_Distance_To_Roadways_shuffled_2', 'Hillshade_9am_shuffled_1', 'Hillshade_9am_shuffled_2', 'Hillshade_Noon_shuffled_1', 'Hillshade_Noon_shuffled_2', 'Hillshade_3pm_shuffled_1', 'Hillshade_3pm_shuffled_2', 'Horizontal_Distance_To_Fire_Points_shuffled_1', 'Horizontal_Distance_To_Fire_Points_shuffled_2', 'Wilderness_Area_shuffled_1', 'Wilderness_Area_shuffled_2', 'Soil_Type_shuffled_1', 'Soil_Type_shuffled_2', 'noise_categorical_1', 'noise_categorical_2']",True,34,28,0.8235294117647058,5.1234,
covertype,inf_fs,"['Vertical_Distance_To_Hydrology_shuffled_1', 'noise_categorical_1', 'noise_categorical_2']",False,3,3,1.0,0.0191,
covertype,cluster_dispersion,"['class', 'Elevation', 'Aspect', 'Horizontal_Distance_To_Hydrology', 'Vertical_Distance_To_Hydrology', 'Horizontal_Distance_To_Roadways', 'Hillshade_9am', 'Hillshade_3pm', 'Horizontal_Distance_To_Fire_Points', 'Wilderness_Area', 'Soil_Type']",True,11,0,0.0,0.2757,
covertype,principal_feature_analysis,"['Elevation', 'Aspect', 'Slope', 'Horizontal_Distance_To_Hydrology', 'Vertical_Distance_To_Hydrology', 'Horizontal_Distance_To_Roadways', 'Hillshade_9am', 'Hillshade_Noon', 'Hillshade_3pm', 'Horizontal_Distance_To_Fire_Points', 'Wilderness_Area', 'Soil_Type']",False,12,0,0.0,0.0172,
covertype,feature_cluster_representative,"['Horizontal_Distance_To_Hydrology', 'Hillshade_3pm', 'Horizontal_Distance_To_Fire_Points', 'Hillshade_9am_shuffled_1', 'noise_categorical_1']",False,5,2,0.4,0.3277,
covertype,cae,"['class', 'Elevation', 'Slope', 'Horizontal_Distance_To_Fire_Points', 'Slope_shuffled_1', 'Vertical_Distance_To_Hydrology_shuffled_2', 'Horizontal_Distance_To_Roadways_shuffled_1', 'Hillshade_9am_shuffled_1', 'noise_categorical_1', 'noise_categorical_2']",True,10,6,0.6,0.5413,
covertype,lima,"['Aspect', 'Elevation', 'Hillshade_3pm', 'Hillshade_9am', 'Hillshade_Noon', 'Horizontal_Distance_To_Fire_Points', 'Horizontal_Distance_To_Hydrology', 'Horizontal_Distance_To_Roadways', 'Slope', 'Soil_Type', 'Vertical_Distance_To_Hydrology', 'Wilderness_Area', 'class']",True,13,0,0.0,2.82,
default_payment,variance_score,"['default', 'LIMIT_BAL', 'SEX', 'EDUCATION', 'MARRIAGE', 'AGE', 'PAY_0', 'PAY_2', 'PAY_3', 'PAY_4', 'PAY_5', 'PAY_6', 'BILL_AMT1', 'BILL_AMT2', 'BILL_AMT3', 'BILL_AMT4', 'BILL_AMT5', 'BILL_AMT6', 'PAY_AMT1', 'PAY_AMT2', 'PAY_AMT3', 'PAY_AMT4', 'PAY_AMT5', 'PAY_AMT6', 'noise_numeric_1', 'noise_numeric_2', 'LIMIT_BAL_shuffled_1', 'LIMIT_BAL_shuffled_2', 'SEX_shuffled_1', 'SEX_shuffled_2', 'EDUCATION_shuffled_1', 'EDUCATION_shuffled_2', 'MARRIAGE_shuffled_1', 'MARRIAGE_shuffled_2', 'AGE_shuffled_1', 'AGE_shuffled_2', 'PAY_0_shuffled_1', 'PAY_0_shuffled_2', 'PAY_2_shuffled_1', 'PAY_2_shuffled_2', 'PAY_3_shuffled_1', 'PAY_3_shuffled_2', 'PAY_4_shuffled_1', 'PAY_4_shuffled_2', 'PAY_5_shuffled_1', 'PAY_5_shuffled_2', 'PAY_6_shuffled_1', 'PAY_6_shuffled_2', 'BILL_AMT1_shuffled_1', 'BILL_AMT1_shuffled_2', 'BILL_AMT2_shuffled_1', 'BILL_AMT2_shuffled_2', 'BILL_AMT3_shuffled_1', 'BILL_AMT3_shuffled_2', 'BILL_AMT4_shuffled_1', 'BILL_AMT4_shuffled_2', 'BILL_AMT5_shuffled_1', 'BILL_AMT5_shuffled_2', 'BILL_AMT6_shuffled_1', 'BILL_AMT6_shuffled_2', 'PAY_AMT1_shuffled_1', 'PAY_AMT1_shuffled_2', 'PAY_AMT2_shuffled_1', 'PAY_AMT2_shuffled_2', 'PAY_AMT3_shuffled_1', 'PAY_AMT3_shuffled_2', 'PAY_AMT4_shuffled_1', 'PAY_AMT4_shuffled_2', 'PAY_AMT5_shuffled_1', 'PAY_AMT5_shuffled_2', 'PAY_AMT6_shuffled_1', 'PAY_AMT6_shuffled_2']",True,72,48,0.6666666666666666,0.0076,
default_payment,laplacian_score,"['default', 'LIMIT_BAL', 'SEX', 'EDUCATION', 'MARRIAGE', 'AGE', 'PAY_0', 'PAY_2', 'PAY_3', 'PAY_4', 'PAY_5', 'PAY_6', 'BILL_AMT1', 'BILL_AMT2', 'BILL_AMT3', 'BILL_AMT4', 'BILL_AMT5', 'BILL_AMT6', 'PAY_AMT1', 'PAY_AMT2', 'PAY_AMT4', 'noise_numeric_1', 'noise_numeric_2', 'LIMIT_BAL_shuffled_1', 'LIMIT_BAL_shuffled_2', 'SEX_shuffled_1', 'SEX_shuffled_2', 'EDUCATION_shuffled_1', 'EDUCATION_shuffled_2', 'MARRIAGE_shuffled_1', 'MARRIAGE_shuffled_2', 'AGE_shuffled_1', 'AGE_shuffled_2', 'PAY_0_shuffled_1', 'PAY_0_shuffled_2', 'PAY_2_shuffled_1', 'PAY_2_shuffled_2', 'PAY_3_shuffled_1', 'PAY_3_shuffled_2', 'PAY_4_shuffled_1', 'PAY_4_shuffled_2', 'PAY_5_shuffled_1', 'PAY_5_shuffled_2', 'PAY_6_shuffled_1', 'PAY_6_shuffled_2', 'BILL_AMT1_shuffled_1', 'BILL_AMT1_shuffled_2', 'BILL_AMT2_shuffled_1', 'BILL_AMT2_shuffled_2', 'BILL_AMT3_shuffled_1', 'BILL_AMT3_shuffled_2', 'BILL_AMT4_shuffled_1', 'BILL_AMT4_shuffled_2', 'BILL_AMT5_shuffled_1', 'BILL_AMT5_shuffled_2', 'BILL_AMT6_shuffled_1', 'BILL_AMT6_shuffled_2', 'PAY_AMT1_shuffled_2', 'PAY_AMT3_shuffled_1', 'noise_categorical_1', 'noise_categorical_2']",True,61,40,0.6557377049180327,18.1103,
default_payment,spec,[],False,0,0,0.0,14.7099,"Unable to allocate 13.4 GiB for an array with shape (1800180001,) and data type float64"
default_payment,mcfs,[],False,0,0,0.0,17.3268,"Unable to allocate 13.4 GiB for an array with shape (1800180001,) and data type float64"
default_payment,ndfs,[],False,0,0,0.0,9.2534,"Unable to allocate 6.71 GiB for an array with shape (30000, 30000) and data type float64"
default_payment,rsr,[],False,0,0,0.0,3.365,"Unable to allocate 6.71 GiB for an array with shape (30000, 30000) and data type float64"
default_payment,agufs,"['default', 'LIMIT_BAL', 'SEX', 'EDUCATION', 'MARRIAGE', 'AGE', 'PAY_0', 'PAY_2', 'PAY_3', 'PAY_4', 'PAY_5', 'PAY_6', 'BILL_AMT1', 'BILL_AMT2', 'BILL_AMT3', 'BILL_AMT4', 'BILL_AMT5', 'BILL_AMT6', 'PAY_AMT1', 'PAY_AMT2', 'PAY_AMT3', 'PAY_AMT4', 'PAY_AMT5', 'PAY_AMT6', 'noise_numeric_1', 'noise_numeric_2', 'LIMIT_BAL_shuffled_1', 'LIMIT_BAL_shuffled_2', 'SEX_shuffled_1', 'SEX_shuffled_2', 'EDUCATION_shuffled_1', 'EDUCATION_shuffled_2', 'MARRIAGE_shuffled_1', 'MARRIAGE_shuffled_2', 'AGE_shuffled_1', 'AGE_shuffled_2', 'PAY_0_shuffled_1', 'PAY_0_shuffled_2', 'PAY_2_shuffled_1', 'PAY_2_shuffled_2', 'PAY_3_shuffled_1', 'PAY_3_shuffled_2', 'PAY_4_shuffled_1', 'PAY_4_shuffled_2', 'PAY_5_shuffled_1', 'PAY_5_shuffled_2', 'PAY_6_shuffled_1', 'PAY_6_shuffled_2', 'BILL_AMT1_shuffled_1', 'BILL_AMT1_shuffled_2', 'BILL_AMT2_shuffled_1', 'BILL_AMT2_shuffled_2', 'BILL_AMT3_shuffled_1', 'BILL_AMT3_shuffled_2', 'BILL_AMT4_shuffled_1', 'BILL_AMT4_shuffled_2', 'BILL_AMT5_shuffled_1', 'BILL_AMT5_shuffled_2', 'BILL_AMT6_shuffled_1', 'BILL_AMT6_shuffled_2', 'PAY_AMT1_shuffled_1', 'PAY_AMT1_shuffled_2', 'PAY_AMT2_shuffled_1', 'PAY_AMT2_shuffled_2', 'PAY_AMT3_shuffled_1', 'PAY_AMT3_shuffled_2', 'PAY_AMT4_shuffled_1', 'PAY_AMT4_shuffled_2', 'PAY_AMT5_shuffled_1', 'PAY_AMT5_shuffled_2', 'PAY_AMT6_shuffled_1', 'PAY_AMT6_shuffled_2', 'noise_categorical_1']",True,73,49,0.6712328767123288,18.0715,
default_payment,udfs_like,"['PAY_AMT1', 'PAY_AMT2', 'PAY_AMT3', 'PAY_AMT4', 'PAY_AMT5', 'PAY_AMT6', 'noise_categorical_1']",False,7,1,0.14285714285714285,19.6925,
default_payment,correlation_uniqueness,"['noise_numeric_1', 'noise_numeric_2', 'LIMIT_BAL_shuffled_1', 'LIMIT_BAL_shuffled_2', 'SEX_shuffled_1', 'SEX_shuffled_2', 'EDUCATION_shuffled_1', 'EDUCATION_shuffled_2', 'MARRIAGE_shuffled_1', 'MARRIAGE_shuffled_2', 'AGE_shuffled_1', 'AGE_shuffled_2', 'PAY_0_shuffled_1', 'PAY_0_shuffled_2', 'PAY_2_shuffled_1', 'PAY_2_shuffled_2', 'PAY_3_shuffled_1', 'PAY_3_shuffled_2', 'PAY_4_shuffled_1', 'PAY_4_shuffled_2', 'PAY_5_shuffled_1', 'PAY_5_shuffled_2', 'PAY_6_shuffled_1', 'PAY_6_shuffled_2', 'BILL_AMT1_shuffled_1', 'BILL_AMT1_shuffled_2', 'BILL_AMT2_shuffled_1', 'BILL_AMT2_shuffled_2', 'BILL_AMT3_shuffled_1', 'BILL_AMT3_shuffled_2', 'BILL_AMT4_shuffled_1', 'BILL_AMT4_shuffled_2', 'BILL_AMT5_shuffled_1', 'BILL_AMT5_shuffled_2', 'BILL_AMT6_shuffled_1', 'BILL_AMT6_shuffled_2', 'PAY_AMT1_shuffled_1', 'PAY_AMT1_shuffled_2', 'PAY_AMT2_shuffled_1', 'PAY_AMT2_shuffled_2', 'PAY_AMT3_shuffled_1', 'PAY_AMT3_shuffled_2', 'PAY_AMT4_shuffled_1', 'PAY_AMT4_shuffled_2', 'PAY_AMT5_shuffled_1', 'PAY_AMT5_shuffled_2', 'PAY_AMT6_shuffled_1', 'PAY_AMT6_shuffled_2', 'noise_categorical_1']",False,49,49,1.0,0.0143,
default_payment,mrmr,"['default', 'LIMIT_BAL', 'PAY_0', 'PAY_2', 'PAY_3', 'PAY_4', 'PAY_5', 'PAY_6', 'BILL_AMT1', 'BILL_AMT2', 'BILL_AMT3', 'BILL_AMT4', 'BILL_AMT5', 'BILL_AMT6', 'PAY_AMT1', 'PAY_AMT2', 'PAY_AMT3', 'PAY_AMT4', 'PAY_AMT5', 'PAY_AMT6']",True,20,0,0.0,5.8399,
default_payment,jmi,"['PAY_0', 'PAY_2', 'PAY_3', 'PAY_4', 'PAY_5', 'PAY_6', 'BILL_AMT1', 'BILL_AMT2', 'BILL_AMT3', 'BILL_AMT4', 'BILL_AMT5', 'BILL_AMT6', 'PAY_AMT1', 'PAY_AMT2', 'PAY_AMT3', 'PAY_AMT4', 'PAY_AMT5', 'PAY_AMT6']",False,18,0,0.0,6.9065,
default_payment,cmim,"['default', 'LIMIT_BAL', 'SEX', 'EDUCATION', 'MARRIAGE', 'AGE', 'PAY_0', 'PAY_2', 'PAY_3', 'PAY_4', 'PAY_5', 'PAY_6', 'BILL_AMT1', 'BILL_AMT2', 'BILL_AMT3', 'BILL_AMT4', 'BILL_AMT5', 'BILL_AMT6', 'PAY_AMT1', 'PAY_AMT2', 'PAY_AMT3', 'PAY_AMT4', 'PAY_AMT5', 'PAY_AMT6', 'noise_numeric_1', 'noise_numeric_2', 'LIMIT_BAL_shuffled_1', 'LIMIT_BAL_shuffled_2', 'SEX_shuffled_1', 'SEX_shuffled_2', 'EDUCATION_shuffled_1', 'EDUCATION_shuffled_2', 'MARRIAGE_shuffled_1', 'MARRIAGE_shuffled_2', 'AGE_shuffled_1', 'AGE_shuffled_2', 'PAY_0_shuffled_1', 'PAY_0_shuffled_2', 'PAY_2_shuffled_1', 'PAY_2_shuffled_2', 'PAY_3_shuffled_1', 'PAY_3_shuffled_2', 'PAY_4_shuffled_1', 'PAY_4_shuffled_2', 'PAY_5_shuffled_1', 'PAY_5_shuffled_2', 'PAY_6_shuffled_1', 'PAY_6_shuffled_2', 'BILL_AMT1_shuffled_1', 'BILL_AMT1_shuffled_2', 'BILL_AMT2_shuffled_1', 'BILL_AMT2_shuffled_2', 'BILL_AMT3_shuffled_1', 'BILL_AMT3_shuffled_2', 'BILL_AMT4_shuffled_1', 'BILL_AMT4_shuffled_2', 'BILL_AMT5_shuffled_1', 'BILL_AMT5_shuffled_2', 'BILL_AMT6_shuffled_1', 'BILL_AMT6_shuffled_2', 'PAY_AMT1_shuffled_1', 'PAY_AMT1_shuffled_2', 'PAY_AMT2_shuffled_1', 'PAY_AMT2_shuffled_2', 'PAY_AMT3_shuffled_1', 'PAY_AMT3_shuffled_2', 'PAY_AMT4_shuffled_1', 'PAY_AMT4_shuffled_2', 'PAY_AMT5_shuffled_1', 'PAY_AMT5_shuffled_2', 'PAY_AMT6_shuffled_1', 'PAY_AMT6_shuffled_2', 'noise_categorical_1', 'noise_categorical_2']",True,74,50,0.6756756756756757,5.8586,
default_payment,inf_fs,"['noise_categorical_1', 'noise_categorical_2']",False,2,2,1.0,0.0164,
default_payment,cluster_dispersion,"['PAY_4', 'BILL_AMT1', 'BILL_AMT2', 'BILL_AMT3', 'BILL_AMT4', 'BILL_AMT5', 'BILL_AMT6']",False,7,0,0.0,0.2328,
default_payment,principal_feature_analysis,"['EDUCATION', 'MARRIAGE', 'AGE']",False,3,0,0.0,0.022,
default_payment,feature_cluster_representative,"['AGE', 'PAY_4', 'BILL_AMT4', 'noise_numeric_2', 'noise_categorical_1']",False,5,2,0.4,0.2052,
default_payment,cae,"['AGE', 'PAY_AMT4', 'SEX_shuffled_2', 'MARRIAGE_shuffled_1', 'PAY_0_shuffled_2', 'BILL_AMT1_shuffled_1', 'BILL_AMT3_shuffled_1', 'BILL_AMT4_shuffled_2', 'PAY_AMT2_shuffled_2', 'noise_categorical_2']",False,10,8,0.8,0.3463,
default_payment,lima,"['AGE', 'BILL_AMT1', 'BILL_AMT2', 'BILL_AMT3', 'BILL_AMT4', 'BILL_AMT5', 'BILL_AMT6', 'LIMIT_BAL', 'MARRIAGE', 'PAY_0', 'PAY_2', 'PAY_3', 'PAY_4', 'PAY_5', 'PAY_6', 'PAY_AMT1', 'PAY_AMT2', 'PAY_AMT3', 'PAY_AMT4', 'PAY_AMT5', 'PAY_AMT6', 'default']",True,22,0,0.0,4.05,
dry_beans,variance_score,"['Area', 'Perimeter', 'MajorAxisLength', 'MinorAxisLength', 'AspectRation', 'Eccentricity', 'ConvexArea', 'EquivDiameter', 'Extent', 'Solidity', 'roundness', 'Compactness', 'ShapeFactor1', 'ShapeFactor2', 'ShapeFactor3', 'ShapeFactor4', 'noise_numeric_1', 'noise_numeric_2', 'Area_shuffled_1', 'Area_shuffled_2', 'Perimeter_shuffled_1', 'Perimeter_shuffled_2', 'MajorAxisLength_shuffled_1', 'MajorAxisLength_shuffled_2', 'MinorAxisLength_shuffled_1', 'MinorAxisLength_shuffled_2', 'AspectRation_shuffled_1', 'AspectRation_shuffled_2', 'Eccentricity_shuffled_1', 'Eccentricity_shuffled_2', 'ConvexArea_shuffled_1', 'ConvexArea_shuffled_2', 'EquivDiameter_shuffled_1', 'EquivDiameter_shuffled_2', 'Extent_shuffled_1', 'Extent_shuffled_2', 'Solidity_shuffled_1', 'Solidity_shuffled_2', 'roundness_shuffled_1', 'roundness_shuffled_2', 'Compactness_shuffled_1', 'Compactness_shuffled_2', 'ShapeFactor1_shuffled_1', 'ShapeFactor1_shuffled_2', 'ShapeFactor2_shuffled_1', 'ShapeFactor2_shuffled_2', 'ShapeFactor3_shuffled_1', 'ShapeFactor3_shuffled_2', 'ShapeFactor4_shuffled_1', 'ShapeFactor4_shuffled_2']",False,50,34,0.68,0.0023,
dry_beans,laplacian_score,"['Area', 'Perimeter', 'MajorAxisLength', 'MinorAxisLength', 'AspectRation', 'Eccentricity', 'ConvexArea', 'EquivDiameter', 'Extent', 'roundness', 'Compactness', 'ShapeFactor1', 'ShapeFactor2', 'ShapeFactor3', 'Class']",True,15,0,0.0,3.3634,
dry_beans,spec,"['Solidity', 'ShapeFactor4', 'Solidity_shuffled_1']",False,3,1,0.3333333333333333,95.7899,
dry_beans,mcfs,"['Area', 'Class']",True,2,0,0.0,93.5996,
dry_beans,ndfs,"['Area', 'Class']",True,2,0,0.0,93.7383,
dry_beans,rsr,"['Perimeter', 'MajorAxisLength']",False,2,0,0.0,179.2146,
dry_beans,agufs,"['Area', 'Perimeter', 'MajorAxisLength', 'MinorAxisLength', 'AspectRation', 'Eccentricity', 'ConvexArea', 'EquivDiameter', 'Extent', 'Solidity', 'roundness', 'Compactness', 'ShapeFactor1', 'ShapeFactor2', 'ShapeFactor3', 'ShapeFactor4', 'noise_numeric_1', 'noise_numeric_2', 'Area_shuffled_1', 'Area_shuffled_2', 'Perimeter_shuffled_1', 'Perimeter_shuffled_2', 'MajorAxisLength_shuffled_1', 'MajorAxisLength_shuffled_2', 'MinorAxisLength_shuffled_1', 'MinorAxisLength_shuffled_2', 'AspectRation_shuffled_1', 'AspectRation_shuffled_2', 'Eccentricity_shuffled_1', 'Eccentricity_shuffled_2', 'ConvexArea_shuffled_1', 'ConvexArea_shuffled_2', 'EquivDiameter_shuffled_1', 'EquivDiameter_shuffled_2', 'Extent_shuffled_1', 'Extent_shuffled_2', 'Solidity_shuffled_1', 'Solidity_shuffled_2', 'roundness_shuffled_1', 'roundness_shuffled_2', 'Compactness_shuffled_1', 'Compactness_shuffled_2', 'ShapeFactor1_shuffled_1', 'ShapeFactor1_shuffled_2', 'ShapeFactor2_shuffled_1', 'ShapeFactor2_shuffled_2', 'ShapeFactor3_shuffled_1', 'ShapeFactor3_shuffled_2', 'ShapeFactor4_shuffled_1', 'ShapeFactor4_shuffled_2']",False,50,34,0.68,3.386,
dry_beans,udfs_like,"['Solidity', 'roundness', 'ShapeFactor1', 'ShapeFactor4', 'Class', 'noise_categorical_1']",True,6,1,0.16666666666666666,102.91,
dry_beans,correlation_uniqueness,"['noise_numeric_1', 'noise_numeric_2', 'Area_shuffled_1', 'Area_shuffled_2', 'Perimeter_shuffled_1', 'Perimeter_shuffled_2', 'MajorAxisLength_shuffled_1', 'MajorAxisLength_shuffled_2', 'MinorAxisLength_shuffled_1', 'MinorAxisLength_shuffled_2', 'AspectRation_shuffled_1', 'AspectRation_shuffled_2', 'Eccentricity_shuffled_1', 'Eccentricity_shuffled_2', 'ConvexArea_shuffled_1', 'ConvexArea_shuffled_2', 'EquivDiameter_shuffled_1', 'EquivDiameter_shuffled_2', 'Extent_shuffled_1', 'Extent_shuffled_2', 'Solidity_shuffled_1', 'Solidity_shuffled_2', 'roundness_shuffled_1', 'roundness_shuffled_2', 'Compactness_shuffled_1', 'Compactness_shuffled_2', 'ShapeFactor1_shuffled_1', 'ShapeFactor1_shuffled_2', 'ShapeFactor2_shuffled_1', 'ShapeFactor2_shuffled_2', 'ShapeFactor3_shuffled_1', 'ShapeFactor3_shuffled_2', 'ShapeFactor4_shuffled_1', 'ShapeFactor4_shuffled_2']",False,34,34,1.0,0.0041,
dry_beans,mrmr,"['Area', 'Perimeter', 'MajorAxisLength', 'MinorAxisLength', 'AspectRation', 'Eccentricity', 'ConvexArea', 'EquivDiameter', 'roundness', 'Compactness', 'ShapeFactor1', 'ShapeFactor2', 'ShapeFactor3']",False,13,0,0.0,2.1349,
dry_beans,jmi,"['Area', 'Perimeter', 'MajorAxisLength', 'MinorAxisLength', 'AspectRation', 'Eccentricity', 'ConvexArea', 'EquivDiameter', 'Extent', 'roundness', 'Compactness', 'ShapeFactor1', 'ShapeFactor2', 'ShapeFactor3']",False,14,0,0.0,2.0972,
dry_beans,cmim,"['Area', 'Perimeter', 'MajorAxisLength', 'MinorAxisLength', 'AspectRation', 'Eccentricity', 'ConvexArea', 'EquivDiameter', 'Extent', 'Solidity', 'roundness', 'Compactness', 'ShapeFactor1', 'ShapeFactor2', 'ShapeFactor3', 'ShapeFactor4', 'noise_numeric_1', 'noise_numeric_2', 'Area_shuffled_1', 'Area_shuffled_2', 'Perimeter_shuffled_1', 'Perimeter_shuffled_2', 'MajorAxisLength_shuffled_1', 'MajorAxisLength_shuffled_2', 'MinorAxisLength_shuffled_1', 'MinorAxisLength_shuffled_2', 'AspectRation_shuffled_1', 'AspectRation_shuffled_2', 'Eccentricity_shuffled_1', 'Eccentricity_shuffled_2', 'ConvexArea_shuffled_1', 'ConvexArea_shuffled_2', 'EquivDiameter_shuffled_1', 'EquivDiameter_shuffled_2', 'Extent_shuffled_1', 'Extent_shuffled_2', 'Solidity_shuffled_1', 'Solidity_shuffled_2', 'roundness_shuffled_1', 'roundness_shuffled_2', 'Compactness_shuffled_1', 'Compactness_shuffled_2', 'ShapeFactor1_shuffled_1', 'ShapeFactor1_shuffled_2', 'ShapeFactor2_shuffled_1', 'ShapeFactor2_shuffled_2', 'ShapeFactor3_shuffled_1', 'ShapeFactor3_shuffled_2', 'ShapeFactor4_shuffled_1', 'ShapeFactor4_shuffled_2', 'Class', 'noise_categorical_1', 'noise_categorical_2']",True,53,36,0.6792452830188679,2.1287,
dry_beans,inf_fs,"['roundness', 'Class', 'noise_categorical_1', 'noise_categorical_2']",True,4,2,0.5,0.0056,
dry_beans,cluster_dispersion,"['ConvexArea', 'Class']",True,2,0,0.0,0.127,
dry_beans,principal_feature_analysis,"['AspectRation', 'Solidity', 'ShapeFactor4']",False,3,0,0.0,0.0081,
dry_beans,feature_cluster_representative,"['AspectRation', 'EquivDiameter', 'ShapeFactor3', 'AspectRation_shuffled_1', 'Class']",True,5,1,0.2,0.0874,
dry_beans,cae,"['Perimeter', 'MinorAxisLength', 'ShapeFactor1', 'ShapeFactor3', 'noise_numeric_1', 'Perimeter_shuffled_1', 'MajorAxisLength_shuffled_1', 'Class', 'noise_categorical_2']",True,9,4,0.4444444444444444,0.1705,
dry_beans,lima,"['Area', 'AspectRation', 'Class', 'Compactness', 'ConvexArea', 'Eccentricity', 'EquivDiameter', 'Extent', 'MajorAxisLength', 'MinorAxisLength', 'Perimeter', 'ShapeFactor1', 'ShapeFactor2', 'ShapeFactor3', 'ShapeFactor4', 'Solidity', 'roundness']",True,17,0,0.0,2.34,
mice_protein,variance_score,"['DYRK1A_N', 'ITSN1_N', 'BDNF_N', 'NR1_N', 'NR2A_N', 'pAKT_N', 'pBRAF_N', 'pCAMKII_N', 'pCREB_N', 'pELK_N', 'pERK_N', 'pJNK_N', 'PKCA_N', 'pMEK_N', 'pNR1_N', 'pNR2A_N', 'pNR2B_N', 'pPKCAB_N', 'pRSK_N', 'AKT_N', 'BRAF_N', 'CAMKII_N', 'CREB_N', 'ELK_N', 'ERK_N', 'GSK3B_N', 'JNK_N', 'MEK_N', 'TRKA_N', 'RSK_N', 'APP_N', 'Bcatenin_N', 'SOD1_N', 'MTOR_N', 'P38_N', 'pMTOR_N', 'DSCR1_N', 'AMPKA_N', 'NR2B_N', 'pNUMB_N', 'RAPTOR_N', 'TIAM1_N', 'pP70S6_N', 'NUMB_N', 'P70S6_N', 'pGSK3B_N', 'pPKCG_N', 'CDK5_N', 'S6_N', 'ADARB1_N', 'AcetylH3K9_N', 'RRP1_N', 'BAX_N', 'ARC_N', 'ERBB4_N', 'nNOS_N', 'Tau_N', 'GFAP_N', 'GluR3_N', 'GluR4_N', 'IL1B_N', 'P3525_N', 'pCASP9_N', 'PSD95_N', 'SNCA_N', 'Ubiquitin_N', 'pGSK3B_Tyr216_N', 'SHH_N', 'BAD_N', 'BCL2_N', 'pS6_N', 'pCFOS_N', 'SYP_N', 'H3AcK18_N', 'EGR1_N', 'H3MeK4_N', 'CaNA_N', 'noise_numeric_1', 'noise_numeric_2', 'DYRK1A_N_shuffled_1', 'DYRK1A_N_shuffled_2', 'ITSN1_N_shuffled_1', 'ITSN1_N_shuffled_2', 'BDNF_N_shuffled_1', 'BDNF_N_shuffled_2', 'NR1_N_shuffled_1', 'NR1_N_shuffled_2', 'NR2A_N_shuffled_1', 'NR2A_N_shuffled_2', 'pAKT_N_shuffled_1', 'pAKT_N_shuffled_2', 'pBRAF_N_shuffled_1', 'pBRAF_N_shuffled_2', 'pCAMKII_N_shuffled_1', 'pCAMKII_N_shuffled_2', 'pCREB_N_shuffled_1', 'pCREB_N_shuffled_2', 'pELK_N_shuffled_1', 'pELK_N_shuffled_2', 'pERK_N_shuffled_1', 'pERK_N_shuffled_2', 'pJNK_N_shuffled_1', 'pJNK_N_shuffled_2', 'PKCA_N_shuffled_1', 'PKCA_N_shuffled_2', 'pMEK_N_shuffled_1', 'pMEK_N_shuffled_2', 'pNR1_N_shuffled_1', 'pNR1_N_shuffled_2', 'pNR2A_N_shuffled_1', 'pNR2A_N_shuffled_2', 'pNR2B_N_shuffled_1', 'pNR2B_N_shuffled_2', 'pPKCAB_N_shuffled_1', 'pPKCAB_N_shuffled_2', 'pRSK_N_shuffled_1', 'pRSK_N_shuffled_2', 'AKT_N_shuffled_1', 'AKT_N_shuffled_2', 'BRAF_N_shuffled_1', 'BRAF_N_shuffled_2', 'CAMKII_N_shuffled_1', 'CAMKII_N_shuffled_2', 'CREB_N_shuffled_1', 'CREB_N_shuffled_2', 'ELK_N_shuffled_1', 'ELK_N_shuffled_2', 'ERK_N_shuffled_1', 'ERK_N_shuffled_2', 'GSK3B_N_shuffled_1', 'GSK3B_N_shuffled_2', 'JNK_N_shuffled_1', 'JNK_N_shuffled_2', 'MEK_N_shuffled_1', 'MEK_N_shuffled_2', 'TRKA_N_shuffled_1', 'TRKA_N_shuffled_2', 'RSK_N_shuffled_1', 'RSK_N_shuffled_2', 'APP_N_shuffled_1', 'APP_N_shuffled_2', 'Bcatenin_N_shuffled_1', 'Bcatenin_N_shuffled_2', 'SOD1_N_shuffled_1', 'SOD1_N_shuffled_2', 'MTOR_N_shuffled_1', 'MTOR_N_shuffled_2', 'P38_N_shuffled_1', 'P38_N_shuffled_2', 'pMTOR_N_shuffled_1', 'pMTOR_N_shuffled_2', 'DSCR1_N_shuffled_1', 'DSCR1_N_shuffled_2', 'AMPKA_N_shuffled_1', 'AMPKA_N_shuffled_2', 'NR2B_N_shuffled_1', 'NR2B_N_shuffled_2', 'pNUMB_N_shuffled_1', 'pNUMB_N_shuffled_2', 'RAPTOR_N_shuffled_1', 'RAPTOR_N_shuffled_2', 'TIAM1_N_shuffled_1', 'TIAM1_N_shuffled_2', 'pP70S6_N_shuffled_1', 'pP70S6_N_shuffled_2', 'NUMB_N_shuffled_1', 'NUMB_N_shuffled_2', 'P70S6_N_shuffled_1', 'P70S6_N_shuffled_2', 'pGSK3B_N_shuffled_1', 'pGSK3B_N_shuffled_2', 'pPKCG_N_shuffled_1', 'pPKCG_N_shuffled_2', 'CDK5_N_shuffled_1', 'CDK5_N_shuffled_2', 'S6_N_shuffled_1', 'S6_N_shuffled_2', 'ADARB1_N_shuffled_1', 'ADARB1_N_shuffled_2', 'AcetylH3K9_N_shuffled_1', 'AcetylH3K9_N_shuffled_2', 'RRP1_N_shuffled_1', 'RRP1_N_shuffled_2', 'BAX_N_shuffled_1', 'BAX_N_shuffled_2', 'ARC_N_shuffled_1', 'ARC_N_shuffled_2', 'ERBB4_N_shuffled_1', 'ERBB4_N_shuffled_2', 'nNOS_N_shuffled_1', 'nNOS_N_shuffled_2', 'Tau_N_shuffled_1', 'Tau_N_shuffled_2', 'GFAP_N_shuffled_1', 'GFAP_N_shuffled_2', 'GluR3_N_shuffled_1', 'GluR3_N_shuffled_2', 'GluR4_N_shuffled_1', 'GluR4_N_shuffled_2', 'IL1B_N_shuffled_1', 'IL1B_N_shuffled_2', 'P3525_N_shuffled_1', 'P3525_N_shuffled_2', 'pCASP9_N_shuffled_1', 'pCASP9_N_shuffled_2', 'PSD95_N_shuffled_1', 'PSD95_N_shuffled_2', 'SNCA_N_shuffled_1', 'SNCA_N_shuffled_2', 'Ubiquitin_N_shuffled_1', 'Ubiquitin_N_shuffled_2', 'pGSK3B_Tyr216_N_shuffled_1', 'pGSK3B_Tyr216_N_shuffled_2', 'SHH_N_shuffled_1', 'SHH_N_shuffled_2', 'BAD_N_shuffled_1', 'BAD_N_shuffled_2', 'BCL2_N_shuffled_1', 'BCL2_N_shuffled_2', 'pS6_N_shuffled_1', 'pS6_N_shuffled_2', 'pCFOS_N_shuffled_1', 'pCFOS_N_shuffled_2', 'SYP_N_shuffled_1', 'SYP_N_shuffled_2', 'H3AcK18_N_shuffled_1', 'H3AcK18_N_shuffled_2', 'EGR1_N_shuffled_1', 'EGR1_N_shuffled_2', 'H3MeK4_N_shuffled_1', 'H3MeK4_N_shuffled_2', 'CaNA_N_shuffled_1', 'CaNA_N_shuffled_2', 'Behavior_shuffled_2']",False,234,157,0.6709401709401709,0.0012,
mice_protein,laplacian_score,"['DYRK1A_N', 'ITSN1_N', 'BDNF_N', 'NR1_N', 'NR2A_N', 'pAKT_N', 'pBRAF_N', 'pCAMKII_N', 'pCREB_N', 'pELK_N', 'pERK_N', 'pJNK_N', 'PKCA_N', 'pMEK_N', 'pNR1_N', 'pNR2A_N', 'pNR2B_N', 'pPKCAB_N', 'pRSK_N', 'AKT_N', 'BRAF_N', 'CAMKII_N', 'CREB_N', 'ELK_N', 'ERK_N', 'GSK3B_N', 'JNK_N', 'MEK_N', 'TRKA_N', 'RSK_N', 'APP_N', 'Bcatenin_N', 'SOD1_N', 'MTOR_N', 'P38_N', 'pMTOR_N', 'DSCR1_N', 'AMPKA_N', 'NR2B_N', 'pNUMB_N', 'RAPTOR_N', 'TIAM1_N', 'pP70S6_N', 'NUMB_N', 'P70S6_N', 'pGSK3B_N', 'pPKCG_N', 'CDK5_N', 'S6_N', 'ADARB1_N', 'AcetylH3K9_N', 'RRP1_N', 'BAX_N', 'ARC_N', 'ERBB4_N', 'nNOS_N', 'Tau_N', 'GFAP_N', 'GluR3_N', 'GluR4_N', 'IL1B_N', 'P3525_N', 'pCASP9_N', 'PSD95_N', 'SNCA_N', 'Ubiquitin_N', 'pGSK3B_Tyr216_N', 'SHH_N', 'BAD_N', 'BCL2_N', 'pS6_N', 'pCFOS_N', 'SYP_N', 'H3AcK18_N', 'EGR1_N', 'H3MeK4_N', 'CaNA_N', 'noise_numeric_1', 'noise_numeric_2', 'DYRK1A_N_shuffled_1', 'DYRK1A_N_shuffled_2', 'ITSN1_N_shuffled_1', 'ITSN1_N_shuffled_2', 'BDNF_N_shuffled_1', 'BDNF_N_shuffled_2', 'NR1_N_shuffled_1', 'NR1_N_shuffled_2', 'NR2A_N_shuffled_1', 'NR2A_N_shuffled_2', 'pAKT_N_shuffled_1', 'pAKT_N_shuffled_2', 'pBRAF_N_shuffled_1', 'pBRAF_N_shuffled_2', 'pCAMKII_N_shuffled_2', 'pCREB_N_shuffled_1', 'pCREB_N_shuffled_2', 'pELK_N_shuffled_1', 'pELK_N_shuffled_2', 'pERK_N_shuffled_1', 'pERK_N_shuffled_2', 'pJNK_N_shuffled_1', 'pJNK_N_shuffled_2', 'PKCA_N_shuffled_1', 'PKCA_N_shuffled_2', 'pMEK_N_shuffled_1', 'pMEK_N_shuffled_2', 'pNR1_N_shuffled_1', 'pNR1_N_shuffled_2', 'pNR2A_N_shuffled_1', 'pNR2A_N_shuffled_2', 'pNR2B_N_shuffled_1', 'pNR2B_N_shuffled_2', 'pPKCAB_N_shuffled_1', 'pPKCAB_N_shuffled_2', 'pRSK_N_shuffled_1', 'pRSK_N_shuffled_2', 'AKT_N_shuffled_1', 'BRAF_N_shuffled_1', 'BRAF_N_shuffled_2', 'CAMKII_N_shuffled_1', 'CAMKII_N_shuffled_2', 'CREB_N_shuffled_1', 'CREB_N_shuffled_2', 'ELK_N_shuffled_2', 'ERK_N_shuffled_1', 'ERK_N_shuffled_2', 'GSK3B_N_shuffled_1', 'GSK3B_N_shuffled_2', 'JNK_N_shuffled_1', 'JNK_N_shuffled_2', 'MEK_N_shuffled_1', 'MEK_N_shuffled_2', 'TRKA_N_shuffled_1', 'TRKA_N_shuffled_2', 'RSK_N_shuffled_1', 'RSK_N_shuffled_2', 'APP_N_shuffled_1', 'APP_N_shuffled_2', 'Bcatenin_N_shuffled_1', 'Bcatenin_N_shuffled_2', 'SOD1_N_shuffled_1', 'SOD1_N_shuffled_2', 'MTOR_N_shuffled_1', 'MTOR_N_shuffled_2', 'P38_N_shuffled_1', 'P38_N_shuffled_2', 'pMTOR_N_shuffled_1', 'pMTOR_N_shuffled_2', 'DSCR1_N_shuffled_1', 'DSCR1_N_shuffled_2', 'AMPKA_N_shuffled_1', 'AMPKA_N_shuffled_2', 'NR2B_N_shuffled_2', 'pNUMB_N_shuffled_2', 'RAPTOR_N_shuffled_1', 'RAPTOR_N_shuffled_2', 'TIAM1_N_shuffled_1', 'TIAM1_N_shuffled_2', 'pP70S6_N_shuffled_1', 'pP70S6_N_shuffled_2', 'NUMB_N_shuffled_1', 'NUMB_N_shuffled_2', 'P70S6_N_shuffled_1', 'P70S6_N_shuffled_2', 'pGSK3B_N_shuffled_1', 'pGSK3B_N_shuffled_2', 'pPKCG_N_shuffled_1', 'pPKCG_N_shuffled_2', 'CDK5_N_shuffled_1', 'CDK5_N_shuffled_2', 'S6_N_shuffled_1', 'S6_N_shuffled_2', 'ADARB1_N_shuffled_1', 'ADARB1_N_shuffled_2', 'AcetylH3K9_N_shuffled_1', 'AcetylH3K9_N_shuffled_2', 'RRP1_N_shuffled_1', 'RRP1_N_shuffled_2', 'BAX_N_shuffled_1', 'BAX_N_shuffled_2', 'ARC_N_shuffled_1', 'ARC_N_shuffled_2', 'ERBB4_N_shuffled_1', 'ERBB4_N_shuffled_2', 'nNOS_N_shuffled_1', 'nNOS_N_shuffled_2', 'Tau_N_shuffled_1', 'Tau_N_shuffled_2', 'GFAP_N_shuffled_1', 'GFAP_N_shuffled_2', 'GluR3_N_shuffled_1', 'GluR3_N_shuffled_2', 'GluR4_N_shuffled_1', 'GluR4_N_shuffled_2', 'IL1B_N_shuffled_1', 'IL1B_N_shuffled_2', 'P3525_N_shuffled_1', 'P3525_N_shuffled_2', 'pCASP9_N_shuffled_1', 'pCASP9_N_shuffled_2', 'PSD95_N_shuffled_2', 'SNCA_N_shuffled_1', 'SNCA_N_shuffled_2', 'Ubiquitin_N_shuffled_1', 'Ubiquitin_N_shuffled_2', 'pGSK3B_Tyr216_N_shuffled_1', 'pGSK3B_Tyr216_N_shuffled_2', 'SHH_N_shuffled_1', 'SHH_N_shuffled_2', 'BAD_N_shuffled_1', 'BAD_N_shuffled_2', 'BCL2_N_shuffled_1', 'BCL2_N_shuffled_2', 'pS6_N_shuffled_1', 'pS6_N_shuffled_2', 'pCFOS_N_shuffled_1', 'pCFOS_N_shuffled_2', 'SYP_N_shuffled_1', 'SYP_N_shuffled_2', 'H3AcK18_N_shuffled_1', 'H3AcK18_N_shuffled_2', 'EGR1_N_shuffled_2', 'H3MeK4_N_shuffled_1', 'H3MeK4_N_shuffled_2', 'CaNA_N_shuffled_1', 'CaNA_N_shuffled_2', 'class', 'Genotype', 'Treatment', 'Behavior', 'noise_categorical_1', 'noise_categorical_2', 'Genotype_shuffled_1', 'Genotype_shuffled_2', 'Treatment_shuffled_1', 'Treatment_shuffled_2', 'Behavior_shuffled_1', 'Behavior_shuffled_2']",True,238,157,0.6596638655462185,0.1053,
mice_protein,spec,"['pNR2B_N', 'CDK5_N', 'GluR4_N_shuffled_2']",False,3,1,0.3333333333333333,0.2688,
mice_protein,mcfs,"['pMEK_N', 'CDK5_N', 'GluR4_N_shuffled_2']",False,3,1,0.3333333333333333,0.2508,
mice_protein,ndfs,['noise_categorical_2'],False,1,1,1.0,0.2138,
mice_protein,rsr,"['NR1_N', 'pNR2B_N', 'GSK3B_N', 'CDK5_N']",False,4,0,0.0,1.0656,
mice_protein,agufs,"['DYRK1A_N', 'ITSN1_N', 'BDNF_N', 'NR1_N', 'NR2A_N', 'pAKT_N', 'pBRAF_N', 'pCAMKII_N', 'pCREB_N', 'pELK_N', 'pERK_N', 'pJNK_N', 'PKCA_N', 'pMEK_N', 'pNR1_N', 'pNR2A_N', 'pNR2B_N', 'pPKCAB_N', 'pRSK_N', 'AKT_N', 'BRAF_N', 'CAMKII_N', 'CREB_N', 'ELK_N', 'ERK_N', 'GSK3B_N', 'JNK_N', 'MEK_N', 'TRKA_N', 'RSK_N', 'APP_N', 'Bcatenin_N', 'SOD1_N', 'MTOR_N', 'P38_N', 'pMTOR_N', 'DSCR1_N', 'AMPKA_N', 'NR2B_N', 'pNUMB_N', 'RAPTOR_N', 'TIAM1_N', 'pP70S6_N', 'NUMB_N', 'P70S6_N', 'pGSK3B_N', 'pPKCG_N', 'CDK5_N', 'S6_N', 'ADARB1_N', 'AcetylH3K9_N', 'RRP1_N', 'BAX_N', 'ARC_N', 'ERBB4_N', 'nNOS_N', 'Tau_N', 'GFAP_N', 'GluR3_N', 'GluR4_N', 'IL1B_N', 'P3525_N', 'pCASP9_N', 'PSD95_N', 'SNCA_N', 'Ubiquitin_N', 'pGSK3B_Tyr216_N', 'SHH_N', 'BAD_N', 'BCL2_N', 'pS6_N', 'pCFOS_N', 'SYP_N', 'H3AcK18_N', 'EGR1_N', 'H3MeK4_N', 'CaNA_N', 'noise_numeric_1', 'noise_numeric_2', 'DYRK1A_N_shuffled_1', 'DYRK1A_N_shuffled_2', 'ITSN1_N_shuffled_1', 'ITSN1_N_shuffled_2', 'BDNF_N_shuffled_1', 'BDNF_N_shuffled_2', 'NR1_N_shuffled_1', 'NR1_N_shuffled_2', 'NR2A_N_shuffled_1', 'NR2A_N_shuffled_2', 'pAKT_N_shuffled_1', 'pAKT_N_shuffled_2', 'pBRAF_N_shuffled_1', 'pBRAF_N_shuffled_2', 'pCAMKII_N_shuffled_1', 'pCAMKII_N_shuffled_2', 'pCREB_N_shuffled_1', 'pCREB_N_shuffled_2', 'pELK_N_shuffled_1', 'pELK_N_shuffled_2', 'pERK_N_shuffled_1', 'pERK_N_shuffled_2', 'pJNK_N_shuffled_1', 'pJNK_N_shuffled_2', 'PKCA_N_shuffled_1', 'PKCA_N_shuffled_2', 'pMEK_N_shuffled_1', 'pMEK_N_shuffled_2', 'pNR1_N_shuffled_1', 'pNR1_N_shuffled_2', 'pNR2A_N_shuffled_1', 'pNR2A_N_shuffled_2', 'pNR2B_N_shuffled_1', 'pNR2B_N_shuffled_2', 'pPKCAB_N_shuffled_1', 'pPKCAB_N_shuffled_2', 'pRSK_N_shuffled_1', 'pRSK_N_shuffled_2', 'AKT_N_shuffled_1', 'AKT_N_shuffled_2', 'BRAF_N_shuffled_1', 'BRAF_N_shuffled_2', 'CAMKII_N_shuffled_1', 'CAMKII_N_shuffled_2', 'CREB_N_shuffled_1', 'CREB_N_shuffled_2', 'ELK_N_shuffled_1', 'ELK_N_shuffled_2', 'ERK_N_shuffled_1', 'ERK_N_shuffled_2', 'GSK3B_N_shuffled_1', 'GSK3B_N_shuffled_2', 'JNK_N_shuffled_1', 'JNK_N_shuffled_2', 'MEK_N_shuffled_1', 'MEK_N_shuffled_2', 'TRKA_N_shuffled_1', 'TRKA_N_shuffled_2', 'RSK_N_shuffled_1', 'RSK_N_shuffled_2', 'APP_N_shuffled_1', 'APP_N_shuffled_2', 'Bcatenin_N_shuffled_1', 'Bcatenin_N_shuffled_2', 'SOD1_N_shuffled_1', 'SOD1_N_shuffled_2', 'MTOR_N_shuffled_1', 'MTOR_N_shuffled_2', 'P38_N_shuffled_1', 'P38_N_shuffled_2', 'pMTOR_N_shuffled_1', 'pMTOR_N_shuffled_2', 'DSCR1_N_shuffled_1', 'DSCR1_N_shuffled_2', 'AMPKA_N_shuffled_1', 'AMPKA_N_shuffled_2', 'NR2B_N_shuffled_1', 'NR2B_N_shuffled_2', 'pNUMB_N_shuffled_1', 'pNUMB_N_shuffled_2', 'RAPTOR_N_shuffled_1', 'RAPTOR_N_shuffled_2', 'TIAM1_N_shuffled_1', 'TIAM1_N_shuffled_2', 'pP70S6_N_shuffled_1', 'pP70S6_N_shuffled_2', 'NUMB_N_shuffled_1', 'NUMB_N_shuffled_2', 'P70S6_N_shuffled_1', 'P70S6_N_shuffled_2', 'pGSK3B_N_shuffled_1', 'pGSK3B_N_shuffled_2', 'pPKCG_N_shuffled_1', 'pPKCG_N_shuffled_2', 'CDK5_N_shuffled_1', 'CDK5_N_shuffled_2', 'S6_N_shuffled_1', 'S6_N_shuffled_2', 'ADARB1_N_shuffled_1', 'ADARB1_N_shuffled_2', 'AcetylH3K9_N_shuffled_1', 'AcetylH3K9_N_shuffled_2', 'RRP1_N_shuffled_1', 'RRP1_N_shuffled_2', 'BAX_N_shuffled_1', 'BAX_N_shuffled_2', 'ARC_N_shuffled_1', 'ARC_N_shuffled_2', 'ERBB4_N_shuffled_1', 'ERBB4_N_shuffled_2', 'nNOS_N_shuffled_1', 'nNOS_N_shuffled_2', 'Tau_N_shuffled_1', 'Tau_N_shuffled_2', 'GFAP_N_shuffled_1', 'GFAP_N_shuffled_2', 'GluR3_N_shuffled_1', 'GluR3_N_shuffled_2', 'GluR4_N_shuffled_1', 'GluR4_N_shuffled_2', 'IL1B_N_shuffled_1', 'IL1B_N_shuffled_2', 'P3525_N_shuffled_1', 'P3525_N_shuffled_2', 'pCASP9_N_shuffled_1', 'pCASP9_N_shuffled_2', 'PSD95_N_shuffled_1', 'PSD95_N_shuffled_2', 'SNCA_N_shuffled_1', 'SNCA_N_shuffled_2', 'Ubiquitin_N_shuffled_1', 'Ubiquitin_N_shuffled_2', 'pGSK3B_Tyr216_N_shuffled_1', 'pGSK3B_Tyr216_N_shuffled_2', 'SHH_N_shuffled_1', 'SHH_N_shuffled_2', 'BAD_N_shuffled_1', 'BAD_N_shuffled_2', 'BCL2_N_shuffled_1', 'BCL2_N_shuffled_2', 'pS6_N_shuffled_1', 'pS6_N_shuffled_2', 'pCFOS_N_shuffled_1', 'pCFOS_N_shuffled_2', 'SYP_N_shuffled_1', 'SYP_N_shuffled_2', 'H3AcK18_N_shuffled_1', 'H3AcK18_N_shuffled_2', 'EGR1_N_shuffled_1', 'EGR1_N_shuffled_2', 'H3MeK4_N_shuffled_1', 'H3MeK4_N_shuffled_2', 'CaNA_N_shuffled_1', 'CaNA_N_shuffled_2']",False,233,156,0.6695278969957081,0.1078,
mice_protein,udfs_like,"['pCAMKII_N', 'BAX_N', 'SHH_N']",False,3,0,0.0,1.5147,
mice_protein,correlation_uniqueness,"['GluR4_N', 'noise_numeric_1', 'noise_numeric_2', 'DYRK1A_N_shuffled_1', 'DYRK1A_N_shuffled_2', 'ITSN1_N_shuffled_1', 'ITSN1_N_shuffled_2', 'BDNF_N_shuffled_1', 'BDNF_N_shuffled_2', 'NR1_N_shuffled_1', 'NR1_N_shuffled_2', 'NR2A_N_shuffled_1', 'NR2A_N_shuffled_2', 'pAKT_N_shuffled_1', 'pAKT_N_shuffled_2', 'pBRAF_N_shuffled_1', 'pBRAF_N_shuffled_2', 'pCAMKII_N_shuffled_1', 'pCAMKII_N_shuffled_2', 'pCREB_N_shuffled_1', 'pCREB_N_shuffled_2', 'pELK_N_shuffled_1', 'pELK_N_shuffled_2', 'pERK_N_shuffled_1', 'pERK_N_shuffled_2', 'pJNK_N_shuffled_1', 'pJNK_N_shuffled_2', 'PKCA_N_shuffled_1', 'PKCA_N_shuffled_2', 'pMEK_N_shuffled_1', 'pMEK_N_shuffled_2', 'pNR1_N_shuffled_1', 'pNR1_N_shuffled_2', 'pNR2A_N_shuffled_1', 'pNR2A_N_shuffled_2', 'pNR2B_N_shuffled_1', 'pNR2B_N_shuffled_2', 'pPKCAB_N_shuffled_1', 'pPKCAB_N_shuffled_2', 'pRSK_N_shuffled_1', 'pRSK_N_shuffled_2', 'AKT_N_shuffled_1', 'AKT_N_shuffled_2', 'BRAF_N_shuffled_1', 'BRAF_N_shuffled_2', 'CAMKII_N_shuffled_1', 'CAMKII_N_shuffled_2', 'CREB_N_shuffled_1', 'CREB_N_shuffled_2', 'ELK_N_shuffled_1', 'ELK_N_shuffled_2', 'ERK_N_shuffled_1', 'ERK_N_shuffled_2', 'GSK3B_N_shuffled_1', 'GSK3B_N_shuffled_2', 'JNK_N_shuffled_1', 'JNK_N_shuffled_2', 'MEK_N_shuffled_1', 'MEK_N_shuffled_2', 'TRKA_N_shuffled_1', 'TRKA_N_shuffled_2', 'RSK_N_shuffled_1', 'RSK_N_shuffled_2', 'APP_N_shuffled_1', 'APP_N_shuffled_2', 'Bcatenin_N_shuffled_1', 'Bcatenin_N_shuffled_2', 'SOD1_N_shuffled_1', 'SOD1_N_shuffled_2', 'MTOR_N_shuffled_1', 'MTOR_N_shuffled_2', 'P38_N_shuffled_1', 'P38_N_shuffled_2', 'pMTOR_N_shuffled_1', 'pMTOR_N_shuffled_2', 'DSCR1_N_shuffled_1', 'DSCR1_N_shuffled_2', 'AMPKA_N_shuffled_1', 'AMPKA_N_shuffled_2', 'NR2B_N_shuffled_1', 'NR2B_N_shuffled_2', 'pNUMB_N_shuffled_1', 'pNUMB_N_shuffled_2', 'RAPTOR_N_shuffled_1', 'RAPTOR_N_shuffled_2', 'TIAM1_N_shuffled_1', 'TIAM1_N_shuffled_2', 'pP70S6_N_shuffled_1', 'pP70S6_N_shuffled_2', 'NUMB_N_shuffled_1', 'NUMB_N_shuffled_2', 'P70S6_N_shuffled_1', 'P70S6_N_shuffled_2', 'pGSK3B_N_shuffled_1', 'pGSK3B_N_shuffled_2', 'pPKCG_N_shuffled_1', 'pPKCG_N_shuffled_2', 'CDK5_N_shuffled_1', 'CDK5_N_shuffled_2', 'S6_N_shuffled_1', 'S6_N_shuffled_2', 'ADARB1_N_shuffled_1', 'ADARB1_N_shuffled_2', 'AcetylH3K9_N_shuffled_1', 'AcetylH3K9_N_shuffled_2', 'RRP1_N_shuffled_1', 'RRP1_N_shuffled_2', 'BAX_N_shuffled_1', 'BAX_N_shuffled_2', 'ARC_N_shuffled_1', 'ARC_N_shuffled_2', 'ERBB4_N_shuffled_1', 'ERBB4_N_shuffled_2', 'nNOS_N_shuffled_1', 'nNOS_N_shuffled_2', 'Tau_N_shuffled_1', 'Tau_N_shuffled_2', 'GFAP_N_shuffled_1', 'GFAP_N_shuffled_2', 'GluR3_N_shuffled_1', 'GluR3_N_shuffled_2', 'GluR4_N_shuffled_1', 'GluR4_N_shuffled_2', 'IL1B_N_shuffled_1', 'IL1B_N_shuffled_2', 'P3525_N_shuffled_1', 'P3525_N_shuffled_2', 'pCASP9_N_shuffled_1', 'pCASP9_N_shuffled_2', 'PSD95_N_shuffled_1', 'PSD95_N_shuffled_2', 'SNCA_N_shuffled_1', 'SNCA_N_shuffled_2', 'Ubiquitin_N_shuffled_1', 'Ubiquitin_N_shuffled_2', 'pGSK3B_Tyr216_N_shuffled_1', 'pGSK3B_Tyr216_N_shuffled_2', 'SHH_N_shuffled_1', 'SHH_N_shuffled_2', 'BAD_N_shuffled_1', 'BAD_N_shuffled_2', 'BCL2_N_shuffled_1', 'BCL2_N_shuffled_2', 'pS6_N_shuffled_1', 'pS6_N_shuffled_2', 'pCFOS_N_shuffled_1', 'pCFOS_N_shuffled_2', 'SYP_N_shuffled_1', 'SYP_N_shuffled_2', 'H3AcK18_N_shuffled_1', 'H3AcK18_N_shuffled_2', 'EGR1_N_shuffled_1', 'EGR1_N_shuffled_2', 'H3MeK4_N_shuffled_1', 'H3MeK4_N_shuffled_2', 'CaNA_N_shuffled_1', 'CaNA_N_shuffled_2', 'noise_categorical_1', 'noise_categorical_2', 'Genotype_shuffled_1', 'Genotype_shuffled_2', 'Treatment_shuffled_1', 'Treatment_shuffled_2', 'Behavior_shuffled_1', 'Behavior_shuffled_2']",False,165,164,0.9939393939393939,0.0035,
mice_protein,mrmr,"['TRKA_N', 'SOD1_N']",False,2,0,0.0,1.0736,
mice_protein,jmi,"['ELK_N', 'SOD1_N']",False,2,0,0.0,1.0522,
mice_protein,cmim,"['DYRK1A_N', 'ITSN1_N', 'BDNF_N', 'NR1_N', 'NR2A_N', 'pAKT_N', 'pBRAF_N', 'pCAMKII_N', 'pCREB_N', 'pELK_N', 'pERK_N', 'pJNK_N', 'PKCA_N', 'pMEK_N', 'pNR1_N', 'pNR2A_N', 'pNR2B_N', 'pPKCAB_N', 'pRSK_N', 'AKT_N', 'BRAF_N', 'CAMKII_N', 'CREB_N', 'ELK_N', 'ERK_N', 'GSK3B_N', 'JNK_N', 'MEK_N', 'TRKA_N', 'RSK_N', 'APP_N', 'Bcatenin_N', 'SOD1_N', 'MTOR_N', 'P38_N', 'pMTOR_N', 'DSCR1_N', 'AMPKA_N', 'NR2B_N', 'pNUMB_N', 'RAPTOR_N', 'TIAM1_N', 'pP70S6_N', 'NUMB_N', 'P70S6_N', 'pGSK3B_N', 'pPKCG_N', 'CDK5_N', 'S6_N', 'ADARB1_N', 'AcetylH3K9_N', 'RRP1_N', 'BAX_N', 'ARC_N', 'ERBB4_N', 'nNOS_N', 'Tau_N', 'GFAP_N', 'GluR3_N', 'GluR4_N', 'IL1B_N', 'P3525_N', 'pCASP9_N', 'PSD95_N', 'SNCA_N', 'Ubiquitin_N', 'pGSK3B_Tyr216_N', 'SHH_N', 'BAD_N', 'BCL2_N', 'pS6_N', 'pCFOS_N', 'SYP_N', 'H3AcK18_N', 'EGR1_N', 'H3MeK4_N', 'CaNA_N', 'noise_numeric_1', 'noise_numeric_2', 'DYRK1A_N_shuffled_1', 'DYRK1A_N_shuffled_2', 'ITSN1_N_shuffled_1', 'ITSN1_N_shuffled_2', 'BDNF_N_shuffled_1', 'BDNF_N_shuffled_2', 'NR1_N_shuffled_1', 'NR1_N_shuffled_2', 'NR2A_N_shuffled_1', 'NR2A_N_shuffled_2', 'pAKT_N_shuffled_1', 'pAKT_N_shuffled_2', 'pBRAF_N_shuffled_1', 'pBRAF_N_shuffled_2', 'pCAMKII_N_shuffled_1', 'pCAMKII_N_shuffled_2', 'pCREB_N_shuffled_1', 'pCREB_N_shuffled_2', 'pELK_N_shuffled_1', 'pELK_N_shuffled_2', 'pERK_N_shuffled_1', 'pERK_N_shuffled_2', 'pJNK_N_shuffled_1', 'pJNK_N_shuffled_2', 'PKCA_N_shuffled_1', 'PKCA_N_shuffled_2', 'pMEK_N_shuffled_1', 'pMEK_N_shuffled_2', 'pNR1_N_shuffled_1', 'pNR1_N_shuffled_2', 'pNR2A_N_shuffled_1', 'pNR2A_N_shuffled_2', 'pNR2B_N_shuffled_1', 'pNR2B_N_shuffled_2', 'pPKCAB_N_shuffled_1', 'pPKCAB_N_shuffled_2', 'pRSK_N_shuffled_1', 'pRSK_N_shuffled_2', 'AKT_N_shuffled_1', 'AKT_N_shuffled_2', 'BRAF_N_shuffled_1', 'BRAF_N_shuffled_2', 'CAMKII_N_shuffled_1', 'CAMKII_N_shuffled_2', 'CREB_N_shuffled_1', 'CREB_N_shuffled_2', 'ELK_N_shuffled_1', 'ELK_N_shuffled_2', 'ERK_N_shuffled_1', 'ERK_N_shuffled_2', 'GSK3B_N_shuffled_1', 'GSK3B_N_shuffled_2', 'JNK_N_shuffled_1', 'JNK_N_shuffled_2', 'MEK_N_shuffled_1', 'MEK_N_shuffled_2', 'TRKA_N_shuffled_1', 'TRKA_N_shuffled_2', 'RSK_N_shuffled_1', 'RSK_N_shuffled_2', 'APP_N_shuffled_1', 'APP_N_shuffled_2', 'Bcatenin_N_shuffled_1', 'Bcatenin_N_shuffled_2', 'SOD1_N_shuffled_1', 'SOD1_N_shuffled_2', 'MTOR_N_shuffled_1', 'MTOR_N_shuffled_2', 'P38_N_shuffled_1', 'P38_N_shuffled_2', 'pMTOR_N_shuffled_1', 'pMTOR_N_shuffled_2', 'DSCR1_N_shuffled_1', 'DSCR1_N_shuffled_2', 'AMPKA_N_shuffled_1', 'AMPKA_N_shuffled_2', 'NR2B_N_shuffled_1', 'NR2B_N_shuffled_2', 'pNUMB_N_shuffled_1', 'pNUMB_N_shuffled_2', 'RAPTOR_N_shuffled_1', 'RAPTOR_N_shuffled_2', 'TIAM1_N_shuffled_1', 'TIAM1_N_shuffled_2', 'pP70S6_N_shuffled_1', 'pP70S6_N_shuffled_2', 'NUMB_N_shuffled_1', 'NUMB_N_shuffled_2', 'P70S6_N_shuffled_1', 'P70S6_N_shuffled_2', 'pGSK3B_N_shuffled_1', 'pGSK3B_N_shuffled_2', 'pPKCG_N_shuffled_1', 'pPKCG_N_shuffled_2', 'CDK5_N_shuffled_1', 'CDK5_N_shuffled_2', 'S6_N_shuffled_1', 'S6_N_shuffled_2', 'ADARB1_N_shuffled_1', 'ADARB1_N_shuffled_2', 'AcetylH3K9_N_shuffled_1', 'AcetylH3K9_N_shuffled_2', 'RRP1_N_shuffled_1', 'RRP1_N_shuffled_2', 'BAX_N_shuffled_1', 'BAX_N_shuffled_2', 'ARC_N_shuffled_1', 'ARC_N_shuffled_2', 'ERBB4_N_shuffled_1', 'ERBB4_N_shuffled_2', 'nNOS_N_shuffled_1', 'nNOS_N_shuffled_2', 'Tau_N_shuffled_1', 'Tau_N_shuffled_2', 'GFAP_N_shuffled_1', 'GFAP_N_shuffled_2', 'GluR3_N_shuffled_1', 'GluR3_N_shuffled_2', 'GluR4_N_shuffled_1', 'GluR4_N_shuffled_2', 'IL1B_N_shuffled_1', 'IL1B_N_shuffled_2', 'P3525_N_shuffled_1', 'P3525_N_shuffled_2', 'pCASP9_N_shuffled_1', 'pCASP9_N_shuffled_2', 'PSD95_N_shuffled_1', 'PSD95_N_shuffled_2', 'SNCA_N_shuffled_1', 'SNCA_N_shuffled_2', 'Ubiquitin_N_shuffled_1', 'Ubiquitin_N_shuffled_2', 'pGSK3B_Tyr216_N_shuffled_1', 'pGSK3B_Tyr216_N_shuffled_2', 'SHH_N_shuffled_1', 'SHH_N_shuffled_2', 'BAD_N_shuffled_1', 'BAD_N_shuffled_2', 'BCL2_N_shuffled_1', 'BCL2_N_shuffled_2', 'pS6_N_shuffled_1', 'pS6_N_shuffled_2', 'pCFOS_N_shuffled_1', 'pCFOS_N_shuffled_2', 'SYP_N_shuffled_1', 'SYP_N_shuffled_2', 'H3AcK18_N_shuffled_1', 'H3AcK18_N_shuffled_2', 'EGR1_N_shuffled_1', 'EGR1_N_shuffled_2', 'H3MeK4_N_shuffled_1', 'H3MeK4_N_shuffled_2', 'CaNA_N_shuffled_1', 'CaNA_N_shuffled_2', 'class', 'Behavior', 'noise_categorical_1', 'noise_categorical_2']",True,237,158,0.6666666666666666,1.0311,
mice_protein,inf_fs,"['DYRK1A_N', 'ITSN1_N', 'BDNF_N', 'NR1_N', 'NR2A_N', 'pAKT_N', 'pBRAF_N', 'pCAMKII_N', 'pCREB_N', 'pELK_N', 'pERK_N', 'pJNK_N', 'PKCA_N', 'pMEK_N', 'pNR1_N', 'pNR2A_N', 'pNR2B_N', 'pPKCAB_N', 'pRSK_N', 'AKT_N', 'BRAF_N', 'CAMKII_N', 'CREB_N', 'ELK_N', 'ERK_N', 'GSK3B_N', 'JNK_N', 'MEK_N', 'TRKA_N', 'RSK_N', 'APP_N', 'Bcatenin_N', 'SOD1_N', 'MTOR_N', 'P38_N', 'pMTOR_N', 'DSCR1_N', 'AMPKA_N', 'NR2B_N', 'pNUMB_N', 'RAPTOR_N', 'TIAM1_N', 'pP70S6_N', 'NUMB_N', 'P70S6_N', 'pGSK3B_N', 'pPKCG_N', 'CDK5_N', 'ADARB1_N', 'AcetylH3K9_N', 'RRP1_N', 'BAX_N', 'ARC_N', 'ERBB4_N', 'nNOS_N', 'Tau_N', 'GFAP_N', 'GluR3_N', 'GluR4_N', 'IL1B_N', 'P3525_N', 'pCASP9_N', 'PSD95_N', 'SNCA_N', 'Ubiquitin_N', 'SHH_N', 'BAD_N', 'BCL2_N', 'pS6_N', 'pCFOS_N', 'SYP_N', 'H3AcK18_N', 'EGR1_N', 'H3MeK4_N', 'CaNA_N', 'noise_numeric_1', 'noise_numeric_2', 'DYRK1A_N_shuffled_1', 'DYRK1A_N_shuffled_2', 'ITSN1_N_shuffled_1', 'ITSN1_N_shuffled_2', 'BDNF_N_shuffled_1', 'BDNF_N_shuffled_2', 'NR1_N_shuffled_1', 'NR1_N_shuffled_2', 'NR2A_N_shuffled_1', 'NR2A_N_shuffled_2', 'pAKT_N_shuffled_1', 'pAKT_N_shuffled_2', 'pBRAF_N_shuffled_1', 'pBRAF_N_shuffled_2', 'pCAMKII_N_shuffled_1', 'pCAMKII_N_shuffled_2', 'pCREB_N_shuffled_1', 'pCREB_N_shuffled_2', 'pELK_N_shuffled_1', 'pELK_N_shuffled_2', 'pERK_N_shuffled_1', 'pERK_N_shuffled_2', 'pJNK_N_shuffled_1', 'pJNK_N_shuffled_2', 'PKCA_N_shuffled_1', 'PKCA_N_shuffled_2', 'pMEK_N_shuffled_1', 'pMEK_N_shuffled_2', 'pNR1_N_shuffled_1', 'pNR1_N_shuffled_2', 'pNR2A_N_shuffled_1', 'pNR2A_N_shuffled_2', 'pNR2B_N_shuffled_1', 'pNR2B_N_shuffled_2', 'pPKCAB_N_shuffled_1', 'pPKCAB_N_shuffled_2', 'pRSK_N_shuffled_1', 'pRSK_N_shuffled_2', 'AKT_N_shuffled_1', 'AKT_N_shuffled_2', 'BRAF_N_shuffled_1', 'BRAF_N_shuffled_2', 'CAMKII_N_shuffled_1', 'CAMKII_N_shuffled_2', 'CREB_N_shuffled_1', 'CREB_N_shuffled_2', 'ELK_N_shuffled_1', 'ELK_N_shuffled_2', 'ERK_N_shuffled_1', 'ERK_N_shuffled_2', 'GSK3B_N_shuffled_1', 'GSK3B_N_shuffled_2', 'JNK_N_shuffled_1', 'JNK_N_shuffled_2', 'MEK_N_shuffled_1', 'MEK_N_shuffled_2', 'TRKA_N_shuffled_1', 'TRKA_N_shuffled_2', 'RSK_N_shuffled_1', 'RSK_N_shuffled_2', 'APP_N_shuffled_1', 'APP_N_shuffled_2', 'Bcatenin_N_shuffled_1', 'Bcatenin_N_shuffled_2', 'SOD1_N_shuffled_1', 'SOD1_N_shuffled_2', 'MTOR_N_shuffled_1', 'MTOR_N_shuffled_2', 'P38_N_shuffled_1', 'P38_N_shuffled_2', 'pMTOR_N_shuffled_1', 'pMTOR_N_shuffled_2', 'DSCR1_N_shuffled_1', 'DSCR1_N_shuffled_2', 'AMPKA_N_shuffled_1', 'AMPKA_N_shuffled_2', 'NR2B_N_shuffled_1', 'NR2B_N_shuffled_2', 'pNUMB_N_shuffled_1', 'pNUMB_N_shuffled_2', 'RAPTOR_N_shuffled_1', 'RAPTOR_N_shuffled_2', 'TIAM1_N_shuffled_1', 'TIAM1_N_shuffled_2', 'pP70S6_N_shuffled_1', 'pP70S6_N_shuffled_2', 'NUMB_N_shuffled_1', 'NUMB_N_shuffled_2', 'P70S6_N_shuffled_1', 'P70S6_N_shuffled_2', 'pGSK3B_N_shuffled_1', 'pGSK3B_N_shuffled_2', 'pPKCG_N_shuffled_1', 'pPKCG_N_shuffled_2', 'CDK5_N_shuffled_1', 'CDK5_N_shuffled_2', 'S6_N_shuffled_1', 'S6_N_shuffled_2', 'ADARB1_N_shuffled_1', 'ADARB1_N_shuffled_2', 'AcetylH3K9_N_shuffled_1', 'AcetylH3K9_N_shuffled_2', 'RRP1_N_shuffled_1', 'RRP1_N_shuffled_2', 'BAX_N_shuffled_1', 'BAX_N_shuffled_2', 'ARC_N_shuffled_1', 'ARC_N_shuffled_2', 'ERBB4_N_shuffled_1', 'ERBB4_N_shuffled_2', 'nNOS_N_shuffled_1', 'nNOS_N_shuffled_2', 'Tau_N_shuffled_1', 'Tau_N_shuffled_2', 'GFAP_N_shuffled_1', 'GFAP_N_shuffled_2', 'GluR3_N_shuffled_1', 'GluR3_N_shuffled_2', 'GluR4_N_shuffled_1', 'GluR4_N_shuffled_2', 'IL1B_N_shuffled_1', 'IL1B_N_shuffled_2', 'P3525_N_shuffled_1', 'P3525_N_shuffled_2', 'pCASP9_N_shuffled_1', 'pCASP9_N_shuffled_2', 'PSD95_N_shuffled_1', 'PSD95_N_shuffled_2', 'SNCA_N_shuffled_1', 'SNCA_N_shuffled_2', 'Ubiquitin_N_shuffled_1', 'Ubiquitin_N_shuffled_2', 'pGSK3B_Tyr216_N_shuffled_1', 'pGSK3B_Tyr216_N_shuffled_2', 'SHH_N_shuffled_1', 'SHH_N_shuffled_2', 'BAD_N_shuffled_1', 'BAD_N_shuffled_2', 'BCL2_N_shuffled_1', 'BCL2_N_shuffled_2', 'pS6_N_shuffled_1', 'pS6_N_shuffled_2', 'pCFOS_N_shuffled_1', 'pCFOS_N_shuffled_2', 'SYP_N_shuffled_1', 'SYP_N_shuffled_2', 'H3AcK18_N_shuffled_1', 'H3AcK18_N_shuffled_2', 'EGR1_N_shuffled_1', 'EGR1_N_shuffled_2', 'H3MeK4_N_shuffled_1', 'H3MeK4_N_shuffled_2', 'CaNA_N_shuffled_1', 'CaNA_N_shuffled_2', 'class', 'Genotype', 'Treatment', 'Behavior', 'noise_categorical_1', 'noise_categorical_2', 'Genotype_shuffled_1', 'Genotype_shuffled_2', 'Treatment_shuffled_1', 'Treatment_shuffled_2', 'Behavior_shuffled_1', 'Behavior_shuffled_2']",True,243,164,0.6748971193415638,0.0493,
mice_protein,cluster_dispersion,"['BDNF_N', 'NR1_N', 'NR2A_N', 'pNR1_N', 'pNR2B_N', 'ELK_N', 'ERK_N', 'TRKA_N', 'Bcatenin_N']",False,9,0,0.0,0.1111,
mice_protein,principal_feature_analysis,"['pPKCG_N', 'GFAP_N']",False,2,0,0.0,0.0322,
mice_protein,feature_cluster_representative,"['pMEK_N', 'ERK_N', 'ARC_N', 'H3MeK4_N', 'noise_categorical_1']",False,5,1,0.2,0.0725,
mice_protein,cae,"['pAKT_N', 'SOD1_N', 'NR2B_N', 'NR1_N_shuffled_2', 'pCREB_N_shuffled_2', 'CAMKII_N_shuffled_2', 'RAPTOR_N_shuffled_1', 'class', 'Behavior', 'Genotype_shuffled_1']",True,10,5,0.5,0.1215,
mice_protein,lima,"['ADARB1_N', 'AKT_N', 'AMPKA_N', 'APP_N', 'ARC_N', 'AcetylH3K9_N', 'BAD_N', 'BAX_N', 'BCL2_N', 'BDNF_N', 'BRAF_N', 'Bcatenin_N', 'Behavior', 'CAMKII_N', 'CDK5_N', 'CREB_N', 'CaNA_N', 'DSCR1_N', 'DYRK1A_N', 'EGR1_N', 'ELK_N', 'ERBB4_N', 'ERK_N', 'GFAP_N', 'GSK3B_N', 'Genotype', 'GluR3_N', 'GluR4_N', 'H3AcK18_N', 'H3MeK4_N', 'IL1B_N', 'ITSN1_N', 'JNK_N', 'MEK_N', 'MTOR_N', 'NR1_N', 'NR2A_N', 'NR2B_N', 'NUMB_N', 'P3525_N', 'P38_N', 'P70S6_N', 'PKCA_N', 'PSD95_N', 'RAPTOR_N', 'RRP1_N', 'RSK_N', 'S6_N', 'SHH_N', 'SNCA_N', 'SOD1_N', 'SYP_N', 'TIAM1_N', 'TRKA_N', 'Tau_N', 'Treatment', 'Ubiquitin_N', 'class', 'nNOS_N', 'pAKT_N', 'pBRAF_N', 'pCAMKII_N', 'pCASP9_N', 'pCFOS_N', 'pCREB_N', 'pELK_N', 'pERK_N', 'pGSK3B_N', 'pGSK3B_Tyr216_N', 'pJNK_N', 'pMEK_N', 'pMTOR_N', 'pNR1_N', 'pNR2A_N', 'pNR2B_N', 'pNUMB_N', 'pP70S6_N', 'pPKCAB_N', 'pPKCG_N', 'pRSK_N', 'pS6_N']",True,81,0,0.0,36.03,
house_sales,variance_score,"['price', 'bedrooms', 'bathrooms', 'sqft_living', 'sqft_lot', 'waterfront', 'grade', 'sqft_above', 'sqft_basement', 'yr_built', 'yr_renovated', 'lat', 'long', 'sqft_living15', 'sqft_lot15', 'date_year', 'date_month', 'date_day', 'noise_numeric_1', 'noise_numeric_2', 'bedrooms_shuffled_1', 'bedrooms_shuffled_2', 'bathrooms_shuffled_1', 'bathrooms_shuffled_2', 'sqft_living_shuffled_1', 'sqft_living_shuffled_2', 'sqft_lot_shuffled_1', 'sqft_lot_shuffled_2', 'waterfront_shuffled_1', 'waterfront_shuffled_2', 'grade_shuffled_1', 'grade_shuffled_2', 'sqft_above_shuffled_1', 'sqft_above_shuffled_2', 'sqft_basement_shuffled_1', 'sqft_basement_shuffled_2', 'yr_built_shuffled_1', 'yr_built_shuffled_2', 'yr_renovated_shuffled_1', 'yr_renovated_shuffled_2', 'lat_shuffled_1', 'lat_shuffled_2', 'long_shuffled_1', 'long_shuffled_2', 'sqft_living15_shuffled_1', 'sqft_living15_shuffled_2', 'sqft_lot15_shuffled_1', 'sqft_lot15_shuffled_2', 'date_year_shuffled_1', 'date_year_shuffled_2', 'date_month_shuffled_1', 'date_month_shuffled_2', 'date_day_shuffled_1', 'date_day_shuffled_2']",True,54,36,0.6666666666666666,0.0036,
house_sales,laplacian_score,"['price', 'bedrooms', 'bathrooms', 'sqft_living', 'waterfront', 'grade', 'sqft_above', 'sqft_basement', 'yr_built', 'yr_renovated', 'lat', 'long', 'sqft_living15', 'date_year', 'date_month', 'date_day', 'noise_numeric_1', 'noise_numeric_2', 'bedrooms_shuffled_1', 'bedrooms_shuffled_2', 'bathrooms_shuffled_1', 'bathrooms_shuffled_2', 'sqft_living_shuffled_1', 'sqft_living_shuffled_2', 'waterfront_shuffled_1', 'waterfront_shuffled_2', 'grade_shuffled_1', 'grade_shuffled_2', 'sqft_above_shuffled_1', 'sqft_above_shuffled_2', 'sqft_basement_shuffled_1', 'sqft_basement_shuffled_2', 'yr_built_shuffled_1', 'yr_built_shuffled_2', 'yr_renovated_shuffled_1', 'yr_renovated_shuffled_2', 'lat_shuffled_1', 'lat_shuffled_2', 'long_shuffled_1', 'long_shuffled_2', 'sqft_living15_shuffled_1', 'sqft_living15_shuffled_2', 'date_year_shuffled_1', 'date_year_shuffled_2', 'date_month_shuffled_1', 'date_month_shuffled_2', 'date_day_shuffled_1', 'date_day_shuffled_2']",True,48,32,0.6666666666666666,7.8043,
house_sales,spec,"['bedrooms', 'sqft_living_shuffled_2']",False,2,1,0.5,379.1606,
house_sales,mcfs,"['sqft_lot', 'sqft_lot15']",False,2,0,0.0,366.0809,
house_sales,ndfs,"['sqft_lot', 'sqft_lot15']",False,2,0,0.0,365.9934,
house_sales,rsr,"['sqft_lot', 'sqft_above', 'sqft_lot15']",False,3,0,0.0,565.2787,
house_sales,agufs,"['price', 'bedrooms', 'bathrooms', 'sqft_living', 'sqft_lot', 'waterfront', 'grade', 'sqft_above', 'sqft_basement', 'yr_built', 'yr_renovated', 'lat', 'long', 'sqft_living15', 'sqft_lot15', 'date_year', 'date_month', 'date_day', 'noise_numeric_1', 'noise_numeric_2', 'bedrooms_shuffled_1', 'bedrooms_shuffled_2', 'bathrooms_shuffled_1', 'bathrooms_shuffled_2', 'sqft_living_shuffled_1', 'sqft_living_shuffled_2', 'sqft_lot_shuffled_1', 'sqft_lot_shuffled_2', 'waterfront_shuffled_1', 'waterfront_shuffled_2', 'grade_shuffled_1', 'grade_shuffled_2', 'sqft_above_shuffled_1', 'sqft_above_shuffled_2', 'sqft_basement_shuffled_1', 'sqft_basement_shuffled_2', 'yr_built_shuffled_1', 'yr_built_shuffled_2', 'yr_renovated_shuffled_1', 'yr_renovated_shuffled_2', 'lat_shuffled_1', 'lat_shuffled_2', 'long_shuffled_1', 'long_shuffled_2', 'sqft_living15_shuffled_1', 'sqft_living15_shuffled_2', 'sqft_lot15_shuffled_1', 'sqft_lot15_shuffled_2', 'date_year_shuffled_1', 'date_year_shuffled_2', 'date_month_shuffled_1', 'date_month_shuffled_2', 'date_day_shuffled_1', 'date_day_shuffled_2']",True,54,36,0.6666666666666666,7.9093,
house_sales,udfs_like,"['sqft_basement', 'noise_categorical_1']",False,2,1,0.5,9.6559,
house_sales,correlation_uniqueness,"['date_day', 'noise_numeric_1', 'noise_numeric_2', 'bedrooms_shuffled_1', 'bedrooms_shuffled_2', 'bathrooms_shuffled_1', 'bathrooms_shuffled_2', 'sqft_living_shuffled_1', 'sqft_living_shuffled_2', 'sqft_lot_shuffled_1', 'sqft_lot_shuffled_2', 'waterfront_shuffled_1', 'waterfront_shuffled_2', 'grade_shuffled_1', 'grade_shuffled_2', 'sqft_above_shuffled_1', 'sqft_above_shuffled_2', 'sqft_basement_shuffled_1', 'sqft_basement_shuffled_2', 'yr_built_shuffled_1', 'yr_built_shuffled_2', 'yr_renovated_shuffled_1', 'yr_renovated_shuffled_2', 'lat_shuffled_1', 'lat_shuffled_2', 'long_shuffled_1', 'long_shuffled_2', 'sqft_living15_shuffled_1', 'sqft_living15_shuffled_2', 'sqft_lot15_shuffled_1', 'sqft_lot15_shuffled_2', 'date_year_shuffled_1', 'date_year_shuffled_2', 'date_month_shuffled_1', 'date_month_shuffled_2', 'date_day_shuffled_1', 'date_day_shuffled_2', 'noise_categorical_1']",False,38,37,0.9736842105263158,0.0126,
house_sales,mrmr,"['price', 'bathrooms', 'sqft_living', 'grade', 'sqft_above', 'sqft_living15']",True,6,0,0.0,3.4829,
house_sales,jmi,"['price', 'bedrooms', 'bathrooms', 'sqft_living', 'sqft_lot', 'grade', 'sqft_above', 'yr_built', 'lat', 'long', 'sqft_living15', 'sqft_lot15', 'waterfront_shuffled_2']",True,13,1,0.07692307692307693,3.4566,
house_sales,cmim,"['price', 'bedrooms', 'bathrooms', 'sqft_living', 'sqft_lot', 'waterfront', 'grade', 'sqft_above', 'sqft_basement', 'yr_built', 'yr_renovated', 'lat', 'long', 'sqft_living15', 'sqft_lot15', 'date_year', 'date_day', 'noise_numeric_1', 'noise_numeric_2', 'bedrooms_shuffled_1', 'bedrooms_shuffled_2', 'bathrooms_shuffled_1', 'bathrooms_shuffled_2', 'sqft_living_shuffled_1', 'sqft_living_shuffled_2', 'sqft_lot_shuffled_1', 'sqft_lot_shuffled_2', 'waterfront_shuffled_1', 'waterfront_shuffled_2', 'grade_shuffled_1', 'grade_shuffled_2', 'sqft_above_shuffled_1', 'sqft_above_shuffled_2', 'sqft_basement_shuffled_1', 'sqft_basement_shuffled_2', 'yr_built_shuffled_1', 'yr_built_shuffled_2', 'yr_renovated_shuffled_1', 'yr_renovated_shuffled_2', 'lat_shuffled_1', 'lat_shuffled_2', 'long_shuffled_1', 'long_shuffled_2', 'sqft_living15_shuffled_1', 'sqft_living15_shuffled_2', 'sqft_lot15_shuffled_1', 'sqft_lot15_shuffled_2', 'date_year_shuffled_1', 'date_year_shuffled_2', 'date_month_shuffled_1', 'date_month_shuffled_2', 'date_day_shuffled_1', 'date_day_shuffled_2', 'noise_categorical_1', 'noise_categorical_2']",True,55,38,0.6909090909090909,3.4148,
house_sales,inf_fs,"['noise_categorical_1', 'noise_categorical_2']",False,2,2,1.0,0.0141,
house_sales,cluster_dispersion,"['sqft_living', 'waterfront_shuffled_2']",False,2,1,0.5,0.2029,
house_sales,principal_feature_analysis,"['sqft_lot', 'lat', 'sqft_lot15', 'date_year', 'date_month']",False,5,0,0.0,0.0195,
house_sales,feature_cluster_representative,"['sqft_living', 'sqft_lot', 'yr_built', 'date_year', 'noise_categorical_1']",False,5,1,0.2,0.2813,
house_sales,cae,"['bathrooms', 'sqft_lot', 'sqft_above', 'yr_renovated', 'noise_numeric_1', 'bedrooms_shuffled_1', 'sqft_lot_shuffled_1', 'waterfront_shuffled_2', 'date_month_shuffled_1', 'noise_categorical_1']",False,10,6,0.6,0.3794,
house_sales,lima,"['bathrooms', 'bedrooms', 'date_month', 'date_year', 'grade', 'lat', 'long', 'price', 'sqft_above', 'sqft_basement', 'sqft_living', 'sqft_living15', 'sqft_lot', 'sqft_lot15', 'waterfront', 'yr_built']",True,16,0,0.0,2.09,
avocado_sales,variance_score,"['AveragePrice', 'Total Volume', '4046', '4225', '4770', 'Total Bags', 'Small Bags', 'Large Bags', 'XLarge Bags', 'year', 'month', 'day', 'noise_numeric_1', 'noise_numeric_2', 'Total Volume_shuffled_1', 'Total Volume_shuffled_2', '4046_shuffled_1', '4046_shuffled_2', '4225_shuffled_1', '4225_shuffled_2', '4770_shuffled_1', '4770_shuffled_2', 'Total Bags_shuffled_1', 'Total Bags_shuffled_2', 'Small Bags_shuffled_1', 'Small Bags_shuffled_2', 'Large Bags_shuffled_1', 'Large Bags_shuffled_2', 'XLarge Bags_shuffled_1', 'XLarge Bags_shuffled_2', 'year_shuffled_1', 'year_shuffled_2', 'month_shuffled_1', 'month_shuffled_2', 'day_shuffled_1', 'day_shuffled_2', 'type']",True,37,24,0.6486486486486487,0.0094,
avocado_sales,laplacian_score,"['AveragePrice', 'Total Volume', '4046', '4225', '4770', 'Total Bags', 'Small Bags', 'Large Bags', 'XLarge Bags', 'year', 'month', 'day', 'noise_numeric_1', 'noise_numeric_2', 'year_shuffled_1', 'year_shuffled_2', 'month_shuffled_1', 'month_shuffled_2', 'day_shuffled_1', 'day_shuffled_2', 'type', 'noise_categorical_1', 'type_shuffled_1', 'type_shuffled_2']",True,24,11,0.4583333333333333,15.5359,
avocado_sales,spec,"['Small Bags', 'XLarge Bags_shuffled_1']",False,2,1,0.5,230.8063,
avocado_sales,mcfs,"['Small Bags', 'XLarge Bags_shuffled_1']",False,2,1,0.5,224.0783,
avocado_sales,ndfs,"['region', 'region_shuffled_1', 'region_shuffled_2']",False,3,2,0.6666666666666666,223.9928,
avocado_sales,rsr,"['Total Bags', 'region_shuffled_1', 'region_shuffled_2']",False,3,2,0.6666666666666666,843.6405,
avocado_sales,agufs,"['AveragePrice', 'Total Volume', '4046', '4225', '4770', 'Total Bags', 'Small Bags', 'Large Bags', 'XLarge Bags', 'year', 'month', 'day', 'noise_numeric_1', 'noise_numeric_2', 'Total Volume_shuffled_1', 'Total Volume_shuffled_2', '4046_shuffled_1', '4046_shuffled_2', '4225_shuffled_1', '4225_shuffled_2', '4770_shuffled_1', '4770_shuffled_2', 'Total Bags_shuffled_1', 'Total Bags_shuffled_2', 'Small Bags_shuffled_1', 'Small Bags_shuffled_2', 'Large Bags_shuffled_1', 'Large Bags_shuffled_2', 'XLarge Bags_shuffled_1', 'XLarge Bags_shuffled_2', 'year_shuffled_1', 'year_shuffled_2', 'month_shuffled_1', 'month_shuffled_2', 'day_shuffled_1', 'day_shuffled_2', 'type']",True,37,24,0.6486486486486487,15.5831,
avocado_sales,udfs_like,"['AveragePrice', 'Large Bags', 'noise_categorical_1']",True,3,1,0.3333333333333333,85.5825,
avocado_sales,correlation_uniqueness,"['day', 'Small Bags_shuffled_1']",False,2,1,0.5,0.0141,
avocado_sales,mrmr,"['AveragePrice', 'Total Volume', '4046', '4225', '4770', 'Total Bags', 'Small Bags', 'type']",True,8,0,0.0,8.487,
avocado_sales,jmi,['type'],False,1,0,0.0,8.5029,
avocado_sales,cmim,"['AveragePrice', 'Total Volume', '4046', '4225', '4770', 'Total Bags', 'Small Bags', 'Large Bags', 'XLarge Bags', 'year', 'month', 'day', 'noise_numeric_1', 'noise_numeric_2', 'Total Volume_shuffled_1', 'Total Volume_shuffled_2', '4046_shuffled_1', '4046_shuffled_2', '4225_shuffled_1', '4225_shuffled_2', '4770_shuffled_1', '4770_shuffled_2', 'Total Bags_shuffled_1', 'Total Bags_shuffled_2', 'Small Bags_shuffled_1', 'Small Bags_shuffled_2', 'Large Bags_shuffled_1', 'Large Bags_shuffled_2', 'XLarge Bags_shuffled_1', 'XLarge Bags_shuffled_2', 'year_shuffled_1', 'year_shuffled_2', 'month_shuffled_1', 'month_shuffled_2', 'day_shuffled_1', 'day_shuffled_2', 'type', 'region', 'noise_categorical_1', 'noise_categorical_2', 'type_shuffled_1', 'region_shuffled_1', 'region_shuffled_2']",True,43,29,0.6744186046511628,8.4719,
avocado_sales,inf_fs,"['AveragePrice', 'Total Volume', '4046', '4225', '4770', 'Total Bags', 'Small Bags', 'Large Bags', 'XLarge Bags', 'month_shuffled_2', 'type', 'region', 'noise_categorical_1', 'noise_categorical_2', 'type_shuffled_1', 'type_shuffled_2', 'region_shuffled_1', 'region_shuffled_2']",True,18,7,0.3888888888888889,0.078,
avocado_sales,cluster_dispersion,"['Total Volume', '4046', '4225', 'Total Bags', 'Small Bags', 'Total Volume_shuffled_2', 'Small Bags_shuffled_1', 'type']",False,8,2,0.25,0.3686,
avocado_sales,principal_feature_analysis,"['AveragePrice', 'year', 'month', 'day_shuffled_1']",True,4,1,0.25,0.3039,
avocado_sales,feature_cluster_representative,"['Total Volume', 'month', 'Small Bags_shuffled_1', 'noise_categorical_1', 'region_shuffled_1']",False,5,3,0.6,0.3389,
avocado_sales,cae,"['XLarge Bags', 'Total Volume_shuffled_1', '4770_shuffled_1', 'region', 'region_shuffled_1', 'region_shuffled_2']",False,6,4,0.6666666666666666,0.3839,
avocado_sales,lima,"['4046', '4225', '4770', 'AveragePrice', 'Large Bags', 'Small Bags', 'Total Bags', 'Total Volume', 'XLarge Bags', 'region', 'type', 'year']",True,12,0,0.0,1.52,
nasa,variance_score,"['class', 'sensor_1', 'sensor_2', 'sensor_3', 'sensor_4', 'sensor_5', 'sensor_6', 'sensor_7', 'sensor_8', 'sensor_9', 'sensor_10', 'sensor_11', 'sensor_12', 'sensor_13', 'sensor_14', 'sensor_15', 'sensor_16', 'sensor_17', 'sensor_20', 'sensor_21', 'noise_numeric_1', 'noise_numeric_2', 'sensor_1_shuffled_1', 'sensor_1_shuffled_2', 'sensor_2_shuffled_1', 'sensor_2_shuffled_2', 'sensor_3_shuffled_1', 'sensor_3_shuffled_2', 'sensor_4_shuffled_1', 'sensor_4_shuffled_2', 'sensor_5_shuffled_1', 'sensor_5_shuffled_2', 'sensor_6_shuffled_1', 'sensor_6_shuffled_2', 'sensor_7_shuffled_1', 'sensor_7_shuffled_2', 'sensor_8_shuffled_1', 'sensor_8_shuffled_2', 'sensor_9_shuffled_1', 'sensor_9_shuffled_2', 'sensor_10_shuffled_1', 'sensor_10_shuffled_2', 'sensor_11_shuffled_1', 'sensor_11_shuffled_2', 'sensor_12_shuffled_1', 'sensor_12_shuffled_2', 'sensor_13_shuffled_1', 'sensor_13_shuffled_2', 'sensor_14_shuffled_1', 'sensor_14_shuffled_2', 'sensor_15_shuffled_1', 'sensor_15_shuffled_2', 'sensor_16_shuffled_1', 'sensor_16_shuffled_2', 'sensor_17_shuffled_1', 'sensor_17_shuffled_2', 'sensor_20_shuffled_1', 'sensor_20_shuffled_2', 'sensor_21_shuffled_1', 'sensor_21_shuffled_2']",True,60,40,0.6666666666666666,0.0113,
nasa,laplacian_score,"['sensor_1', 'sensor_5', 'sensor_6', 'sensor_10', 'sensor_11', 'sensor_16', 'sensor_18', 'sensor_19', 'sensor_5_shuffled_1', 'sensor_5_shuffled_2', 'sensor_18_shuffled_1', 'sensor_18_shuffled_2', 'sensor_19_shuffled_1', 'sensor_19_shuffled_2']",False,14,6,0.42857142857142855,38.7429,
nasa,spec,[],False,0,0,0.0,115.6885,(lwork>0||lwork==-1) failed for 4th keyword lwork: dsygvd:lwork=-77766339
nasa,mcfs,[],False,0,0,0.0,128.1017,(lwork>0||lwork==-1) failed for 4th keyword lwork: dsygvd:lwork=-77766339
nasa,ndfs,[],False,0,0,0.0,130.3466,(lwork>0||lwork==-1) failed for 4th keyword lwork: dsygvd:lwork=-77766339
nasa,rsr,[],False,0,0,0.0,148.9502,(lwork>0||lwork==-1) failed for 4th keyword lwork: dsygvd:lwork=-77766339
nasa,agufs,"['class', 'sensor_1', 'sensor_2', 'sensor_3', 'sensor_4', 'sensor_5', 'sensor_6', 'sensor_7', 'sensor_8', 'sensor_9', 'sensor_10', 'sensor_11', 'sensor_12', 'sensor_13', 'sensor_14', 'sensor_15', 'sensor_16', 'sensor_17', 'sensor_20', 'sensor_21', 'noise_numeric_1', 'noise_numeric_2', 'sensor_1_shuffled_1', 'sensor_1_shuffled_2', 'sensor_2_shuffled_1', 'sensor_2_shuffled_2', 'sensor_3_shuffled_1', 'sensor_3_shuffled_2', 'sensor_4_shuffled_1', 'sensor_4_shuffled_2', 'sensor_5_shuffled_1', 'sensor_5_shuffled_2', 'sensor_6_shuffled_1', 'sensor_6_shuffled_2', 'sensor_7_shuffled_1', 'sensor_7_shuffled_2', 'sensor_8_shuffled_1', 'sensor_8_shuffled_2', 'sensor_9_shuffled_1', 'sensor_9_shuffled_2', 'sensor_10_shuffled_1', 'sensor_10_shuffled_2', 'sensor_11_shuffled_1', 'sensor_11_shuffled_2', 'sensor_12_shuffled_1', 'sensor_12_shuffled_2', 'sensor_13_shuffled_1', 'sensor_13_shuffled_2', 'sensor_14_shuffled_1', 'sensor_14_shuffled_2', 'sensor_15_shuffled_1', 'sensor_15_shuffled_2', 'sensor_16_shuffled_1', 'sensor_16_shuffled_2', 'sensor_17_shuffled_1', 'sensor_17_shuffled_2', 'sensor_20_shuffled_1', 'sensor_20_shuffled_2', 'sensor_21_shuffled_1', 'sensor_21_shuffled_2']",True,60,40,0.6666666666666666,56.7246,
nasa,udfs_like,"['sensor_11', 'noise_categorical_1']",False,2,1,0.5,114.1443,
nasa,correlation_uniqueness,"['sensor_18', 'sensor_19', 'sensor_18_shuffled_1', 'sensor_18_shuffled_2', 'sensor_19_shuffled_1', 'sensor_19_shuffled_2']",False,6,4,0.6666666666666666,0.0285,
nasa,mrmr,['noise_categorical_2'],False,1,1,1.0,9.7193,
nasa,jmi,['noise_categorical_2'],False,1,1,1.0,8.6938,
nasa,cmim,['noise_categorical_2'],False,1,1,1.0,8.6605,
nasa,inf_fs,['noise_categorical_2'],False,1,1,1.0,0.9125,
nasa,cluster_dispersion,"['sensor_4', 'sensor_11']",False,2,0,0.0,0.4087,
nasa,principal_feature_analysis,"['sensor_1', 'sensor_5', 'sensor_10', 'sensor_16']",False,4,0,0.0,0.025,
nasa,feature_cluster_representative,"['sensor_9', 'sensor_11', 'sensor_18', 'sensor_15_shuffled_1', 'sensor_16_shuffled_2']",False,5,2,0.4,0.4242,
nasa,cae,"['sensor_3', 'sensor_4', 'sensor_7', 'sensor_2_shuffled_2', 'sensor_9_shuffled_2', 'sensor_12_shuffled_2', 'sensor_19_shuffled_1', 'sensor_21_shuffled_2', 'noise_categorical_1', 'noise_categorical_2']",False,10,7,0.7,0.6539,
nasa,lima,"['class', 'sensor_1', 'sensor_10', 'sensor_11', 'sensor_12', 'sensor_13', 'sensor_14', 'sensor_15', 'sensor_16', 'sensor_17', 'sensor_2', 'sensor_20', 'sensor_21', 'sensor_3', 'sensor_4', 'sensor_5', 'sensor_6', 'sensor_7', 'sensor_8', 'sensor_9']",True,20,0,0.0,4.34,
diamonds,variance_score,"['price', 'carat', 'depth', 'table', 'x', 'y', 'z', 'noise_numeric_1', 'noise_numeric_2', 'carat_shuffled_1', 'carat_shuffled_2', 'depth_shuffled_1', 'depth_shuffled_2', 'table_shuffled_1', 'table_shuffled_2', 'x_shuffled_1', 'x_shuffled_2', 'y_shuffled_1', 'y_shuffled_2', 'z_shuffled_1', 'z_shuffled_2']",True,21,14,0.6666666666666666,0.0141,
diamonds,laplacian_score,[],False,0,0,0.0,0.0,'NoneType' object has no attribute 'sum'
diamonds,spec,[],False,0,0,0.0,0.0,'NoneType' object has no attribute 'sum'
diamonds,mcfs,[],False,0,0,0.0,0.0,'NoneType' object has no attribute 'sum'
diamonds,ndfs,[],False,0,0,0.0,0.0,'NoneType' object has no attribute 'sum'
diamonds,rsr,[],False,0,0,0.0,0.0,'NoneType' object has no attribute 'sum'
diamonds,agufs,[],False,0,0,0.0,0.0,'NoneType' object has no attribute 'sum'
diamonds,udfs_like,"['price', 'carat', 'x', 'y']",True,4,0,0.0,80.9757,
diamonds,correlation_uniqueness,"['noise_numeric_1', 'noise_numeric_2', 'carat_shuffled_1', 'carat_shuffled_2', 'depth_shuffled_1', 'depth_shuffled_2', 'table_shuffled_1', 'table_shuffled_2', 'x_shuffled_1', 'x_shuffled_2', 'y_shuffled_1', 'y_shuffled_2', 'z_shuffled_1', 'z_shuffled_2']",False,14,14,1.0,0.0219,
diamonds,mrmr,"['price', 'carat', 'x', 'y', 'z']",True,5,0,0.0,12.7155,
diamonds,jmi,"['price', 'x_shuffled_1']",True,2,1,0.5,12.7462,
diamonds,cmim,"['depth_shuffled_2', 'x_shuffled_1']",False,2,2,1.0,12.7114,
diamonds,inf_fs,"['price', 'carat', 'x', 'y', 'z', 'cut', 'color', 'clarity', 'noise_categorical_1', 'noise_categorical_2', 'cut_shuffled_1', 'cut_shuffled_2', 'color_shuffled_1', 'color_shuffled_2', 'clarity_shuffled_1', 'clarity_shuffled_2']",True,16,8,0.5,0.0326,
diamonds,cluster_dispersion,"['price', 'carat', 'x', 'y', 'z']",True,5,0,0.0,0.6122,
diamonds,principal_feature_analysis,"['depth', 'table', 'table_shuffled_2']",False,3,1,0.3333333333333333,0.0227,
diamonds,feature_cluster_representative,"['table', 'x', 'depth_shuffled_2', 'y_shuffled_1', 'clarity_shuffled_2']",False,5,3,0.6,0.3958,
diamonds,cae,"['clarity', 'color', 'cut', 'carat_shuffled_2', 'depth_shuffled_1', 'depth_shuffled_2', 'table_shuffled_1', 'table_shuffled_2', 'x_shuffled_1', 'x_shuffled_2']",False,10,7,0.7,0.88,
diamonds,lima,"['carat', 'clarity', 'color', 'cut', 'depth', 'price', 'table', 'x', 'y', 'z']",True,10,0,0.0,1.71,
pol,variance_score,"['foo', 'f5', 'f6', 'f7', 'f8', 'f9', 'f13', 'f14', 'f15', 'f16', 'f17', 'f18', 'f19', 'f20', 'f21', 'f22', 'f23', 'f24', 'f25', 'f26', 'f27', 'f28', 'f29', 'f30', 'f31', 'f32', 'f33', 'noise_numeric_1', 'noise_numeric_2', 'f5_shuffled_1', 'f5_shuffled_2', 'f6_shuffled_1', 'f6_shuffled_2', 'f7_shuffled_1', 'f7_shuffled_2', 'f8_shuffled_1', 'f8_shuffled_2', 'f9_shuffled_1', 'f9_shuffled_2', 'f13_shuffled_1', 'f13_shuffled_2', 'f14_shuffled_1', 'f14_shuffled_2', 'f15_shuffled_1', 'f15_shuffled_2', 'f16_shuffled_1', 'f16_shuffled_2', 'f17_shuffled_1', 'f17_shuffled_2', 'f18_shuffled_1', 'f18_shuffled_2', 'f19_shuffled_1', 'f19_shuffled_2', 'f20_shuffled_1', 'f20_shuffled_2', 'f21_shuffled_1', 'f21_shuffled_2', 'f22_shuffled_1', 'f22_shuffled_2', 'f23_shuffled_1', 'f23_shuffled_2', 'f24_shuffled_1', 'f24_shuffled_2', 'f25_shuffled_1', 'f25_shuffled_2', 'f26_shuffled_1', 'f26_shuffled_2', 'f27_shuffled_1', 'f27_shuffled_2', 'f28_shuffled_1', 'f28_shuffled_2', 'f29_shuffled_1', 'f29_shuffled_2', 'f30_shuffled_1', 'f30_shuffled_2', 'f31_shuffled_1', 'f31_shuffled_2', 'f32_shuffled_1', 'f32_shuffled_2', 'f33_shuffled_1', 'f33_shuffled_2']",True,81,54,0.6666666666666666,0.006,
pol,laplacian_score,"['foo', 'f1', 'f2', 'f3', 'f4', 'f5', 'f6', 'f7', 'f10', 'f11', 'f12', 'f13', 'f14', 'f15', 'f16', 'f17', 'f18', 'f19', 'f20', 'f21', 'f22', 'f23', 'f24', 'f25', 'f26', 'f27', 'f34', 'f35', 'f36', 'f37', 'f38', 'f39', 'f40', 'f41', 'f42', 'f43', 'f44', 'f45', 'f46', 'f47', 'f48', 'f1_shuffled_1', 'f1_shuffled_2', 'f2_shuffled_1', 'f2_shuffled_2', 'f3_shuffled_1', 'f3_shuffled_2', 'f4_shuffled_1', 'f4_shuffled_2', 'f10_shuffled_1', 'f10_shuffled_2', 'f11_shuffled_1', 'f11_shuffled_2', 'f12_shuffled_1', 'f12_shuffled_2', 'f25_shuffled_2', 'f34_shuffled_1', 'f34_shuffled_2', 'f35_shuffled_1', 'f35_shuffled_2', 'f36_shuffled_1', 'f36_shuffled_2', 'f37_shuffled_1', 'f37_shuffled_2', 'f38_shuffled_1', 'f38_shuffled_2', 'f39_shuffled_1', 'f39_shuffled_2', 'f40_shuffled_1', 'f40_shuffled_2', 'f41_shuffled_1', 'f41_shuffled_2', 'f42_shuffled_1', 'f42_shuffled_2', 'f43_shuffled_1', 'f43_shuffled_2', 'f44_shuffled_1', 'f44_shuffled_2', 'f45_shuffled_1', 'f45_shuffled_2', 'f46_shuffled_1', 'f46_shuffled_2', 'f47_shuffled_1', 'f47_shuffled_2', 'f48_shuffled_1', 'f48_shuffled_2']",True,86,45,0.5232558139534884,8.3406,
pol,spec,"['f27_shuffled_1', 'f30_shuffled_1']",False,2,2,1.0,129.3689,
pol,mcfs,"['f11_shuffled_1', 'f46_shuffled_1']",False,2,2,1.0,125.6448,
pol,ndfs,"['f11_shuffled_2', 'f46_shuffled_1']",False,2,2,1.0,125.7253,
pol,rsr,"['f7', 'f24']",False,2,0,0.0,405.4933,
pol,agufs,"['foo', 'f5', 'f6', 'f7', 'f8', 'f9', 'f13', 'f14', 'f15', 'f16', 'f17', 'f18', 'f19', 'f20', 'f21', 'f22', 'f23', 'f24', 'f25', 'f26', 'f27', 'f28', 'f29', 'f30', 'f31', 'f32', 'f33', 'noise_numeric_1', 'noise_numeric_2', 'f5_shuffled_1', 'f5_shuffled_2', 'f6_shuffled_1', 'f6_shuffled_2', 'f7_shuffled_1', 'f7_shuffled_2', 'f8_shuffled_1', 'f8_shuffled_2', 'f9_shuffled_1', 'f9_shuffled_2', 'f13_shuffled_1', 'f13_shuffled_2', 'f14_shuffled_1', 'f14_shuffled_2', 'f15_shuffled_1', 'f15_shuffled_2', 'f16_shuffled_1', 'f16_shuffled_2', 'f17_shuffled_1', 'f17_shuffled_2', 'f18_shuffled_1', 'f18_shuffled_2', 'f19_shuffled_1', 'f19_shuffled_2', 'f20_shuffled_1', 'f20_shuffled_2', 'f21_shuffled_1', 'f21_shuffled_2', 'f22_shuffled_1', 'f22_shuffled_2', 'f23_shuffled_1', 'f23_shuffled_2', 'f24_shuffled_1', 'f24_shuffled_2', 'f25_shuffled_1', 'f25_shuffled_2', 'f26_shuffled_1', 'f26_shuffled_2', 'f27_shuffled_1', 'f27_shuffled_2', 'f28_shuffled_1', 'f28_shuffled_2', 'f29_shuffled_1', 'f29_shuffled_2', 'f30_shuffled_1', 'f30_shuffled_2', 'f31_shuffled_1', 'f31_shuffled_2', 'f32_shuffled_1', 'f32_shuffled_2', 'f33_shuffled_1', 'f33_shuffled_2']",True,81,54,0.6666666666666666,8.502,
pol,udfs_like,"['f13', 'f18', 'f19', 'f26', 'f27', 'f30']",False,6,0,0.0,1345.8267,
pol,correlation_uniqueness,"['f1', 'f2', 'f3', 'f4', 'f10', 'f11', 'f12', 'f34', 'f35', 'f36', 'f37', 'f38', 'f39', 'f40', 'f41', 'f42', 'f43', 'f44', 'f45', 'f46', 'f47', 'f48', 'f1_shuffled_1', 'f1_shuffled_2', 'f2_shuffled_1', 'f2_shuffled_2', 'f3_shuffled_1', 'f3_shuffled_2', 'f4_shuffled_1', 'f4_shuffled_2', 'f10_shuffled_1', 'f10_shuffled_2', 'f11_shuffled_1', 'f11_shuffled_2', 'f12_shuffled_1', 'f12_shuffled_2', 'f34_shuffled_1', 'f34_shuffled_2', 'f35_shuffled_1', 'f35_shuffled_2', 'f36_shuffled_1', 'f36_shuffled_2', 'f37_shuffled_1', 'f37_shuffled_2', 'f38_shuffled_1', 'f38_shuffled_2', 'f39_shuffled_1', 'f39_shuffled_2', 'f40_shuffled_1', 'f40_shuffled_2', 'f41_shuffled_1', 'f41_shuffled_2', 'f42_shuffled_1', 'f42_shuffled_2', 'f43_shuffled_1', 'f43_shuffled_2', 'f44_shuffled_1', 'f44_shuffled_2', 'f45_shuffled_1', 'f45_shuffled_2', 'f46_shuffled_1', 'f46_shuffled_2', 'f47_shuffled_1', 'f47_shuffled_2', 'f48_shuffled_1', 'f48_shuffled_2']",False,66,44,0.6666666666666666,0.0141,
pol,mrmr,['noise_categorical_2'],False,1,1,1.0,5.5035,
pol,jmi,['noise_categorical_2'],False,1,1,1.0,5.5096,
pol,cmim,['noise_categorical_2'],False,1,1,1.0,5.5129,
pol,inf_fs,['noise_categorical_2'],False,1,1,1.0,0.087,
pol,cluster_dispersion,"['f6', 'f9']",False,2,0,0.0,0.3279,
pol,principal_feature_analysis,"['foo', 'f5', 'f6', 'f7', 'f8', 'f9', 'f13', 'f14', 'f15', 'f16', 'f17', 'f18', 'f19', 'f20', 'f21', 'f22', 'f23', 'f24', 'f25', 'f26', 'f27', 'f28', 'f29', 'f30', 'f31', 'f32', 'f33', 'f15_shuffled_1']",True,28,1,0.03571428571428571,0.0236,
pol,feature_cluster_representative,"['f1', 'f8', 'f9', 'f33', 'f18_shuffled_1']",False,5,1,0.2,0.2168,
pol,cae,"['f13', 'f25', 'f43', 'f4_shuffled_1', 'f7_shuffled_2', 'f11_shuffled_1', 'f26_shuffled_2', 'f32_shuffled_2', 'f35_shuffled_1', 'f37_shuffled_1']",False,10,7,0.7,1.4191,
pol,lima,"['f13', 'f14', 'f15', 'f16', 'f17', 'f18', 'f19', 'f20', 'f21', 'f22', 'f23', 'f5', 'f6', 'f7', 'f8', 'f9', 'foo']",True,17,0,0.0,8.46,
appliances,variance_score,"['Appliances', 'lights', 'T1', 'RH_1', 'T2', 'RH_2', 'T3', 'RH_3', 'T4', 'RH_4', 'T5', 'RH_5', 'T6', 'RH_6', 'T7', 'RH_7', 'T8', 'RH_8', 'T9', 'RH_9', 'T_out', 'Press_mm_hg', 'RH_out', 'Windspeed', 'Visibility', 'Tdewpoint', 'rv1', 'rv2', 'noise_numeric_1', 'noise_numeric_2', 'lights_shuffled_1', 'lights_shuffled_2', 'T1_shuffled_1', 'T1_shuffled_2', 'RH_1_shuffled_1', 'RH_1_shuffled_2', 'T2_shuffled_1', 'T2_shuffled_2', 'RH_2_shuffled_1', 'RH_2_shuffled_2', 'T3_shuffled_1', 'T3_shuffled_2', 'RH_3_shuffled_1', 'RH_3_shuffled_2', 'T4_shuffled_1', 'T4_shuffled_2', 'RH_4_shuffled_1', 'RH_4_shuffled_2', 'T5_shuffled_1', 'T5_shuffled_2', 'RH_5_shuffled_1', 'RH_5_shuffled_2', 'T6_shuffled_1', 'T6_shuffled_2', 'RH_6_shuffled_1', 'RH_6_shuffled_2', 'T7_shuffled_1', 'T7_shuffled_2', 'RH_7_shuffled_1', 'RH_7_shuffled_2', 'T8_shuffled_1', 'T8_shuffled_2', 'RH_8_shuffled_1', 'RH_8_shuffled_2', 'T9_shuffled_1', 'T9_shuffled_2', 'RH_9_shuffled_1', 'RH_9_shuffled_2', 'T_out_shuffled_1', 'T_out_shuffled_2', 'Press_mm_hg_shuffled_1', 'Press_mm_hg_shuffled_2', 'RH_out_shuffled_1', 'RH_out_shuffled_2', 'Windspeed_shuffled_1', 'Windspeed_shuffled_2', 'Visibility_shuffled_1', 'Visibility_shuffled_2', 'Tdewpoint_shuffled_1', 'Tdewpoint_shuffled_2', 'rv1_shuffled_1', 'rv1_shuffled_2', 'rv2_shuffled_1', 'rv2_shuffled_2']",True,84,56,0.6666666666666666,0.0051,
appliances,laplacian_score,"['Appliances', 'T1', 'RH_1', 'T2', 'RH_2', 'T3', 'RH_3', 'T4', 'RH_4', 'T5', 'RH_5', 'T6', 'RH_6', 'T7', 'RH_7', 'T8', 'RH_8', 'T9', 'RH_9', 'T_out', 'Press_mm_hg', 'RH_out', 'Tdewpoint', 'rv1', 'rv2', 'RH_4_shuffled_2']",True,26,1,0.038461538461538464,9.2,
appliances,spec,"['Appliances', 'lights_shuffled_2']",True,2,1,0.5,285.4062,
appliances,mcfs,"['Appliances', 'T1', 'T2', 'RH_2', 'T3', 'T4', 'T5', 'RH_5', 'T6', 'RH_6', 'T7', 'T8', 'T9', 'T_out', 'RH_out', 'Tdewpoint', 'rv1']",True,17,0,0.0,282.2578,
appliances,ndfs,"['T2', 'noise_categorical_2']",False,2,1,0.5,282.0796,
appliances,rsr,"['T1', 'RH_4', 'T5', 'T_out', 'noise_categorical_2']",False,5,1,0.2,531.3786,
appliances,agufs,"['Appliances', 'lights', 'T1', 'RH_1', 'T2', 'RH_2', 'T3', 'RH_3', 'T4', 'RH_4', 'T5', 'RH_5', 'T6', 'RH_6', 'T7', 'RH_7', 'T8', 'RH_8', 'T9', 'RH_9', 'T_out', 'Press_mm_hg', 'RH_out', 'Windspeed', 'Visibility', 'Tdewpoint', 'rv1', 'rv2', 'noise_numeric_1', 'noise_numeric_2', 'lights_shuffled_1', 'lights_shuffled_2', 'T1_shuffled_1', 'T1_shuffled_2', 'RH_1_shuffled_1', 'RH_1_shuffled_2', 'T2_shuffled_1', 'T2_shuffled_2', 'RH_2_shuffled_1', 'RH_2_shuffled_2', 'T3_shuffled_1', 'T3_shuffled_2', 'RH_3_shuffled_1', 'RH_3_shuffled_2', 'T4_shuffled_1', 'T4_shuffled_2', 'RH_4_shuffled_1', 'RH_4_shuffled_2', 'T5_shuffled_1', 'T5_shuffled_2', 'RH_5_shuffled_1', 'RH_5_shuffled_2', 'T6_shuffled_1', 'T6_shuffled_2', 'RH_6_shuffled_1', 'RH_6_shuffled_2', 'T7_shuffled_1', 'T7_shuffled_2', 'RH_7_shuffled_1', 'RH_7_shuffled_2', 'T8_shuffled_1', 'T8_shuffled_2', 'RH_8_shuffled_1', 'RH_8_shuffled_2', 'T9_shuffled_1', 'T9_shuffled_2', 'RH_9_shuffled_1', 'RH_9_shuffled_2', 'T_out_shuffled_1', 'T_out_shuffled_2', 'Press_mm_hg_shuffled_1', 'Press_mm_hg_shuffled_2', 'RH_out_shuffled_1', 'RH_out_shuffled_2', 'Windspeed_shuffled_1', 'Windspeed_shuffled_2', 'Visibility_shuffled_1', 'Visibility_shuffled_2', 'Tdewpoint_shuffled_1', 'Tdewpoint_shuffled_2', 'rv1_shuffled_1', 'rv1_shuffled_2', 'rv2_shuffled_1', 'rv2_shuffled_2']",True,84,56,0.6666666666666666,9.4358,
appliances,udfs_like,"['Appliances', 'lights', 'T1', 'RH_1', 'T2', 'RH_2', 'T3', 'RH_3', 'T4', 'RH_4', 'T5', 'RH_5', 'T6', 'RH_6', 'T7', 'RH_7', 'T8', 'RH_8', 'T9', 'RH_9', 'T_out', 'Press_mm_hg', 'RH_out', 'Windspeed', 'Tdewpoint', 'rv1', 'rv2', 'noise_categorical_1']",True,28,1,0.03571428571428571,40.598,
appliances,correlation_uniqueness,"['noise_numeric_1', 'noise_numeric_2', 'lights_shuffled_1', 'lights_shuffled_2', 'T1_shuffled_1', 'T1_shuffled_2', 'RH_1_shuffled_1', 'RH_1_shuffled_2', 'T2_shuffled_1', 'T2_shuffled_2', 'RH_2_shuffled_1', 'RH_2_shuffled_2', 'T3_shuffled_1', 'T3_shuffled_2', 'RH_3_shuffled_1', 'RH_3_shuffled_2', 'T4_shuffled_1', 'T4_shuffled_2', 'RH_4_shuffled_1', 'RH_4_shuffled_2', 'T5_shuffled_1', 'T5_shuffled_2', 'RH_5_shuffled_1', 'RH_5_shuffled_2', 'T6_shuffled_1', 'T6_shuffled_2', 'RH_6_shuffled_1', 'RH_6_shuffled_2', 'T7_shuffled_1', 'T7_shuffled_2', 'RH_7_shuffled_1', 'RH_7_shuffled_2', 'T8_shuffled_1', 'T8_shuffled_2', 'RH_8_shuffled_1', 'RH_8_shuffled_2', 'T9_shuffled_1', 'T9_shuffled_2', 'RH_9_shuffled_1', 'RH_9_shuffled_2', 'T_out_shuffled_1', 'T_out_shuffled_2', 'Press_mm_hg_shuffled_1', 'Press_mm_hg_shuffled_2', 'RH_out_shuffled_1', 'RH_out_shuffled_2', 'Windspeed_shuffled_1', 'Windspeed_shuffled_2', 'Visibility_shuffled_1', 'Visibility_shuffled_2', 'Tdewpoint_shuffled_1', 'Tdewpoint_shuffled_2', 'rv1_shuffled_1', 'rv1_shuffled_2', 'rv2_shuffled_1', 'rv2_shuffled_2', 'noise_categorical_1']",False,57,57,1.0,0.0088,
appliances,mrmr,"['T1', 'RH_1', 'T2', 'RH_2', 'T3', 'RH_3', 'T4', 'RH_4', 'T5', 'RH_5', 'T6', 'RH_6', 'T7', 'RH_7', 'T8', 'RH_8', 'T9', 'RH_9', 'T_out', 'Press_mm_hg', 'RH_out', 'Tdewpoint']",False,22,0,0.0,4.3268,
appliances,jmi,"['T1', 'RH_1', 'T2', 'RH_2', 'T3', 'RH_3', 'T4', 'RH_4', 'T5', 'RH_5', 'T6', 'RH_6', 'T7', 'RH_7', 'T8', 'RH_8', 'T9', 'RH_9', 'T_out', 'Press_mm_hg', 'RH_out', 'Visibility', 'Tdewpoint']",False,23,0,0.0,4.322,
appliances,cmim,"['Appliances', 'lights', 'T1', 'RH_1', 'T2', 'RH_2', 'T3', 'RH_3', 'T4', 'RH_4', 'T5', 'RH_5', 'T6', 'RH_6', 'T7', 'RH_7', 'T8', 'RH_8', 'T9', 'RH_9', 'T_out', 'Press_mm_hg', 'RH_out', 'Windspeed', 'Visibility', 'Tdewpoint', 'rv1', 'noise_numeric_1', 'noise_numeric_2', 'lights_shuffled_1', 'lights_shuffled_2', 'T1_shuffled_1', 'T1_shuffled_2', 'RH_1_shuffled_1', 'RH_1_shuffled_2', 'T2_shuffled_1', 'T2_shuffled_2', 'RH_2_shuffled_1', 'RH_2_shuffled_2', 'T3_shuffled_1', 'T3_shuffled_2', 'RH_3_shuffled_1', 'RH_3_shuffled_2', 'T4_shuffled_1', 'T4_shuffled_2', 'RH_4_shuffled_1', 'RH_4_shuffled_2', 'T5_shuffled_1', 'T5_shuffled_2', 'RH_5_shuffled_1', 'RH_5_shuffled_2', 'T6_shuffled_1', 'T6_shuffled_2', 'RH_6_shuffled_1', 'RH_6_shuffled_2', 'T7_shuffled_1', 'T7_shuffled_2', 'RH_7_shuffled_1', 'RH_7_shuffled_2', 'T8_shuffled_1', 'T8_shuffled_2', 'RH_8_shuffled_1', 'RH_8_shuffled_2', 'T9_shuffled_1', 'T9_shuffled_2', 'RH_9_shuffled_1', 'RH_9_shuffled_2', 'T_out_shuffled_1', 'T_out_shuffled_2', 'Press_mm_hg_shuffled_1', 'Press_mm_hg_shuffled_2', 'RH_out_shuffled_1', 'RH_out_shuffled_2', 'Windspeed_shuffled_1', 'Windspeed_shuffled_2', 'Visibility_shuffled_1', 'Visibility_shuffled_2', 'Tdewpoint_shuffled_1', 'Tdewpoint_shuffled_2', 'rv1_shuffled_1', 'rv1_shuffled_2', 'rv2_shuffled_1', 'rv2_shuffled_2', 'noise_categorical_1', 'noise_categorical_2']",True,85,58,0.6823529411764706,4.3228,
appliances,inf_fs,"['RH_7', 'noise_categorical_1', 'noise_categorical_2']",False,3,2,0.6666666666666666,0.0128,
appliances,cluster_dispersion,"['T1', 'RH_1', 'T2', 'RH_2', 'T3', 'RH_3', 'T4', 'RH_4', 'T5', 'T6', 'RH_6', 'T7', 'RH_7', 'T8', 'RH_8', 'T9', 'RH_9', 'T_out', 'RH_out', 'Windspeed', 'Tdewpoint']",False,21,0,0.0,0.2548,
appliances,principal_feature_analysis,"['Appliances', 'lights', 'T1', 'RH_1', 'T2', 'RH_2', 'T3', 'RH_3', 'T4', 'RH_4', 'T5', 'RH_5', 'T6', 'RH_6', 'T7', 'RH_7', 'T8', 'RH_8', 'T9', 'RH_9', 'T_out', 'RH_out', 'Windspeed', 'Tdewpoint', 'rv1', 'rv2']",True,26,0,0.0,0.0168,
appliances,feature_cluster_representative,"['RH_4', 'T9', 'rv1', 'T8_shuffled_2', 'noise_categorical_1']",False,5,2,0.4,0.1569,
appliances,cae,"['T9', 'RH_9', 'rv2', 'RH_2_shuffled_2', 'T8_shuffled_1', 'RH_8_shuffled_2', 'Tdewpoint_shuffled_2', 'noise_categorical_1', 'noise_categorical_2']",False,9,6,0.6666666666666666,0.2511,
appliances,lima,"['Appliances', 'Press_mm_hg', 'RH_1', 'RH_2', 'RH_3', 'RH_4', 'RH_5', 'RH_6', 'RH_7', 'RH_8', 'RH_9', 'RH_out', 'T1', 'T2', 'T3', 'T4', 'T5', 'T6', 'T7', 'T8', 'T9', 'T_out', 'Tdewpoint', 'Windspeed', 'lights', 'rv1', 'rv2']",True,27,0,0.0,5.05,
superconductivity,variance_score,"['critical_temp', 'number_of_elements', 'mean_atomic_mass', 'wtd_mean_atomic_mass', 'gmean_atomic_mass', 'wtd_gmean_atomic_mass', 'entropy_atomic_mass', 'wtd_entropy_atomic_mass', 'range_atomic_mass', 'wtd_range_atomic_mass', 'std_atomic_mass', 'wtd_std_atomic_mass', 'mean_fie', 'wtd_mean_fie', 'gmean_fie', 'wtd_gmean_fie', 'entropy_fie', 'wtd_entropy_fie', 'range_fie', 'wtd_range_fie', 'std_fie', 'wtd_std_fie', 'mean_atomic_radius', 'wtd_mean_atomic_radius', 'gmean_atomic_radius', 'wtd_gmean_atomic_radius', 'entropy_atomic_radius', 'wtd_entropy_atomic_radius', 'range_atomic_radius', 'wtd_range_atomic_radius', 'std_atomic_radius', 'wtd_std_atomic_radius', 'mean_Density', 'wtd_mean_Density', 'gmean_Density', 'wtd_gmean_Density', 'entropy_Density', 'wtd_entropy_Density', 'range_Density', 'wtd_range_Density', 'std_Density', 'wtd_std_Density', 'mean_ElectronAffinity', 'wtd_mean_ElectronAffinity', 'gmean_ElectronAffinity', 'wtd_gmean_ElectronAffinity', 'entropy_ElectronAffinity', 'wtd_entropy_ElectronAffinity', 'range_ElectronAffinity', 'wtd_range_ElectronAffinity', 'std_ElectronAffinity', 'wtd_std_ElectronAffinity', 'mean_FusionHeat', 'wtd_mean_FusionHeat', 'gmean_FusionHeat', 'wtd_gmean_FusionHeat', 'entropy_FusionHeat', 'wtd_entropy_FusionHeat', 'range_FusionHeat', 'wtd_range_FusionHeat', 'std_FusionHeat', 'wtd_std_FusionHeat', 'mean_ThermalConductivity', 'wtd_mean_ThermalConductivity', 'gmean_ThermalConductivity', 'wtd_gmean_ThermalConductivity', 'entropy_ThermalConductivity', 'wtd_entropy_ThermalConductivity', 'range_ThermalConductivity', 'wtd_range_ThermalConductivity', 'std_ThermalConductivity', 'wtd_std_ThermalConductivity', 'mean_Valence', 'wtd_mean_Valence', 'gmean_Valence', 'wtd_gmean_Valence', 'entropy_Valence', 'wtd_entropy_Valence', 'range_Valence', 'wtd_range_Valence', 'std_Valence', 'wtd_std_Valence', 'noise_numeric_1', 'noise_numeric_2', 'number_of_elements_shuffled_1', 'number_of_elements_shuffled_2', 'mean_atomic_mass_shuffled_1', 'mean_atomic_mass_shuffled_2', 'wtd_mean_atomic_mass_shuffled_1', 'wtd_mean_atomic_mass_shuffled_2', 'gmean_atomic_mass_shuffled_1', 'gmean_atomic_mass_shuffled_2', 'wtd_gmean_atomic_mass_shuffled_1', 'wtd_gmean_atomic_mass_shuffled_2', 'entropy_atomic_mass_shuffled_1', 'entropy_atomic_mass_shuffled_2', 'wtd_entropy_atomic_mass_shuffled_1', 'wtd_entropy_atomic_mass_shuffled_2', 'range_atomic_mass_shuffled_1', 'range_atomic_mass_shuffled_2', 'wtd_range_atomic_mass_shuffled_1', 'wtd_range_atomic_mass_shuffled_2', 'std_atomic_mass_shuffled_1', 'std_atomic_mass_shuffled_2', 'wtd_std_atomic_mass_shuffled_1', 'wtd_std_atomic_mass_shuffled_2', 'mean_fie_shuffled_1', 'mean_fie_shuffled_2', 'wtd_mean_fie_shuffled_1', 'wtd_mean_fie_shuffled_2', 'gmean_fie_shuffled_1', 'gmean_fie_shuffled_2', 'wtd_gmean_fie_shuffled_1', 'wtd_gmean_fie_shuffled_2', 'entropy_fie_shuffled_1', 'entropy_fie_shuffled_2', 'wtd_entropy_fie_shuffled_1', 'wtd_entropy_fie_shuffled_2', 'range_fie_shuffled_1', 'range_fie_shuffled_2', 'wtd_range_fie_shuffled_1', 'wtd_range_fie_shuffled_2', 'std_fie_shuffled_1', 'std_fie_shuffled_2', 'wtd_std_fie_shuffled_1', 'wtd_std_fie_shuffled_2', 'mean_atomic_radius_shuffled_1', 'mean_atomic_radius_shuffled_2', 'wtd_mean_atomic_radius_shuffled_1', 'wtd_mean_atomic_radius_shuffled_2', 'gmean_atomic_radius_shuffled_1', 'gmean_atomic_radius_shuffled_2', 'wtd_gmean_atomic_radius_shuffled_1', 'wtd_gmean_atomic_radius_shuffled_2', 'entropy_atomic_radius_shuffled_1', 'entropy_atomic_radius_shuffled_2', 'wtd_entropy_atomic_radius_shuffled_1', 'wtd_entropy_atomic_radius_shuffled_2', 'range_atomic_radius_shuffled_1', 'range_atomic_radius_shuffled_2', 'wtd_range_atomic_radius_shuffled_1', 'wtd_range_atomic_radius_shuffled_2', 'std_atomic_radius_shuffled_1', 'std_atomic_radius_shuffled_2', 'wtd_std_atomic_radius_shuffled_1', 'wtd_std_atomic_radius_shuffled_2', 'mean_Density_shuffled_1', 'mean_Density_shuffled_2', 'wtd_mean_Density_shuffled_1', 'wtd_mean_Density_shuffled_2', 'gmean_Density_shuffled_1', 'gmean_Density_shuffled_2', 'wtd_gmean_Density_shuffled_1', 'wtd_gmean_Density_shuffled_2', 'entropy_Density_shuffled_1', 'entropy_Density_shuffled_2', 'wtd_entropy_Density_shuffled_1', 'wtd_entropy_Density_shuffled_2', 'range_Density_shuffled_1', 'range_Density_shuffled_2', 'wtd_range_Density_shuffled_1', 'wtd_range_Density_shuffled_2', 'std_Density_shuffled_1', 'std_Density_shuffled_2', 'wtd_std_Density_shuffled_1', 'wtd_std_Density_shuffled_2', 'mean_ElectronAffinity_shuffled_1', 'mean_ElectronAffinity_shuffled_2', 'wtd_mean_ElectronAffinity_shuffled_1', 'wtd_mean_ElectronAffinity_shuffled_2', 'gmean_ElectronAffinity_shuffled_1', 'gmean_ElectronAffinity_shuffled_2', 'wtd_gmean_ElectronAffinity_shuffled_1', 'wtd_gmean_ElectronAffinity_shuffled_2', 'entropy_ElectronAffinity_shuffled_1', 'entropy_ElectronAffinity_shuffled_2', 'wtd_entropy_ElectronAffinity_shuffled_1', 'wtd_entropy_ElectronAffinity_shuffled_2', 'range_ElectronAffinity_shuffled_1', 'range_ElectronAffinity_shuffled_2', 'wtd_range_ElectronAffinity_shuffled_1', 'wtd_range_ElectronAffinity_shuffled_2', 'std_ElectronAffinity_shuffled_1', 'std_ElectronAffinity_shuffled_2', 'wtd_std_ElectronAffinity_shuffled_1', 'wtd_std_ElectronAffinity_shuffled_2', 'mean_FusionHeat_shuffled_1', 'mean_FusionHeat_shuffled_2', 'wtd_mean_FusionHeat_shuffled_1', 'wtd_mean_FusionHeat_shuffled_2', 'gmean_FusionHeat_shuffled_1', 'gmean_FusionHeat_shuffled_2', 'wtd_gmean_FusionHeat_shuffled_1', 'wtd_gmean_FusionHeat_shuffled_2', 'entropy_FusionHeat_shuffled_1', 'entropy_FusionHeat_shuffled_2', 'wtd_entropy_FusionHeat_shuffled_1', 'wtd_entropy_FusionHeat_shuffled_2', 'range_FusionHeat_shuffled_1', 'range_FusionHeat_shuffled_2', 'wtd_range_FusionHeat_shuffled_1', 'wtd_range_FusionHeat_shuffled_2', 'std_FusionHeat_shuffled_1', 'std_FusionHeat_shuffled_2', 'wtd_std_FusionHeat_shuffled_1', 'wtd_std_FusionHeat_shuffled_2', 'mean_ThermalConductivity_shuffled_1', 'mean_ThermalConductivity_shuffled_2', 'wtd_mean_ThermalConductivity_shuffled_1', 'wtd_mean_ThermalConductivity_shuffled_2', 'gmean_ThermalConductivity_shuffled_1', 'gmean_ThermalConductivity_shuffled_2', 'wtd_gmean_ThermalConductivity_shuffled_1', 'wtd_gmean_ThermalConductivity_shuffled_2', 'entropy_ThermalConductivity_shuffled_1', 'entropy_ThermalConductivity_shuffled_2', 'wtd_entropy_ThermalConductivity_shuffled_1', 'wtd_entropy_ThermalConductivity_shuffled_2', 'range_ThermalConductivity_shuffled_1', 'range_ThermalConductivity_shuffled_2', 'wtd_range_ThermalConductivity_shuffled_1', 'wtd_range_ThermalConductivity_shuffled_2', 'std_ThermalConductivity_shuffled_1', 'std_ThermalConductivity_shuffled_2', 'wtd_std_ThermalConductivity_shuffled_1', 'wtd_std_ThermalConductivity_shuffled_2', 'mean_Valence_shuffled_1', 'mean_Valence_shuffled_2', 'wtd_mean_Valence_shuffled_1', 'wtd_mean_Valence_shuffled_2', 'gmean_Valence_shuffled_1', 'gmean_Valence_shuffled_2', 'wtd_gmean_Valence_shuffled_1', 'wtd_gmean_Valence_shuffled_2', 'entropy_Valence_shuffled_1', 'entropy_Valence_shuffled_2', 'wtd_entropy_Valence_shuffled_1', 'wtd_entropy_Valence_shuffled_2', 'range_Valence_shuffled_1', 'range_Valence_shuffled_2', 'wtd_range_Valence_shuffled_1', 'wtd_range_Valence_shuffled_2', 'std_Valence_shuffled_1', 'std_Valence_shuffled_2', 'wtd_std_Valence_shuffled_1', 'wtd_std_Valence_shuffled_2']",True,246,164,0.6666666666666666,0.0163,
superconductivity,laplacian_score,"['critical_temp', 'number_of_elements', 'mean_atomic_mass', 'wtd_mean_atomic_mass', 'gmean_atomic_mass', 'wtd_gmean_atomic_mass', 'entropy_atomic_mass', 'wtd_entropy_atomic_mass', 'range_atomic_mass', 'wtd_range_atomic_mass', 'std_atomic_mass', 'wtd_std_atomic_mass', 'mean_fie', 'wtd_mean_fie', 'gmean_fie', 'wtd_gmean_fie', 'entropy_fie', 'wtd_entropy_fie', 'range_fie', 'wtd_range_fie', 'std_fie', 'wtd_std_fie', 'mean_atomic_radius', 'wtd_mean_atomic_radius', 'gmean_atomic_radius', 'wtd_gmean_atomic_radius', 'entropy_atomic_radius', 'wtd_entropy_atomic_radius', 'range_atomic_radius', 'wtd_range_atomic_radius', 'std_atomic_radius', 'wtd_std_atomic_radius', 'mean_Density', 'wtd_mean_Density', 'gmean_Density', 'wtd_gmean_Density', 'entropy_Density', 'wtd_entropy_Density', 'range_Density', 'wtd_range_Density', 'std_Density', 'wtd_std_Density', 'mean_ElectronAffinity', 'wtd_mean_ElectronAffinity', 'gmean_ElectronAffinity', 'wtd_gmean_ElectronAffinity', 'entropy_ElectronAffinity', 'wtd_entropy_ElectronAffinity', 'range_ElectronAffinity', 'wtd_range_ElectronAffinity', 'std_ElectronAffinity', 'wtd_std_ElectronAffinity', 'mean_FusionHeat', 'wtd_mean_FusionHeat', 'gmean_FusionHeat', 'wtd_gmean_FusionHeat', 'entropy_FusionHeat', 'wtd_entropy_FusionHeat', 'range_FusionHeat', 'wtd_range_FusionHeat', 'std_FusionHeat', 'wtd_std_FusionHeat', 'mean_ThermalConductivity', 'wtd_mean_ThermalConductivity', 'gmean_ThermalConductivity', 'wtd_gmean_ThermalConductivity', 'entropy_ThermalConductivity', 'wtd_entropy_ThermalConductivity', 'range_ThermalConductivity', 'wtd_range_ThermalConductivity', 'std_ThermalConductivity', 'wtd_std_ThermalConductivity', 'mean_Valence', 'wtd_mean_Valence', 'gmean_Valence', 'wtd_gmean_Valence', 'entropy_Valence', 'wtd_entropy_Valence', 'range_Valence', 'wtd_range_Valence', 'std_Valence', 'wtd_std_Valence', 'noise_numeric_1', 'noise_numeric_2', 'number_of_elements_shuffled_1', 'number_of_elements_shuffled_2', 'mean_atomic_mass_shuffled_1', 'mean_atomic_mass_shuffled_2', 'wtd_mean_atomic_mass_shuffled_1', 'wtd_mean_atomic_mass_shuffled_2', 'gmean_atomic_mass_shuffled_1', 'gmean_atomic_mass_shuffled_2', 'wtd_gmean_atomic_mass_shuffled_1', 'wtd_gmean_atomic_mass_shuffled_2', 'entropy_atomic_mass_shuffled_1', 'entropy_atomic_mass_shuffled_2', 'wtd_entropy_atomic_mass_shuffled_1', 'range_atomic_mass_shuffled_1', 'range_atomic_mass_shuffled_2', 'wtd_range_atomic_mass_shuffled_1', 'wtd_range_atomic_mass_shuffled_2', 'std_atomic_mass_shuffled_1', 'std_atomic_mass_shuffled_2', 'wtd_std_atomic_mass_shuffled_1', 'wtd_std_atomic_mass_shuffled_2', 'mean_fie_shuffled_1', 'mean_fie_shuffled_2', 'wtd_mean_fie_shuffled_1', 'wtd_mean_fie_shuffled_2', 'gmean_fie_shuffled_1', 'gmean_fie_shuffled_2', 'wtd_gmean_fie_shuffled_2', 'entropy_fie_shuffled_1', 'entropy_fie_shuffled_2', 'wtd_entropy_fie_shuffled_1', 'wtd_entropy_fie_shuffled_2', 'range_fie_shuffled_1', 'range_fie_shuffled_2', 'wtd_range_fie_shuffled_1', 'wtd_range_fie_shuffled_2', 'std_fie_shuffled_1', 'std_fie_shuffled_2', 'wtd_std_fie_shuffled_1', 'wtd_std_fie_shuffled_2', 'mean_atomic_radius_shuffled_1', 'mean_atomic_radius_shuffled_2', 'wtd_mean_atomic_radius_shuffled_1', 'wtd_mean_atomic_radius_shuffled_2', 'gmean_atomic_radius_shuffled_1', 'gmean_atomic_radius_shuffled_2', 'wtd_gmean_atomic_radius_shuffled_1', 'wtd_gmean_atomic_radius_shuffled_2', 'entropy_atomic_radius_shuffled_1', 'entropy_atomic_radius_shuffled_2', 'wtd_entropy_atomic_radius_shuffled_1', 'wtd_entropy_atomic_radius_shuffled_2', 'range_atomic_radius_shuffled_1', 'range_atomic_radius_shuffled_2', 'wtd_range_atomic_radius_shuffled_1', 'wtd_range_atomic_radius_shuffled_2', 'std_atomic_radius_shuffled_1', 'std_atomic_radius_shuffled_2', 'wtd_std_atomic_radius_shuffled_1', 'wtd_std_atomic_radius_shuffled_2', 'mean_Density_shuffled_1', 'mean_Density_shuffled_2', 'wtd_mean_Density_shuffled_1', 'wtd_mean_Density_shuffled_2', 'gmean_Density_shuffled_1', 'gmean_Density_shuffled_2', 'wtd_gmean_Density_shuffled_1', 'wtd_gmean_Density_shuffled_2', 'entropy_Density_shuffled_1', 'entropy_Density_shuffled_2', 'wtd_entropy_Density_shuffled_1', 'wtd_entropy_Density_shuffled_2', 'range_Density_shuffled_1', 'range_Density_shuffled_2', 'wtd_range_Density_shuffled_1', 'wtd_range_Density_shuffled_2', 'std_Density_shuffled_1', 'std_Density_shuffled_2', 'wtd_std_Density_shuffled_1', 'wtd_std_Density_shuffled_2', 'mean_ElectronAffinity_shuffled_1', 'mean_ElectronAffinity_shuffled_2', 'wtd_mean_ElectronAffinity_shuffled_1', 'wtd_mean_ElectronAffinity_shuffled_2', 'gmean_ElectronAffinity_shuffled_1', 'gmean_ElectronAffinity_shuffled_2', 'wtd_gmean_ElectronAffinity_shuffled_1', 'wtd_gmean_ElectronAffinity_shuffled_2', 'entropy_ElectronAffinity_shuffled_1', 'entropy_ElectronAffinity_shuffled_2', 'wtd_entropy_ElectronAffinity_shuffled_1', 'wtd_entropy_ElectronAffinity_shuffled_2', 'range_ElectronAffinity_shuffled_1', 'range_ElectronAffinity_shuffled_2', 'wtd_range_ElectronAffinity_shuffled_1', 'wtd_range_ElectronAffinity_shuffled_2', 'std_ElectronAffinity_shuffled_1', 'std_ElectronAffinity_shuffled_2', 'wtd_std_ElectronAffinity_shuffled_1', 'wtd_std_ElectronAffinity_shuffled_2', 'mean_FusionHeat_shuffled_1', 'mean_FusionHeat_shuffled_2', 'wtd_mean_FusionHeat_shuffled_1', 'wtd_mean_FusionHeat_shuffled_2', 'gmean_FusionHeat_shuffled_1', 'gmean_FusionHeat_shuffled_2', 'wtd_gmean_FusionHeat_shuffled_1', 'wtd_gmean_FusionHeat_shuffled_2', 'entropy_FusionHeat_shuffled_1', 'entropy_FusionHeat_shuffled_2', 'wtd_entropy_FusionHeat_shuffled_1', 'wtd_entropy_FusionHeat_shuffled_2', 'range_FusionHeat_shuffled_1', 'range_FusionHeat_shuffled_2', 'wtd_range_FusionHeat_shuffled_1', 'wtd_range_FusionHeat_shuffled_2', 'std_FusionHeat_shuffled_1', 'std_FusionHeat_shuffled_2', 'wtd_std_FusionHeat_shuffled_1', 'wtd_std_FusionHeat_shuffled_2', 'mean_ThermalConductivity_shuffled_1', 'mean_ThermalConductivity_shuffled_2', 'wtd_mean_ThermalConductivity_shuffled_1', 'wtd_mean_ThermalConductivity_shuffled_2', 'gmean_ThermalConductivity_shuffled_1', 'gmean_ThermalConductivity_shuffled_2', 'wtd_gmean_ThermalConductivity_shuffled_1', 'wtd_gmean_ThermalConductivity_shuffled_2', 'entropy_ThermalConductivity_shuffled_1', 'entropy_ThermalConductivity_shuffled_2', 'wtd_entropy_ThermalConductivity_shuffled_1', 'wtd_entropy_ThermalConductivity_shuffled_2', 'range_ThermalConductivity_shuffled_1', 'range_ThermalConductivity_shuffled_2', 'wtd_range_ThermalConductivity_shuffled_1', 'wtd_range_ThermalConductivity_shuffled_2', 'std_ThermalConductivity_shuffled_1', 'std_ThermalConductivity_shuffled_2', 'wtd_std_ThermalConductivity_shuffled_1', 'wtd_std_ThermalConductivity_shuffled_2', 'mean_Valence_shuffled_1', 'mean_Valence_shuffled_2', 'wtd_mean_Valence_shuffled_1', 'wtd_mean_Valence_shuffled_2', 'gmean_Valence_shuffled_1', 'gmean_Valence_shuffled_2', 'wtd_gmean_Valence_shuffled_1', 'wtd_gmean_Valence_shuffled_2', 'entropy_Valence_shuffled_1', 'entropy_Valence_shuffled_2', 'wtd_entropy_Valence_shuffled_1', 'wtd_entropy_Valence_shuffled_2', 'range_Valence_shuffled_1', 'range_Valence_shuffled_2', 'wtd_range_Valence_shuffled_1', 'wtd_range_Valence_shuffled_2', 'std_Valence_shuffled_1', 'std_Valence_shuffled_2', 'wtd_std_Valence_shuffled_1', 'wtd_std_Valence_shuffled_2', 'noise_categorical_1', 'noise_categorical_2']",True,246,164,0.6666666666666666,25.4992,
superconductivity,spec,"['mean_fie', 'gmean_fie', 'mean_ElectronAffinity', 'gmean_ElectronAffinity', 'wtd_mean_ThermalConductivity', 'wtd_range_ThermalConductivity', 'range_FusionHeat_shuffled_1']",False,7,1,0.14285714285714285,354.6082,
superconductivity,mcfs,"['mean_fie', 'gmean_fie', 'mean_atomic_radius', 'gmean_atomic_radius', 'wtd_entropy_Density', 'mean_FusionHeat', 'wtd_mean_FusionHeat', 'gmean_FusionHeat', 'wtd_gmean_FusionHeat', 'wtd_range_FusionHeat']",False,10,0,0.0,343.4398,
superconductivity,ndfs,['noise_categorical_2'],False,1,1,1.0,342.6418,
superconductivity,rsr,"['mean_fie', 'gmean_FusionHeat']",False,2,0,0.0,1108.8461,
superconductivity,agufs,"['critical_temp', 'number_of_elements', 'mean_atomic_mass', 'wtd_mean_atomic_mass', 'gmean_atomic_mass', 'wtd_gmean_atomic_mass', 'entropy_atomic_mass', 'wtd_entropy_atomic_mass', 'range_atomic_mass', 'wtd_range_atomic_mass', 'std_atomic_mass', 'wtd_std_atomic_mass', 'mean_fie', 'wtd_mean_fie', 'gmean_fie', 'wtd_gmean_fie', 'entropy_fie', 'wtd_entropy_fie', 'range_fie', 'wtd_range_fie', 'std_fie', 'wtd_std_fie', 'mean_atomic_radius', 'wtd_mean_atomic_radius', 'gmean_atomic_radius', 'wtd_gmean_atomic_radius', 'entropy_atomic_radius', 'wtd_entropy_atomic_radius', 'range_atomic_radius', 'wtd_range_atomic_radius', 'std_atomic_radius', 'wtd_std_atomic_radius', 'mean_Density', 'wtd_mean_Density', 'gmean_Density', 'wtd_gmean_Density', 'entropy_Density', 'wtd_entropy_Density', 'range_Density', 'wtd_range_Density', 'std_Density', 'wtd_std_Density', 'mean_ElectronAffinity', 'wtd_mean_ElectronAffinity', 'gmean_ElectronAffinity', 'wtd_gmean_ElectronAffinity', 'entropy_ElectronAffinity', 'wtd_entropy_ElectronAffinity', 'range_ElectronAffinity', 'wtd_range_ElectronAffinity', 'std_ElectronAffinity', 'wtd_std_ElectronAffinity', 'mean_FusionHeat', 'wtd_mean_FusionHeat', 'gmean_FusionHeat', 'wtd_gmean_FusionHeat', 'entropy_FusionHeat', 'wtd_entropy_FusionHeat', 'range_FusionHeat', 'wtd_range_FusionHeat', 'std_FusionHeat', 'wtd_std_FusionHeat', 'mean_ThermalConductivity', 'wtd_mean_ThermalConductivity', 'gmean_ThermalConductivity', 'wtd_gmean_ThermalConductivity', 'entropy_ThermalConductivity', 'wtd_entropy_ThermalConductivity', 'range_ThermalConductivity', 'wtd_range_ThermalConductivity', 'std_ThermalConductivity', 'wtd_std_ThermalConductivity', 'mean_Valence', 'wtd_mean_Valence', 'gmean_Valence', 'wtd_gmean_Valence', 'entropy_Valence', 'wtd_entropy_Valence', 'range_Valence', 'wtd_range_Valence', 'std_Valence', 'wtd_std_Valence', 'noise_numeric_1', 'noise_numeric_2', 'number_of_elements_shuffled_1', 'number_of_elements_shuffled_2', 'mean_atomic_mass_shuffled_1', 'mean_atomic_mass_shuffled_2', 'wtd_mean_atomic_mass_shuffled_1', 'wtd_mean_atomic_mass_shuffled_2', 'gmean_atomic_mass_shuffled_1', 'gmean_atomic_mass_shuffled_2', 'wtd_gmean_atomic_mass_shuffled_1', 'wtd_gmean_atomic_mass_shuffled_2', 'entropy_atomic_mass_shuffled_1', 'entropy_atomic_mass_shuffled_2', 'wtd_entropy_atomic_mass_shuffled_1', 'wtd_entropy_atomic_mass_shuffled_2', 'range_atomic_mass_shuffled_1', 'range_atomic_mass_shuffled_2', 'wtd_range_atomic_mass_shuffled_1', 'wtd_range_atomic_mass_shuffled_2', 'std_atomic_mass_shuffled_1', 'std_atomic_mass_shuffled_2', 'wtd_std_atomic_mass_shuffled_1', 'wtd_std_atomic_mass_shuffled_2', 'mean_fie_shuffled_1', 'mean_fie_shuffled_2', 'wtd_mean_fie_shuffled_1', 'wtd_mean_fie_shuffled_2', 'gmean_fie_shuffled_1', 'gmean_fie_shuffled_2', 'wtd_gmean_fie_shuffled_1', 'wtd_gmean_fie_shuffled_2', 'entropy_fie_shuffled_1', 'entropy_fie_shuffled_2', 'wtd_entropy_fie_shuffled_1', 'wtd_entropy_fie_shuffled_2', 'range_fie_shuffled_1', 'range_fie_shuffled_2', 'wtd_range_fie_shuffled_1', 'wtd_range_fie_shuffled_2', 'std_fie_shuffled_1', 'std_fie_shuffled_2', 'wtd_std_fie_shuffled_1', 'wtd_std_fie_shuffled_2', 'mean_atomic_radius_shuffled_1', 'mean_atomic_radius_shuffled_2', 'wtd_mean_atomic_radius_shuffled_1', 'wtd_mean_atomic_radius_shuffled_2', 'gmean_atomic_radius_shuffled_1', 'gmean_atomic_radius_shuffled_2', 'wtd_gmean_atomic_radius_shuffled_1', 'wtd_gmean_atomic_radius_shuffled_2', 'entropy_atomic_radius_shuffled_1', 'entropy_atomic_radius_shuffled_2', 'wtd_entropy_atomic_radius_shuffled_1', 'wtd_entropy_atomic_radius_shuffled_2', 'range_atomic_radius_shuffled_1', 'range_atomic_radius_shuffled_2', 'wtd_range_atomic_radius_shuffled_1', 'wtd_range_atomic_radius_shuffled_2', 'std_atomic_radius_shuffled_1', 'std_atomic_radius_shuffled_2', 'wtd_std_atomic_radius_shuffled_1', 'wtd_std_atomic_radius_shuffled_2', 'mean_Density_shuffled_1', 'mean_Density_shuffled_2', 'wtd_mean_Density_shuffled_1', 'wtd_mean_Density_shuffled_2', 'gmean_Density_shuffled_1', 'gmean_Density_shuffled_2', 'wtd_gmean_Density_shuffled_1', 'wtd_gmean_Density_shuffled_2', 'entropy_Density_shuffled_1', 'entropy_Density_shuffled_2', 'wtd_entropy_Density_shuffled_1', 'wtd_entropy_Density_shuffled_2', 'range_Density_shuffled_1', 'range_Density_shuffled_2', 'wtd_range_Density_shuffled_1', 'wtd_range_Density_shuffled_2', 'std_Density_shuffled_1', 'std_Density_shuffled_2', 'wtd_std_Density_shuffled_1', 'wtd_std_Density_shuffled_2', 'mean_ElectronAffinity_shuffled_1', 'mean_ElectronAffinity_shuffled_2', 'wtd_mean_ElectronAffinity_shuffled_1', 'wtd_mean_ElectronAffinity_shuffled_2', 'gmean_ElectronAffinity_shuffled_1', 'gmean_ElectronAffinity_shuffled_2', 'wtd_gmean_ElectronAffinity_shuffled_1', 'wtd_gmean_ElectronAffinity_shuffled_2', 'entropy_ElectronAffinity_shuffled_1', 'entropy_ElectronAffinity_shuffled_2', 'wtd_entropy_ElectronAffinity_shuffled_1', 'wtd_entropy_ElectronAffinity_shuffled_2', 'range_ElectronAffinity_shuffled_1', 'range_ElectronAffinity_shuffled_2', 'wtd_range_ElectronAffinity_shuffled_1', 'wtd_range_ElectronAffinity_shuffled_2', 'std_ElectronAffinity_shuffled_1', 'std_ElectronAffinity_shuffled_2', 'wtd_std_ElectronAffinity_shuffled_1', 'wtd_std_ElectronAffinity_shuffled_2', 'mean_FusionHeat_shuffled_1', 'mean_FusionHeat_shuffled_2', 'wtd_mean_FusionHeat_shuffled_1', 'wtd_mean_FusionHeat_shuffled_2', 'gmean_FusionHeat_shuffled_1', 'gmean_FusionHeat_shuffled_2', 'wtd_gmean_FusionHeat_shuffled_1', 'wtd_gmean_FusionHeat_shuffled_2', 'entropy_FusionHeat_shuffled_1', 'entropy_FusionHeat_shuffled_2', 'wtd_entropy_FusionHeat_shuffled_1', 'wtd_entropy_FusionHeat_shuffled_2', 'range_FusionHeat_shuffled_1', 'range_FusionHeat_shuffled_2', 'wtd_range_FusionHeat_shuffled_1', 'wtd_range_FusionHeat_shuffled_2', 'std_FusionHeat_shuffled_1', 'std_FusionHeat_shuffled_2', 'wtd_std_FusionHeat_shuffled_1', 'wtd_std_FusionHeat_shuffled_2', 'mean_ThermalConductivity_shuffled_1', 'mean_ThermalConductivity_shuffled_2', 'wtd_mean_ThermalConductivity_shuffled_1', 'wtd_mean_ThermalConductivity_shuffled_2', 'gmean_ThermalConductivity_shuffled_1', 'gmean_ThermalConductivity_shuffled_2', 'wtd_gmean_ThermalConductivity_shuffled_1', 'wtd_gmean_ThermalConductivity_shuffled_2', 'entropy_ThermalConductivity_shuffled_1', 'entropy_ThermalConductivity_shuffled_2', 'wtd_entropy_ThermalConductivity_shuffled_1', 'wtd_entropy_ThermalConductivity_shuffled_2', 'range_ThermalConductivity_shuffled_1', 'range_ThermalConductivity_shuffled_2', 'wtd_range_ThermalConductivity_shuffled_1', 'wtd_range_ThermalConductivity_shuffled_2', 'std_ThermalConductivity_shuffled_1', 'std_ThermalConductivity_shuffled_2', 'wtd_std_ThermalConductivity_shuffled_1', 'wtd_std_ThermalConductivity_shuffled_2', 'mean_Valence_shuffled_1', 'mean_Valence_shuffled_2', 'wtd_mean_Valence_shuffled_1', 'wtd_mean_Valence_shuffled_2', 'gmean_Valence_shuffled_1', 'gmean_Valence_shuffled_2', 'wtd_gmean_Valence_shuffled_1', 'wtd_gmean_Valence_shuffled_2', 'entropy_Valence_shuffled_1', 'entropy_Valence_shuffled_2', 'wtd_entropy_Valence_shuffled_1', 'wtd_entropy_Valence_shuffled_2', 'range_Valence_shuffled_1', 'range_Valence_shuffled_2', 'wtd_range_Valence_shuffled_1', 'wtd_range_Valence_shuffled_2', 'std_Valence_shuffled_1', 'std_Valence_shuffled_2', 'wtd_std_Valence_shuffled_1', 'wtd_std_Valence_shuffled_2']",True,246,164,0.6666666666666666,25.9175,
superconductivity,udfs_like,"['critical_temp', 'number_of_elements', 'mean_atomic_mass', 'wtd_mean_atomic_mass', 'gmean_atomic_mass', 'wtd_gmean_atomic_mass', 'entropy_atomic_mass', 'wtd_entropy_atomic_mass', 'range_atomic_mass', 'wtd_range_atomic_mass', 'std_atomic_mass', 'wtd_std_atomic_mass', 'mean_fie', 'wtd_mean_fie', 'gmean_fie', 'wtd_gmean_fie', 'entropy_fie', 'wtd_entropy_fie', 'range_fie', 'wtd_range_fie', 'std_fie', 'wtd_std_fie', 'mean_atomic_radius', 'wtd_mean_atomic_radius', 'gmean_atomic_radius', 'wtd_gmean_atomic_radius', 'entropy_atomic_radius', 'wtd_entropy_atomic_radius', 'range_atomic_radius', 'wtd_range_atomic_radius', 'std_atomic_radius', 'wtd_std_atomic_radius', 'mean_Density', 'wtd_mean_Density', 'gmean_Density', 'wtd_gmean_Density', 'entropy_Density', 'wtd_entropy_Density', 'range_Density', 'wtd_range_Density', 'std_Density', 'wtd_std_Density', 'mean_ElectronAffinity', 'wtd_mean_ElectronAffinity', 'gmean_ElectronAffinity', 'wtd_gmean_ElectronAffinity', 'entropy_ElectronAffinity', 'wtd_entropy_ElectronAffinity', 'range_ElectronAffinity', 'wtd_range_ElectronAffinity', 'std_ElectronAffinity', 'wtd_std_ElectronAffinity', 'mean_FusionHeat', 'wtd_mean_FusionHeat', 'gmean_FusionHeat', 'wtd_gmean_FusionHeat', 'entropy_FusionHeat', 'wtd_entropy_FusionHeat', 'range_FusionHeat', 'wtd_range_FusionHeat', 'std_FusionHeat', 'wtd_std_FusionHeat', 'mean_ThermalConductivity', 'wtd_mean_ThermalConductivity', 'gmean_ThermalConductivity', 'wtd_gmean_ThermalConductivity', 'entropy_ThermalConductivity', 'wtd_entropy_ThermalConductivity', 'range_ThermalConductivity', 'wtd_range_ThermalConductivity', 'std_ThermalConductivity', 'wtd_std_ThermalConductivity', 'mean_Valence', 'wtd_mean_Valence', 'gmean_Valence', 'wtd_gmean_Valence', 'entropy_Valence', 'wtd_entropy_Valence', 'range_Valence', 'wtd_range_Valence', 'std_Valence', 'wtd_std_Valence', 'noise_categorical_1']",True,83,1,0.012048192771084338,688.7226,
superconductivity,correlation_uniqueness,"['std_Valence', 'noise_numeric_1', 'noise_numeric_2', 'number_of_elements_shuffled_1', 'number_of_elements_shuffled_2', 'mean_atomic_mass_shuffled_1', 'mean_atomic_mass_shuffled_2', 'wtd_mean_atomic_mass_shuffled_1', 'wtd_mean_atomic_mass_shuffled_2', 'gmean_atomic_mass_shuffled_1', 'gmean_atomic_mass_shuffled_2', 'wtd_gmean_atomic_mass_shuffled_1', 'wtd_gmean_atomic_mass_shuffled_2', 'entropy_atomic_mass_shuffled_1', 'entropy_atomic_mass_shuffled_2', 'wtd_entropy_atomic_mass_shuffled_1', 'wtd_entropy_atomic_mass_shuffled_2', 'range_atomic_mass_shuffled_1', 'range_atomic_mass_shuffled_2', 'wtd_range_atomic_mass_shuffled_1', 'wtd_range_atomic_mass_shuffled_2', 'std_atomic_mass_shuffled_1', 'std_atomic_mass_shuffled_2', 'wtd_std_atomic_mass_shuffled_1', 'wtd_std_atomic_mass_shuffled_2', 'mean_fie_shuffled_1', 'mean_fie_shuffled_2', 'wtd_mean_fie_shuffled_1', 'wtd_mean_fie_shuffled_2', 'gmean_fie_shuffled_1', 'gmean_fie_shuffled_2', 'wtd_gmean_fie_shuffled_1', 'wtd_gmean_fie_shuffled_2', 'entropy_fie_shuffled_1', 'entropy_fie_shuffled_2', 'wtd_entropy_fie_shuffled_1', 'wtd_entropy_fie_shuffled_2', 'range_fie_shuffled_1', 'range_fie_shuffled_2', 'wtd_range_fie_shuffled_1', 'wtd_range_fie_shuffled_2', 'std_fie_shuffled_1', 'std_fie_shuffled_2', 'wtd_std_fie_shuffled_1', 'wtd_std_fie_shuffled_2', 'mean_atomic_radius_shuffled_1', 'mean_atomic_radius_shuffled_2', 'wtd_mean_atomic_radius_shuffled_1', 'wtd_mean_atomic_radius_shuffled_2', 'gmean_atomic_radius_shuffled_1', 'gmean_atomic_radius_shuffled_2', 'wtd_gmean_atomic_radius_shuffled_1', 'wtd_gmean_atomic_radius_shuffled_2', 'entropy_atomic_radius_shuffled_1', 'entropy_atomic_radius_shuffled_2', 'wtd_entropy_atomic_radius_shuffled_1', 'wtd_entropy_atomic_radius_shuffled_2', 'range_atomic_radius_shuffled_1', 'range_atomic_radius_shuffled_2', 'wtd_range_atomic_radius_shuffled_1', 'wtd_range_atomic_radius_shuffled_2', 'std_atomic_radius_shuffled_1', 'std_atomic_radius_shuffled_2', 'wtd_std_atomic_radius_shuffled_1', 'wtd_std_atomic_radius_shuffled_2', 'mean_Density_shuffled_1', 'mean_Density_shuffled_2', 'wtd_mean_Density_shuffled_1', 'wtd_mean_Density_shuffled_2', 'gmean_Density_shuffled_1', 'gmean_Density_shuffled_2', 'wtd_gmean_Density_shuffled_1', 'wtd_gmean_Density_shuffled_2', 'entropy_Density_shuffled_1', 'entropy_Density_shuffled_2', 'wtd_entropy_Density_shuffled_1', 'wtd_entropy_Density_shuffled_2', 'range_Density_shuffled_1', 'range_Density_shuffled_2', 'wtd_range_Density_shuffled_1', 'wtd_range_Density_shuffled_2', 'std_Density_shuffled_1', 'std_Density_shuffled_2', 'wtd_std_Density_shuffled_1', 'wtd_std_Density_shuffled_2', 'mean_ElectronAffinity_shuffled_1', 'mean_ElectronAffinity_shuffled_2', 'wtd_mean_ElectronAffinity_shuffled_1', 'wtd_mean_ElectronAffinity_shuffled_2', 'gmean_ElectronAffinity_shuffled_1', 'gmean_ElectronAffinity_shuffled_2', 'wtd_gmean_ElectronAffinity_shuffled_1', 'wtd_gmean_ElectronAffinity_shuffled_2', 'entropy_ElectronAffinity_shuffled_1', 'entropy_ElectronAffinity_shuffled_2', 'wtd_entropy_ElectronAffinity_shuffled_1', 'wtd_entropy_ElectronAffinity_shuffled_2', 'range_ElectronAffinity_shuffled_1', 'range_ElectronAffinity_shuffled_2', 'wtd_range_ElectronAffinity_shuffled_1', 'wtd_range_ElectronAffinity_shuffled_2', 'std_ElectronAffinity_shuffled_1', 'std_ElectronAffinity_shuffled_2', 'wtd_std_ElectronAffinity_shuffled_1', 'wtd_std_ElectronAffinity_shuffled_2', 'mean_FusionHeat_shuffled_1', 'mean_FusionHeat_shuffled_2', 'wtd_mean_FusionHeat_shuffled_1', 'wtd_mean_FusionHeat_shuffled_2', 'gmean_FusionHeat_shuffled_1', 'gmean_FusionHeat_shuffled_2', 'wtd_gmean_FusionHeat_shuffled_1', 'wtd_gmean_FusionHeat_shuffled_2', 'entropy_FusionHeat_shuffled_1', 'entropy_FusionHeat_shuffled_2', 'wtd_entropy_FusionHeat_shuffled_1', 'wtd_entropy_FusionHeat_shuffled_2', 'range_FusionHeat_shuffled_1', 'range_FusionHeat_shuffled_2', 'wtd_range_FusionHeat_shuffled_1', 'wtd_range_FusionHeat_shuffled_2', 'std_FusionHeat_shuffled_1', 'std_FusionHeat_shuffled_2', 'wtd_std_FusionHeat_shuffled_1', 'wtd_std_FusionHeat_shuffled_2', 'mean_ThermalConductivity_shuffled_1', 'mean_ThermalConductivity_shuffled_2', 'wtd_mean_ThermalConductivity_shuffled_1', 'wtd_mean_ThermalConductivity_shuffled_2', 'gmean_ThermalConductivity_shuffled_1', 'gmean_ThermalConductivity_shuffled_2', 'wtd_gmean_ThermalConductivity_shuffled_1', 'wtd_gmean_ThermalConductivity_shuffled_2', 'entropy_ThermalConductivity_shuffled_1', 'entropy_ThermalConductivity_shuffled_2', 'wtd_entropy_ThermalConductivity_shuffled_1', 'wtd_entropy_ThermalConductivity_shuffled_2', 'range_ThermalConductivity_shuffled_1', 'range_ThermalConductivity_shuffled_2', 'wtd_range_ThermalConductivity_shuffled_1', 'wtd_range_ThermalConductivity_shuffled_2', 'std_ThermalConductivity_shuffled_1', 'std_ThermalConductivity_shuffled_2', 'wtd_std_ThermalConductivity_shuffled_1', 'wtd_std_ThermalConductivity_shuffled_2', 'mean_Valence_shuffled_1', 'mean_Valence_shuffled_2', 'wtd_mean_Valence_shuffled_1', 'wtd_mean_Valence_shuffled_2', 'gmean_Valence_shuffled_1', 'gmean_Valence_shuffled_2', 'wtd_gmean_Valence_shuffled_1', 'wtd_gmean_Valence_shuffled_2', 'entropy_Valence_shuffled_1', 'entropy_Valence_shuffled_2', 'wtd_entropy_Valence_shuffled_1', 'wtd_entropy_Valence_shuffled_2', 'range_Valence_shuffled_1', 'range_Valence_shuffled_2', 'wtd_range_Valence_shuffled_1', 'wtd_range_Valence_shuffled_2', 'std_Valence_shuffled_1', 'std_Valence_shuffled_2', 'wtd_std_Valence_shuffled_1', 'wtd_std_Valence_shuffled_2', 'noise_categorical_1', 'noise_categorical_2']",False,167,166,0.9940119760479041,0.0202,
superconductivity,mrmr,"['critical_temp', 'number_of_elements', 'mean_atomic_mass', 'wtd_mean_atomic_mass', 'gmean_atomic_mass', 'wtd_gmean_atomic_mass', 'entropy_atomic_mass', 'wtd_entropy_atomic_mass', 'range_atomic_mass', 'wtd_range_atomic_mass', 'std_atomic_mass', 'wtd_std_atomic_mass', 'mean_fie', 'wtd_mean_fie', 'gmean_fie', 'wtd_gmean_fie', 'entropy_fie', 'wtd_entropy_fie', 'range_fie', 'wtd_range_fie', 'std_fie', 'wtd_std_fie', 'mean_atomic_radius', 'wtd_mean_atomic_radius', 'gmean_atomic_radius', 'wtd_gmean_atomic_radius', 'entropy_atomic_radius', 'wtd_entropy_atomic_radius', 'range_atomic_radius', 'wtd_range_atomic_radius', 'std_atomic_radius', 'wtd_std_atomic_radius', 'mean_Density', 'wtd_mean_Density', 'gmean_Density', 'wtd_gmean_Density', 'entropy_Density', 'wtd_entropy_Density', 'range_Density', 'wtd_range_Density', 'std_Density', 'wtd_std_Density', 'mean_ElectronAffinity', 'wtd_mean_ElectronAffinity', 'gmean_ElectronAffinity', 'wtd_gmean_ElectronAffinity', 'entropy_ElectronAffinity', 'wtd_entropy_ElectronAffinity', 'range_ElectronAffinity', 'wtd_range_ElectronAffinity', 'std_ElectronAffinity', 'wtd_std_ElectronAffinity', 'mean_FusionHeat', 'wtd_mean_FusionHeat', 'gmean_FusionHeat', 'wtd_gmean_FusionHeat', 'entropy_FusionHeat', 'wtd_entropy_FusionHeat', 'range_FusionHeat', 'wtd_range_FusionHeat', 'std_FusionHeat', 'wtd_std_FusionHeat', 'mean_ThermalConductivity', 'wtd_mean_ThermalConductivity', 'gmean_ThermalConductivity', 'wtd_gmean_ThermalConductivity', 'entropy_ThermalConductivity', 'wtd_entropy_ThermalConductivity', 'range_ThermalConductivity', 'wtd_range_ThermalConductivity', 'std_ThermalConductivity', 'wtd_std_ThermalConductivity', 'mean_Valence', 'wtd_mean_Valence', 'gmean_Valence', 'wtd_gmean_Valence', 'entropy_Valence', 'wtd_entropy_Valence', 'range_Valence', 'wtd_range_Valence', 'std_Valence', 'wtd_std_Valence', 'wtd_std_atomic_radius_shuffled_1']",True,83,1,0.012048192771084338,12.0021,
superconductivity,jmi,"['critical_temp', 'number_of_elements', 'mean_atomic_mass', 'wtd_mean_atomic_mass', 'gmean_atomic_mass', 'wtd_gmean_atomic_mass', 'entropy_atomic_mass', 'wtd_entropy_atomic_mass', 'range_atomic_mass', 'wtd_range_atomic_mass', 'std_atomic_mass', 'wtd_std_atomic_mass', 'mean_fie', 'wtd_mean_fie', 'gmean_fie', 'wtd_gmean_fie', 'entropy_fie', 'wtd_entropy_fie', 'range_fie', 'wtd_range_fie', 'std_fie', 'wtd_std_fie', 'mean_atomic_radius', 'wtd_mean_atomic_radius', 'gmean_atomic_radius', 'wtd_gmean_atomic_radius', 'entropy_atomic_radius', 'wtd_entropy_atomic_radius', 'range_atomic_radius', 'wtd_range_atomic_radius', 'std_atomic_radius', 'wtd_std_atomic_radius', 'mean_Density', 'wtd_mean_Density', 'gmean_Density', 'wtd_gmean_Density', 'entropy_Density', 'wtd_entropy_Density', 'range_Density', 'wtd_range_Density', 'std_Density', 'wtd_std_Density', 'mean_ElectronAffinity', 'wtd_mean_ElectronAffinity', 'gmean_ElectronAffinity', 'wtd_gmean_ElectronAffinity', 'entropy_ElectronAffinity', 'wtd_entropy_ElectronAffinity', 'range_ElectronAffinity', 'wtd_range_ElectronAffinity', 'std_ElectronAffinity', 'wtd_std_ElectronAffinity', 'mean_FusionHeat', 'wtd_mean_FusionHeat', 'gmean_FusionHeat', 'wtd_gmean_FusionHeat', 'entropy_FusionHeat', 'wtd_entropy_FusionHeat', 'range_FusionHeat', 'wtd_range_FusionHeat', 'std_FusionHeat', 'wtd_std_FusionHeat', 'mean_ThermalConductivity', 'wtd_mean_ThermalConductivity', 'gmean_ThermalConductivity', 'wtd_gmean_ThermalConductivity', 'entropy_ThermalConductivity', 'wtd_entropy_ThermalConductivity', 'range_ThermalConductivity', 'wtd_range_ThermalConductivity', 'std_ThermalConductivity', 'wtd_std_ThermalConductivity', 'mean_Valence', 'wtd_mean_Valence', 'gmean_Valence', 'wtd_gmean_Valence', 'entropy_Valence', 'wtd_entropy_Valence', 'range_Valence', 'wtd_range_Valence', 'std_Valence', 'wtd_std_Valence']",True,82,0,0.0,12.0056,
superconductivity,cmim,"['critical_temp', 'number_of_elements', 'mean_atomic_mass', 'wtd_mean_atomic_mass', 'gmean_atomic_mass', 'wtd_gmean_atomic_mass', 'entropy_atomic_mass', 'wtd_entropy_atomic_mass', 'range_atomic_mass', 'wtd_range_atomic_mass', 'std_atomic_mass', 'wtd_std_atomic_mass', 'mean_fie', 'wtd_mean_fie', 'gmean_fie', 'wtd_gmean_fie', 'entropy_fie', 'wtd_entropy_fie', 'range_fie', 'wtd_range_fie', 'std_fie', 'wtd_std_fie', 'mean_atomic_radius', 'wtd_mean_atomic_radius', 'gmean_atomic_radius', 'wtd_gmean_atomic_radius', 'entropy_atomic_radius', 'wtd_entropy_atomic_radius', 'range_atomic_radius', 'wtd_range_atomic_radius', 'std_atomic_radius', 'wtd_std_atomic_radius', 'mean_Density', 'wtd_mean_Density', 'gmean_Density', 'wtd_gmean_Density', 'entropy_Density', 'wtd_entropy_Density', 'range_Density', 'wtd_range_Density', 'std_Density', 'wtd_std_Density', 'mean_ElectronAffinity', 'wtd_mean_ElectronAffinity', 'gmean_ElectronAffinity', 'wtd_gmean_ElectronAffinity', 'entropy_ElectronAffinity', 'wtd_entropy_ElectronAffinity', 'range_ElectronAffinity', 'wtd_range_ElectronAffinity', 'std_ElectronAffinity', 'wtd_std_ElectronAffinity', 'mean_FusionHeat', 'wtd_mean_FusionHeat', 'gmean_FusionHeat', 'wtd_gmean_FusionHeat', 'entropy_FusionHeat', 'wtd_entropy_FusionHeat', 'range_FusionHeat', 'wtd_range_FusionHeat', 'std_FusionHeat', 'wtd_std_FusionHeat', 'mean_ThermalConductivity', 'wtd_mean_ThermalConductivity', 'gmean_ThermalConductivity', 'wtd_gmean_ThermalConductivity', 'entropy_ThermalConductivity', 'wtd_entropy_ThermalConductivity', 'range_ThermalConductivity', 'wtd_range_ThermalConductivity', 'std_ThermalConductivity', 'wtd_std_ThermalConductivity', 'mean_Valence', 'wtd_mean_Valence', 'gmean_Valence', 'wtd_gmean_Valence', 'entropy_Valence', 'wtd_entropy_Valence', 'wtd_range_Valence', 'std_Valence', 'wtd_std_Valence', 'noise_numeric_1', 'noise_numeric_2', 'number_of_elements_shuffled_1', 'number_of_elements_shuffled_2', 'mean_atomic_mass_shuffled_1', 'mean_atomic_mass_shuffled_2', 'wtd_mean_atomic_mass_shuffled_1', 'wtd_mean_atomic_mass_shuffled_2', 'gmean_atomic_mass_shuffled_1', 'gmean_atomic_mass_shuffled_2', 'wtd_gmean_atomic_mass_shuffled_1', 'wtd_gmean_atomic_mass_shuffled_2', 'entropy_atomic_mass_shuffled_1', 'entropy_atomic_mass_shuffled_2', 'wtd_entropy_atomic_mass_shuffled_1', 'wtd_entropy_atomic_mass_shuffled_2', 'range_atomic_mass_shuffled_1', 'range_atomic_mass_shuffled_2', 'wtd_range_atomic_mass_shuffled_1', 'wtd_range_atomic_mass_shuffled_2', 'std_atomic_mass_shuffled_1', 'std_atomic_mass_shuffled_2', 'wtd_std_atomic_mass_shuffled_1', 'wtd_std_atomic_mass_shuffled_2', 'mean_fie_shuffled_1', 'mean_fie_shuffled_2', 'wtd_mean_fie_shuffled_1', 'wtd_mean_fie_shuffled_2', 'gmean_fie_shuffled_1', 'gmean_fie_shuffled_2', 'wtd_gmean_fie_shuffled_1', 'wtd_gmean_fie_shuffled_2', 'entropy_fie_shuffled_1', 'entropy_fie_shuffled_2', 'wtd_entropy_fie_shuffled_1', 'wtd_entropy_fie_shuffled_2', 'range_fie_shuffled_1', 'range_fie_shuffled_2', 'wtd_range_fie_shuffled_1', 'wtd_range_fie_shuffled_2', 'std_fie_shuffled_1', 'std_fie_shuffled_2', 'wtd_std_fie_shuffled_1', 'wtd_std_fie_shuffled_2', 'mean_atomic_radius_shuffled_1', 'mean_atomic_radius_shuffled_2', 'wtd_mean_atomic_radius_shuffled_1', 'wtd_mean_atomic_radius_shuffled_2', 'gmean_atomic_radius_shuffled_1', 'gmean_atomic_radius_shuffled_2', 'wtd_gmean_atomic_radius_shuffled_1', 'wtd_gmean_atomic_radius_shuffled_2', 'entropy_atomic_radius_shuffled_1', 'entropy_atomic_radius_shuffled_2', 'wtd_entropy_atomic_radius_shuffled_1', 'wtd_entropy_atomic_radius_shuffled_2', 'range_atomic_radius_shuffled_1', 'range_atomic_radius_shuffled_2', 'wtd_range_atomic_radius_shuffled_1', 'wtd_range_atomic_radius_shuffled_2', 'std_atomic_radius_shuffled_1', 'std_atomic_radius_shuffled_2', 'wtd_std_atomic_radius_shuffled_1', 'wtd_std_atomic_radius_shuffled_2', 'mean_Density_shuffled_1', 'mean_Density_shuffled_2', 'wtd_mean_Density_shuffled_1', 'wtd_mean_Density_shuffled_2', 'gmean_Density_shuffled_1', 'gmean_Density_shuffled_2', 'wtd_gmean_Density_shuffled_1', 'wtd_gmean_Density_shuffled_2', 'entropy_Density_shuffled_1', 'entropy_Density_shuffled_2', 'wtd_entropy_Density_shuffled_1', 'wtd_entropy_Density_shuffled_2', 'range_Density_shuffled_1', 'range_Density_shuffled_2', 'wtd_range_Density_shuffled_1', 'wtd_range_Density_shuffled_2', 'std_Density_shuffled_1', 'std_Density_shuffled_2', 'wtd_std_Density_shuffled_1', 'wtd_std_Density_shuffled_2', 'mean_ElectronAffinity_shuffled_1', 'mean_ElectronAffinity_shuffled_2', 'wtd_mean_ElectronAffinity_shuffled_1', 'wtd_mean_ElectronAffinity_shuffled_2', 'gmean_ElectronAffinity_shuffled_1', 'gmean_ElectronAffinity_shuffled_2', 'wtd_gmean_ElectronAffinity_shuffled_1', 'wtd_gmean_ElectronAffinity_shuffled_2', 'entropy_ElectronAffinity_shuffled_1', 'entropy_ElectronAffinity_shuffled_2', 'wtd_entropy_ElectronAffinity_shuffled_1', 'wtd_entropy_ElectronAffinity_shuffled_2', 'range_ElectronAffinity_shuffled_1', 'range_ElectronAffinity_shuffled_2', 'wtd_range_ElectronAffinity_shuffled_1', 'wtd_range_ElectronAffinity_shuffled_2', 'std_ElectronAffinity_shuffled_1', 'std_ElectronAffinity_shuffled_2', 'wtd_std_ElectronAffinity_shuffled_1', 'wtd_std_ElectronAffinity_shuffled_2', 'mean_FusionHeat_shuffled_1', 'mean_FusionHeat_shuffled_2', 'wtd_mean_FusionHeat_shuffled_1', 'wtd_mean_FusionHeat_shuffled_2', 'gmean_FusionHeat_shuffled_1', 'gmean_FusionHeat_shuffled_2', 'wtd_gmean_FusionHeat_shuffled_1', 'wtd_gmean_FusionHeat_shuffled_2', 'entropy_FusionHeat_shuffled_1', 'entropy_FusionHeat_shuffled_2', 'wtd_entropy_FusionHeat_shuffled_1', 'wtd_entropy_FusionHeat_shuffled_2', 'range_FusionHeat_shuffled_1', 'range_FusionHeat_shuffled_2', 'wtd_range_FusionHeat_shuffled_1', 'wtd_range_FusionHeat_shuffled_2', 'std_FusionHeat_shuffled_1', 'std_FusionHeat_shuffled_2', 'wtd_std_FusionHeat_shuffled_1', 'wtd_std_FusionHeat_shuffled_2', 'mean_ThermalConductivity_shuffled_1', 'mean_ThermalConductivity_shuffled_2', 'wtd_mean_ThermalConductivity_shuffled_1', 'wtd_mean_ThermalConductivity_shuffled_2', 'gmean_ThermalConductivity_shuffled_1', 'gmean_ThermalConductivity_shuffled_2', 'wtd_gmean_ThermalConductivity_shuffled_1', 'wtd_gmean_ThermalConductivity_shuffled_2', 'entropy_ThermalConductivity_shuffled_1', 'entropy_ThermalConductivity_shuffled_2', 'wtd_entropy_ThermalConductivity_shuffled_1', 'wtd_entropy_ThermalConductivity_shuffled_2', 'range_ThermalConductivity_shuffled_1', 'range_ThermalConductivity_shuffled_2', 'wtd_range_ThermalConductivity_shuffled_1', 'wtd_range_ThermalConductivity_shuffled_2', 'std_ThermalConductivity_shuffled_1', 'std_ThermalConductivity_shuffled_2', 'wtd_std_ThermalConductivity_shuffled_1', 'wtd_std_ThermalConductivity_shuffled_2', 'mean_Valence_shuffled_1', 'mean_Valence_shuffled_2', 'wtd_mean_Valence_shuffled_1', 'wtd_mean_Valence_shuffled_2', 'gmean_Valence_shuffled_1', 'gmean_Valence_shuffled_2', 'wtd_gmean_Valence_shuffled_1', 'wtd_gmean_Valence_shuffled_2', 'entropy_Valence_shuffled_1', 'entropy_Valence_shuffled_2', 'wtd_entropy_Valence_shuffled_1', 'wtd_entropy_Valence_shuffled_2', 'range_Valence_shuffled_1', 'range_Valence_shuffled_2', 'wtd_range_Valence_shuffled_1', 'wtd_range_Valence_shuffled_2', 'std_Valence_shuffled_1', 'std_Valence_shuffled_2', 'wtd_std_Valence_shuffled_1', 'wtd_std_Valence_shuffled_2', 'noise_categorical_1', 'noise_categorical_2']",True,247,166,0.6720647773279352,12.0039,
superconductivity,inf_fs,"['std_Valence', 'noise_categorical_1', 'noise_categorical_2']",False,3,2,0.6666666666666666,0.0965,
superconductivity,cluster_dispersion,"['range_fie', 'wtd_std_fie', 'range_atomic_radius']",False,3,0,0.0,0.4484,
superconductivity,principal_feature_analysis,"['critical_temp', 'number_of_elements', 'mean_atomic_mass', 'wtd_mean_atomic_mass', 'gmean_atomic_mass', 'wtd_gmean_atomic_mass', 'entropy_atomic_mass', 'wtd_entropy_atomic_mass', 'range_atomic_mass', 'wtd_range_atomic_mass', 'std_atomic_mass', 'wtd_std_atomic_mass', 'mean_fie', 'wtd_mean_fie', 'gmean_fie', 'wtd_gmean_fie', 'entropy_fie', 'wtd_entropy_fie', 'range_fie', 'wtd_range_fie', 'std_fie', 'wtd_std_fie', 'mean_atomic_radius', 'wtd_mean_atomic_radius', 'gmean_atomic_radius', 'wtd_gmean_atomic_radius', 'entropy_atomic_radius', 'wtd_entropy_atomic_radius', 'range_atomic_radius', 'wtd_range_atomic_radius', 'std_atomic_radius', 'wtd_std_atomic_radius', 'mean_Density', 'wtd_mean_Density', 'gmean_Density', 'wtd_gmean_Density', 'entropy_Density', 'wtd_entropy_Density', 'range_Density', 'wtd_range_Density', 'std_Density', 'wtd_std_Density', 'mean_ElectronAffinity', 'wtd_mean_ElectronAffinity', 'gmean_ElectronAffinity', 'wtd_gmean_ElectronAffinity', 'entropy_ElectronAffinity', 'wtd_entropy_ElectronAffinity', 'range_ElectronAffinity', 'wtd_range_ElectronAffinity', 'std_ElectronAffinity', 'wtd_std_ElectronAffinity', 'mean_FusionHeat', 'wtd_mean_FusionHeat', 'gmean_FusionHeat', 'wtd_gmean_FusionHeat', 'entropy_FusionHeat', 'wtd_entropy_FusionHeat', 'range_FusionHeat', 'wtd_range_FusionHeat', 'std_FusionHeat', 'wtd_std_FusionHeat', 'mean_ThermalConductivity', 'wtd_mean_ThermalConductivity', 'gmean_ThermalConductivity', 'wtd_gmean_ThermalConductivity', 'entropy_ThermalConductivity', 'wtd_entropy_ThermalConductivity', 'range_ThermalConductivity', 'wtd_range_ThermalConductivity', 'std_ThermalConductivity', 'wtd_std_ThermalConductivity', 'mean_Valence', 'wtd_mean_Valence', 'gmean_Valence', 'wtd_gmean_Valence', 'entropy_Valence', 'wtd_entropy_Valence', 'range_Valence', 'wtd_range_Valence', 'std_Valence', 'wtd_std_Valence', 'range_atomic_radius_shuffled_1']",True,83,1,0.012048192771084338,0.0317,
superconductivity,feature_cluster_representative,"['wtd_std_fie', 'entropy_atomic_radius', 'wtd_gmean_Density', 'entropy_ThermalConductivity', 'noise_categorical_1']",False,5,1,0.2,0.5579,
superconductivity,cae,"['range_atomic_radius', 'gmean_FusionHeat', 'mean_fie_shuffled_1', 'wtd_entropy_atomic_radius_shuffled_1', 'wtd_mean_Density_shuffled_2', 'gmean_FusionHeat_shuffled_2', 'wtd_entropy_FusionHeat_shuffled_1', 'wtd_gmean_ThermalConductivity_shuffled_2', 'wtd_entropy_ThermalConductivity_shuffled_1', 'noise_categorical_2']",False,10,8,0.8,0.5161,
superconductivity,lima,"['critical_temp', 'entropy_Density', 'entropy_ElectronAffinity', 'entropy_FusionHeat', 'entropy_ThermalConductivity', 'entropy_Valence', 'entropy_atomic_mass', 'entropy_atomic_radius', 'entropy_fie', 'gmean_Density', 'gmean_ElectronAffinity', 'gmean_FusionHeat', 'gmean_ThermalConductivity', 'gmean_Valence', 'gmean_atomic_mass', 'gmean_atomic_radius', 'gmean_fie', 'mean_Density', 'mean_ElectronAffinity', 'mean_FusionHeat', 'mean_ThermalConductivity', 'mean_Valence', 'mean_atomic_mass', 'mean_atomic_radius', 'mean_fie', 'number_of_elements', 'number_of_elements_shuffled_2', 'range_Density', 'range_ElectronAffinity', 'range_FusionHeat', 'range_ThermalConductivity', 'range_Valence', 'range_atomic_mass', 'range_atomic_radius', 'range_fie', 'std_Density', 'std_ElectronAffinity', 'std_FusionHeat', 'std_ThermalConductivity', 'std_Valence', 'std_atomic_mass', 'std_atomic_radius', 'std_fie', 'wtd_entropy_Density', 'wtd_entropy_ElectronAffinity', 'wtd_entropy_FusionHeat', 'wtd_entropy_ThermalConductivity', 'wtd_entropy_Valence', 'wtd_entropy_atomic_mass', 'wtd_entropy_atomic_radius', 'wtd_entropy_fie', 'wtd_gmean_Density', 'wtd_gmean_ElectronAffinity', 'wtd_gmean_FusionHeat', 'wtd_gmean_ThermalConductivity', 'wtd_gmean_Valence', 'wtd_gmean_atomic_mass', 'wtd_gmean_atomic_radius', 'wtd_gmean_fie', 'wtd_mean_Density', 'wtd_mean_ElectronAffinity', 'wtd_mean_FusionHeat', 'wtd_mean_ThermalConductivity', 'wtd_mean_Valence', 'wtd_mean_atomic_mass', 'wtd_mean_atomic_radius', 'wtd_mean_fie', 'wtd_range_Density', 'wtd_range_ElectronAffinity', 'wtd_range_FusionHeat', 'wtd_range_ThermalConductivity', 'wtd_range_Valence', 'wtd_range_atomic_mass', 'wtd_range_atomic_radius', 'wtd_range_fie', 'wtd_std_Density', 'wtd_std_ElectronAffinity', 'wtd_std_FusionHeat', 'wtd_std_ThermalConductivity', 'wtd_std_Valence', 'wtd_std_atomic_mass', 'wtd_std_atomic_radius', 'wtd_std_fie']",True,83,1,0.012048192771084338,54.41,