benchmark,problem,augmentation_time,test_accuracy,test_f1,test_precision,test_recall,test_auc,overfit_gap_accuracy,overfit_gap_f1,num_new_features,selected_features
jannis_synthetic_target_1_noise,classification,502.3288822174072,0.6423237235151095,0.6149021139667491,0.6630483941030884,0.6277039015416077,0.673207787817973,0.004320076415422092,0.005341944051160286,1,"V5,synthetic_target_1"
jannis_synthetic_target_1_noise,classification,502.3288822174072,0.7913337964571031,0.7883780053268461,0.7944729161020068,0.7869832609344873,0.8643199940150557,0.00555748523792976,0.005533120395016633,2,"V5,V6,synthetic_target_1"
jannis_synthetic_target_1_noise,classification,502.3288822174072,0.8010593956234804,0.7990730914126123,0.8021686403568384,0.797966481888577,0.874249080299417,-0.0606981590830149,-0.06122388675825152,3,"V1,V5,V6,synthetic_target_1"
jannis_synthetic_target_1_noise,classification,502.3288822174072,0.8017540812782216,0.7992781855488006,0.8042140559877137,0.7979091766521749,0.8756282677160107,-0.018713094824591936,-0.01924795140532143,4,"V1,V2,V5,V6,synthetic_target_1"
jannis_synthetic_target_1_noise,classification,502.3288822174072,0.8138242445293504,0.8125539935028021,0.8137323374236216,0.8118946528641411,0.8940652431625947,-0.06697203890239667,-0.06742595363445503,5,"V1,V2,V4,V5,V6,synthetic_target_1"
jannis_synthetic_target_1_noise,classification,502.3288822174072,0.8804272316776659,0.8798342045004396,0.8801653612113606,0.8795598703423595,0.9527490460737733,-0.005275269190691212,-0.005264578301499401,6,"V1,V16,V2,V4,V5,V6,synthetic_target_1"
jannis_synthetic_target_1_noise,classification,502.3288822174072,0.9223688780826675,0.9219905289372419,0.9223117348117349,0.9217167461529467,0.9787391212429785,-0.04472038902396669,-0.04493713371116259,7,"V1,V16,V2,V22,V4,V5,V6,synthetic_target_1"
jannis_synthetic_target_1_noise,classification,502.3288822174072,0.9322681486627301,0.9319607953935178,0.9321191551167279,0.9318152493716717,0.9833874482147844,-6.512678013204098e-05,-6.84038081378846e-05,8,"V1,V13,V16,V2,V22,V4,V5,V6,synthetic_target_1"
jannis_synthetic_target_1_noise,classification,502.3288822174072,0.9366099340048628,0.9363162781728436,0.9365230538198941,0.9361301640589553,0.9847030304535535,-0.001671587356721127,-0.0016839037145025548,9,"V1,V13,V16,V17,V2,V22,V4,V5,V6,synthetic_target_1"
jannis_synthetic_target_1_noise,classification,502.3288822174072,0.9384334838485585,0.938132676037476,0.9384722429868018,0.9378430514977808,0.9857259682979679,-0.018561132337617248,-0.018666663866350852,10,"V1,V13,V16,V17,V2,V22,V24,V4,V5,V6,synthetic_target_1"
jannis_synthetic_target_1_noise,classification,502.3288822174072,0.9373914553664466,0.9370886109853659,0.937401377249677,0.9368191898638789,0.9852264556347827,-0.02520406391108032,-0.02533904164679568,11,"V1,V13,V14,V16,V17,V2,V22,V24,V4,V5,V6,synthetic_target_1"
jannis_synthetic_target_1_noise,classification,502.3288822174072,0.941820076415422,0.9415560678380217,0.9417178695091317,0.9414072130694708,0.9872800850976701,-0.014089093435220579,-0.014160358055760769,12,"V1,V13,V14,V15,V16,V17,V2,V22,V24,V4,V5,V6,synthetic_target_1"
jannis_synthetic_target_1_noise,classification,502.3288822174072,0.9432962834317471,0.9430206198209827,0.943350595318127,0.9427375002195892,0.9875245712859573,-0.035190170197985426,-0.03537425681408757,13,"V1,V13,V14,V15,V16,V17,V2,V22,V23,V24,V4,V5,V6,synthetic_target_1"
jannis_synthetic_target_1_noise,classification,502.3288822174072,0.9472907259465092,0.9470446632749159,0.9472748373870419,0.9468388226621008,0.9907128868330618,-0.0264414727335881,-0.02656740746332953,14,"V1,V13,V14,V15,V16,V17,V2,V22,V23,V24,V27,V4,V5,V6,synthetic_target_1"
jannis_synthetic_target_1_noise,classification,502.3288822174072,0.9475512330670371,0.9473045026856304,0.9475535199906566,0.9470835208676474,0.9907601666819117,-0.03618878082667598,-0.03636329821196971,15,"V1,V13,V14,V15,V16,V17,V19,V2,V22,V23,V24,V27,V4,V5,V6,synthetic_target_1"
jannis_synthetic_target_1_noise,classification,502.3288822174072,0.9584056964223688,0.958222300241297,0.9583255647901351,0.9581243196517586,0.9939906130872803,-0.024075199722125795,-0.024182111995738054,16,"V1,V13,V14,V15,V16,V17,V19,V2,V21,V22,V23,V24,V27,V4,V5,V6,synthetic_target_1"
jannis_synthetic_target_1_noise,classification,502.3288822174072,0.9599687391455366,0.9597818612351503,0.9600184119601037,0.9595699744791796,0.99431039569084,-0.03653612365404657,-0.03670806392286541,17,"V1,V13,V14,V15,V16,V17,V18,V19,V2,V21,V22,V23,V24,V27,V4,V5,V6,synthetic_target_1"
jannis_synthetic_target_1_noise,classification,502.3288822174072,0.9660472386245224,0.9658998906336675,0.9659705821963471,0.9658316922187848,0.9957921388846317,-0.02275095519277537,-0.02284930188776313,18,"V1,V13,V14,V15,V16,V17,V18,V19,V2,V21,V22,V23,V24,V26,V27,V4,V5,V6,synthetic_target_1"
jannis_synthetic_target_1_noise,classification,502.3288822174072,0.968391802709274,0.968256443455264,0.9682995819105897,0.9682142513155672,0.9961887777447301,-0.020558353594998247,-0.020646298049511347,19,"V1,V13,V14,V15,V16,V17,V18,V19,V2,V20,V21,V22,V23,V24,V26,V27,V4,V5,V6,synthetic_target_1"
jannis_synthetic_target_1_noise,classification,502.3288822174072,0.9679576241750608,0.9678193038420939,0.9678790440160113,0.9677613521612737,0.9962095554361527,-0.021274748176450142,-0.021366463134927516,20,"V1,V10,V13,V14,V15,V16,V17,V18,V19,V2,V20,V21,V22,V23,V24,V26,V27,V4,V5,V6,synthetic_target_1"
jannis_synthetic_target_1_noise,classification,502.3288822174072,0.9682181312955888,0.9680842006170751,0.9680948067720646,0.9680736535843941,0.9964135160397115,-0.031695032997568595,-0.03182860069476989,21,"V1,V10,V11,V13,V14,V15,V16,V17,V18,V19,V2,V20,V21,V22,V23,V24,V26,V27,V4,V5,V6,synthetic_target_1"
jannis_synthetic_target_1_noise,classification,502.3288822174072,0.9673497742271622,0.9672016141896957,0.9673726152488289,0.9670439160435883,0.9960645962070718,-0.03184699548454328,-0.03199178659057833,22,"V1,V10,V11,V12,V13,V14,V15,V16,V17,V18,V19,V2,V20,V21,V22,V23,V24,V26,V27,V4,V5,V6,synthetic_target_1"
jannis_synthetic_target_1_noise,classification,502.3288822174072,0.9679576241750608,0.9678222319241914,0.9678381758686838,0.9678064209729895,0.9961941993289352,-0.02335880514067379,-0.023457209162799142,23,"V1,V10,V11,V12,V13,V14,V15,V16,V17,V18,V19,V2,V20,V21,V22,V23,V24,V26,V27,V31_shuffled_2,V4,V5,V6,synthetic_target_1"
jannis_synthetic_target_1_noise,classification,502.3288822174072,0.9676971170545329,0.967559520843605,0.9675916524090867,0.9675279211586562,0.9961314725083277,-0.020493226814866206,-0.020579299196279988,24,"V1,V10,V11,V12,V13,V14,V15,V16,V17,V18,V19,V2,V20,V21,V22,V23,V24,V26,V27,V31_shuffled_2,V35_shuffled_2,V4,V5,V6,synthetic_target_1"
jannis_synthetic_target_1_noise,classification,502.3288822174072,0.9665682528655783,0.9664145710429662,0.9666162861070151,0.966230951006446,0.9956973520255826,-0.027722299409517204,-0.02785154736084494,25,"V1,V10,V11,V12,V13,V14,V15,V16,V17,V18,V19,V2,V20,V21,V22,V23,V24,V26,V27,V31_shuffled_2,V35_shuffled_2,V36_shuffled_2,V4,V5,V6,synthetic_target_1"
jannis_synthetic_target_1_noise,classification,502.3288822174072,0.9668287599861063,0.9666828872972952,0.9667822378353326,0.9665883212412822,0.9959520756186815,-0.016498784300104208,-0.016571821178518742,26,"V1,V10,V11,V12,V13,V14,V15,V16,V17,V18,V18_shuffled_2,V19,V2,V20,V21,V22,V23,V24,V26,V27,V31_shuffled_2,V35_shuffled_2,V36_shuffled_2,V4,V5,V6,synthetic_target_1"
jannis_synthetic_target_1_noise,classification,502.3288822174072,0.9658735672108371,0.9657134381746719,0.9659658916246054,0.96548828483489,0.996002020827364,-0.033410038207711046,-0.03356716252124814,27,"V1,V10,V11,V12,V13,V14,V15,V16,V17,V18,V18_shuffled_2,V19,V2,V20,V21,V22,V23,V24,V26,V27,V28_shuffled_2,V31_shuffled_2,V35_shuffled_2,V36_shuffled_2,V4,V5,V6,synthetic_target_1"
jannis_synthetic_target_1_noise,classification,502.3288822174072,0.9669155956929489,0.9667666322170738,0.9669192152848871,0.9666248184980819,0.9957712248963991,-0.0289814171587357,-0.029112938781443498,28,"V1,V10,V11,V12,V12_shuffled_1,V13,V14,V15,V16,V17,V18,V18_shuffled_2,V19,V2,V20,V21,V22,V23,V24,V26,V27,V28_shuffled_2,V31_shuffled_2,V35_shuffled_2,V36_shuffled_2,V4,V5,V6,synthetic_target_1"
jannis_synthetic_target_1_noise,classification,502.3288822174072,0.9673497742271622,0.9672046746420362,0.9673275164876085,0.9670889848553043,0.9961719678048763,-0.029545849253212908,-0.02967769897382233,29,"V1,V10,V11,V12,V12_shuffled_1,V13,V14,V15,V16,V17,V18,V18_shuffled_2,V19,V2,V20,V21,V22,V23,V24,V24_shuffled_2,V26,V27,V28_shuffled_2,V31_shuffled_2,V35_shuffled_2,V36_shuffled_2,V4,V5,V6,synthetic_target_1"
jannis_synthetic_target_1_noise,classification,502.3288822174072,0.9661340743313651,0.9659882707834184,0.966042224096479,0.9659357926931583,0.9957149191699343,-0.01571726293852027,-0.01578325655986612,30,"V1,V10,V11,V12,V12_shuffled_1,V13,V14,V15,V16,V17,V18,V18_shuffled_2,V19,V2,V20,V21,V22,V23,V24,V24_shuffled_2,V26,V27,V28_shuffled_2,V31_shuffled_2,V35_shuffled_2,V36_shuffled_2,V4,V42_shuffled_1,V5,V6,synthetic_target_1"
jannis_synthetic_target_1_noise,classification,502.3288822174072,0.9654393886766238,0.9652784621025488,0.965511347340989,0.9650691872893835,0.9956978669246412,-0.028460402917679706,-0.028595258204298535,31,"V1,V10,V11,V12,V12_shuffled_1,V13,V14,V15,V16,V17,V18,V18_shuffled_2,V19,V2,V20,V21,V22,V23,V24,V24_shuffled_2,V26,V27,V28_shuffled_2,V31_shuffled_2,V35_shuffled_2,V36_shuffled_2,V4,V42_shuffled_1,V44_shuffled_1,V5,V6,synthetic_target_1"
jannis_synthetic_target_1_noise,classification,502.3288822174072,0.9660472386245224,0.965895160982162,0.9660354569080692,0.9657640890012109,0.9957954857285125,-0.016932962834317555,-0.017010785545907625,32,"V1,V10,V11,V12,V12_shuffled_1,V13,V14,V15,V16,V17,V18,V18_shuffled_2,V19,V19_shuffled_1,V2,V20,V21,V22,V23,V24,V24_shuffled_2,V26,V27,V28_shuffled_2,V31_shuffled_2,V35_shuffled_2,V36_shuffled_2,V4,V42_shuffled_1,V44_shuffled_1,V5,V6,synthetic_target_1"
jannis_synthetic_target_1_noise,classification,502.3288822174072,0.9668287599861063,0.9666782356927228,0.9668490490092432,0.9665207180237083,0.9958736292326975,-0.03167332407085799,-0.03181758270465518,33,"V1,V10,V11,V12,V12_shuffled_1,V13,V14,V15,V16,V17,V18,V18_shuffled_2,V19,V19_shuffled_1,V2,V20,V21,V22,V23,V24,V24_shuffled_2,V26,V27,V28_shuffled_2,V31,V31_shuffled_2,V35_shuffled_2,V36_shuffled_2,V4,V42_shuffled_1,V44_shuffled_1,V5,V6,synthetic_target_1"
jannis_synthetic_target_1_noise,classification,502.3288822174072,0.9663077457450504,0.9661564404340632,0.966302806144715,0.9660200544096864,0.995897375165752,-0.032997568600208416,-0.03314596220609678,34,"V1,V10,V11,V12,V12_shuffled_1,V13,V14,V15,V16,V17,V18,V18_shuffled_2,V19,V19_shuffled_1,V2,V20,V21,V22,V23,V24,V24_shuffled_2,V26,V27,V28_shuffled_2,V31,V31_shuffled_2,V35_shuffled_2,V36_shuffled_2,V4,V42_shuffled_1,V44_shuffled_1,V44_shuffled_2,V5,V6,synthetic_target_1"
jannis_synthetic_target_1_noise,classification,502.3288822174072,0.9653525529697812,0.9651908083141538,0.9654300669157875,0.964976354017939,0.99577819117778,-0.02164379993053145,-0.02174914886588941,35,"V1,V10,V10_shuffled_2,V11,V12,V12_shuffled_1,V13,V14,V15,V16,V17,V18,V18_shuffled_2,V19,V19_shuffled_1,V2,V20,V21,V22,V23,V24,V24_shuffled_2,V26,V27,V28_shuffled_2,V31,V31_shuffled_2,V35_shuffled_2,V36_shuffled_2,V4,V42_shuffled_1,V44_shuffled_1,V44_shuffled_2,V5,V6,synthetic_target_1"
jannis_synthetic_target_1_noise,classification,502.3288822174072,0.9664814171587357,0.9663285260401612,0.9665115229605047,0.9661606521408594,0.9958813224303962,-0.02383640152830846,-0.023947552244673376,36,"V1,V10,V10_shuffled_2,V11,V12,V12_shuffled_1,V13,V14,V15,V16,V17,V18,V18_shuffled_2,V19,V19_shuffled_1,V2,V20,V21,V22,V23,V24,V24_shuffled_2,V26,V27,V28_shuffled_2,V31,V31_shuffled_2,V35_shuffled_2,V36_shuffled_2,V4,V42_shuffled_1,V44_shuffled_1,V44_shuffled_2,V45_shuffled_2,V5,V6,synthetic_target_1"
jannis_synthetic_target_1_noise,classification,502.3288822174072,0.9643973601945119,0.9642341208710914,0.9644286851955858,0.9640565928584106,0.9957045909005826,-0.02279437304619658,-0.022900392700955008,37,"V1,V10,V10_shuffled_2,V11,V12,V12_shuffled_1,V13,V14,V15,V16,V17,V18,V18_shuffled_2,V19,V19_shuffled_1,V2,V20,V21,V22,V23,V24,V24_shuffled_2,V26,V27,V28_shuffled_2,V31,V31_shuffled_2,V35_shuffled_2,V36_shuffled_2,V37,V4,V42_shuffled_1,V44_shuffled_1,V44_shuffled_2,V45_shuffled_2,V5,V6,synthetic_target_1"
jannis_synthetic_target_1_noise,classification,502.3288822174072,0.9673497742271622,0.9672061927324163,0.9673056532990991,0.9671115192611623,0.9960511179670091,-0.026528308440430748,-0.026645952712665677,38,"V1,V10,V10_shuffled_2,V11,V12,V12_shuffled_1,V13,V14,V15,V16,V17,V18,V18_shuffled_2,V19,V19_shuffled_1,V2,V20,V21,V22,V23,V24,V24_shuffled_2,V26,V27,V28_shuffled_2,V31,V31_shuffled_2,V35_shuffled_2,V36_shuffled_2,V37,V4,V42_shuffled_1,V44_shuffled_1,V44_shuffled_2,V45_shuffled_2,V49_shuffled_2,V5,V6,synthetic_target_1"
jannis_synthetic_target_1_noise,classification,502.3288822174072,0.9656998957971518,0.9655486609505475,0.9656535546990134,0.965449091930078,0.9959475626798738,-0.029545849253212908,-0.029676819484071082,39,"V1,V10,V10_shuffled_2,V11,V12,V12_shuffled_1,V13,V14,V15,V16,V17,V18,V18_shuffled_2,V19,V19_shuffled_1,V2,V20,V21,V22,V23,V24,V24_shuffled_2,V26,V27,V28_shuffled_2,V31,V31_shuffled_2,V35_shuffled_2,V36_shuffled_2,V37,V4,V42_shuffled_1,V42_shuffled_2,V44_shuffled_1,V44_shuffled_2,V45_shuffled_2,V49_shuffled_2,V5,V6,synthetic_target_1"
jannis_synthetic_target_1_noise,classification,502.3288822174072,0.9673497742271622,0.9671985213602591,0.9674195451807142,0.9669988472318725,0.996106333318997,-0.030956929489406093,-0.031101037096607276,40,"V1,V10,V10_shuffled_2,V11,V12,V12_shuffled_1,V13,V14,V14_shuffled_1,V15,V16,V17,V18,V18_shuffled_2,V19,V19_shuffled_1,V2,V20,V21,V22,V23,V24,V24_shuffled_2,V26,V27,V28_shuffled_2,V31,V31_shuffled_2,V35_shuffled_2,V36_shuffled_2,V37,V4,V42_shuffled_1,V42_shuffled_2,V44_shuffled_1,V44_shuffled_2,V45_shuffled_2,V49_shuffled_2,V5,V6,synthetic_target_1"
jannis_synthetic_target_1_clean,classification,121.71798539161682,0.6423237235151095,0.6149021139667491,0.6630483941030884,0.6277039015416077,0.673207787817973,0.004320076415422092,0.005341944051160286,1,"V5,synthetic_target_1"
jannis_synthetic_target_1_clean,classification,121.71798539161682,0.7913337964571031,0.7883780053268461,0.7944729161020068,0.7869832609344873,0.8643199940150557,0.00555748523792976,0.005533120395016633,2,"V5,V6,synthetic_target_1"
jannis_synthetic_target_1_clean,classification,121.71798539161682,0.8010593956234804,0.7990730914126123,0.8021686403568384,0.797966481888577,0.874249080299417,-0.0606981590830149,-0.06122388675825152,3,"V1,V5,V6,synthetic_target_1"
jannis_synthetic_target_1_clean,classification,121.71798539161682,0.8017540812782216,0.7992781855488006,0.8042140559877137,0.7979091766521749,0.8756282677160107,-0.018713094824591936,-0.01924795140532143,4,"V1,V2,V5,V6,synthetic_target_1"
jannis_synthetic_target_1_clean,classification,121.71798539161682,0.8138242445293504,0.8125539935028021,0.8137323374236216,0.8118946528641411,0.8940652431625947,-0.06697203890239667,-0.06742595363445503,5,"V1,V2,V4,V5,V6,synthetic_target_1"
jannis_synthetic_target_1_clean,classification,121.71798539161682,0.8833796457103161,0.8828463173602099,0.8830023813797041,0.8827049343685429,0.9551097068164761,0.00206234803751304,0.002002920104572481,6,"V1,V2,V22,V4,V5,V6,synthetic_target_1"
jannis_synthetic_target_1_clean,classification,121.71798539161682,0.9249739492879472,0.9246192081413058,0.9248679799538142,0.9244003394699205,0.9789611941781273,0.0038424800277874205,0.003858044340238842,7,"V1,V16,V2,V22,V4,V5,V6,synthetic_target_1"
jannis_synthetic_target_1_clean,classification,121.71798539161682,0.933049670024314,0.9327419072055246,0.932929394616343,0.9325718783941692,0.9837986859776024,-0.016325112886418802,-0.01640641664338538,8,"V1,V13,V16,V2,V22,V4,V5,V6,synthetic_target_1"
jannis_synthetic_target_1_clean,classification,121.71798539161682,0.935046891281695,0.9347287421316548,0.9350723157103538,0.9344366307670966,0.9843446455646898,-0.002279437304619658,-0.0023107818286138837,9,"V1,V13,V16,V17,V2,V22,V4,V5,V6,synthetic_target_1"
jannis_synthetic_target_1_clean,classification,121.71798539161682,0.9416464050017367,0.941364851782355,0.9416740706845534,0.941097607294363,0.9858588425432622,-0.0035168461271275486,-0.0035502068962720568,10,"V1,V13,V16,V17,V2,V22,V24,V4,V5,V6,synthetic_target_1"
jannis_synthetic_target_1_clean,classification,121.71798539161682,0.9482459187217784,0.9480122868965624,0.9481646734292353,0.9478712558509192,0.9902320922650651,-0.005014762070163159,-0.005035059907221084,11,"V1,V13,V16,V17,V2,V22,V24,V27,V4,V5,V6,synthetic_target_1"
jannis_synthetic_target_1_clean,classification,121.71798539161682,0.9487669329628343,0.9485392501031951,0.948657257505365,0.9484282554795861,0.9908893760574361,-0.025160646057658886,-0.025274202076830177,12,"V1,V13,V14,V16,V17,V2,V22,V24,V27,V4,V5,V6,synthetic_target_1"
jannis_synthetic_target_1_clean,classification,121.71798539161682,0.9484195901354637,0.9481903636632167,0.9483082807019585,0.9480794567996661,0.9915007429690533,-0.0291767974991316,-0.0293094407985528,13,"V1,V13,V14,V15,V16,V17,V2,V22,V24,V27,V4,V5,V6,synthetic_target_1"
jannis_synthetic_target_1_clean,classification,121.71798539161682,0.9569294894060437,0.9567350575515017,0.9568903532109108,0.9565912228489184,0.9936104964293265,-0.03254168113928457,-0.03268984229031169,14,"V1,V13,V14,V15,V16,V17,V2,V21,V22,V24,V27,V4,V5,V6,synthetic_target_1"
jannis_synthetic_target_1_clean,classification,121.71798539161682,0.959621396318166,0.9594357806103359,0.9596345469379639,0.9592549774080465,0.994208354812701,-0.02322855158040993,-0.02333894750341614,15,"V1,V13,V14,V15,V16,V17,V19,V2,V21,V22,V24,V27,V4,V5,V6,synthetic_target_1"
jannis_synthetic_target_1_clean,classification,121.71798539161682,0.9613581104550191,0.9611859328874937,0.961313059950927,0.9610665740252203,0.9943701845579954,-0.011093261549149025,-0.011143412352607962,16,"V1,V13,V14,V15,V16,V17,V18,V19,V2,V21,V22,V24,V27,V4,V5,V6,synthetic_target_1"
jannis_synthetic_target_1_clean,classification,121.71798539161682,0.9600555748523792,0.9598705314513809,0.9600881743493331,0.9596740749535531,0.9944886113414696,-0.0369485932615492,-0.03712079014350467,17,"V1,V13,V14,V15,V16,V17,V18,V19,V2,V21,V22,V23,V24,V27,V4,V5,V6,synthetic_target_1"
jannis_synthetic_target_1_clean,classification,121.71798539161682,0.9593608891976381,0.9591764772361107,0.9593445995751821,0.959021546405429,0.9940038490219038,-0.034365230982980166,-0.03452261391063116,18,"V1,V13,V14,V15,V16,V17,V18,V19,V2,V21,V22,V23,V24,V25,V27,V4,V5,V6,synthetic_target_1"
jannis_synthetic_target_1_clean,classification,121.71798539161682,0.9630948245918721,0.9629198839404414,0.9631969316962068,0.9626753609896723,0.9950296188111404,-0.024162035428968442,-0.024282368287115164,19,"V1,V13,V14,V15,V16,V17,V18,V19,V2,V20,V21,V22,V23,V24,V25,V27,V4,V5,V6,synthetic_target_1"
jannis_synthetic_target_1_clean,classification,121.71798539161682,0.9633553317124002,0.9631958791337036,0.9632717728111815,0.9631228688479406,0.9951925995072719,-0.024010072941993754,-0.024114912000446465,20,"V1,V10,V13,V14,V15,V16,V17,V18,V19,V2,V20,V21,V22,V23,V24,V25,V27,V4,V5,V6,synthetic_target_1"
jannis_synthetic_target_1_clean,classification,121.71798539161682,0.9574505036470997,0.9572513610937416,0.9574929855130956,0.9570355504482954,0.9937336633129575,-0.030370788468218057,-0.030516832221811896,21,"V1,V10,V12,V13,V14,V15,V16,V17,V18,V19,V2,V20,V21,V22,V23,V24,V25,V27,V4,V5,V6,synthetic_target_1"
jannis_synthetic_target_1_clean,classification,121.71798539161682,0.9593608891976381,0.9591735938262065,0.9593784425292757,0.9589877447966422,0.9940468885255653,-0.032172629385203155,-0.03232342530178789,22,"V1,V10,V11,V12,V13,V14,V15,V16,V17,V18,V19,V2,V20,V21,V22,V23,V24,V25,V27,V4,V5,V6,synthetic_target_1"
jannis_synthetic_target_1_clean,classification,121.71798539161682,0.9612712747481764,0.9610937022158701,0.9612869799957127,0.9609174047391309,0.9942601476003584,-0.03136939909690872,-0.03151543493087894,23,"V1,V10,V11,V12,V13,V14,V15,V16,V17,V18,V19,V2,V20,V21,V22,V23,V24,V25,V27,V4,V5,V6,V8,synthetic_target_1"
jannis_synthetic_target_1_clean,classification,121.71798539161682,0.9695206668982286,0.9693769196406232,0.969644450879189,0.9691394037711207,0.9965349110648173,-0.026897360194511943,-0.02702573723224111,24,"V1,V10,V11,V12,V13,V14,V15,V16,V17,V18,V19,V2,V20,V21,V22,V23,V24,V25,V27,V4,V5,V6,V8,V9,synthetic_target_1"
jannis_synthetic_target_1_clean,classification,121.71798539161682,0.9682181312955888,0.9680693840006316,0.9683165668015881,0.9678483095258144,0.9960675644487035,-0.01463181660298718,-0.014707707647987012,25,"V1,V10,V11,V12,V13,V14,V15,V16,V17,V18,V19,V2,V20,V21,V22,V23,V24,V25,V27,V3,V4,V5,V6,V8,V9,synthetic_target_1"
jannis_synthetic_target_1_clean,classification,121.71798539161682,0.9736019451198332,0.9734918968675548,0.9734812856536428,0.9735025675290115,0.9973687446579222,-0.02618096561306016,-0.026290101499576002,26,"V1,V10,V11,V12,V13,V14,V15,V16,V17,V18,V19,V2,V20,V21,V22,V23,V24,V25,V27,V3,V4,V5,V6,V7,V8,V9,synthetic_target_1"
jannis_synthetic_target_1_clean,classification,121.71798539161682,0.9699548454324418,0.9698163749227936,0.9700258578093313,0.9696261045342012,0.996804566730615,-0.030045154567558185,-0.0301836250772064,27,"V1,V10,V11,V12,V13,V14,V15,V16,V17,V18,V19,V2,V20,V21,V22,V23,V24,V25,V27,V3,V4,V42,V5,V6,V7,V8,V9,synthetic_target_1"
jannis_synthetic_target_1_clean,classification,121.71798539161682,0.9700416811392845,0.9699046757179988,0.9700952900466404,0.9697302050085745,0.996622898227475,-0.028004515456755863,-0.028133220798932435,28,"V1,V10,V11,V12,V13,V14,V15,V16,V17,V18,V19,V2,V20,V21,V22,V23,V24,V25,V27,V3,V4,V42,V5,V51,V6,V7,V8,V9,synthetic_target_1"
jannis_synthetic_target_1_clean,classification,121.71798539161682,0.9730809308787773,0.9729625525187475,0.9730632234005315,0.9728666974798417,0.9972372333807241,-0.026137547759638724,-0.026252614984879963,29,"V1,V10,V11,V12,V13,V14,V15,V16,V17,V18,V19,V2,V20,V21,V22,V23,V24,V25,V27,V3,V34,V4,V42,V5,V51,V6,V7,V8,V9,synthetic_target_1"
jannis_synthetic_target_1_clean,classification,121.71798539161682,0.9718652309829802,0.9717441018816091,0.9717987169419885,0.9716909709118378,0.9969535845758051,-0.0233588051406739,-0.023459862195265524,30,"V1,V10,V11,V12,V13,V14,V15,V16,V17,V18,V19,V2,V20,V21,V22,V23,V24,V25,V27,V3,V34,V4,V42,V5,V51,V6,V7,V8,V9,synthetic_target_1,synthetic_target_2"
jannis_synthetic_target_1_clean,classification,121.71798539161682,0.9697811740187565,0.9696397421645349,0.9698877318273369,0.9694179035854542,0.9966155381997553,-0.030131990274400833,-0.03027305767406907,31,"V1,V10,V11,V12,V13,V14,V15,V16,V17,V18,V19,V2,V20,V21,V22,V23,V24,V25,V27,V3,V34,V4,V42,V5,V50,V51,V6,V7,V8,V9,synthetic_target_1,synthetic_target_2"
jannis_synthetic_target_2_noise,classification,127.41224694252014,0.6444077804793331,0.6355128777524484,0.65215170647838,0.6402106406575324,0.688259827278344,-0.010680791941646395,-0.010484278522487123,1,"V34,synthetic_target_2"
jannis_synthetic_target_2_noise,classification,127.41224694252014,0.6497915943035776,0.6459407259056935,0.651861110768496,0.6471973072678439,0.7055697609246199,-0.023532476554359194,-0.023570112253078257,2,"V32,V34,synthetic_target_2"
jannis_synthetic_target_2_noise,classification,127.41224694252014,0.6897360194511983,0.6880324287550337,0.6905477407416106,0.6881146572790973,0.7540252786299406,0.0025616533518583173,0.0026268367547456206,3,"V32,V34,V50,synthetic_target_2"
jannis_synthetic_target_2_noise,classification,127.41224694252014,0.7550364709968739,0.7543674626657912,0.7552889498485934,0.7541448321699254,0.8357836877949875,-0.012352379298367522,-0.012363120077245604,4,"V32,V34,V50,V51,synthetic_target_2"
jannis_synthetic_target_2_noise,classification,127.41224694252014,0.7678881556095867,0.7675025346814323,0.7677974133108352,0.7673613552540988,0.8516341474496678,-0.014610107676276463,-0.014659769144873103,5,"V32,V34,V41,V50,V51,synthetic_target_2"
jannis_synthetic_target_2_noise,classification,127.41224694252014,0.8223341437999305,0.8220696517292709,0.8223144776325801,0.821925636188615,0.9129829559220286,-0.018626259117749178,-0.01871647922056452,6,"V32,V34,V41,V42,V50,V51,synthetic_target_2"
jannis_synthetic_target_2_noise,classification,127.41224694252014,0.8303230288294546,0.8300423374057033,0.8303901165903731,0.829857953186034,0.9171893385413594,-0.0382077110107677,-0.038333939289083574,7,"V32,V34,V38,V41,V42,V50,V51,synthetic_target_2"
jannis_synthetic_target_2_noise,classification,127.41224694252014,0.8325807572073637,0.8323641043660831,0.8325114556158992,0.8322620963803806,0.9219168659099872,-0.009508509899270545,-0.00956110106868946,8,"V29,V32,V34,V38,V41,V42,V50,V51,synthetic_target_2"
jannis_synthetic_target_2_noise,classification,127.41224694252014,0.837269885376867,0.8370384331635077,0.8372557366203953,0.8369022228656108,0.9254556808838267,-0.024335706842653737,-0.024423179861692734,9,"V29,V32,V34,V38,V41,V42,V46,V50,V51,synthetic_target_2"
jannis_synthetic_target_2_noise,classification,127.41224694252014,0.8688780826675929,0.8687051021864927,0.8688809925815985,0.8685830656335349,0.9500442212241647,-0.02418374435567905,-0.024243209970447932,10,"V29,V32,V34,V38,V40,V41,V42,V46,V50,V51,synthetic_target_2"
jannis_synthetic_target_2_noise,classification,127.41224694252014,0.8846821813129558,0.8845643033959298,0.8845955244450592,0.8845357043175281,0.9595363949203632,-0.026050712052796188,-0.02607307255459601,11,"V29,V32,V33,V34,V38,V40,V41,V42,V46,V50,V51,synthetic_target_2"
jannis_synthetic_target_2_noise,classification,127.41224694252014,0.9040465439388676,0.9039358020916787,0.9040333968331289,0.9038569300371778,0.9714523958786031,-0.047564258423063555,-0.04762492948558483,12,"V28,V29,V32,V33,V34,V38,V40,V41,V42,V46,V50,V51,synthetic_target_2"
jannis_synthetic_target_2_noise,classification,127.41224694252014,0.9075199722125739,0.9074207536275574,0.9074777188671426,0.9073710493555355,0.9731453162711915,-0.04383032302882939,-0.04388228284658546,13,"V28,V29,V32,V33,V34,V38,V40,V41,V42,V46,V47,V50,V51,synthetic_target_2"
jannis_synthetic_target_2_noise,classification,127.41224694252014,0.9266238277179576,0.9265256310516798,0.9267388140599246,0.9263754129087935,0.9838101260338852,-0.0581582146578673,-0.05824303675199549,14,"V28,V29,V32,V33,V34,V38,V40,V41,V42,V44,V46,V47,V50,V51,synthetic_target_2"
jannis_synthetic_target_2_noise,classification,127.41224694252014,0.9268843348384855,0.926807136379536,0.9268581374635729,0.9267617429275854,0.9840269526814032,-0.06111062869051764,-0.06117773537242421,15,"V28,V29,V32,V33,V34,V38,V40,V41,V42,V44,V46,V47,V50,V51,V54,synthetic_target_2"
jannis_synthetic_target_2_noise,classification,127.41224694252014,0.9359152483501215,0.9358461284411415,0.9359099005461802,0.9357905108000472,0.9868096217051263,-0.05661688086141026,-0.05667944712103412,16,"V28,V29,V32,V33,V34,V38,V40,V41,V42,V44,V45,V46,V47,V50,V51,V54,synthetic_target_2"
jannis_synthetic_target_2_noise,classification,127.41224694252014,0.9356547412295936,0.9355812376877294,0.9356794490543836,0.9355003670384248,0.9868518277275755,-0.052709274053490796,-0.05277262595104937,17,"V28,V29,V32,V33,V34,V38,V40,V41,V42,V44,V45,V46,V47,V50,V51,V52,V54,synthetic_target_2"
jannis_synthetic_target_2_noise,classification,127.41224694252014,0.9437304619659604,0.9436651871467661,0.9437752827165387,0.9435757105246514,0.9892547935006952,-0.04376519624869746,-0.04381988060837627,18,"V28,V29,V31,V32,V33,V34,V38,V40,V41,V42,V44,V45,V46,V47,V50,V51,V52,V54,synthetic_target_2"
jannis_synthetic_target_2_noise,classification,127.41224694252014,0.9447724904480722,0.9447044370678535,0.9448579563777157,0.9445866625044324,0.9904172403450328,-0.05396839180270929,-0.054035317387548965,19,"V28,V29,V31,V32,V33,V34,V38,V39,V40,V41,V42,V44,V45,V46,V47,V50,V51,V52,V54,synthetic_target_2"
jannis_synthetic_target_2_noise,classification,127.41224694252014,0.9492011114970476,0.9491418814499268,0.9492567455485257,0.9490488625280713,0.991805510542675,-0.03510333449114278,-0.03515037902831675,20,"V28,V29,V30,V31,V32,V33,V34,V38,V39,V40,V41,V42,V44,V45,V46,V47,V50,V51,V52,V54,synthetic_target_2"
jannis_synthetic_target_2_noise,classification,127.41224694252014,0.9536297325460229,0.9535770346814778,0.9536757170626448,0.9534950315088486,0.9926141574034058,-0.03764327891629038,-0.03768931720425428,21,"V28,V29,V30,V31,V32,V33,V34,V38,V39,V40,V41,V42,V44,V45,V46,V47,V49,V50,V51,V52,V54,synthetic_target_2"
jannis_synthetic_target_2_noise,classification,127.41224694252014,0.9515456755817993,0.9514906092739037,0.9515888577976175,0.9514090033778404,0.9920617053255818,-0.04830236193122606,-0.048357285117167415,22,"V28,V29,V30,V31,V32,V33,V34,V35,V38,V39,V40,V41,V42,V44,V45,V46,V47,V49,V50,V51,V52,V54,synthetic_target_2"
jannis_synthetic_target_2_noise,classification,127.41224694252014,0.948853768669677,0.9487813583379759,0.9490580684328352,0.9485943175538258,0.9910849589419634,-0.05114623133032303,-0.051218641662024056,23,"V28,V29,V30,V31,V32,V33,V34,V35,V36,V38,V39,V40,V41,V42,V44,V45,V46,V47,V49,V50,V51,V52,V54,synthetic_target_2"
jannis_synthetic_target_2_noise,classification,127.41224694252014,0.9534560611323376,0.9534009595547203,0.9535275485678794,0.9532998211074493,0.9930846126593612,-0.045371656825286544,-0.0454257175185403,24,"V28,V29,V30,V30_shuffled_1,V31,V32,V33,V34,V35,V36,V38,V39,V40,V41,V42,V44,V45,V46,V47,V49,V50,V51,V52,V54,synthetic_target_2"
jannis_synthetic_target_2_noise,classification,127.41224694252014,0.9550191038555054,0.9549647701838986,0.9551064670764859,0.9548536548437977,0.9930456671880026,-0.044742097950677295,-0.044796207989097114,25,"V28,V29,V30,V30_shuffled_1,V31,V32,V33,V34,V35,V35_shuffled_2,V36,V38,V39,V40,V41,V42,V44,V45,V46,V47,V49,V50,V51,V52,V54,synthetic_target_2"
jannis_synthetic_target_2_noise,classification,127.41224694252014,0.9545849253212921,0.9545286854596589,0.9546892417449033,0.9544057064474529,0.993130079232901,-0.04539336575199715,-0.045449584993464076,26,"V21_shuffled_2,V28,V29,V30,V30_shuffled_1,V31,V32,V33,V34,V35,V35_shuffled_2,V36,V38,V39,V40,V41,V42,V44,V45,V46,V47,V49,V50,V51,V52,V54,synthetic_target_2"
jannis_synthetic_target_2_noise,classification,127.41224694252014,0.9469433831191386,0.9468763744472247,0.9470498544745525,0.9467462492718479,0.9911158436064594,-0.05025616533518584,-0.050320826921653516,27,"V18_shuffled_1,V21_shuffled_2,V28,V29,V30,V30_shuffled_1,V31,V32,V33,V34,V35,V35_shuffled_2,V36,V38,V39,V40,V41,V42,V44,V45,V46,V47,V49,V50,V51,V52,V54,synthetic_target_2"
jannis_synthetic_target_2_noise,classification,127.41224694252014,0.9500694685654741,0.9500051669456485,0.9501957891732129,0.9498646041064527,0.991804544453463,-0.04912730114623132,-0.04919087176781434,28,"V18_shuffled_1,V20_shuffled_2,V21_shuffled_2,V28,V29,V30,V30_shuffled_1,V31,V32,V33,V34,V35,V35_shuffled_2,V36,V38,V39,V40,V41,V42,V44,V45,V46,V47,V49,V50,V51,V52,V54,synthetic_target_2"
jannis_synthetic_target_2_noise,classification,127.41224694252014,0.9535428968391803,0.9534842231248204,0.9536600994418856,0.953352005020041,0.9928191494580768,-0.04643539423410903,-0.046494047328302535,29,"V16_shuffled_2,V18_shuffled_1,V20_shuffled_2,V21_shuffled_2,V28,V29,V30,V30_shuffled_1,V31,V32,V33,V34,V35,V35_shuffled_2,V36,V38,V39,V40,V41,V42,V44,V45,V46,V47,V49,V50,V51,V52,V54,synthetic_target_2"
jannis_synthetic_target_2_noise,classification,127.41224694252014,0.9529350468912817,0.9528826579140459,0.952967914830144,0.9528103761604203,0.9928139869188501,-0.04704324418200756,-0.047095612539077014,30,"V16_shuffled_2,V18_shuffled_1,V20_shuffled_2,V21_shuffled_2,V28,V29,V30,V30_shuffled_1,V31,V32,V33,V33_shuffled_1,V34,V35,V35_shuffled_2,V36,V38,V39,V40,V41,V42,V44,V45,V46,V47,V49,V50,V51,V52,V54,synthetic_target_2"
jannis_synthetic_target_2_noise,classification,127.41224694252014,0.9462486974643973,0.9461853847229857,0.946306525741957,0.9460883123281889,0.990363078968585,-0.053751302535602674,-0.053814615277014255,31,"V16_shuffled_2,V18_shuffled_1,V19_shuffled_2,V20_shuffled_2,V21_shuffled_2,V28,V29,V30,V30_shuffled_1,V31,V32,V33,V33_shuffled_1,V34,V35,V35_shuffled_2,V36,V38,V39,V40,V41,V42,V44,V45,V46,V47,V49,V50,V51,V52,V54,synthetic_target_2"
jannis_synthetic_target_2_noise,classification,127.41224694252014,0.9550191038555054,0.9549663898648846,0.9550862154241602,0.9548696858866593,0.993054995986956,-0.04053056616880868,-0.040579846596990654,32,"V16_shuffled_2,V18_shuffled_1,V19_shuffled_2,V20_shuffled_2,V21_shuffled_2,V28,V29,V30,V30_shuffled_1,V31,V32,V33,V33_shuffled_1,V34,V35,V35_shuffled_2,V36,V38,V39,V40,V41,V42,V44,V45,V46,V47,V49,V50,V51,V52,V52_shuffled_2,V54,synthetic_target_2"
jannis_synthetic_target_2_noise,classification,127.41224694252014,0.9530218825981244,0.9529704050471531,0.9530460108837183,0.9529053095206431,0.9928000691961397,-0.045154567558179926,-0.04520449604950405,33,"V16_shuffled_2,V18_shuffled_1,V19_shuffled_2,V20_shuffled_2,V21_shuffled_2,V23_shuffled_2,V28,V29,V30,V30_shuffled_1,V31,V32,V33,V33_shuffled_1,V34,V35,V35_shuffled_2,V36,V38,V39,V40,V41,V42,V44,V45,V46,V47,V49,V50,V51,V52,V52_shuffled_2,V54,synthetic_target_2"
jannis_synthetic_target_2_noise,classification,127.41224694252014,0.9541507467870789,0.954093688181098,0.9542579791634512,0.953968445413016,0.9930129409159462,-0.04265804098645354,-0.04271257544157958,34,"V16_shuffled_2,V18_shuffled_1,V19_shuffled_2,V20_shuffled_2,V21_shuffled_2,V23_shuffled_2,V28,V29,V30,V30_shuffled_1,V31,V32,V33,V33_shuffled_1,V34,V35,V35_shuffled_2,V36,V38,V39,V40,V41,V42,V44,V45,V46,V47,V49,V50,V51,V52,V52_shuffled_1,V52_shuffled_2,V54,synthetic_target_2"
jannis_synthetic_target_2_noise,classification,127.41224694252014,0.9545849253212921,0.9545297922264926,0.9546751022855339,0.9544163938093607,0.9928206891627585,-0.04170284821118442,-0.041755081243144976,35,"V16_shuffled_2,V18_shuffled_1,V19_shuffled_2,V20_shuffled_2,V21_shuffled_2,V23_shuffled_2,V28,V29,V30,V30_shuffled_1,V31,V32,V33,V33_shuffled_1,V34,V35,V35_shuffled_2,V36,V37,V38,V39,V40,V41,V42,V44,V45,V46,V47,V49,V50,V51,V52,V52_shuffled_1,V52_shuffled_2,V54,synthetic_target_2"
jannis_synthetic_target_2_noise,classification,127.41224694252014,0.9534560611323376,0.9533981380020237,0.9535621929747526,0.9532731027026798,0.992916875419928,-0.04571899965265713,-0.04577617958275648,36,"V14_shuffled_1,V16_shuffled_2,V18_shuffled_1,V19_shuffled_2,V20_shuffled_2,V21_shuffled_2,V23_shuffled_2,V28,V29,V30,V30_shuffled_1,V31,V32,V33,V33_shuffled_1,V34,V35,V35_shuffled_2,V36,V37,V38,V39,V40,V41,V42,V44,V45,V46,V47,V49,V50,V51,V52,V52_shuffled_1,V52_shuffled_2,V54,synthetic_target_2"
jannis_synthetic_target_2_noise,classification,127.41224694252014,0.9554532823897186,0.9553997422071296,0.9555378477390917,0.9552909158782348,0.9931008550342382,-0.044546717610281394,-0.04460025779287036,37,"V14_shuffled_1,V16_shuffled_2,V18_shuffled_1,V19_shuffled_2,V20_shuffled_2,V21_shuffled_2,V23_shuffled_2,V24_shuffled_1,V28,V29,V30,V30_shuffled_1,V31,V32,V33,V33_shuffled_1,V34,V35,V35_shuffled_2,V36,V37,V38,V39,V40,V41,V42,V44,V45,V46,V47,V49,V50,V51,V52,V52_shuffled_1,V52_shuffled_2,V54,synthetic_target_2"
jannis_synthetic_target_2_noise,classification,127.41224694252014,0.9502431399791594,0.9501809126339054,0.9503477529105486,0.9500544708268983,0.9917316952888208,-0.048931920805835305,-0.048993400638572715,38,"V14_shuffled_1,V16_shuffled_2,V18_shuffled_1,V19_shuffled_2,V20_shuffled_2,V21_shuffled_2,V23_shuffled_2,V24_shuffled_1,V28,V29,V30,V30_shuffled_1,V31,V32,V33,V33_shuffled_1,V34,V35,V35_shuffled_2,V36,V37,V38,V39,V40,V41,V42,V44,V45,V46,V47,V49,V50,V51,V51_shuffled_2,V52,V52_shuffled_1,V52_shuffled_2,V54,synthetic_target_2"
jannis_synthetic_target_2_noise,classification,127.41224694252014,0.9524140326502257,0.9523605099024484,0.9524522496123102,0.9522835254467144,0.9927139664951204,-0.04352639805488023,-0.043576788723749926,39,"V14_shuffled_1,V16_shuffled_2,V18_shuffled_1,V19_shuffled_2,V20_shuffled_2,V21_shuffled_2,V23_shuffled_2,V24_shuffled_1,V28,V29,V30,V30_shuffled_1,V31,V32,V33,V33_shuffled_1,V34,V35,V35_shuffled_2,V36,V37,V38,V39,V40,V41,V42,V43_shuffled_2,V44,V45,V46,V47,V49,V50,V51,V51_shuffled_2,V52,V52_shuffled_1,V52_shuffled_2,V54,synthetic_target_2"
jannis_synthetic_target_2_noise,classification,127.41224694252014,0.9547585967349774,0.954704221617767,0.9548421279022561,0.9545955731678986,0.9931201164379024,-0.04485064258423066,-0.04490465538663435,40,"V14_shuffled_1,V16_shuffled_2,V18_shuffled_1,V19_shuffled_2,V20_shuffled_2,V21_shuffled_2,V23_shuffled_2,V24_shuffled_1,V28,V28_shuffled_2,V29,V30,V30_shuffled_1,V31,V32,V33,V33_shuffled_1,V34,V35,V35_shuffled_2,V36,V37,V38,V39,V40,V41,V42,V43_shuffled_2,V44,V45,V46,V47,V49,V50,V51,V51_shuffled_2,V52,V52_shuffled_1,V52_shuffled_2,V54,synthetic_target_2"
jannis_synthetic_target_2_clean,classification,54.92899465560913,0.6444077804793331,0.6355128777524484,0.65215170647838,0.6402106406575324,0.688259827278344,-0.010680791941646395,-0.010484278522487123,1,"V34,synthetic_target_2"
jannis_synthetic_target_2_clean,classification,54.92899465560913,0.7091872177839528,0.7087081921883074,0.7089431221769371,0.7086102399116512,0.7900440581966103,-0.006794894060437651,-0.006841991745923481,2,"V34,V51,synthetic_target_2"
jannis_synthetic_target_2_clean,classification,54.92899465560913,0.7473080930878777,0.7468192963218658,0.7472370526669487,0.7466629693627449,0.8304483242654288,0.006512678013198991,0.006546343016194944,3,"V34,V50,V51,synthetic_target_2"
jannis_synthetic_target_2_clean,classification,54.92899465560913,0.8080930878777354,0.8077506876687068,0.8081557192617835,0.8075588933266935,0.8923433354260235,-0.01126693296283432,-0.011322846954219923,4,"V34,V42,V50,V51,synthetic_target_2"
jannis_synthetic_target_2_clean,classification,54.92899465560913,0.8067037165682529,0.8063701174740296,0.8067384723361806,0.8061895826298368,0.8923540529782191,0.002344564084751699,0.00228347789837291,5,"V21,V34,V42,V50,V51,synthetic_target_2"
jannis_synthetic_target_2_clean,classification,54.92899465560913,0.8071378951024661,0.806748401014705,0.8073017967512541,0.8065199700451964,0.8919912562888257,-0.011657693643626232,-0.0117458207239578,6,"V21,V24,V34,V42,V50,V51,synthetic_target_2"
jannis_synthetic_target_2_clean,classification,54.92899465560913,0.80791941646405,0.8075879154773377,0.807957503460792,0.807406432372925,0.8914116329519142,-0.01256946856547414,-0.01264180582593466,7,"V15,V21,V24,V34,V42,V50,V51,synthetic_target_2"
jannis_synthetic_target_2_clean,classification,54.92899465560913,0.8068773879819382,0.8064828190341067,0.8070513847918306,0.8062512010073896,0.8920818875330263,-0.00596995484543239,-0.006053264062696018,8,"V13,V15,V21,V24,V34,V42,V50,V51,synthetic_target_2"
jannis_synthetic_target_2_clean,classification,54.92899465560913,0.8072247308093088,0.8068836113125453,0.8072787570233375,0.8066950586197272,0.8931348794886732,-0.004428621048975345,-0.004475908366404213,9,"V13,V14,V15,V21,V24,V34,V42,V50,V51,synthetic_target_2"
jannis_synthetic_target_2_clean,classification,54.92899465560913,0.8085272664119486,0.8082331472552683,0.8084944361895807,0.8080869969373463,0.8925270131374546,0.004428621048975345,0.00440105271774327,10,"V13,V14,V15,V21,V24,V27,V34,V42,V50,V51,synthetic_target_2"
jannis_synthetic_target_2_clean,classification,54.92899465560913,0.807658909343522,0.8073227716383862,0.8077051436585427,0.8071376633351182,0.8919221658150237,0.003603681833970085,0.003569871037700234,11,"V13,V14,V15,V21,V24,V27,V34,V4,V42,V50,V51,synthetic_target_2"
jannis_synthetic_target_2_clean,classification,54.92899465560913,0.8067905522750956,0.806480436817937,0.8067787755834599,0.8063219217567367,0.8918372858206634,0.002127474817645081,0.002095829912581504,12,"V13,V14,V15,V21,V24,V27,V34,V4,V42,V50,V51,V7,synthetic_target_2"
jannis_synthetic_target_2_clean,classification,54.92899465560913,0.8054880166724557,0.8050335456845303,0.8058012191903874,0.8047643293295477,0.8904132703221772,-0.052774400833622725,-0.05293621031513196,13,"V13,V14,V15,V21,V24,V27,V34,V4,V42,V50,V51,V7,V9,synthetic_target_2"
jannis_synthetic_target_2_clean,classification,54.92899465560913,0.8097429663077458,0.8094049077936583,0.8098072577791087,0.8092130041042187,0.8922524324692319,0.004993053143452664,0.004937203917013022,14,"V13,V14,V15,V21,V24,V27,V34,V4,V42,V50,V51,V7,V8,V9,synthetic_target_2"
jannis_synthetic_target_2_clean,classification,54.92899465560913,0.8075720736366794,0.807223058765073,0.8076456452940782,0.8070266989320337,0.8910628445560949,0.006013372698853714,0.005950195646923007,15,"V13,V14,V15,V21,V24,V27,V34,V4,V42,V5,V50,V51,V7,V8,V9,synthetic_target_2"
jannis_synthetic_target_2_clean,classification,54.92899465560913,0.8073984022229941,0.8070490723560162,0.807471459174788,0.8068528632544496,0.8933798283893466,-0.008162556443209512,-0.008249557334106594,16,"V10,V13,V14,V15,V21,V24,V27,V34,V4,V42,V5,V50,V51,V7,V8,V9,synthetic_target_2"
jannis_synthetic_target_2_clean,classification,54.92899465560913,0.8073115665161514,0.8069314208108237,0.8074545150368877,0.806709836765642,0.8915853176780588,-0.04925755470649529,-0.04938834219128174,17,"V10,V12,V13,V14,V15,V21,V24,V27,V34,V4,V42,V5,V50,V51,V7,V8,V9,synthetic_target_2"
jannis_synthetic_target_2_clean,classification,54.92899465560913,0.8080930878777354,0.8077393015044771,0.8081809882745168,0.807537518602878,0.8920970279623955,-0.04024835012156991,-0.040327628882594,18,"V10,V11,V12,V13,V14,V15,V21,V24,V27,V34,V4,V42,V5,V50,V51,V7,V8,V9,synthetic_target_2"
jannis_synthetic_target_2_clean,classification,54.92899465560913,0.8068773879819382,0.8065440886173594,0.8069126196396965,0.8063634183074209,0.8930450331919572,-0.006881729767280298,-0.006933061069419155,19,"V10,V11,V12,V13,V14,V15,V21,V24,V27,V34,V4,V42,V5,V50,V51,V6,V7,V8,V9,synthetic_target_2"
jannis_synthetic_target_2_clean,classification,54.92899465560913,0.8053143452587704,0.8049612354473347,0.8053812257433047,0.8047668351234414,0.8909382341428909,0.001736714136853057,0.001664914531691264,20,"V10,V11,V12,V13,V14,V15,V21,V24,V25,V27,V34,V4,V42,V5,V50,V51,V6,V7,V8,V9,synthetic_target_2"
jannis_synthetic_target_2_clean,classification,54.92899465560913,0.8057485237929837,0.805447479809146,0.8057142022761206,0.8053002824150479,0.8927295295885198,-0.004233240708579333,-0.004269912123806563,21,"V10,V11,V12,V13,V14,V15,V21,V23,V24,V25,V27,V34,V4,V42,V5,V50,V51,V6,V7,V8,V9,synthetic_target_2"
jannis_synthetic_target_2_clean,classification,54.92899465560913,0.8067037165682529,0.8063502536770358,0.8067810165250461,0.8061521768631597,0.8929892566351083,-0.0047759638763459344,-0.0048649922488225306,22,"V10,V11,V12,V13,V14,V15,V20,V21,V23,V24,V25,V27,V34,V4,V42,V5,V50,V51,V6,V7,V8,V9,synthetic_target_2"
jannis_synthetic_target_2_clean,classification,54.92899465560913,0.8066168808614103,0.8061859758493068,0.806879812752085,0.805928995160044,0.8914261242900942,-0.01875651267801315,-0.018875206428713875,23,"V10,V11,V12,V13,V14,V15,V20,V21,V23,V24,V25,V27,V3,V34,V4,V42,V5,V50,V51,V6,V7,V8,V9,synthetic_target_2"
jannis_synthetic_target_2_clean,classification,54.92899465560913,0.8047933310177144,0.8044564348974028,0.8048228519975056,0.8042773901764124,0.8910168043670856,-0.003212921153178283,-0.003262057805263341,24,"V10,V11,V12,V13,V14,V15,V18,V20,V21,V23,V24,V25,V27,V3,V34,V4,V42,V5,V50,V51,V6,V7,V8,V9,synthetic_target_2"
jannis_synthetic_target_2_clean,classification,54.92899465560913,0.8072247308093088,0.8068247762190079,0.8074149316063934,0.8065881850006499,0.8925941865279765,-0.018430878777353277,-0.018543345956714363,25,"V10,V11,V12,V13,V14,V15,V18,V20,V21,V23,V24,V25,V27,V3,V34,V4,V42,V5,V50,V51,V6,V7,V8,V9,synthetic_target_1,synthetic_target_2"
jannis_synthetic_target_2_clean,classification,54.92899465560913,0.8055748523792984,0.8052061742913683,0.8056778499023951,0.8049981983945711,0.8928070884380709,-0.007663251128864124,-0.007762914583529845,26,"V1,V10,V11,V12,V13,V14,V15,V18,V20,V21,V23,V24,V25,V27,V3,V34,V4,V42,V5,V50,V51,V6,V7,V8,V9,synthetic_target_1,synthetic_target_2"
jannis_synthetic_target_2_clean,classification,54.92899465560913,0.8033171240013893,0.8029168282817927,0.8034748286800495,0.802690241457394,0.8909477591787155,-0.04307051059395628,-0.04320846604101691,27,"V1,V10,V11,V12,V13,V14,V15,V18,V20,V21,V22,V23,V24,V25,V27,V3,V34,V4,V42,V5,V50,V51,V6,V7,V8,V9,synthetic_target_1,synthetic_target_2"
jannis_synthetic_target_2_clean,classification,54.92899465560913,0.8047933310177144,0.8043139218571188,0.8051658910885613,0.8040315808525345,0.8894396486333536,-0.06840482806530046,-0.06863968497078743,28,"V1,V10,V11,V12,V13,V14,V15,V17,V18,V20,V21,V22,V23,V24,V25,V27,V3,V34,V4,V42,V5,V50,V51,V6,V7,V8,V9,synthetic_target_1,synthetic_target_2"
jannis_synthetic_target_2_clean,classification,54.92899465560913,0.8073115665161514,0.8069887013179322,0.8073280108266183,0.8068167103847195,0.8923845451689727,-0.0018235498436957043,-0.0018786918396156427,29,"V1,V10,V11,V12,V13,V14,V15,V16,V17,V18,V20,V21,V22,V23,V24,V25,V27,V3,V34,V4,V42,V5,V50,V51,V6,V7,V8,V9,synthetic_target_1,synthetic_target_2"
jannis_synthetic_target_2_clean,classification,54.92899465560913,0.8044459881903439,0.8040340375545703,0.8046410921644378,0.8037961267973976,0.889254129314362,-0.0014110802361931851,-0.001493912348448978,30,"V1,V10,V11,V12,V13,V14,V15,V16,V17,V18,V19,V20,V21,V22,V23,V24,V25,V27,V3,V34,V4,V42,V5,V50,V51,V6,V7,V8,V9,synthetic_target_1,synthetic_target_2"
jannis_synthetic_target_2_clean,classification,54.92899465560913,0.8073115665161514,0.806974821790329,0.8073568299313161,0.80678999197995,0.892525262100758,-0.00023879819381733558,-0.00028871895347393206,31,"V1,V10,V11,V12,V13,V14,V15,V16,V17,V18,V19,V2,V20,V21,V22,V23,V24,V25,V27,V3,V34,V4,V42,V5,V50,V51,V6,V7,V8,V9,synthetic_target_1,synthetic_target_2"
miniboone_synthetic_target_1_noise,classification,430.8967373371124,0.7534931506849315,0.740111027858575,0.7979840863881784,0.7462865527221851,0.8109165657334437,0.0024057846792463478,0.002174672160901947,1,"ParticleID_11,synthetic_target_1"
miniboone_synthetic_target_1_noise,classification,430.8967373371124,0.929041095890411,0.9288642295921192,0.9296369063628882,0.9284497643413347,0.9817048610157928,-0.0016585856055306714,-0.0016541591523684396,2,"ParticleID_1,ParticleID_11,synthetic_target_1"
miniboone_synthetic_target_1_noise,classification,430.8967373371124,0.9295890410958904,0.929443982213084,0.9298887261228652,0.9291614969334094,0.9812358529313456,-0.004484043598790954,-0.004496744843555556,3,"ParticleID_1,ParticleID_11,ParticleID_33,synthetic_target_1"
miniboone_synthetic_target_1_noise,classification,430.8967373371124,0.9644520547945206,0.9643799241409059,0.964833889165293,0.9640821748912564,0.9948953634339155,-0.004759219564190342,-0.00476470722709843,4,"ParticleID_1,ParticleID_11,ParticleID_15,ParticleID_33,synthetic_target_1"
miniboone_synthetic_target_1_noise,classification,430.8967373371124,0.9750684931506849,0.9750251815947131,0.9752787117407571,0.9748334820251117,0.9973106207229271,-0.006831571920036694,-0.006841464675805042,5,"ParticleID_1,ParticleID_11,ParticleID_15,ParticleID_22,ParticleID_33,synthetic_target_1"
miniboone_synthetic_target_1_noise,classification,430.8967373371124,0.9902739726027397,0.9902621834307791,0.9902215809795138,0.9903058071378104,0.9997046645137878,-0.0058731557235728316,-0.00587979794394522,6,"ParticleID_1,ParticleID_11,ParticleID_15,ParticleID_17,ParticleID_22,ParticleID_33,synthetic_target_1"
miniboone_synthetic_target_1_noise,classification,430.8967373371124,0.9891780821917808,0.9891649646624162,0.9891244547832307,0.9892084924416156,0.9996385249978528,-0.009143778145901948,-0.009154643355465564,7,"ParticleID_1,ParticleID_11,ParticleID_15,ParticleID_17,ParticleID_22,ParticleID_26,ParticleID_33,synthetic_target_1"
miniboone_synthetic_target_1_noise,classification,430.8967373371124,0.9913698630136987,0.9913588169256482,0.9913492531290891,0.9913685301155857,0.999787376487977,-0.006660891464194463,-0.006669306888099857,8,"ParticleID_1,ParticleID_11,ParticleID_15,ParticleID_17,ParticleID_2,ParticleID_22,ParticleID_26,ParticleID_33,synthetic_target_1"
miniboone_synthetic_target_1_noise,classification,430.8967373371124,0.9907534246575342,0.9907415441162534,0.9907343524531025,0.9907488197619463,0.9996857433511326,-0.005650561780357499,-0.005657652021500703,9,"ParticleID_1,ParticleID_11,ParticleID_15,ParticleID_17,ParticleID_19,ParticleID_2,ParticleID_22,ParticleID_26,ParticleID_33,synthetic_target_1"
miniboone_synthetic_target_1_noise,classification,430.8967373371124,0.9907534246575342,0.9907417253794799,0.990725204860682,0.9907587031100661,0.9997307069481872,-0.00659237485614772,-0.006600481696196869,10,"ParticleID_1,ParticleID_11,ParticleID_15,ParticleID_15_shuffled_1,ParticleID_17,ParticleID_19,ParticleID_2,ParticleID_22,ParticleID_26,ParticleID_33,synthetic_target_1"
miniboone_synthetic_target_1_noise,classification,430.8967373371124,0.9907534246575342,0.9907409919328954,0.9907635701252044,0.9907191697175868,0.9997150176027878,-0.007671178924780198,-0.007681513041739696,11,"ParticleID_1,ParticleID_11,ParticleID_15,ParticleID_15_shuffled_1,ParticleID_17,ParticleID_19,ParticleID_19_shuffled_2,ParticleID_2,ParticleID_22,ParticleID_26,ParticleID_33,synthetic_target_1"
miniboone_synthetic_target_1_noise,classification,430.8967373371124,0.9901369863013698,0.99012377432441,0.990143744543874,0.9901044010380071,0.9995903859524478,-0.00976027045399852,-0.009773348636155532,12,"ParticleID_1,ParticleID_11,ParticleID_15,ParticleID_15_shuffled_1,ParticleID_17,ParticleID_19,ParticleID_19_shuffled_1,ParticleID_19_shuffled_2,ParticleID_2,ParticleID_22,ParticleID_26,ParticleID_33,synthetic_target_1"
miniboone_synthetic_target_1_noise,classification,430.8967373371124,0.9915068493150685,0.9914963096219594,0.9914685026672272,0.9915254611488498,0.999777925301467,-0.007859567343036278,-0.007869270157654262,13,"ParticleID_1,ParticleID_11,ParticleID_15,ParticleID_15_shuffled_1,ParticleID_17,ParticleID_19,ParticleID_19_shuffled_1,ParticleID_19_shuffled_2,ParticleID_2,ParticleID_22,ParticleID_26,ParticleID_33,ParticleID_46_shuffled_1,synthetic_target_1"
miniboone_synthetic_target_1_noise,classification,430.8967373371124,0.9909589041095891,0.9909467021192158,0.9909718923656619,0.9909224453860933,0.9996990088335901,-0.008458884170831515,-0.008470317863664145,14,"ParticleID_1,ParticleID_11,ParticleID_15,ParticleID_15_shuffled_1,ParticleID_17,ParticleID_19,ParticleID_19_shuffled_1,ParticleID_19_shuffled_2,ParticleID_2,ParticleID_22,ParticleID_26,ParticleID_33,ParticleID_46_shuffled_1,ParticleID_48_shuffled_2,synthetic_target_1"
miniboone_synthetic_target_1_noise,classification,430.8967373371124,0.9895890410958904,0.9895762219418499,0.9895441682863186,0.9896101021045689,0.9997146981789893,-0.007585519676738817,-0.007594543106688945,15,"ParticleID_1,ParticleID_11,ParticleID_15,ParticleID_15_shuffled_1,ParticleID_17,ParticleID_19,ParticleID_19_shuffled_1,ParticleID_19_shuffled_2,ParticleID_2,ParticleID_22,ParticleID_26,ParticleID_33,ParticleID_42,ParticleID_46_shuffled_1,ParticleID_48_shuffled_2,synthetic_target_1"
miniboone_synthetic_target_1_noise,classification,430.8967373371124,0.9897945205479453,0.9897820035022354,0.9897477847204249,0.9898183194471353,0.9997002865287843,-0.007585526713947299,-0.007594570071642548,16,"ParticleID_1,ParticleID_11,ParticleID_15,ParticleID_15_shuffled_1,ParticleID_17,ParticleID_19,ParticleID_19_shuffled_1,ParticleID_19_shuffled_2,ParticleID_2,ParticleID_22,ParticleID_26,ParticleID_33,ParticleID_42,ParticleID_46_shuffled_1,ParticleID_48,ParticleID_48_shuffled_2,synthetic_target_1"
miniboone_synthetic_target_1_noise,classification,430.8967373371124,0.9901369863013698,0.990123475349089,0.9901592029552176,0.9900895760158273,0.9996824551649709,-0.0072088132123121484,-0.007218745118040881,17,"ParticleID_1,ParticleID_11,ParticleID_15,ParticleID_15_shuffled_1,ParticleID_17,ParticleID_19,ParticleID_19_shuffled_1,ParticleID_19_shuffled_2,ParticleID_2,ParticleID_22,ParticleID_26,ParticleID_33,ParticleID_42,ParticleID_43_shuffled_1,ParticleID_46_shuffled_1,ParticleID_48,ParticleID_48_shuffled_2,synthetic_target_1"
miniboone_synthetic_target_1_noise,classification,430.8967373371124,0.9897260273972602,0.9897133769162992,0.9896813141519748,0.9897472664415932,0.9996940859491653,-0.007362914004842569,-0.007371664716598336,18,"ParticleID_1,ParticleID_11,ParticleID_15,ParticleID_15_shuffled_1,ParticleID_17,ParticleID_19,ParticleID_19_shuffled_1,ParticleID_19_shuffled_2,ParticleID_2,ParticleID_22,ParticleID_26,ParticleID_33,ParticleID_37_shuffled_2,ParticleID_42,ParticleID_43_shuffled_1,ParticleID_46_shuffled_1,ParticleID_48,ParticleID_48_shuffled_2,synthetic_target_1"
miniboone_synthetic_target_1_noise,classification,430.8967373371124,0.9908904109589041,0.9908787064256422,0.9908715127465128,0.9908859840989706,0.9997312518476082,-0.007362953882357637,-0.007372327321102046,19,"ParticleID_1,ParticleID_11,ParticleID_15,ParticleID_15_shuffled_1,ParticleID_17,ParticleID_19,ParticleID_19_shuffled_1,ParticleID_19_shuffled_2,ParticleID_2,ParticleID_22,ParticleID_26,ParticleID_33,ParticleID_37_shuffled_2,ParticleID_42,ParticleID_43_shuffled_1,ParticleID_46_shuffled_1,ParticleID_47_shuffled_1,ParticleID_48,ParticleID_48_shuffled_2,synthetic_target_1"
miniboone_synthetic_target_1_noise,classification,430.8967373371124,0.9908219178082192,0.990809807068895,0.990819657394558,0.9908001060712487,0.9997497032693833,-0.007773924515148134,-0.007784168272015002,20,"ParticleID_1,ParticleID_11,ParticleID_15,ParticleID_15_shuffled_1,ParticleID_17,ParticleID_19,ParticleID_19_shuffled_1,ParticleID_19_shuffled_2,ParticleID_2,ParticleID_22,ParticleID_26,ParticleID_33,ParticleID_37_shuffled_2,ParticleID_42,ParticleID_43_shuffled_1,ParticleID_46_shuffled_1,ParticleID_47,ParticleID_47_shuffled_1,ParticleID_48,ParticleID_48_shuffled_2,synthetic_target_1"
miniboone_synthetic_target_1_noise,classification,430.8967373371124,0.9904794520547945,0.990467591325339,0.9904420535216145,0.9904942577841371,0.999598099097701,-0.009469176322889683,-0.009480969963968078,21,"ParticleID_1,ParticleID_11,ParticleID_15,ParticleID_15_shuffled_1,ParticleID_17,ParticleID_19,ParticleID_19_shuffled_1,ParticleID_19_shuffled_2,ParticleID_2,ParticleID_22,ParticleID_26,ParticleID_33,ParticleID_37_shuffled_2,ParticleID_42,ParticleID_43_shuffled_1,ParticleID_44,ParticleID_46_shuffled_1,ParticleID_47,ParticleID_47_shuffled_1,ParticleID_48,ParticleID_48_shuffled_2,synthetic_target_1"
miniboone_synthetic_target_1_noise,classification,430.8967373371124,0.9910958904109589,0.9910841411862414,0.9910939969966578,0.9910744347452973,0.9997575197576303,-0.008852737966725255,-0.008864420103065651,22,"ParticleID_1,ParticleID_11,ParticleID_15,ParticleID_15_shuffled_1,ParticleID_17,ParticleID_19,ParticleID_19_shuffled_1,ParticleID_19_shuffled_2,ParticleID_2,ParticleID_22,ParticleID_26,ParticleID_33,ParticleID_37_shuffled_2,ParticleID_42,ParticleID_43_shuffled_1,ParticleID_44,ParticleID_46,ParticleID_46_shuffled_1,ParticleID_47,ParticleID_47_shuffled_1,ParticleID_48,ParticleID_48_shuffled_2,synthetic_target_1"
miniboone_synthetic_target_1_noise,classification,430.8967373371124,0.9913698630136987,0.9913588169256482,0.9913492531290891,0.9913685301155857,0.9997720817249169,-0.008630136986301329,-0.0086411830743518,23,"ParticleID_1,ParticleID_11,ParticleID_15,ParticleID_15_shuffled_1,ParticleID_17,ParticleID_19,ParticleID_19_shuffled_1,ParticleID_19_shuffled_2,ParticleID_2,ParticleID_22,ParticleID_26,ParticleID_33,ParticleID_37_shuffled_2,ParticleID_42,ParticleID_43_shuffled_1,ParticleID_44,ParticleID_46,ParticleID_46_shuffled_1,ParticleID_47,ParticleID_47_shuffled_1,ParticleID_48,ParticleID_48_shuffled_1,ParticleID_48_shuffled_2,synthetic_target_1"
miniboone_synthetic_target_1_noise,classification,430.8967373371124,0.9914383561643836,0.9914275234995185,0.9914109797329289,0.9914445247951877,0.9997725890450677,-0.0076369546339314365,-0.0076465670615261105,24,"ParticleID_1,ParticleID_11,ParticleID_15,ParticleID_15_shuffled_1,ParticleID_17,ParticleID_19,ParticleID_19_shuffled_1,ParticleID_19_shuffled_2,ParticleID_2,ParticleID_22,ParticleID_26,ParticleID_33,ParticleID_37_shuffled_2,ParticleID_42,ParticleID_42_shuffled_2,ParticleID_43_shuffled_1,ParticleID_44,ParticleID_46,ParticleID_46_shuffled_1,ParticleID_47,ParticleID_47_shuffled_1,ParticleID_48,ParticleID_48_shuffled_1,ParticleID_48_shuffled_2,synthetic_target_1"
miniboone_synthetic_target_1_noise,classification,430.8967373371124,0.9920547945205479,0.9920447805577894,0.9920259239201146,0.9920642351488274,0.99980069833934,-0.007842462234820435,-0.00785234163832671,25,"ParticleID_1,ParticleID_11,ParticleID_15,ParticleID_15_shuffled_1,ParticleID_17,ParticleID_19,ParticleID_19_shuffled_1,ParticleID_19_shuffled_2,ParticleID_2,ParticleID_22,ParticleID_26,ParticleID_33,ParticleID_37_shuffled_2,ParticleID_42,ParticleID_42_shuffled_2,ParticleID_43,ParticleID_43_shuffled_1,ParticleID_44,ParticleID_46,ParticleID_46_shuffled_1,ParticleID_47,ParticleID_47_shuffled_1,ParticleID_48,ParticleID_48_shuffled_1,ParticleID_48_shuffled_2,synthetic_target_1"
miniboone_synthetic_target_1_noise,classification,430.8967373371124,0.991027397260274,0.9910162191627295,0.990990652475038,0.9910429151322346,0.9997812134876285,-0.008938354991515407,-0.008949488405934458,26,"ParticleID_1,ParticleID_11,ParticleID_15,ParticleID_15_shuffled_1,ParticleID_17,ParticleID_19,ParticleID_19_shuffled_1,ParticleID_19_shuffled_2,ParticleID_2,ParticleID_22,ParticleID_26,ParticleID_33,ParticleID_33_shuffled_1,ParticleID_37_shuffled_2,ParticleID_42,ParticleID_42_shuffled_2,ParticleID_43,ParticleID_43_shuffled_1,ParticleID_44,ParticleID_46,ParticleID_46_shuffled_1,ParticleID_47,ParticleID_47_shuffled_1,ParticleID_48,ParticleID_48_shuffled_1,ParticleID_48_shuffled_2,synthetic_target_1"
miniboone_synthetic_target_1_noise,classification,430.8967373371124,0.9908219178082192,0.9908104392207975,0.990787113761771,0.9908346977896682,0.9997582525534034,-0.008270516864201105,-0.0082807876075488,27,"ParticleID_1,ParticleID_11,ParticleID_15,ParticleID_15_shuffled_1,ParticleID_17,ParticleID_19,ParticleID_19_shuffled_1,ParticleID_19_shuffled_2,ParticleID_2,ParticleID_22,ParticleID_26,ParticleID_33,ParticleID_33_shuffled_1,ParticleID_37_shuffled_2,ParticleID_40,ParticleID_42,ParticleID_42_shuffled_2,ParticleID_43,ParticleID_43_shuffled_1,ParticleID_44,ParticleID_46,ParticleID_46_shuffled_1,ParticleID_47,ParticleID_47_shuffled_1,ParticleID_48,ParticleID_48_shuffled_1,ParticleID_48_shuffled_2,synthetic_target_1"
miniboone_synthetic_target_1_noise,classification,430.8967373371124,0.9896575342465753,0.9896445491738795,0.9896235231980229,0.9896663300879311,0.9995825882538362,-0.00993149277489802,-0.009943935519918234,28,"ParticleID_1,ParticleID_11,ParticleID_15,ParticleID_15_shuffled_1,ParticleID_17,ParticleID_19,ParticleID_19_shuffled_1,ParticleID_19_shuffled_2,ParticleID_2,ParticleID_22,ParticleID_26,ParticleID_33,ParticleID_33_shuffled_1,ParticleID_37_shuffled_2,ParticleID_40,ParticleID_42,ParticleID_42_shuffled_2,ParticleID_43,ParticleID_43_shuffled_1,ParticleID_44,ParticleID_46,ParticleID_46_shuffled_1,ParticleID_47,ParticleID_47_shuffled_1,ParticleID_48,ParticleID_48_shuffled_1,ParticleID_48_shuffled_2,ParticleID_49_shuffled_1,synthetic_target_1"
miniboone_synthetic_target_1_noise,classification,430.8967373371124,0.9895890410958904,0.9895756132181224,0.9895708116581152,0.9895804520602093,0.9995659312422235,-0.009726003939898531,-0.009738524519600888,29,"ParticleID_1,ParticleID_11,ParticleID_15,ParticleID_15_shuffled_1,ParticleID_17,ParticleID_19,ParticleID_19_shuffled_1,ParticleID_19_shuffled_2,ParticleID_2,ParticleID_22,ParticleID_26,ParticleID_33,ParticleID_33_shuffled_1,ParticleID_37,ParticleID_37_shuffled_2,ParticleID_40,ParticleID_42,ParticleID_42_shuffled_2,ParticleID_43,ParticleID_43_shuffled_1,ParticleID_44,ParticleID_46,ParticleID_46_shuffled_1,ParticleID_47,ParticleID_47_shuffled_1,ParticleID_48,ParticleID_48_shuffled_1,ParticleID_48_shuffled_2,ParticleID_49_shuffled_1,synthetic_target_1"
miniboone_synthetic_target_1_noise,classification,430.8967373371124,0.9903424657534247,0.9903299619805352,0.9903275482120373,0.9903323850768133,0.9997190385847226,-0.009589038750154266,-0.00960145298691506,30,"ParticleID_1,ParticleID_11,ParticleID_15,ParticleID_15_shuffled_1,ParticleID_16,ParticleID_17,ParticleID_19,ParticleID_19_shuffled_1,ParticleID_19_shuffled_2,ParticleID_2,ParticleID_22,ParticleID_26,ParticleID_33,ParticleID_33_shuffled_1,ParticleID_37,ParticleID_37_shuffled_2,ParticleID_40,ParticleID_42,ParticleID_42_shuffled_2,ParticleID_43,ParticleID_43_shuffled_1,ParticleID_44,ParticleID_46,ParticleID_46_shuffled_1,ParticleID_47,ParticleID_47_shuffled_1,ParticleID_48,ParticleID_48_shuffled_1,ParticleID_48_shuffled_2,ParticleID_49_shuffled_1,synthetic_target_1"
miniboone_synthetic_target_1_noise,classification,430.8967373371124,0.9906164383561644,0.9906040096508029,0.990616363852831,0.9905918887286822,0.9996201957087066,-0.00938356164383558,-0.009395990349197136,31,"ParticleID_1,ParticleID_11,ParticleID_15,ParticleID_15_shuffled_1,ParticleID_16,ParticleID_17,ParticleID_19,ParticleID_19_shuffled_1,ParticleID_19_shuffled_2,ParticleID_2,ParticleID_22,ParticleID_26,ParticleID_33,ParticleID_33_shuffled_1,ParticleID_37,ParticleID_37_shuffled_2,ParticleID_40,ParticleID_42,ParticleID_42_shuffled_2,ParticleID_43,ParticleID_43_shuffled_1,ParticleID_44,ParticleID_45,ParticleID_46,ParticleID_46_shuffled_1,ParticleID_47,ParticleID_47_shuffled_1,ParticleID_48,ParticleID_48_shuffled_1,ParticleID_48_shuffled_2,ParticleID_49_shuffled_1,synthetic_target_1"
miniboone_synthetic_target_1_noise,classification,430.8967373371124,0.9903424657534247,0.990330713415098,0.9902922034712942,0.9903719184692926,0.9997128943740093,-0.009400676134996178,-0.009412094304304897,32,"ParticleID_1,ParticleID_11,ParticleID_15,ParticleID_15_shuffled_1,ParticleID_16,ParticleID_17,ParticleID_19,ParticleID_19_shuffled_1,ParticleID_19_shuffled_2,ParticleID_2,ParticleID_22,ParticleID_26,ParticleID_33,ParticleID_33_shuffled_1,ParticleID_37,ParticleID_37_shuffled_2,ParticleID_40,ParticleID_42,ParticleID_42_shuffled_2,ParticleID_43,ParticleID_43_shuffled_1,ParticleID_44,ParticleID_45,ParticleID_45_shuffled_1,ParticleID_46,ParticleID_46_shuffled_1,ParticleID_47,ParticleID_47_shuffled_1,ParticleID_48,ParticleID_48_shuffled_1,ParticleID_48_shuffled_2,ParticleID_49_shuffled_1,synthetic_target_1"
miniboone_synthetic_target_1_noise,classification,430.8967373371124,0.9917123287671233,0.9917017616714667,0.991689845052469,0.9917139117951765,0.9997927503236468,-0.008287671232876659,-0.00829823832853327,33,"ParticleID_1,ParticleID_11,ParticleID_15,ParticleID_15_shuffled_1,ParticleID_16,ParticleID_17,ParticleID_19,ParticleID_19_shuffled_1,ParticleID_19_shuffled_2,ParticleID_2,ParticleID_22,ParticleID_26,ParticleID_33,ParticleID_33_shuffled_1,ParticleID_37,ParticleID_37_shuffled_2,ParticleID_40,ParticleID_42,ParticleID_42_shuffled_2,ParticleID_43,ParticleID_43_shuffled_1,ParticleID_44,ParticleID_45,ParticleID_45_shuffled_1,ParticleID_45_shuffled_2,ParticleID_46,ParticleID_46_shuffled_1,ParticleID_47,ParticleID_47_shuffled_1,ParticleID_48,ParticleID_48_shuffled_1,ParticleID_48_shuffled_2,ParticleID_49_shuffled_1,synthetic_target_1"
miniboone_synthetic_target_1_noise,classification,430.8967373371124,0.9908904109589041,0.9908786166199375,0.9908762001479257,0.9908810424249106,0.9997604509407229,-0.008869854803622013,-0.008881332784777762,34,"ParticleID_1,ParticleID_11,ParticleID_15,ParticleID_15_shuffled_1,ParticleID_16,ParticleID_17,ParticleID_19,ParticleID_19_shuffled_1,ParticleID_19_shuffled_2,ParticleID_2,ParticleID_22,ParticleID_26,ParticleID_33,ParticleID_33_shuffled_1,ParticleID_37,ParticleID_37_shuffled_2,ParticleID_38,ParticleID_40,ParticleID_42,ParticleID_42_shuffled_2,ParticleID_43,ParticleID_43_shuffled_1,ParticleID_44,ParticleID_45,ParticleID_45_shuffled_1,ParticleID_45_shuffled_2,ParticleID_46,ParticleID_46_shuffled_1,ParticleID_47,ParticleID_47_shuffled_1,ParticleID_48,ParticleID_48_shuffled_1,ParticleID_48_shuffled_2,ParticleID_49_shuffled_1,synthetic_target_1"
miniboone_synthetic_target_1_noise,classification,430.8967373371124,0.9915753424657534,0.9915642678564516,0.9915716390108811,0.9915569807619126,0.9997950238695069,-0.008424657534246593,-0.008435732143548424,35,"ParticleID_1,ParticleID_11,ParticleID_15,ParticleID_15_shuffled_1,ParticleID_16,ParticleID_17,ParticleID_19,ParticleID_19_shuffled_1,ParticleID_19_shuffled_2,ParticleID_2,ParticleID_22,ParticleID_25,ParticleID_26,ParticleID_33,ParticleID_33_shuffled_1,ParticleID_37,ParticleID_37_shuffled_2,ParticleID_38,ParticleID_40,ParticleID_42,ParticleID_42_shuffled_2,ParticleID_43,ParticleID_43_shuffled_1,ParticleID_44,ParticleID_45,ParticleID_45_shuffled_1,ParticleID_45_shuffled_2,ParticleID_46,ParticleID_46_shuffled_1,ParticleID_47,ParticleID_47_shuffled_1,ParticleID_48,ParticleID_48_shuffled_1,ParticleID_48_shuffled_2,ParticleID_49_shuffled_1,synthetic_target_1"
miniboone_synthetic_target_1_noise,classification,430.8967373371124,0.9921917808219178,0.9921817099135919,0.9921768827440309,0.992186574463672,0.999792675165106,-0.007808219178082165,-0.007818290086408108,36,"ParticleID_1,ParticleID_11,ParticleID_15,ParticleID_15_shuffled_1,ParticleID_16,ParticleID_17,ParticleID_19,ParticleID_19_shuffled_1,ParticleID_19_shuffled_2,ParticleID_2,ParticleID_22,ParticleID_25,ParticleID_26,ParticleID_33,ParticleID_33_shuffled_1,ParticleID_37,ParticleID_37_shuffled_2,ParticleID_38,ParticleID_40,ParticleID_41,ParticleID_42,ParticleID_42_shuffled_2,ParticleID_43,ParticleID_43_shuffled_1,ParticleID_44,ParticleID_45,ParticleID_45_shuffled_1,ParticleID_45_shuffled_2,ParticleID_46,ParticleID_46_shuffled_1,ParticleID_47,ParticleID_47_shuffled_1,ParticleID_48,ParticleID_48_shuffled_1,ParticleID_48_shuffled_2,ParticleID_49_shuffled_1,synthetic_target_1"
miniboone_synthetic_target_1_noise,classification,430.8967373371124,0.9908219178082192,0.9908096233296594,0.9908296212838564,0.9907902227231289,0.999610302965769,-0.009178082191780845,-0.009190376670340616,37,"ParticleID_1,ParticleID_11,ParticleID_14,ParticleID_15,ParticleID_15_shuffled_1,ParticleID_16,ParticleID_17,ParticleID_19,ParticleID_19_shuffled_1,ParticleID_19_shuffled_2,ParticleID_2,ParticleID_22,ParticleID_25,ParticleID_26,ParticleID_33,ParticleID_33_shuffled_1,ParticleID_37,ParticleID_37_shuffled_2,ParticleID_38,ParticleID_40,ParticleID_41,ParticleID_42,ParticleID_42_shuffled_2,ParticleID_43,ParticleID_43_shuffled_1,ParticleID_44,ParticleID_45,ParticleID_45_shuffled_1,ParticleID_45_shuffled_2,ParticleID_46,ParticleID_46_shuffled_1,ParticleID_47,ParticleID_47_shuffled_1,ParticleID_48,ParticleID_48_shuffled_1,ParticleID_48_shuffled_2,ParticleID_49_shuffled_1,synthetic_target_1"
miniboone_synthetic_target_1_noise,classification,430.8967373371124,0.9904109589041096,0.9903989663500868,0.9903756606429366,0.990423204778595,0.9996173772634254,-0.009537669473574595,-0.009549594939220252,38,"ParticleID_1,ParticleID_11,ParticleID_14,ParticleID_15,ParticleID_15_shuffled_1,ParticleID_16,ParticleID_17,ParticleID_19,ParticleID_19_shuffled_1,ParticleID_19_shuffled_2,ParticleID_2,ParticleID_22,ParticleID_25,ParticleID_26,ParticleID_29,ParticleID_33,ParticleID_33_shuffled_1,ParticleID_37,ParticleID_37_shuffled_2,ParticleID_38,ParticleID_40,ParticleID_41,ParticleID_42,ParticleID_42_shuffled_2,ParticleID_43,ParticleID_43_shuffled_1,ParticleID_44,ParticleID_45,ParticleID_45_shuffled_1,ParticleID_45_shuffled_2,ParticleID_46,ParticleID_46_shuffled_1,ParticleID_47,ParticleID_47_shuffled_1,ParticleID_48,ParticleID_48_shuffled_1,ParticleID_48_shuffled_2,ParticleID_49_shuffled_1,synthetic_target_1"
miniboone_synthetic_target_1_noise,classification,430.8967373371124,0.99,0.9899873962192867,0.9899686190552461,0.990006770093462,0.9997331496007644,-0.009897256755368344,-0.009909725976829487,39,"ParticleID_1,ParticleID_11,ParticleID_14,ParticleID_15,ParticleID_15_shuffled_1,ParticleID_16,ParticleID_17,ParticleID_19,ParticleID_19_shuffled_1,ParticleID_19_shuffled_2,ParticleID_2,ParticleID_22,ParticleID_25,ParticleID_26,ParticleID_29,ParticleID_33,ParticleID_33_shuffled_1,ParticleID_37,ParticleID_37_shuffled_2,ParticleID_38,ParticleID_38_shuffled_1,ParticleID_40,ParticleID_41,ParticleID_42,ParticleID_42_shuffled_2,ParticleID_43,ParticleID_43_shuffled_1,ParticleID_44,ParticleID_45,ParticleID_45_shuffled_1,ParticleID_45_shuffled_2,ParticleID_46,ParticleID_46_shuffled_1,ParticleID_47,ParticleID_47_shuffled_1,ParticleID_48,ParticleID_48_shuffled_1,ParticleID_48_shuffled_2,ParticleID_49_shuffled_1,synthetic_target_1"
miniboone_synthetic_target_1_noise,classification,430.8967373371124,0.9904109589041096,0.9903982100910715,0.9904130846541314,0.9903836713861157,0.9995924058382327,-0.009212315865574361,-0.009224566605238405,40,"ParticleID_1,ParticleID_11,ParticleID_14,ParticleID_15,ParticleID_15_shuffled_1,ParticleID_16,ParticleID_17,ParticleID_19,ParticleID_19_shuffled_1,ParticleID_19_shuffled_2,ParticleID_2,ParticleID_22,ParticleID_25,ParticleID_26,ParticleID_29,ParticleID_32,ParticleID_33,ParticleID_33_shuffled_1,ParticleID_37,ParticleID_37_shuffled_2,ParticleID_38,ParticleID_38_shuffled_1,ParticleID_40,ParticleID_41,ParticleID_42,ParticleID_42_shuffled_2,ParticleID_43,ParticleID_43_shuffled_1,ParticleID_44,ParticleID_45,ParticleID_45_shuffled_1,ParticleID_45_shuffled_2,ParticleID_46,ParticleID_46_shuffled_1,ParticleID_47,ParticleID_47_shuffled_1,ParticleID_48,ParticleID_48_shuffled_1,ParticleID_48_shuffled_2,ParticleID_49_shuffled_1,synthetic_target_1"
miniboone_synthetic_target_1_clean,classification,243.1253523826599,0.7534931506849315,0.740111027858575,0.7979840863881784,0.7462865527221851,0.8109165657334437,0.0024057846792463478,0.002174672160901947,1,"ParticleID_11,synthetic_target_1"
miniboone_synthetic_target_1_clean,classification,243.1253523826599,0.929041095890411,0.9288642295921192,0.9296369063628882,0.9284497643413347,0.9817048610157928,-0.0016585856055306714,-0.0016541591523684396,2,"ParticleID_1,ParticleID_11,synthetic_target_1"
miniboone_synthetic_target_1_clean,classification,243.1253523826599,0.9650684931506849,0.9650090032032128,0.9652352561620078,0.9648353104445138,0.9949358269133378,-0.00010154691918051739,-9.387048254749786e-05,3,"ParticleID_1,ParticleID_11,ParticleID_15,synthetic_target_1"
miniboone_synthetic_target_1_clean,classification,243.1253523826599,0.9651369863013699,0.9650671059278081,0.9655032472115006,0.9647778799244979,0.9949469221929286,-0.003903049316288265,-0.003906607113905225,4,"ParticleID_1,ParticleID_11,ParticleID_15,ParticleID_33,synthetic_target_1"
miniboone_synthetic_target_1_clean,classification,243.1253523826599,0.9763013698630137,0.9762649383918314,0.9763924362207317,0.9761569111914092,0.9974728692229553,0.00041178460324453603,0.0004128758884833772,5,"ParticleID_1,ParticleID_11,ParticleID_15,ParticleID_22,ParticleID_33,synthetic_target_1"
miniboone_synthetic_target_1_clean,classification,243.1253523826599,0.9891095890410959,0.9890959160175287,0.9890749138138415,0.9891176727398338,0.9996236623964027,-0.006181345579952757,-0.006188704237241605,6,"ParticleID_1,ParticleID_11,ParticleID_15,ParticleID_17,ParticleID_22,ParticleID_33,synthetic_target_1"
miniboone_synthetic_target_1_clean,classification,243.1253523826599,0.9891095890410959,0.9890953812682692,0.9890978074833996,0.9890929643695342,0.9995714084208869,-0.002242854535738914,-0.0022454668359452867,7,"ParticleID_1,ParticleID_11,ParticleID_15,ParticleID_17,ParticleID_22,ParticleID_33,ParticleID_7,synthetic_target_1"
miniboone_synthetic_target_1_clean,classification,243.1253523826599,0.9909589041095891,0.9909466107656524,0.9909770621190233,0.9909175037120334,0.9996609786119274,-0.003373093561564011,-0.003377984821223201,8,"ParticleID_1,ParticleID_11,ParticleID_15,ParticleID_17,ParticleID_22,ParticleID_33,ParticleID_5,ParticleID_7,synthetic_target_1"
miniboone_synthetic_target_1_clean,classification,243.1253523826599,0.9923972602739726,0.9923877149556333,0.9923665701189303,0.9924096168284182,0.9997983308453038,-0.007106147376974348,-0.007115045405360565,9,"ParticleID_1,ParticleID_11,ParticleID_15,ParticleID_17,ParticleID_2,ParticleID_22,ParticleID_33,ParticleID_5,ParticleID_7,synthetic_target_1"
miniboone_synthetic_target_1_clean,classification,243.1253523826599,0.9905479452054795,0.990536123973657,0.9905128116825481,0.9905603691156194,0.9997710295053455,-0.008373250725888015,-0.00838365237909433,10,"ParticleID_1,ParticleID_11,ParticleID_15,ParticleID_17,ParticleID_2,ParticleID_22,ParticleID_26,ParticleID_33,ParticleID_5,ParticleID_7,synthetic_target_1"
miniboone_synthetic_target_1_clean,classification,243.1253523826599,0.9913698630136987,0.9913589015151516,0.9913446673660136,0.9913734717896456,0.999771987776741,-0.008613013112196088,-0.008623952290399917,11,"ParticleID_1,ParticleID_11,ParticleID_15,ParticleID_17,ParticleID_2,ParticleID_22,ParticleID_26,ParticleID_33,ParticleID_48,ParticleID_5,ParticleID_7,synthetic_target_1"
miniboone_synthetic_target_1_clean,classification,243.1253523826599,0.9914383561643836,0.9914271865316582,0.9914296243027849,0.9914247580989481,0.9997649228739025,-0.008287661849932015,-0.008298472657984668,12,"ParticleID_1,ParticleID_11,ParticleID_15,ParticleID_17,ParticleID_2,ParticleID_22,ParticleID_26,ParticleID_33,ParticleID_48,ParticleID_5,ParticleID_7,ParticleID_8,synthetic_target_1"
miniboone_synthetic_target_1_clean,classification,243.1253523826599,0.9905479452054795,0.9905355670272007,0.9905404523036785,0.9905307190712599,0.9997530478244505,-0.008202011984835278,-0.008212732782558074,13,"ParticleID_1,ParticleID_11,ParticleID_15,ParticleID_17,ParticleID_2,ParticleID_22,ParticleID_26,ParticleID_33,ParticleID_47,ParticleID_48,ParticleID_5,ParticleID_7,ParticleID_8,synthetic_target_1"
miniboone_synthetic_target_1_clean,classification,243.1253523826599,0.9902739726027397,0.990261714131087,0.9902429263705619,0.9902810987675108,0.9997450246502163,-0.008253374224206356,-0.008263689355020976,14,"ParticleID_1,ParticleID_11,ParticleID_15,ParticleID_17,ParticleID_2,ParticleID_22,ParticleID_26,ParticleID_33,ParticleID_40,ParticleID_47,ParticleID_48,ParticleID_5,ParticleID_7,ParticleID_8,synthetic_target_1"
miniboone_synthetic_target_1_clean,classification,243.1253523826599,0.9921232876712329,0.9921131672101418,0.9921059553872054,0.9921204631321897,0.9997826039206341,-0.0077739690841354125,-0.007783955495850203,15,"ParticleID_1,ParticleID_11,ParticleID_15,ParticleID_17,ParticleID_2,ParticleID_22,ParticleID_26,ParticleID_33,ParticleID_40,ParticleID_42,ParticleID_47,ParticleID_48,ParticleID_5,ParticleID_7,ParticleID_8,synthetic_target_1"
miniboone_synthetic_target_1_clean,classification,243.1253523826599,0.9903424657534247,0.9903300571880869,0.9903228715728716,0.9903373267508733,0.9997028231295375,-0.006763599522783381,-0.0067721276230265914,16,"ParticleID_1,ParticleID_11,ParticleID_15,ParticleID_17,ParticleID_2,ParticleID_22,ParticleID_26,ParticleID_33,ParticleID_40,ParticleID_42,ParticleID_46,ParticleID_47,ParticleID_48,ParticleID_5,ParticleID_7,ParticleID_8,synthetic_target_1"
miniboone_synthetic_target_1_clean,classification,243.1253523826599,0.9914383561643836,0.9914271865316582,0.9914296243027849,0.9914247580989481,0.9997769858197065,-0.00794518436782643,-0.007955543579953317,17,"ParticleID_1,ParticleID_11,ParticleID_15,ParticleID_17,ParticleID_2,ParticleID_22,ParticleID_26,ParticleID_33,ParticleID_4,ParticleID_40,ParticleID_42,ParticleID_46,ParticleID_47,ParticleID_48,ParticleID_5,ParticleID_7,ParticleID_8,synthetic_target_1"
miniboone_synthetic_target_1_clean,classification,243.1253523826599,0.9915068493150685,0.9914963096219594,0.9914685026672272,0.9915254611488498,0.9997792217862964,-0.008287664195668176,-0.008297934259668183,18,"ParticleID_1,ParticleID_11,ParticleID_15,ParticleID_17,ParticleID_2,ParticleID_22,ParticleID_26,ParticleID_33,ParticleID_4,ParticleID_40,ParticleID_41,ParticleID_42,ParticleID_46,ParticleID_47,ParticleID_48,ParticleID_5,ParticleID_7,ParticleID_8,synthetic_target_1"
miniboone_synthetic_target_1_clean,classification,243.1253523826599,0.9917808219178083,0.9917706222147995,0.9917427995517838,0.9917997898228985,0.9997783950423472,-0.008202054208086507,-0.008212231590752017,19,"ParticleID_1,ParticleID_11,ParticleID_15,ParticleID_17,ParticleID_2,ParticleID_22,ParticleID_26,ParticleID_33,ParticleID_38,ParticleID_4,ParticleID_40,ParticleID_41,ParticleID_42,ParticleID_46,ParticleID_47,ParticleID_48,ParticleID_5,ParticleID_7,ParticleID_8,synthetic_target_1"
miniboone_synthetic_target_1_clean,classification,243.1253523826599,0.991027397260274,0.9910149689086496,0.9910589044494058,0.9909737316953957,0.9997445736989713,-0.008869859495094334,-0.008882153797342363,20,"ParticleID_1,ParticleID_11,ParticleID_15,ParticleID_17,ParticleID_19,ParticleID_2,ParticleID_22,ParticleID_26,ParticleID_33,ParticleID_38,ParticleID_4,ParticleID_40,ParticleID_41,ParticleID_42,ParticleID_46,ParticleID_47,ParticleID_48,ParticleID_5,ParticleID_7,ParticleID_8,synthetic_target_1"
miniboone_synthetic_target_1_clean,classification,243.1253523826599,0.9908904109589041,0.9908786166199375,0.9908762001479257,0.9908810424249106,0.9996331793466359,-0.00902396967056951,-0.009035651983125947,21,"ParticleID_1,ParticleID_11,ParticleID_15,ParticleID_16,ParticleID_17,ParticleID_19,ParticleID_2,ParticleID_22,ParticleID_26,ParticleID_33,ParticleID_38,ParticleID_4,ParticleID_40,ParticleID_41,ParticleID_42,ParticleID_46,ParticleID_47,ParticleID_48,ParticleID_5,ParticleID_7,ParticleID_8,synthetic_target_1"
miniboone_synthetic_target_1_clean,classification,243.1253523826599,0.9915753424657534,0.9915646007073589,0.9915526874288988,0.9915767474581523,0.9997653926147828,-0.00765408319950911,-0.007663812890677857,22,"ParticleID_1,ParticleID_11,ParticleID_15,ParticleID_16,ParticleID_17,ParticleID_19,ParticleID_2,ParticleID_22,ParticleID_26,ParticleID_33,ParticleID_37,ParticleID_38,ParticleID_4,ParticleID_40,ParticleID_41,ParticleID_42,ParticleID_46,ParticleID_47,ParticleID_48,ParticleID_5,ParticleID_7,ParticleID_8,synthetic_target_1"
miniboone_synthetic_target_1_clean,classification,243.1253523826599,0.9904109589041096,0.9903984964082955,0.9903984964082955,0.9903984964082955,0.9997362874698442,-0.007739662692520466,-0.00774968471379367,23,"ParticleID_1,ParticleID_11,ParticleID_15,ParticleID_16,ParticleID_17,ParticleID_19,ParticleID_2,ParticleID_22,ParticleID_26,ParticleID_33,ParticleID_37,ParticleID_38,ParticleID_4,ParticleID_40,ParticleID_41,ParticleID_42,ParticleID_43,ParticleID_46,ParticleID_47,ParticleID_48,ParticleID_5,ParticleID_7,ParticleID_8,synthetic_target_1"
miniboone_synthetic_target_1_clean,classification,243.1253523826599,0.9904794520547945,0.9904674061314646,0.9904508949117834,0.9904843744360174,0.9997066562151199,-0.009006831722047193,-0.009018207398495126,24,"ParticleID_1,ParticleID_11,ParticleID_15,ParticleID_16,ParticleID_17,ParticleID_19,ParticleID_2,ParticleID_22,ParticleID_26,ParticleID_29,ParticleID_33,ParticleID_37,ParticleID_38,ParticleID_4,ParticleID_40,ParticleID_41,ParticleID_42,ParticleID_43,ParticleID_46,ParticleID_47,ParticleID_48,ParticleID_5,ParticleID_7,ParticleID_8,synthetic_target_1"
miniboone_synthetic_target_1_clean,classification,243.1253523826599,0.9900684931506849,0.9900558301021709,0.9900439535696268,0.9900679397508844,0.9997171408315666,-0.00929792350741987,-0.009309743344033117,25,"ParticleID_1,ParticleID_11,ParticleID_15,ParticleID_16,ParticleID_17,ParticleID_19,ParticleID_2,ParticleID_22,ParticleID_26,ParticleID_29,ParticleID_33,ParticleID_37,ParticleID_38,ParticleID_39,ParticleID_4,ParticleID_40,ParticleID_41,ParticleID_42,ParticleID_43,ParticleID_46,ParticleID_47,ParticleID_48,ParticleID_5,ParticleID_7,ParticleID_8,synthetic_target_1"
miniboone_synthetic_target_1_clean,classification,243.1253523826599,0.9904109589041096,0.990399151788546,0.9903670434802556,0.9904330881267149,0.9996105096517566,-0.009571917221785187,-0.009583702017005535,26,"ParticleID_1,ParticleID_11,ParticleID_14,ParticleID_15,ParticleID_16,ParticleID_17,ParticleID_19,ParticleID_2,ParticleID_22,ParticleID_26,ParticleID_29,ParticleID_33,ParticleID_37,ParticleID_38,ParticleID_39,ParticleID_4,ParticleID_40,ParticleID_41,ParticleID_42,ParticleID_43,ParticleID_46,ParticleID_47,ParticleID_48,ParticleID_5,ParticleID_7,ParticleID_8,synthetic_target_1"
miniboone_synthetic_target_1_clean,classification,243.1253523826599,0.9919178082191781,0.9919074634700515,0.9918978889526897,0.9919171874636832,0.9997851029421168,-0.0066095386077680285,-0.00661793634279606,27,"ParticleID_1,ParticleID_11,ParticleID_14,ParticleID_15,ParticleID_16,ParticleID_17,ParticleID_19,ParticleID_2,ParticleID_22,ParticleID_26,ParticleID_29,ParticleID_33,ParticleID_37,ParticleID_38,ParticleID_39,ParticleID_4,ParticleID_40,ParticleID_41,ParticleID_42,ParticleID_43,ParticleID_46,ParticleID_47,ParticleID_48,ParticleID_5,ParticleID_6,ParticleID_7,ParticleID_8,synthetic_target_1"
miniboone_synthetic_target_1_clean,classification,243.1253523826599,0.9915068493150685,0.9914958111044903,0.9914958111044903,0.9914958111044903,0.9997701276028554,-0.008476026810826265,-0.008487042701061265,28,"ParticleID_1,ParticleID_11,ParticleID_14,ParticleID_15,ParticleID_16,ParticleID_17,ParticleID_19,ParticleID_2,ParticleID_22,ParticleID_25,ParticleID_26,ParticleID_29,ParticleID_33,ParticleID_37,ParticleID_38,ParticleID_39,ParticleID_4,ParticleID_40,ParticleID_41,ParticleID_42,ParticleID_43,ParticleID_46,ParticleID_47,ParticleID_48,ParticleID_5,ParticleID_6,ParticleID_7,ParticleID_8,synthetic_target_1"
miniboone_synthetic_target_1_clean,classification,243.1253523826599,0.9914383561643836,0.9914275234995185,0.9914109797329289,0.9914445247951877,0.9997609582608735,-0.00748283976698394,-0.00749226089908106,29,"ParticleID_1,ParticleID_11,ParticleID_14,ParticleID_15,ParticleID_16,ParticleID_17,ParticleID_19,ParticleID_2,ParticleID_22,ParticleID_25,ParticleID_26,ParticleID_29,ParticleID_33,ParticleID_37,ParticleID_38,ParticleID_39,ParticleID_4,ParticleID_40,ParticleID_41,ParticleID_42,ParticleID_43,ParticleID_45,ParticleID_46,ParticleID_47,ParticleID_48,ParticleID_5,ParticleID_6,ParticleID_7,ParticleID_8,synthetic_target_1"
miniboone_synthetic_target_1_clean,classification,243.1253523826599,0.9907534246575342,0.990741634922711,0.9907297416874776,0.9907537614360061,0.9997695075448935,-0.008989717230886596,-0.009001169609967885,30,"ParticleID_1,ParticleID_11,ParticleID_14,ParticleID_15,ParticleID_16,ParticleID_17,ParticleID_19,ParticleID_2,ParticleID_22,ParticleID_25,ParticleID_26,ParticleID_29,ParticleID_30,ParticleID_33,ParticleID_37,ParticleID_38,ParticleID_39,ParticleID_4,ParticleID_40,ParticleID_41,ParticleID_42,ParticleID_43,ParticleID_45,ParticleID_46,ParticleID_47,ParticleID_48,ParticleID_5,ParticleID_6,ParticleID_7,ParticleID_8,synthetic_target_1"
miniboone_synthetic_target_1_clean,classification,243.1253523826599,0.9903424657534247,0.9903301520303869,0.9903182688167671,0.9903422684249331,0.9997105456696083,-0.0073115634941522956,-0.007320749177655017,31,"ParticleID_1,ParticleID_11,ParticleID_14,ParticleID_15,ParticleID_16,ParticleID_17,ParticleID_19,ParticleID_2,ParticleID_22,ParticleID_25,ParticleID_26,ParticleID_29,ParticleID_30,ParticleID_33,ParticleID_37,ParticleID_38,ParticleID_39,ParticleID_4,ParticleID_40,ParticleID_41,ParticleID_42,ParticleID_43,ParticleID_44,ParticleID_45,ParticleID_46,ParticleID_47,ParticleID_48,ParticleID_5,ParticleID_6,ParticleID_7,ParticleID_8,synthetic_target_1"
miniboone_synthetic_target_1_clean,classification,243.1253523826599,0.9903424657534247,0.9903301520303869,0.9903182688167671,0.9903422684249331,0.9997105456696083,-0.0073115634941522956,-0.007320749177655017,32,"ParticleID_1,ParticleID_11,ParticleID_14,ParticleID_15,ParticleID_16,ParticleID_17,ParticleID_19,ParticleID_2,ParticleID_22,ParticleID_25,ParticleID_26,ParticleID_29,ParticleID_30,ParticleID_33,ParticleID_35,ParticleID_37,ParticleID_38,ParticleID_39,ParticleID_4,ParticleID_40,ParticleID_41,ParticleID_42,ParticleID_43,ParticleID_44,ParticleID_45,ParticleID_46,ParticleID_47,ParticleID_48,ParticleID_5,ParticleID_6,ParticleID_7,ParticleID_8,synthetic_target_1"
miniboone_synthetic_target_1_clean,classification,243.1253523826599,0.9904109589041096,0.9903986854729425,0.9903891404377877,0.9904083797564154,0.999607315413771,-0.009571917221785187,-0.009584168332609,33,"ParticleID_1,ParticleID_11,ParticleID_14,ParticleID_15,ParticleID_16,ParticleID_17,ParticleID_19,ParticleID_2,ParticleID_22,ParticleID_25,ParticleID_26,ParticleID_29,ParticleID_30,ParticleID_31,ParticleID_33,ParticleID_35,ParticleID_37,ParticleID_38,ParticleID_39,ParticleID_4,ParticleID_40,ParticleID_41,ParticleID_42,ParticleID_43,ParticleID_44,ParticleID_45,ParticleID_46,ParticleID_47,ParticleID_48,ParticleID_5,ParticleID_6,ParticleID_7,ParticleID_8,synthetic_target_1"
miniboone_synthetic_target_1_clean,classification,243.1253523826599,0.9910958904109589,0.9910847544679378,0.9910614158409939,0.9911090264637168,0.999771536825496,-0.008236278498935268,-0.00824653232679029,34,"ParticleID_1,ParticleID_10,ParticleID_11,ParticleID_14,ParticleID_15,ParticleID_16,ParticleID_17,ParticleID_19,ParticleID_2,ParticleID_22,ParticleID_25,ParticleID_26,ParticleID_29,ParticleID_30,ParticleID_31,ParticleID_33,ParticleID_35,ParticleID_37,ParticleID_38,ParticleID_39,ParticleID_4,ParticleID_40,ParticleID_41,ParticleID_42,ParticleID_43,ParticleID_44,ParticleID_45,ParticleID_46,ParticleID_47,ParticleID_48,ParticleID_5,ParticleID_6,ParticleID_7,ParticleID_8,synthetic_target_1"
miniboone_synthetic_target_1_clean,classification,243.1253523826599,0.9915068493150685,0.9914963096219594,0.9914685026672272,0.9915254611488498,0.9997821341797538,-0.008493150684931505,-0.008503690378040552,35,"ParticleID_1,ParticleID_10,ParticleID_11,ParticleID_12,ParticleID_14,ParticleID_15,ParticleID_16,ParticleID_17,ParticleID_19,ParticleID_2,ParticleID_22,ParticleID_25,ParticleID_26,ParticleID_29,ParticleID_30,ParticleID_31,ParticleID_33,ParticleID_35,ParticleID_37,ParticleID_38,ParticleID_39,ParticleID_4,ParticleID_40,ParticleID_41,ParticleID_42,ParticleID_43,ParticleID_44,ParticleID_45,ParticleID_46,ParticleID_47,ParticleID_48,ParticleID_5,ParticleID_6,ParticleID_7,ParticleID_8,synthetic_target_1"
miniboone_synthetic_target_1_clean,classification,243.1253523826599,0.9917808219178083,0.9917704626459891,0.9917516166047988,0.9917899064747786,0.9997848586768591,-0.007773957355454497,-0.007783734642437867,36,"ParticleID_0,ParticleID_1,ParticleID_10,ParticleID_11,ParticleID_12,ParticleID_14,ParticleID_15,ParticleID_16,ParticleID_17,ParticleID_19,ParticleID_2,ParticleID_22,ParticleID_25,ParticleID_26,ParticleID_29,ParticleID_30,ParticleID_31,ParticleID_33,ParticleID_35,ParticleID_37,ParticleID_38,ParticleID_39,ParticleID_4,ParticleID_40,ParticleID_41,ParticleID_42,ParticleID_43,ParticleID_44,ParticleID_45,ParticleID_46,ParticleID_47,ParticleID_48,ParticleID_5,ParticleID_6,ParticleID_7,ParticleID_8,synthetic_target_1"
miniboone_synthetic_target_1_clean,classification,243.1253523826599,0.9897260273972602,0.9897131782322359,0.9896899054448793,0.9897373830934733,0.9996063383527403,-0.010239724854529175,-0.010252529336428062,37,"ParticleID_0,ParticleID_1,ParticleID_10,ParticleID_11,ParticleID_12,ParticleID_14,ParticleID_15,ParticleID_16,ParticleID_17,ParticleID_19,ParticleID_2,ParticleID_22,ParticleID_25,ParticleID_26,ParticleID_29,ParticleID_30,ParticleID_31,ParticleID_33,ParticleID_35,ParticleID_37,ParticleID_38,ParticleID_39,ParticleID_4,ParticleID_40,ParticleID_41,ParticleID_42,ParticleID_43,ParticleID_44,ParticleID_45,ParticleID_46,ParticleID_47,ParticleID_48,ParticleID_5,ParticleID_6,ParticleID_7,ParticleID_8,ParticleID_9,synthetic_target_1"
miniboone_synthetic_target_1_clean,classification,243.1253523826599,0.9905479452054795,0.9905359397546898,0.9905217295874934,0.9905504857674996,0.9996164941505704,-0.00940068317220466,-0.009412621534617305,38,"ParticleID_0,ParticleID_1,ParticleID_10,ParticleID_11,ParticleID_12,ParticleID_13,ParticleID_14,ParticleID_15,ParticleID_16,ParticleID_17,ParticleID_19,ParticleID_2,ParticleID_22,ParticleID_25,ParticleID_26,ParticleID_29,ParticleID_30,ParticleID_31,ParticleID_33,ParticleID_35,ParticleID_37,ParticleID_38,ParticleID_39,ParticleID_4,ParticleID_40,ParticleID_41,ParticleID_42,ParticleID_43,ParticleID_44,ParticleID_45,ParticleID_46,ParticleID_47,ParticleID_48,ParticleID_5,ParticleID_6,ParticleID_7,ParticleID_8,ParticleID_9,synthetic_target_1"
miniboone_synthetic_target_1_clean,classification,243.1253523826599,0.9897945205479453,0.989781307341133,0.9897788962761489,0.9897837277287158,0.9995898692374797,-0.009777382599422846,-0.009790027139815471,39,"ParticleID_0,ParticleID_1,ParticleID_10,ParticleID_11,ParticleID_12,ParticleID_13,ParticleID_14,ParticleID_15,ParticleID_16,ParticleID_17,ParticleID_19,ParticleID_2,ParticleID_22,ParticleID_25,ParticleID_26,ParticleID_29,ParticleID_30,ParticleID_31,ParticleID_32,ParticleID_33,ParticleID_35,ParticleID_37,ParticleID_38,ParticleID_39,ParticleID_4,ParticleID_40,ParticleID_41,ParticleID_42,ParticleID_43,ParticleID_44,ParticleID_45,ParticleID_46,ParticleID_47,ParticleID_48,ParticleID_5,ParticleID_6,ParticleID_7,ParticleID_8,ParticleID_9,synthetic_target_1"
miniboone_synthetic_target_1_clean,classification,243.1253523826599,0.9904794520547945,0.990466746610893,0.990484167682944,0.990449782717598,0.9997036686631218,-0.008921212351520769,-0.008933135097689116,40,"ParticleID_0,ParticleID_1,ParticleID_10,ParticleID_11,ParticleID_12,ParticleID_13,ParticleID_14,ParticleID_15,ParticleID_16,ParticleID_17,ParticleID_19,ParticleID_2,ParticleID_22,ParticleID_23,ParticleID_25,ParticleID_26,ParticleID_29,ParticleID_30,ParticleID_31,ParticleID_32,ParticleID_33,ParticleID_35,ParticleID_37,ParticleID_38,ParticleID_39,ParticleID_4,ParticleID_40,ParticleID_41,ParticleID_42,ParticleID_43,ParticleID_44,ParticleID_45,ParticleID_46,ParticleID_47,ParticleID_48,ParticleID_5,ParticleID_6,ParticleID_7,ParticleID_8,ParticleID_9,synthetic_target_1"
miniboone_synthetic_target_2_noise,classification,339.8150370121002,0.9028767123287671,0.902851328615118,0.9038877978921758,0.9031722448897475,0.9750542459138586,-0.004962597236628952,-0.004971536609721272,1,"ParticleID_33,synthetic_target_2"
miniboone_synthetic_target_2_noise,classification,339.8150370121002,0.9673972602739725,0.9673944310724203,0.9673812888691751,0.9674146912438342,0.9952818404033567,-0.0028243226569497626,-0.002824817751364339,2,"ParticleID_26,ParticleID_33,synthetic_target_2"
miniboone_synthetic_target_2_noise,classification,339.8150370121002,0.9686301369863014,0.9686267364989682,0.9686193701428729,0.9686354119818008,0.9964169057473118,-0.0023448964052531496,-0.002345968726313652,3,"ParticleID_11,ParticleID_26,ParticleID_33,synthetic_target_2"
miniboone_synthetic_target_2_noise,classification,339.8150370121002,0.971027397260274,0.9710228447365705,0.9710398588403083,0.97100912113587,0.9970478541897461,-0.00291006635149349,-0.0029120654746055408,4,"ParticleID_11,ParticleID_23,ParticleID_26,ParticleID_33,synthetic_target_2"
miniboone_synthetic_target_2_noise,classification,339.8150370121002,0.9802739726027397,0.9802707012932375,0.9802936869931893,0.9802530159744682,0.9988223509380316,-0.0038521961016679818,-0.003853695244259825,5,"ParticleID_11,ParticleID_23,ParticleID_26,ParticleID_33,ParticleID_41,synthetic_target_2"
miniboone_synthetic_target_2_noise,classification,339.8150370121002,0.9813698630136987,0.9813662250742292,0.9814104581208232,0.9813367331242921,0.9989853101374623,-0.0058899746519748275,-0.0058921296955589675,6,"ParticleID_11,ParticleID_15,ParticleID_23,ParticleID_26,ParticleID_33,ParticleID_41,synthetic_target_2"
miniboone_synthetic_target_2_noise,classification,339.8150370121002,0.9828767123287672,0.9828738726503798,0.9828969756130228,0.9828560841491802,0.9990167834275054,-0.0061297604956446206,-0.006131212767959582,7,"ParticleID_11,ParticleID_15,ParticleID_19,ParticleID_23,ParticleID_26,ParticleID_33,ParticleID_41,synthetic_target_2"
miniboone_synthetic_target_2_noise,classification,339.8150370121002,0.9830821917808219,0.9830797049356161,0.983090915659858,0.9830700537256756,0.9990961704381691,-0.006283882399800711,-0.006285174355426082,8,"ParticleID_11,ParticleID_15,ParticleID_15_shuffled_1,ParticleID_19,ParticleID_23,ParticleID_26,ParticleID_33,ParticleID_41,synthetic_target_2"
miniboone_synthetic_target_2_noise,classification,339.8150370121002,0.9824657534246576,0.9824626569926749,0.9824931580817222,0.9824404565515079,0.9990594797512076,-0.005307800464174228,-0.005309277696704751,9,"ParticleID_11,ParticleID_15,ParticleID_15_shuffled_1,ParticleID_15_shuffled_2,ParticleID_19,ParticleID_23,ParticleID_26,ParticleID_33,ParticleID_41,synthetic_target_2"
miniboone_synthetic_target_2_noise,classification,339.8150370121002,0.9832876712328767,0.983284780494221,0.9833127807214623,0.9832640170247791,0.9990792420496066,-0.0051365898719556435,-0.0051380726927197085,10,"ParticleID_11,ParticleID_15,ParticleID_15_shuffled_1,ParticleID_15_shuffled_2,ParticleID_19,ParticleID_19_shuffled_2,ParticleID_23,ParticleID_26,ParticleID_33,ParticleID_41,synthetic_target_2"
miniboone_synthetic_target_2_noise,classification,339.8150370121002,0.9804794520547945,0.980476451440353,0.9804916550705827,0.980463907662134,0.9987495888953974,-0.0018829576167695983,-0.001884071267095111,11,"ParticleID_11,ParticleID_15,ParticleID_15_shuffled_1,ParticleID_15_shuffled_2,ParticleID_19,ParticleID_19_shuffled_2,ParticleID_23,ParticleID_26,ParticleID_33,ParticleID_41,ParticleID_45_shuffled_1,synthetic_target_2"
miniboone_synthetic_target_2_noise,classification,339.8150370121002,0.9821232876712329,0.982120659871238,0.9821318491262594,0.9821110286086764,0.9990245156848089,-0.007756502732548021,-0.007758051400742372,12,"ParticleID_11,ParticleID_15,ParticleID_15_shuffled_1,ParticleID_15_shuffled_2,ParticleID_19,ParticleID_19_shuffled_1,ParticleID_19_shuffled_2,ParticleID_23,ParticleID_26,ParticleID_33,ParticleID_41,ParticleID_45_shuffled_1,synthetic_target_2"
miniboone_synthetic_target_2_noise,classification,339.8150370121002,0.9829452054794521,0.9829426984978478,0.9829539061550582,0.9829330501375328,0.9989939432402768,-0.013715639070018826,-0.013717753678600841,13,"ParticleID_11,ParticleID_15,ParticleID_15_shuffled_1,ParticleID_15_shuffled_2,ParticleID_19,ParticleID_19_shuffled_1,ParticleID_19_shuffled_2,ParticleID_23,ParticleID_26,ParticleID_33,ParticleID_37,ParticleID_41,ParticleID_45_shuffled_1,synthetic_target_2"
miniboone_synthetic_target_2_noise,classification,339.8150370121002,0.9824657534246576,0.982463028266787,0.9824793543543544,0.9824496902179963,0.9990253039246311,-0.004862579737436978,-0.004863857935171412,14,"ParticleID_11,ParticleID_15,ParticleID_15_shuffled_1,ParticleID_15_shuffled_2,ParticleID_19,ParticleID_19_shuffled_1,ParticleID_19_shuffled_2,ParticleID_23,ParticleID_26,ParticleID_33,ParticleID_37,ParticleID_41,ParticleID_45_shuffled_1,ParticleID_49_shuffled_1,synthetic_target_2"
miniboone_synthetic_target_2_noise,classification,339.8150370121002,0.9820547945205479,0.9820518815298058,0.9820726233344714,0.9820356015647387,0.9989259481718054,-0.007756500386811971,-0.007758154840287412,15,"ParticleID_11,ParticleID_15,ParticleID_15_shuffled_1,ParticleID_15_shuffled_2,ParticleID_19,ParticleID_19_shuffled_1,ParticleID_19_shuffled_2,ParticleID_23,ParticleID_26,ParticleID_28_shuffled_2,ParticleID_33,ParticleID_37,ParticleID_41,ParticleID_45_shuffled_1,ParticleID_49_shuffled_1,synthetic_target_2"
miniboone_synthetic_target_2_noise,classification,339.8150370121002,0.9832191780821918,0.9832167113733844,0.9832279251646577,0.9832070573138183,0.9990632332741703,-0.004280393820955575,-0.004281330685853013,16,"ParticleID_11,ParticleID_15,ParticleID_15_shuffled_1,ParticleID_15_shuffled_2,ParticleID_19,ParticleID_19_shuffled_1,ParticleID_19_shuffled_2,ParticleID_23,ParticleID_26,ParticleID_28_shuffled_2,ParticleID_33,ParticleID_37,ParticleID_41,ParticleID_42,ParticleID_45_shuffled_1,ParticleID_49_shuffled_1,synthetic_target_2"
miniboone_synthetic_target_2_noise,classification,339.8150370121002,0.9858904109589041,0.9858882180584301,0.9859046546546546,0.9858747799215648,0.9993740062078765,-0.011712246666357062,-0.011714162296354802,17,"ParticleID_11,ParticleID_15,ParticleID_15_shuffled_1,ParticleID_15_shuffled_2,ParticleID_19,ParticleID_19_shuffled_1,ParticleID_19_shuffled_2,ParticleID_23,ParticleID_26,ParticleID_28_shuffled_2,ParticleID_33,ParticleID_37,ParticleID_41,ParticleID_42,ParticleID_45,ParticleID_45_shuffled_1,ParticleID_49_shuffled_1,synthetic_target_2"
miniboone_synthetic_target_2_noise,classification,339.8150370121002,0.9904109589041096,0.990409719132203,0.9904112655637046,0.9904082098855933,0.9997196118346777,-0.007893777559467963,-0.007894823130556228,18,"ParticleID_11,ParticleID_15,ParticleID_15_shuffled_1,ParticleID_15_shuffled_2,ParticleID_19,ParticleID_19_shuffled_1,ParticleID_19_shuffled_2,ParticleID_23,ParticleID_26,ParticleID_28_shuffled_2,ParticleID_33,ParticleID_37,ParticleID_40,ParticleID_41,ParticleID_42,ParticleID_45,ParticleID_45_shuffled_1,ParticleID_49_shuffled_1,synthetic_target_2"
miniboone_synthetic_target_2_noise,classification,339.8150370121002,0.9918493150684932,0.9918482739222065,0.9918490401207992,0.9918475170332995,0.9997827085556826,-0.006712279506663532,-0.0067131457045730425,19,"ParticleID_11,ParticleID_15,ParticleID_15_shuffled_1,ParticleID_15_shuffled_2,ParticleID_19,ParticleID_19_shuffled_1,ParticleID_19_shuffled_2,ParticleID_23,ParticleID_26,ParticleID_28_shuffled_2,ParticleID_33,ParticleID_37,ParticleID_40,ParticleID_41,ParticleID_42,ParticleID_45,ParticleID_45_shuffled_1,ParticleID_47_shuffled_1,ParticleID_49_shuffled_1,synthetic_target_2"
miniboone_synthetic_target_2_noise,classification,339.8150370121002,0.9921232876712329,0.9921222815214601,0.9921230481455935,0.9921215242095851,0.9997635468209575,-0.007226005112766498,-0.007226931132904513,20,"ParticleID_11,ParticleID_15,ParticleID_15_shuffled_1,ParticleID_15_shuffled_2,ParticleID_19,ParticleID_19_shuffled_1,ParticleID_19_shuffled_2,ParticleID_23,ParticleID_26,ParticleID_28_shuffled_2,ParticleID_33,ParticleID_37,ParticleID_40,ParticleID_41,ParticleID_42,ParticleID_45,ParticleID_45_shuffled_1,ParticleID_47_shuffled_1,ParticleID_49,ParticleID_49_shuffled_1,synthetic_target_2"
miniboone_synthetic_target_2_noise,classification,339.8150370121002,0.9900684931506849,0.9900670660719575,0.9900764809811222,0.9900587756653701,0.9997048980246634,-0.009931506849315097,-0.009932933928042509,21,"ParticleID_11,ParticleID_15,ParticleID_15_shuffled_1,ParticleID_15_shuffled_2,ParticleID_19,ParticleID_19_shuffled_1,ParticleID_19_shuffled_2,ParticleID_23,ParticleID_26,ParticleID_28_shuffled_2,ParticleID_33,ParticleID_37,ParticleID_40,ParticleID_41,ParticleID_42,ParticleID_42_shuffled_1,ParticleID_45,ParticleID_45_shuffled_1,ParticleID_47_shuffled_1,ParticleID_49,ParticleID_49_shuffled_1,synthetic_target_2"
miniboone_synthetic_target_2_noise,classification,339.8150370121002,0.9911643835616438,0.9911632821225498,0.9911625355112683,0.9911640380370006,0.999743315332188,-0.006832123168038717,-0.006832992149603312,22,"ParticleID_11,ParticleID_15,ParticleID_15_shuffled_1,ParticleID_15_shuffled_2,ParticleID_19,ParticleID_19_shuffled_1,ParticleID_19_shuffled_2,ParticleID_23,ParticleID_26,ParticleID_28_shuffled_2,ParticleID_33,ParticleID_35,ParticleID_37,ParticleID_40,ParticleID_41,ParticleID_42,ParticleID_42_shuffled_1,ParticleID_45,ParticleID_45_shuffled_1,ParticleID_47_shuffled_1,ParticleID_49,ParticleID_49_shuffled_1,synthetic_target_2"
miniboone_synthetic_target_2_noise,classification,339.8150370121002,0.9913698630136987,0.9913688521862731,0.9913646485684018,0.9913733907802516,0.9997680510485129,-0.007996553644406101,-0.007997488127606811,23,"ParticleID_11,ParticleID_15,ParticleID_15_shuffled_1,ParticleID_15_shuffled_2,ParticleID_19,ParticleID_19_shuffled_1,ParticleID_19_shuffled_2,ParticleID_22_shuffled_1,ParticleID_23,ParticleID_26,ParticleID_28_shuffled_2,ParticleID_33,ParticleID_35,ParticleID_37,ParticleID_40,ParticleID_41,ParticleID_42,ParticleID_42_shuffled_1,ParticleID_45,ParticleID_45_shuffled_1,ParticleID_47_shuffled_1,ParticleID_49,ParticleID_49_shuffled_1,synthetic_target_2"
miniboone_synthetic_target_2_noise,classification,339.8150370121002,0.9914383561643836,0.9914373149119902,0.9914351294172019,0.9914395841577008,0.9997782418633568,-0.006729389306351696,-0.006730208399466253,24,"ParticleID_11,ParticleID_15,ParticleID_15_shuffled_1,ParticleID_15_shuffled_2,ParticleID_19,ParticleID_19_shuffled_1,ParticleID_19_shuffled_2,ParticleID_22_shuffled_1,ParticleID_23,ParticleID_26,ParticleID_28_shuffled_2,ParticleID_32,ParticleID_33,ParticleID_35,ParticleID_37,ParticleID_40,ParticleID_41,ParticleID_42,ParticleID_42_shuffled_1,ParticleID_45,ParticleID_45_shuffled_1,ParticleID_47_shuffled_1,ParticleID_49,ParticleID_49_shuffled_1,synthetic_target_2"
miniboone_synthetic_target_2_noise,classification,339.8150370121002,0.9918493150684932,0.9918483724457329,0.9918435282388129,0.9918536728109586,0.9997770407360089,-0.007311615100348279,-0.007312454716750572,25,"ParticleID_11,ParticleID_15,ParticleID_15_shuffled_1,ParticleID_15_shuffled_2,ParticleID_19,ParticleID_19_shuffled_1,ParticleID_19_shuffled_2,ParticleID_22_shuffled_1,ParticleID_23,ParticleID_26,ParticleID_28_shuffled_2,ParticleID_32,ParticleID_33,ParticleID_35,ParticleID_37,ParticleID_40,ParticleID_41,ParticleID_42,ParticleID_42_shuffled_1,ParticleID_43,ParticleID_45,ParticleID_45_shuffled_1,ParticleID_47_shuffled_1,ParticleID_49,ParticleID_49_shuffled_1,synthetic_target_2"
miniboone_synthetic_target_2_noise,classification,339.8150370121002,0.991986301369863,0.9919852274820891,0.9919892450102361,0.9919814427326128,0.999774995065994,-0.00729449591771536,-0.007295482331300729,26,"ParticleID_11,ParticleID_15,ParticleID_15_shuffled_1,ParticleID_15_shuffled_2,ParticleID_19,ParticleID_19_shuffled_1,ParticleID_19_shuffled_2,ParticleID_22_shuffled_1,ParticleID_23,ParticleID_26,ParticleID_28_shuffled_2,ParticleID_32,ParticleID_33,ParticleID_35,ParticleID_37,ParticleID_40,ParticleID_41,ParticleID_42,ParticleID_42_shuffled_1,ParticleID_43,ParticleID_45,ParticleID_45_shuffled_1,ParticleID_47,ParticleID_47_shuffled_1,ParticleID_49,ParticleID_49_shuffled_1,synthetic_target_2"
miniboone_synthetic_target_2_noise,classification,339.8150370121002,0.9935616438356164,0.9935607912355594,0.9935639782169805,0.9935577534684616,0.9998507223917689,-0.006421232290278356,-0.006422082735851098,27,"ParticleID_11,ParticleID_15,ParticleID_15_shuffled_1,ParticleID_15_shuffled_2,ParticleID_19,ParticleID_19_shuffled_1,ParticleID_19_shuffled_2,ParticleID_22_shuffled_1,ParticleID_23,ParticleID_26,ParticleID_28_shuffled_2,ParticleID_29,ParticleID_32,ParticleID_33,ParticleID_35,ParticleID_37,ParticleID_40,ParticleID_41,ParticleID_42,ParticleID_42_shuffled_1,ParticleID_43,ParticleID_45,ParticleID_45_shuffled_1,ParticleID_47,ParticleID_47_shuffled_1,ParticleID_49,ParticleID_49_shuffled_1,synthetic_target_2"
miniboone_synthetic_target_2_noise,classification,339.8150370121002,0.9926712328767123,0.9926703192799444,0.9926695703706362,0.9926710775065708,0.9998243726605698,-0.0071575283822349345,-0.007158420761874673,28,"ParticleID_11,ParticleID_15,ParticleID_15_shuffled_1,ParticleID_15_shuffled_2,ParticleID_19,ParticleID_19_shuffled_1,ParticleID_19_shuffled_2,ParticleID_22_shuffled_1,ParticleID_23,ParticleID_26,ParticleID_28,ParticleID_28_shuffled_2,ParticleID_29,ParticleID_32,ParticleID_33,ParticleID_35,ParticleID_37,ParticleID_40,ParticleID_41,ParticleID_42,ParticleID_42_shuffled_1,ParticleID_43,ParticleID_45,ParticleID_45_shuffled_1,ParticleID_47,ParticleID_47_shuffled_1,ParticleID_49,ParticleID_49_shuffled_1,synthetic_target_2"
miniboone_synthetic_target_2_noise,classification,339.8150370121002,0.9932876712328768,0.9932868033925422,0.9932883588414334,0.993285285236591,0.9998520548924207,-0.006558213900175747,-0.006559062350152356,29,"ParticleID_11,ParticleID_15,ParticleID_15_shuffled_1,ParticleID_15_shuffled_2,ParticleID_19,ParticleID_19_shuffled_1,ParticleID_19_shuffled_2,ParticleID_22_shuffled_1,ParticleID_23,ParticleID_26,ParticleID_28,ParticleID_28_shuffled_2,ParticleID_29,ParticleID_31,ParticleID_32,ParticleID_33,ParticleID_35,ParticleID_37,ParticleID_40,ParticleID_41,ParticleID_42,ParticleID_42_shuffled_1,ParticleID_43,ParticleID_45,ParticleID_45_shuffled_1,ParticleID_47,ParticleID_47_shuffled_1,ParticleID_49,ParticleID_49_shuffled_1,synthetic_target_2"
miniboone_synthetic_target_2_noise,classification,339.8150370121002,0.9920547945205479,0.9920537171722006,0.9920585945159679,0.9920491750544768,0.9997736625653423,-0.007380117633977945,-0.007381125610696371,30,"ParticleID_11,ParticleID_14,ParticleID_15,ParticleID_15_shuffled_1,ParticleID_15_shuffled_2,ParticleID_19,ParticleID_19_shuffled_1,ParticleID_19_shuffled_2,ParticleID_22_shuffled_1,ParticleID_23,ParticleID_26,ParticleID_28,ParticleID_28_shuffled_2,ParticleID_29,ParticleID_31,ParticleID_32,ParticleID_33,ParticleID_35,ParticleID_37,ParticleID_40,ParticleID_41,ParticleID_42,ParticleID_42_shuffled_1,ParticleID_43,ParticleID_45,ParticleID_45_shuffled_1,ParticleID_47,ParticleID_47_shuffled_1,ParticleID_49,ParticleID_49_shuffled_1,synthetic_target_2"
miniboone_synthetic_target_2_noise,classification,339.8150370121002,0.9908219178082192,0.9908207595944363,0.9908207595944363,0.9908207595944363,0.9997229712377295,-0.007277332166095052,-0.00727826277436594,31,"ParticleID_11,ParticleID_14,ParticleID_15,ParticleID_15_shuffled_1,ParticleID_15_shuffled_2,ParticleID_17,ParticleID_19,ParticleID_19_shuffled_1,ParticleID_19_shuffled_2,ParticleID_22_shuffled_1,ParticleID_23,ParticleID_26,ParticleID_28,ParticleID_28_shuffled_2,ParticleID_29,ParticleID_31,ParticleID_32,ParticleID_33,ParticleID_35,ParticleID_37,ParticleID_40,ParticleID_41,ParticleID_42,ParticleID_42_shuffled_1,ParticleID_43,ParticleID_45,ParticleID_45_shuffled_1,ParticleID_47,ParticleID_47_shuffled_1,ParticleID_49,ParticleID_49_shuffled_1,synthetic_target_2"
miniboone_synthetic_target_2_noise,classification,339.8150370121002,0.9924657534246575,0.9924648026521492,0.9924648026521492,0.9924648026521492,0.9998147448741703,-0.007499998827131926,-0.007500945303820616,32,"ParticleID_11,ParticleID_14,ParticleID_15,ParticleID_15_shuffled_1,ParticleID_15_shuffled_2,ParticleID_17,ParticleID_19,ParticleID_19_shuffled_1,ParticleID_19_shuffled_2,ParticleID_22_shuffled_1,ParticleID_23,ParticleID_26,ParticleID_28,ParticleID_28_shuffled_2,ParticleID_29,ParticleID_31,ParticleID_32,ParticleID_33,ParticleID_35,ParticleID_37,ParticleID_40,ParticleID_41,ParticleID_42,ParticleID_42_shuffled_1,ParticleID_43,ParticleID_45,ParticleID_45_shuffled_1,ParticleID_47,ParticleID_47_shuffled_1,ParticleID_48,ParticleID_49,ParticleID_49_shuffled_1,synthetic_target_2"
miniboone_synthetic_target_2_noise,classification,339.8150370121002,0.9917808219178083,0.9917798098579935,0.9917783332957983,0.9917813236558504,0.999781469893105,-0.007910948348296754,-0.00791192245196859,33,"ParticleID_11,ParticleID_14,ParticleID_15,ParticleID_15_shuffled_1,ParticleID_15_shuffled_2,ParticleID_17,ParticleID_19,ParticleID_19_shuffled_1,ParticleID_19_shuffled_2,ParticleID_21_shuffled_1,ParticleID_22_shuffled_1,ParticleID_23,ParticleID_26,ParticleID_28,ParticleID_28_shuffled_2,ParticleID_29,ParticleID_31,ParticleID_32,ParticleID_33,ParticleID_35,ParticleID_37,ParticleID_40,ParticleID_41,ParticleID_42,ParticleID_42_shuffled_1,ParticleID_43,ParticleID_45,ParticleID_45_shuffled_1,ParticleID_47,ParticleID_47_shuffled_1,ParticleID_48,ParticleID_49,ParticleID_49_shuffled_1,synthetic_target_2"
miniboone_synthetic_target_2_noise,classification,339.8150370121002,0.9931506849315068,0.9931498622465449,0.9931469751585075,0.9931528984816924,0.999841413654821,-0.006780819572072105,-0.006781633612759408,34,"ParticleID_11,ParticleID_14,ParticleID_15,ParticleID_15_shuffled_1,ParticleID_15_shuffled_2,ParticleID_17,ParticleID_19,ParticleID_19_shuffled_1,ParticleID_19_shuffled_2,ParticleID_21_shuffled_1,ParticleID_22_shuffled_1,ParticleID_23,ParticleID_26,ParticleID_28,ParticleID_28_shuffled_2,ParticleID_29,ParticleID_31,ParticleID_32,ParticleID_33,ParticleID_35,ParticleID_37,ParticleID_39,ParticleID_40,ParticleID_41,ParticleID_42,ParticleID_42_shuffled_1,ParticleID_43,ParticleID_45,ParticleID_45_shuffled_1,ParticleID_47,ParticleID_47_shuffled_1,ParticleID_48,ParticleID_49,ParticleID_49_shuffled_1,synthetic_target_2"
miniboone_synthetic_target_2_noise,classification,339.8150370121002,0.9929452054794521,0.9929443043192208,0.9929450722199761,0.9929435457384415,0.999808213744215,-0.006986299024126841,-0.006987191487287436,35,"ParticleID_10,ParticleID_11,ParticleID_14,ParticleID_15,ParticleID_15_shuffled_1,ParticleID_15_shuffled_2,ParticleID_17,ParticleID_19,ParticleID_19_shuffled_1,ParticleID_19_shuffled_2,ParticleID_21_shuffled_1,ParticleID_22_shuffled_1,ParticleID_23,ParticleID_26,ParticleID_28,ParticleID_28_shuffled_2,ParticleID_29,ParticleID_31,ParticleID_32,ParticleID_33,ParticleID_35,ParticleID_37,ParticleID_39,ParticleID_40,ParticleID_41,ParticleID_42,ParticleID_42_shuffled_1,ParticleID_43,ParticleID_45,ParticleID_45_shuffled_1,ParticleID_47,ParticleID_47_shuffled_1,ParticleID_48,ParticleID_49,ParticleID_49_shuffled_1,synthetic_target_2"
miniboone_synthetic_target_2_noise,classification,339.8150370121002,0.9920547945205479,0.9920537672809683,0.9920553188652639,0.9920522529433062,0.9997500341382912,-0.007842462234820435,-0.007843476507988112,36,"ParticleID_10,ParticleID_11,ParticleID_14,ParticleID_15,ParticleID_15_shuffled_1,ParticleID_15_shuffled_2,ParticleID_17,ParticleID_19,ParticleID_19_shuffled_1,ParticleID_19_shuffled_2,ParticleID_21_shuffled_1,ParticleID_22_shuffled_1,ParticleID_23,ParticleID_26,ParticleID_28,ParticleID_28_shuffled_2,ParticleID_29,ParticleID_30,ParticleID_31,ParticleID_32,ParticleID_33,ParticleID_35,ParticleID_37,ParticleID_39,ParticleID_40,ParticleID_41,ParticleID_42,ParticleID_42_shuffled_1,ParticleID_43,ParticleID_45,ParticleID_45_shuffled_1,ParticleID_47,ParticleID_47_shuffled_1,ParticleID_48,ParticleID_49,ParticleID_49_shuffled_1,synthetic_target_2"
miniboone_synthetic_target_2_noise,classification,339.8150370121002,0.9928082191780822,0.9928073226578894,0.9928065735396696,0.9928080810947135,0.9998474192915615,-0.007191780821917848,-0.007192677342110598,37,"ParticleID_10,ParticleID_11,ParticleID_14,ParticleID_15,ParticleID_15_shuffled_1,ParticleID_15_shuffled_2,ParticleID_17,ParticleID_19,ParticleID_19_shuffled_1,ParticleID_19_shuffled_2,ParticleID_21_shuffled_1,ParticleID_22_shuffled_1,ParticleID_23,ParticleID_26,ParticleID_28,ParticleID_28_shuffled_2,ParticleID_29,ParticleID_30,ParticleID_31,ParticleID_32,ParticleID_33,ParticleID_35,ParticleID_37,ParticleID_39,ParticleID_40,ParticleID_41,ParticleID_42,ParticleID_42_shuffled_1,ParticleID_43,ParticleID_45,ParticleID_45_shuffled_1,ParticleID_47,ParticleID_47_shuffled_1,ParticleID_48,ParticleID_49,ParticleID_49_shuffled_1,ParticleID_7,synthetic_target_2"
miniboone_synthetic_target_2_noise,classification,339.8150370121002,0.9933561643835617,0.993355396027194,0.9933505366254178,0.9933607122805287,0.9998354267856954,-0.006643835616438332,-0.006644603972805974,38,"ParticleID_10,ParticleID_11,ParticleID_14,ParticleID_15,ParticleID_15_shuffled_1,ParticleID_15_shuffled_2,ParticleID_17,ParticleID_19,ParticleID_19_shuffled_1,ParticleID_19_shuffled_2,ParticleID_21_shuffled_1,ParticleID_22_shuffled_1,ParticleID_23,ParticleID_26,ParticleID_28,ParticleID_28_shuffled_2,ParticleID_29,ParticleID_30,ParticleID_31,ParticleID_32,ParticleID_33,ParticleID_35,ParticleID_37,ParticleID_39,ParticleID_40,ParticleID_41,ParticleID_42,ParticleID_42_shuffled_1,ParticleID_43,ParticleID_45,ParticleID_45_shuffled_1,ParticleID_46,ParticleID_47,ParticleID_47_shuffled_1,ParticleID_48,ParticleID_49,ParticleID_49_shuffled_1,ParticleID_7,synthetic_target_2"
miniboone_synthetic_target_2_noise,classification,339.8150370121002,0.9921917808219178,0.9921907712933653,0.9921923233070604,0.992189256531449,0.9998008193039783,-0.007791095303976925,-0.007792102691183911,39,"ParticleID_10,ParticleID_11,ParticleID_14,ParticleID_15,ParticleID_15_shuffled_1,ParticleID_15_shuffled_2,ParticleID_16,ParticleID_17,ParticleID_19,ParticleID_19_shuffled_1,ParticleID_19_shuffled_2,ParticleID_21_shuffled_1,ParticleID_22_shuffled_1,ParticleID_23,ParticleID_26,ParticleID_28,ParticleID_28_shuffled_2,ParticleID_29,ParticleID_30,ParticleID_31,ParticleID_32,ParticleID_33,ParticleID_35,ParticleID_37,ParticleID_39,ParticleID_40,ParticleID_41,ParticleID_42,ParticleID_42_shuffled_1,ParticleID_43,ParticleID_45,ParticleID_45_shuffled_1,ParticleID_46,ParticleID_47,ParticleID_47_shuffled_1,ParticleID_48,ParticleID_49,ParticleID_49_shuffled_1,ParticleID_7,synthetic_target_2"
miniboone_synthetic_target_2_noise,classification,339.8150370121002,0.9927397260273972,0.9927388320412276,0.992737352581282,0.9927403487728494,0.9998263432601254,-0.00726027397260276,-0.007261167958772408,40,"ParticleID_10,ParticleID_11,ParticleID_14,ParticleID_15,ParticleID_15_shuffled_1,ParticleID_15_shuffled_2,ParticleID_16,ParticleID_17,ParticleID_19,ParticleID_19_shuffled_1,ParticleID_19_shuffled_2,ParticleID_21_shuffled_1,ParticleID_22_shuffled_1,ParticleID_23,ParticleID_26,ParticleID_28,ParticleID_28_shuffled_2,ParticleID_29,ParticleID_30,ParticleID_31,ParticleID_32,ParticleID_33,ParticleID_34,ParticleID_35,ParticleID_37,ParticleID_39,ParticleID_40,ParticleID_41,ParticleID_42,ParticleID_42_shuffled_1,ParticleID_43,ParticleID_45,ParticleID_45_shuffled_1,ParticleID_46,ParticleID_47,ParticleID_47_shuffled_1,ParticleID_48,ParticleID_49,ParticleID_49_shuffled_1,ParticleID_7,synthetic_target_2"
miniboone_synthetic_target_2_clean,classification,290.53951621055603,0.9028767123287671,0.902851328615118,0.9038877978921758,0.9031722448897475,0.9750542459138586,-0.004962597236628952,-0.004971536609721272,1,"ParticleID_33,synthetic_target_2"
miniboone_synthetic_target_2_clean,classification,290.53951621055603,0.9673972602739725,0.9673944310724203,0.9673812888691751,0.9674146912438342,0.9952818404033567,-0.0028243226569497626,-0.002824817751364339,2,"ParticleID_26,ParticleID_33,synthetic_target_2"
miniboone_synthetic_target_2_clean,classification,290.53951621055603,0.9684246575342466,0.9684229615053774,0.9684109168103398,0.9684645328489186,0.9958208181493947,-0.003868914163414283,-0.003869361727491971,3,"ParticleID_11,ParticleID_26,ParticleID_33,synthetic_target_2"
miniboone_synthetic_target_2_clean,classification,290.53951621055603,0.9696575342465753,0.9696539351713973,0.9696505452820976,0.9696575525874198,0.9966055390438079,-0.003389487911717781,-0.003390590532358795,4,"ParticleID_11,ParticleID_17,ParticleID_26,ParticleID_33,synthetic_target_2"
miniboone_synthetic_target_2_clean,classification,290.53951621055603,0.9724657534246576,0.9724618420657271,0.9724700128765057,0.9724545840612353,0.9970795151559373,-0.0032525930940587866,-0.0032540592142126235,5,"ParticleID_11,ParticleID_17,ParticleID_23,ParticleID_26,ParticleID_33,synthetic_target_2"
miniboone_synthetic_target_2_clean,classification,290.53951621055603,0.981986301369863,0.981983470840941,0.9820008611518973,0.9819694081872894,0.9989669178749445,-0.012054590441500368,-0.01205674920498323,6,"ParticleID_11,ParticleID_17,ParticleID_23,ParticleID_26,ParticleID_33,ParticleID_41,synthetic_target_2"
miniboone_synthetic_target_2_clean,classification,290.53951621055603,0.9832876712328767,0.983285186751065,0.9832973929212453,0.9832747896356824,0.9991006371304948,-0.014023880532594624,-0.014026045098177176,7,"ParticleID_11,ParticleID_17,ParticleID_23,ParticleID_26,ParticleID_33,ParticleID_41,ParticleID_7,synthetic_target_2"
miniboone_synthetic_target_2_clean,classification,290.53951621055603,0.9832191780821918,0.9832165986066193,0.9832318850761049,0.9832039794249887,0.9991587604335739,-0.010393616876539613,-0.010395455269560872,8,"ParticleID_11,ParticleID_17,ParticleID_19,ParticleID_23,ParticleID_26,ParticleID_33,ParticleID_41,ParticleID_7,synthetic_target_2"
miniboone_synthetic_target_2_clean,classification,290.53951621055603,0.9848630136986302,0.9848606351933382,0.9848781242586895,0.984846483538287,0.9993333743218039,-0.008064826295890226,-0.008066368514976108,9,"ParticleID_11,ParticleID_15,ParticleID_17,ParticleID_19,ParticleID_23,ParticleID_26,ParticleID_33,ParticleID_41,ParticleID_7,synthetic_target_2"
miniboone_synthetic_target_2_clean,classification,290.53951621055603,0.986027397260274,0.9860252731227678,0.9860395932492694,0.9860133224541223,0.9993938998795795,-0.012208843706882466,-0.012210752657544899,10,"ParticleID_11,ParticleID_15,ParticleID_17,ParticleID_19,ParticleID_23,ParticleID_26,ParticleID_33,ParticleID_41,ParticleID_7,ParticleID_8,synthetic_target_2"
miniboone_synthetic_target_2_clean,classification,290.53951621055603,0.9861643835616438,0.986162594747893,0.9861641278680097,0.9861610986531684,0.9993896208634019,-0.0058045194829809965,-0.005805358615785905,11,"ParticleID_11,ParticleID_15,ParticleID_17,ParticleID_19,ParticleID_2,ParticleID_23,ParticleID_26,ParticleID_33,ParticleID_41,ParticleID_7,ParticleID_8,synthetic_target_2"
miniboone_synthetic_target_2_clean,classification,290.53951621055603,0.9872602739726027,0.98725870527989,0.987257242378518,0.9872602052471398,0.9993326423848263,-0.010907471498132537,-0.010908803994651661,12,"ParticleID_11,ParticleID_15,ParticleID_17,ParticleID_19,ParticleID_2,ParticleID_23,ParticleID_26,ParticleID_33,ParticleID_41,ParticleID_42,ParticleID_7,ParticleID_8,synthetic_target_2"
miniboone_synthetic_target_2_clean,classification,290.53951621055603,0.9895890410958904,0.9895877273011517,0.9895877273011517,0.9895877273011517,0.9996193177011113,-0.009554765198845683,-0.009555970940152037,13,"ParticleID_11,ParticleID_15,ParticleID_17,ParticleID_19,ParticleID_2,ParticleID_23,ParticleID_26,ParticleID_33,ParticleID_41,ParticleID_42,ParticleID_47,ParticleID_7,ParticleID_8,synthetic_target_2"
miniboone_synthetic_target_2_clean,classification,290.53951621055603,0.9927397260273972,0.9927385976417165,0.9927552552552552,0.992724959328702,0.9998342444259621,-0.00726027397260276,-0.007261402358283542,14,"ParticleID_11,ParticleID_15,ParticleID_17,ParticleID_19,ParticleID_2,ParticleID_23,ParticleID_26,ParticleID_33,ParticleID_40,ParticleID_41,ParticleID_42,ParticleID_47,ParticleID_7,ParticleID_8,synthetic_target_2"
miniboone_synthetic_target_2_clean,classification,290.53951621055603,0.9923972602739726,0.9923962171973497,0.9924019762817438,0.9923909145526262,0.9997995431061708,-0.0073801293626588604,-0.007381144601790068,15,"ParticleID_11,ParticleID_15,ParticleID_17,ParticleID_19,ParticleID_2,ParticleID_22,ParticleID_23,ParticleID_26,ParticleID_33,ParticleID_40,ParticleID_41,ParticleID_42,ParticleID_47,ParticleID_7,ParticleID_8,synthetic_target_2"
miniboone_synthetic_target_2_clean,classification,290.53951621055603,0.9921232876712329,0.992122232140515,0.9921262507711032,0.9921184463207555,0.9997952640899932,-0.007294500609187682,-0.007295484886901571,16,"ParticleID_11,ParticleID_15,ParticleID_17,ParticleID_19,ParticleID_2,ParticleID_22,ParticleID_23,ParticleID_26,ParticleID_33,ParticleID_40,ParticleID_41,ParticleID_42,ParticleID_47,ParticleID_5,ParticleID_7,ParticleID_8,synthetic_target_2"
miniboone_synthetic_target_2_clean,classification,290.53951621055603,0.9925342465753425,0.9925331738058163,0.9925426346640497,0.9925248402519395,0.9998233029065254,-0.007465753424657495,-0.007466826194183707,17,"ParticleID_11,ParticleID_15,ParticleID_17,ParticleID_19,ParticleID_2,ParticleID_22,ParticleID_23,ParticleID_26,ParticleID_33,ParticleID_37,ParticleID_40,ParticleID_41,ParticleID_42,ParticleID_47,ParticleID_5,ParticleID_7,ParticleID_8,synthetic_target_2"
miniboone_synthetic_target_2_clean,classification,290.53951621055603,0.9936301369863013,0.9936292216875313,0.9936387029675731,0.9936208689570813,0.9998538565834428,-0.006301367517277612,-0.0063022741189768805,18,"ParticleID_11,ParticleID_15,ParticleID_17,ParticleID_19,ParticleID_2,ParticleID_22,ParticleID_23,ParticleID_26,ParticleID_33,ParticleID_37,ParticleID_40,ParticleID_41,ParticleID_42,ParticleID_45,ParticleID_47,ParticleID_5,ParticleID_7,ParticleID_8,synthetic_target_2"
miniboone_synthetic_target_2_clean,classification,290.53951621055603,0.9932191780821917,0.9932182477706093,0.9932240162775932,0.9932129360814828,0.9998267749152662,-0.006455468309808032,-0.006456358184697475,19,"ParticleID_11,ParticleID_15,ParticleID_17,ParticleID_19,ParticleID_2,ParticleID_22,ParticleID_23,ParticleID_26,ParticleID_33,ParticleID_35,ParticleID_37,ParticleID_40,ParticleID_41,ParticleID_42,ParticleID_45,ParticleID_47,ParticleID_5,ParticleID_7,ParticleID_8,synthetic_target_2"
miniboone_synthetic_target_2_clean,classification,290.53951621055603,0.9930821917808219,0.9930812203407937,0.9930888021837283,0.9930743935489252,0.9998267186124217,-0.005993119017493109,-0.005993978688258794,20,"ParticleID_11,ParticleID_15,ParticleID_17,ParticleID_19,ParticleID_2,ParticleID_22,ParticleID_23,ParticleID_26,ParticleID_32,ParticleID_33,ParticleID_35,ParticleID_37,ParticleID_40,ParticleID_41,ParticleID_42,ParticleID_45,ParticleID_47,ParticleID_5,ParticleID_7,ParticleID_8,synthetic_target_2"
miniboone_synthetic_target_2_clean,classification,290.53951621055603,0.9923287671232877,0.9923276267054069,0.9923400526538799,0.9923170264531033,0.9997752390449867,-0.00693490629018545,-0.0069359563147316505,21,"ParticleID_11,ParticleID_15,ParticleID_17,ParticleID_19,ParticleID_2,ParticleID_22,ParticleID_23,ParticleID_26,ParticleID_32,ParticleID_33,ParticleID_35,ParticleID_37,ParticleID_40,ParticleID_41,ParticleID_42,ParticleID_45,ParticleID_47,ParticleID_49,ParticleID_5,ParticleID_7,ParticleID_8,synthetic_target_2"
miniboone_synthetic_target_2_clean,classification,290.53951621055603,0.9930821917808219,0.9930811748927013,0.9930926095102426,0.9930713156600957,0.9998517921458132,-0.006797941100441185,-0.006798942999143187,22,"ParticleID_11,ParticleID_15,ParticleID_17,ParticleID_19,ParticleID_2,ParticleID_22,ParticleID_23,ParticleID_26,ParticleID_29,ParticleID_32,ParticleID_33,ParticleID_35,ParticleID_37,ParticleID_40,ParticleID_41,ParticleID_42,ParticleID_45,ParticleID_47,ParticleID_49,ParticleID_5,ParticleID_7,ParticleID_8,synthetic_target_2"
miniboone_synthetic_target_2_clean,classification,290.53951621055603,0.9932191780821917,0.9932182694079216,0.9932222968580394,0.9932144750258974,0.9998409632320656,-0.006763698043703026,-0.00676460456348893,23,"ParticleID_11,ParticleID_15,ParticleID_17,ParticleID_19,ParticleID_2,ParticleID_22,ParticleID_23,ParticleID_26,ParticleID_29,ParticleID_31,ParticleID_32,ParticleID_33,ParticleID_35,ParticleID_37,ParticleID_40,ParticleID_41,ParticleID_42,ParticleID_45,ParticleID_47,ParticleID_49,ParticleID_5,ParticleID_7,ParticleID_8,synthetic_target_2"
miniboone_synthetic_target_2_clean,classification,290.53951621055603,0.9930821917808219,0.9930812647494958,0.9930852910971724,0.9930774714377547,0.9998173160373999,-0.00691780821917809,-0.006918735250504238,24,"ParticleID_11,ParticleID_15,ParticleID_17,ParticleID_19,ParticleID_2,ParticleID_22,ParticleID_23,ParticleID_26,ParticleID_29,ParticleID_30,ParticleID_31,ParticleID_32,ParticleID_33,ParticleID_35,ParticleID_37,ParticleID_40,ParticleID_41,ParticleID_42,ParticleID_45,ParticleID_47,ParticleID_49,ParticleID_5,ParticleID_7,ParticleID_8,synthetic_target_2"
miniboone_synthetic_target_2_clean,classification,290.53951621055603,0.9927397260273972,0.9927387645847797,0.9927419463207916,0.9927357319396053,0.9998316544951177,-0.007226026224392168,-0.007226983344872484,25,"ParticleID_11,ParticleID_15,ParticleID_17,ParticleID_19,ParticleID_2,ParticleID_22,ParticleID_23,ParticleID_26,ParticleID_29,ParticleID_30,ParticleID_31,ParticleID_32,ParticleID_33,ParticleID_35,ParticleID_37,ParticleID_40,ParticleID_41,ParticleID_42,ParticleID_45,ParticleID_47,ParticleID_48,ParticleID_49,ParticleID_5,ParticleID_7,ParticleID_8,synthetic_target_2"
miniboone_synthetic_target_2_clean,classification,290.53951621055603,0.9928082191780822,0.9928073226578894,0.9928065735396696,0.9928080810947135,0.999853237252154,-0.007191780821917848,-0.007192677342110598,26,"ParticleID_11,ParticleID_15,ParticleID_17,ParticleID_19,ParticleID_2,ParticleID_22,ParticleID_23,ParticleID_26,ParticleID_29,ParticleID_30,ParticleID_31,ParticleID_32,ParticleID_33,ParticleID_35,ParticleID_37,ParticleID_40,ParticleID_41,ParticleID_42,ParticleID_43,ParticleID_45,ParticleID_47,ParticleID_48,ParticleID_49,ParticleID_5,ParticleID_7,ParticleID_8,synthetic_target_2"
miniboone_synthetic_target_2_clean,classification,290.53951621055603,0.9933561643835617,0.993355315718101,0.9933560842571674,0.9933545565028696,0.999833550024214,-0.006643835616438332,-0.006644684281899016,27,"ParticleID_11,ParticleID_15,ParticleID_17,ParticleID_19,ParticleID_2,ParticleID_22,ParticleID_23,ParticleID_26,ParticleID_29,ParticleID_30,ParticleID_31,ParticleID_32,ParticleID_33,ParticleID_35,ParticleID_37,ParticleID_40,ParticleID_41,ParticleID_42,ParticleID_43,ParticleID_45,ParticleID_47,ParticleID_48,ParticleID_49,ParticleID_5,ParticleID_6,ParticleID_7,ParticleID_8,synthetic_target_2"
miniboone_synthetic_target_2_clean,classification,290.53951621055603,0.9931506849315068,0.993149841548328,0.9931483608464893,0.9931513595372777,0.9998588675365981,-0.006797943446177346,-0.006798780365903534,28,"ParticleID_11,ParticleID_15,ParticleID_17,ParticleID_19,ParticleID_2,ParticleID_22,ParticleID_23,ParticleID_26,ParticleID_29,ParticleID_30,ParticleID_31,ParticleID_32,ParticleID_33,ParticleID_35,ParticleID_37,ParticleID_40,ParticleID_41,ParticleID_42,ParticleID_43,ParticleID_45,ParticleID_46,ParticleID_47,ParticleID_48,ParticleID_49,ParticleID_5,ParticleID_6,ParticleID_7,ParticleID_8,synthetic_target_2"
miniboone_synthetic_target_2_clean,classification,290.53951621055603,0.993013698630137,0.9930127288823947,0.9930193930771988,0.9930066612270612,0.9998260617459032,-0.006626700013652176,-0.006627624517225872,29,"ParticleID_11,ParticleID_14,ParticleID_15,ParticleID_17,ParticleID_19,ParticleID_2,ParticleID_22,ParticleID_23,ParticleID_26,ParticleID_29,ParticleID_30,ParticleID_31,ParticleID_32,ParticleID_33,ParticleID_35,ParticleID_37,ParticleID_40,ParticleID_41,ParticleID_42,ParticleID_43,ParticleID_45,ParticleID_46,ParticleID_47,ParticleID_48,ParticleID_49,ParticleID_5,ParticleID_6,ParticleID_7,ParticleID_8,synthetic_target_2"
miniboone_synthetic_target_2_clean,classification,290.53951621055603,0.9937671232876713,0.993766420708658,0.9937603349376034,0.9937732619893717,0.9998416951690433,-0.00623287671232875,-0.006233579291342051,30,"ParticleID_11,ParticleID_14,ParticleID_15,ParticleID_17,ParticleID_19,ParticleID_2,ParticleID_22,ParticleID_23,ParticleID_26,ParticleID_28,ParticleID_29,ParticleID_30,ParticleID_31,ParticleID_32,ParticleID_33,ParticleID_35,ParticleID_37,ParticleID_40,ParticleID_41,ParticleID_42,ParticleID_43,ParticleID_45,ParticleID_46,ParticleID_47,ParticleID_48,ParticleID_49,ParticleID_5,ParticleID_6,ParticleID_7,ParticleID_8,synthetic_target_2"
miniboone_synthetic_target_2_clean,classification,290.53951621055603,0.9932191780821917,0.9932183327917243,0.99321758304677,0.9932190918591417,0.9998404752740803,-0.006780821917808266,-0.006781667208275666,31,"ParticleID_11,ParticleID_14,ParticleID_15,ParticleID_17,ParticleID_19,ParticleID_2,ParticleID_22,ParticleID_23,ParticleID_26,ParticleID_28,ParticleID_29,ParticleID_30,ParticleID_31,ParticleID_32,ParticleID_33,ParticleID_35,ParticleID_37,ParticleID_38,ParticleID_40,ParticleID_41,ParticleID_42,ParticleID_43,ParticleID_45,ParticleID_46,ParticleID_47,ParticleID_48,ParticleID_49,ParticleID_5,ParticleID_6,ParticleID_7,ParticleID_8,synthetic_target_2"
miniboone_synthetic_target_2_clean,classification,290.53951621055603,0.9928082191780822,0.992807185776245,0.9928166517399306,0.992798847428225,0.9998285203034439,-0.007191780821917848,-0.007192814223754951,32,"ParticleID_11,ParticleID_14,ParticleID_15,ParticleID_17,ParticleID_19,ParticleID_2,ParticleID_22,ParticleID_23,ParticleID_26,ParticleID_28,ParticleID_29,ParticleID_30,ParticleID_31,ParticleID_32,ParticleID_33,ParticleID_35,ParticleID_37,ParticleID_38,ParticleID_40,ParticleID_41,ParticleID_42,ParticleID_43,ParticleID_45,ParticleID_46,ParticleID_47,ParticleID_48,ParticleID_49,ParticleID_5,ParticleID_6,ParticleID_7,ParticleID_8,ParticleID_9,synthetic_target_2"
miniboone_synthetic_target_2_clean,classification,290.53951621055603,0.9934931506849315,0.9934923981709631,0.9934875373878365,0.9934977158686715,0.9998569720075019,-0.006506849315068508,-0.006507601829036869,33,"ParticleID_10,ParticleID_11,ParticleID_14,ParticleID_15,ParticleID_17,ParticleID_19,ParticleID_2,ParticleID_22,ParticleID_23,ParticleID_26,ParticleID_28,ParticleID_29,ParticleID_30,ParticleID_31,ParticleID_32,ParticleID_33,ParticleID_35,ParticleID_37,ParticleID_38,ParticleID_40,ParticleID_41,ParticleID_42,ParticleID_43,ParticleID_45,ParticleID_46,ParticleID_47,ParticleID_48,ParticleID_49,ParticleID_5,ParticleID_6,ParticleID_7,ParticleID_8,ParticleID_9,synthetic_target_2"
miniboone_synthetic_target_2_clean,classification,290.53951621055603,0.9926712328767123,0.9926702507742182,0.9926742738145713,0.9926664606733264,0.999852223800954,-0.00729451937507708,-0.007295497181751598,34,"ParticleID_10,ParticleID_11,ParticleID_14,ParticleID_15,ParticleID_17,ParticleID_19,ParticleID_2,ParticleID_22,ParticleID_23,ParticleID_26,ParticleID_28,ParticleID_29,ParticleID_30,ParticleID_31,ParticleID_32,ParticleID_33,ParticleID_35,ParticleID_37,ParticleID_38,ParticleID_39,ParticleID_40,ParticleID_41,ParticleID_42,ParticleID_43,ParticleID_45,ParticleID_46,ParticleID_47,ParticleID_48,ParticleID_49,ParticleID_5,ParticleID_6,ParticleID_7,ParticleID_8,ParticleID_9,synthetic_target_2"
miniboone_synthetic_target_2_clean,classification,290.53951621055603,0.9929452054794521,0.9929442823376342,0.9929466417618076,0.9929420067940267,0.9998175037135479,-0.0070547945205479135,-0.00705571766236579,35,"ParticleID_10,ParticleID_11,ParticleID_14,ParticleID_15,ParticleID_16,ParticleID_17,ParticleID_19,ParticleID_2,ParticleID_22,ParticleID_23,ParticleID_26,ParticleID_28,ParticleID_29,ParticleID_30,ParticleID_31,ParticleID_32,ParticleID_33,ParticleID_35,ParticleID_37,ParticleID_38,ParticleID_39,ParticleID_40,ParticleID_41,ParticleID_42,ParticleID_43,ParticleID_45,ParticleID_46,ParticleID_47,ParticleID_48,ParticleID_49,ParticleID_5,ParticleID_6,ParticleID_7,ParticleID_8,ParticleID_9,synthetic_target_2"
miniboone_synthetic_target_2_clean,classification,290.53951621055603,0.9928082191780822,0.9928073226578894,0.9928065735396696,0.9928080810947135,0.9998460867909098,-0.007191780821917848,-0.007192677342110598,36,"ParticleID_10,ParticleID_11,ParticleID_14,ParticleID_15,ParticleID_16,ParticleID_17,ParticleID_19,ParticleID_2,ParticleID_22,ParticleID_23,ParticleID_26,ParticleID_27,ParticleID_28,ParticleID_29,ParticleID_30,ParticleID_31,ParticleID_32,ParticleID_33,ParticleID_35,ParticleID_37,ParticleID_38,ParticleID_39,ParticleID_40,ParticleID_41,ParticleID_42,ParticleID_43,ParticleID_45,ParticleID_46,ParticleID_47,ParticleID_48,ParticleID_49,ParticleID_5,ParticleID_6,ParticleID_7,ParticleID_8,ParticleID_9,synthetic_target_2"
miniboone_synthetic_target_2_clean,classification,290.53951621055603,0.9926712328767123,0.9926703192799444,0.9926695703706362,0.9926710775065708,0.9998070126168669,-0.00705478513760327,-0.0070556643678136854,37,"ParticleID_10,ParticleID_11,ParticleID_14,ParticleID_15,ParticleID_16,ParticleID_17,ParticleID_19,ParticleID_2,ParticleID_22,ParticleID_23,ParticleID_26,ParticleID_27,ParticleID_28,ParticleID_29,ParticleID_30,ParticleID_31,ParticleID_32,ParticleID_33,ParticleID_35,ParticleID_37,ParticleID_38,ParticleID_39,ParticleID_4,ParticleID_40,ParticleID_41,ParticleID_42,ParticleID_43,ParticleID_45,ParticleID_46,ParticleID_47,ParticleID_48,ParticleID_49,ParticleID_5,ParticleID_6,ParticleID_7,ParticleID_8,ParticleID_9,synthetic_target_2"
miniboone_synthetic_target_2_clean,classification,290.53951621055603,0.9929452054794521,0.99294434748748,0.9929421552259479,0.992946623627271,0.9998198684330145,-0.0070547945205479135,-0.00705565251252005,38,"ParticleID_10,ParticleID_11,ParticleID_14,ParticleID_15,ParticleID_16,ParticleID_17,ParticleID_19,ParticleID_2,ParticleID_22,ParticleID_23,ParticleID_26,ParticleID_27,ParticleID_28,ParticleID_29,ParticleID_30,ParticleID_31,ParticleID_32,ParticleID_33,ParticleID_34,ParticleID_35,ParticleID_37,ParticleID_38,ParticleID_39,ParticleID_4,ParticleID_40,ParticleID_41,ParticleID_42,ParticleID_43,ParticleID_45,ParticleID_46,ParticleID_47,ParticleID_48,ParticleID_49,ParticleID_5,ParticleID_6,ParticleID_7,ParticleID_8,ParticleID_9,synthetic_target_2"
miniboone_synthetic_target_2_clean,classification,290.53951621055603,0.9925342465753425,0.9925333386032554,0.992531148187199,0.9925356128628428,0.9998143695218741,-0.007465753424657495,-0.007466661396744567,39,"ParticleID_10,ParticleID_11,ParticleID_14,ParticleID_15,ParticleID_16,ParticleID_17,ParticleID_19,ParticleID_2,ParticleID_22,ParticleID_23,ParticleID_25,ParticleID_26,ParticleID_27,ParticleID_28,ParticleID_29,ParticleID_30,ParticleID_31,ParticleID_32,ParticleID_33,ParticleID_34,ParticleID_35,ParticleID_37,ParticleID_38,ParticleID_39,ParticleID_4,ParticleID_40,ParticleID_41,ParticleID_42,ParticleID_43,ParticleID_45,ParticleID_46,ParticleID_47,ParticleID_48,ParticleID_49,ParticleID_5,ParticleID_6,ParticleID_7,ParticleID_8,ParticleID_9,synthetic_target_2"
miniboone_synthetic_target_2_clean,classification,290.53951621055603,0.9936301369863013,0.9936293429255592,0.9936285925538703,0.9936301026235699,0.9998701093378718,-0.0063698630136986845,-0.006370657074440844,40,"ParticleID_10,ParticleID_11,ParticleID_14,ParticleID_15,ParticleID_16,ParticleID_17,ParticleID_19,ParticleID_2,ParticleID_22,ParticleID_23,ParticleID_25,ParticleID_26,ParticleID_27,ParticleID_28,ParticleID_29,ParticleID_30,ParticleID_31,ParticleID_32,ParticleID_33,ParticleID_34,ParticleID_35,ParticleID_36,ParticleID_37,ParticleID_38,ParticleID_39,ParticleID_4,ParticleID_40,ParticleID_41,ParticleID_42,ParticleID_43,ParticleID_45,ParticleID_46,ParticleID_47,ParticleID_48,ParticleID_49,ParticleID_5,ParticleID_6,ParticleID_7,ParticleID_8,ParticleID_9,synthetic_target_2"
bank_synthetic_target_1_noise,classification,25.7446608543396,0.656198164325998,0.6313897895054279,0.6835268992738202,0.6441794812426787,0.6916789465525732,-0.011823291104216538,-0.014847978760554437,1,"V1,synthetic_target_1"
bank_synthetic_target_1_noise,classification,25.7446608543396,0.6657082826495632,0.648151991502102,0.6836119646546186,0.6556477991370396,0.7088750708832297,-0.042652699434046704,-0.04615878312830357,2,"V1,V6,synthetic_target_1"
bank_synthetic_target_1_noise,classification,25.7446608543396,0.6615061373438018,0.6415443610013549,0.6822578581016256,0.6507583769751649,0.7029356939492701,-0.022275105744010593,-0.025308231766294043,3,"V1,V12,V6,synthetic_target_1"
bank_synthetic_target_1_noise,classification,25.7446608543396,0.6628331305982528,0.6419891520744896,0.6855474696587003,0.6518048489034438,0.7025052438873639,-0.025510156285180052,-0.028896397000237606,4,"V1,V12,V12_shuffled_2,V6,synthetic_target_1"
bank_synthetic_target_1_noise,classification,25.7446608543396,0.6618378856574145,0.6413972778788049,0.6835176758658416,0.650942992223938,0.7012926746474479,-0.038034930091313646,-0.042032115989857455,5,"V1,V12,V12_shuffled_2,V6,V6_shuffled_2,synthetic_target_1"
bank_synthetic_target_1_noise,classification,25.7446608543396,0.6637177927678868,0.6425215215273121,0.6873635349312626,0.6525735763017497,0.7005997604195895,-0.01475489026684007,-0.017623823154496288,6,"V1,V12,V12_shuffled_2,V6,V6_shuffled_1,V6_shuffled_2,synthetic_target_1"
bank_synthetic_target_1_noise,classification,25.7446608543396,0.6617273028862103,0.6427542397960513,0.6808808013722204,0.6512763396194576,0.7009210159700652,-0.013399881365061539,-0.01561693683122578,7,"V1,V12,V12_shuffled_2,V14,V6,V6_shuffled_1,V6_shuffled_2,synthetic_target_1"
bank_synthetic_target_1_noise,classification,25.7446608543396,0.6825168638726087,0.6741625051323028,0.6888362424901202,0.6758925890970311,0.7374677959583316,-0.0701927136544871,-0.07289182475142275,8,"V1,V11,V12,V12_shuffled_2,V14,V6,V6_shuffled_1,V6_shuffled_2,synthetic_target_1"
bank_synthetic_target_1_noise,classification,25.7446608543396,0.685834347008736,0.6777767815105273,0.6920864065390777,0.6793261825481074,0.7379027099468057,-0.11335277973313529,-0.11731854293065647,9,"V1,V11,V12,V12_shuffled_2,V14,V16,V6,V6_shuffled_1,V6_shuffled_2,synthetic_target_1"
bank_synthetic_target_1_noise,classification,25.7446608543396,0.6962291275019352,0.6904271084386522,0.7000608453571676,0.690887973102635,0.7504861755627981,-0.013376048344116542,-0.014388673349793657,10,"V1,V11,V12,V12_shuffled_2,V14,V16,V6,V6_shuffled_1,V6_shuffled_2,V7,synthetic_target_1"
bank_synthetic_target_1_noise,classification,25.7446608543396,0.7002101072652881,0.6937840387183827,0.705367891962966,0.6944538655641912,0.7524731379539715,-0.012823513615048077,-0.014071836036746665,11,"V1,V11,V12,V12_shuffled_2,V14,V16,V6,V6_shuffled_1,V6_shuffled_2,V7,V9,synthetic_target_1"
bank_synthetic_target_1_noise,classification,25.7446608543396,0.7347119318810129,0.7321873171601272,0.7356217653425874,0.7316132581562316,0.8092236741157011,-0.0415820296319267,-0.041956406552665304,12,"V1,V11,V12,V12_shuffled_2,V14,V16,V3,V6,V6_shuffled_1,V6_shuffled_2,V7,V9,synthetic_target_1"
bank_synthetic_target_1_noise,classification,25.7446608543396,0.7860223377197832,0.7846032599910979,0.7865127555973084,0.783923413736336,0.8797529044955175,-0.016980316560243347,-0.017307702525216406,13,"V1,V11,V12,V12_shuffled_2,V14,V16,V3,V6,V6_shuffled_1,V6_shuffled_2,V7,V8,V9,synthetic_target_1"
bank_synthetic_target_1_noise,classification,25.7446608543396,0.9889417228795754,0.988914879612381,0.9887297666223095,0.9891351706397249,0.9973498992428004,-0.007215100831992838,-0.007232433434101848,14,"V1,V11,V12,V12_shuffled_2,V14,V16,V2,V3,V6,V6_shuffled_1,V6_shuffled_2,V7,V8,V9,synthetic_target_1"
bank_synthetic_target_1_noise,classification,25.7446608543396,0.9893840539643923,0.9893594322520318,0.9891370013113456,0.989638000082411,0.9977516035797748,-0.009509996024548162,-0.009531550761914032,15,"V1,V11,V12,V12_shuffled_2,V14,V16,V2,V3,V4,V6,V6_shuffled_1,V6_shuffled_2,V7,V8,V9,synthetic_target_1"
bank_synthetic_target_1_noise,classification,25.7446608543396,0.9964613513214641,0.996451560942371,0.9964060807947643,0.9964986137300571,0.9998852623709631,-0.0022944549160940353,-0.0023007181198968496,16,"V1,V11,V12,V12_shuffled_2,V14,V16,V2,V3,V4,V5,V6,V6_shuffled_1,V6_shuffled_2,V7,V8,V9,synthetic_target_1"
bank_synthetic_target_1_noise,classification,25.7446608543396,0.9969036824062811,0.9968951158245746,0.9968495946921544,0.9969422103009766,0.9999035595644777,-0.0019074213318298616,-0.0019126104672827493,17,"V1,V11,V12,V12_shuffled_2,V14,V16,V2,V3,V4,V5,V6,V6_shuffled_1,V6_shuffled_2,V7,V8,V9,noise_numeric_1,synthetic_target_1"
bank_synthetic_target_1_noise,classification,25.7446608543396,0.9967930996350769,0.9967842645255391,0.9967332855776775,0.9968372344454233,0.9998982126634239,-0.0025156816080109667,-0.002522544893676981,18,"V1,V11,V12,V12_shuffled_2,V14,V16,V2,V3,V4,V5,V6,V6_shuffled_1,V6_shuffled_2,V7,V8,V9,noise_numeric_1,noise_numeric_2,synthetic_target_1"
bank_synthetic_target_1_noise,classification,25.7446608543396,0.9959084374654429,0.9958969734950971,0.9958682128680407,0.9959263481548777,0.999869908425735,-0.003013261273774104,-0.0030216938116203185,19,"V1,V11,V12,V12_shuffled_2,V14,V16,V2,V3,V4,V5,V6,V6_shuffled_1,V6_shuffled_2,V7,V8,V9,noise_categorical_1,noise_numeric_1,noise_numeric_2,synthetic_target_1"
bank_synthetic_target_1_noise,classification,25.7446608543396,0.9966825168638727,0.9966733383834727,0.9966278377434594,0.9967204120155169,0.9998984579341144,-0.002322128126173828,-0.002328487808614499,20,"V1,V11,V12,V12_shuffled_1,V12_shuffled_2,V14,V16,V2,V3,V4,V5,V6,V6_shuffled_1,V6_shuffled_2,V7,V8,V9,noise_categorical_1,noise_numeric_1,noise_numeric_2,synthetic_target_1"
bank_synthetic_target_1_noise,classification,25.7446608543396,0.9962401857790556,0.9962298711547903,0.9961735368215486,0.9962886620189506,0.9998975749596285,-0.0025985667093318954,-0.0026055858688686095,21,"V1,V10_shuffled_1,V11,V12,V12_shuffled_1,V12_shuffled_2,V14,V16,V2,V3,V4,V5,V6,V6_shuffled_1,V6_shuffled_2,V7,V8,V9,noise_categorical_1,noise_numeric_1,noise_numeric_2,synthetic_target_1"
bank_synthetic_target_1_noise,classification,25.7446608543396,0.9964613513214641,0.996451560942371,0.9964060807947643,0.9964986137300571,0.9998962504978995,-0.002487996168029416,-0.002494804936177597,22,"V1,V10_shuffled_1,V11,V12,V12_shuffled_1,V12_shuffled_2,V14,V16,V2,V3,V4,V5,V6,V6_shuffled_1,V6_shuffled_2,V7,V8,V9,noise_categorical_1,noise_categorical_2,noise_numeric_1,noise_numeric_2,synthetic_target_1"
bank_synthetic_target_1_noise,classification,25.7446608543396,0.9964613513214641,0.9964514780929883,0.9964170737016382,0.9964867671557037,0.9998990956379098,-0.0027644836707942932,-0.0027721461596719177,23,"V1,V10_shuffled_1,V11,V12,V12_shuffled_1,V12_shuffled_2,V14,V16,V1_shuffled_1,V2,V3,V4,V5,V6,V6_shuffled_1,V6_shuffled_2,V7,V8,V9,noise_categorical_1,noise_categorical_2,noise_numeric_1,noise_numeric_2,synthetic_target_1"
bank_synthetic_target_1_noise,classification,25.7446608543396,0.9963507685502598,0.9963406295479789,0.9963006717552999,0.9963817913001505,0.9998869302116588,-0.0025432814386806557,-0.0025502884432291317,24,"V1,V10_shuffled_1,V11,V12,V12_shuffled_1,V12_shuffled_2,V14,V16,V1_shuffled_1,V1_shuffled_2,V2,V3,V4,V5,V6,V6_shuffled_1,V6_shuffled_2,V7,V8,V9,noise_categorical_1,noise_categorical_2,noise_numeric_1,noise_numeric_2,synthetic_target_1"
bank_synthetic_target_1_noise,classification,25.7446608543396,0.9962401857790556,0.9962297835012691,0.9961843238460693,0.9962768154445973,0.9999002729372245,-0.0030132979634792667,-0.0030215706714843416,25,"V1,V10_shuffled_1,V10_shuffled_2,V11,V12,V12_shuffled_1,V12_shuffled_2,V14,V16,V1_shuffled_1,V1_shuffled_2,V2,V3,V4,V5,V6,V6_shuffled_1,V6_shuffled_2,V7,V8,V9,noise_categorical_1,noise_categorical_2,noise_numeric_1,noise_numeric_2,synthetic_target_1"
bank_synthetic_target_1_noise,classification,25.7446608543396,0.9965719340926683,0.99656256941416,0.9965008293923465,0.9966272827343169,0.999897329688938,-0.0032068759051198104,-0.0032156102558915656,26,"V1,V10_shuffled_1,V10_shuffled_2,V11,V12,V12_shuffled_1,V12_shuffled_2,V13_shuffled_1,V14,V16,V1_shuffled_1,V1_shuffled_2,V2,V3,V4,V5,V6,V6_shuffled_1,V6_shuffled_2,V7,V8,V9,noise_categorical_1,noise_categorical_2,noise_numeric_1,noise_numeric_2,synthetic_target_1"
bank_synthetic_target_1_noise,classification,25.7446608543396,0.9961296030078514,0.9961189399446162,0.996068029935989,0.996171839589044,0.999891492246503,-0.002847393231918627,-0.002855150120470329,27,"V1,V10_shuffled_1,V10_shuffled_2,V11,V12,V12_shuffled_1,V12_shuffled_2,V13_shuffled_1,V14,V15_shuffled_2,V16,V1_shuffled_1,V1_shuffled_2,V2,V3,V4,V5,V6,V6_shuffled_1,V6_shuffled_2,V7,V8,V9,noise_categorical_1,noise_categorical_2,noise_numeric_1,noise_numeric_2,synthetic_target_1"
bank_synthetic_target_1_noise,classification,25.7446608543396,0.9964613513214641,0.9964514780929883,0.9964170737016382,0.9964867671557037,0.9998965938768664,-0.002653888669688298,-0.002661251067894721,28,"V1,V10_shuffled_1,V10_shuffled_2,V11,V12,V12_shuffled_1,V12_shuffled_2,V13_shuffled_1,V13_shuffled_2,V14,V15_shuffled_2,V16,V1_shuffled_1,V1_shuffled_2,V2,V3,V4,V5,V6,V6_shuffled_1,V6_shuffled_2,V7,V8,V9,noise_categorical_1,noise_categorical_2,noise_numeric_1,noise_numeric_2,synthetic_target_1"
bank_synthetic_target_1_noise,classification,25.7446608543396,0.9971248479486896,0.997116825950553,0.9970823751543885,0.997152162012083,0.9999028237524061,-0.0028475033010338935,-0.0028554465901482473,29,"V1,V10,V10_shuffled_1,V10_shuffled_2,V11,V12,V12_shuffled_1,V12_shuffled_2,V13_shuffled_1,V13_shuffled_2,V14,V15_shuffled_2,V16,V1_shuffled_1,V1_shuffled_2,V2,V3,V4,V5,V6,V6_shuffled_1,V6_shuffled_2,V7,V8,V9,noise_categorical_1,noise_categorical_2,noise_numeric_1,noise_numeric_2,synthetic_target_1"
bank_synthetic_target_1_noise,classification,25.7446608543396,0.9963507685502598,0.9963405439280595,0.9963117574380653,0.9963699447257972,0.9998957599565185,-0.0034833389480812826,-0.00349308984036778,30,"V1,V10,V10_shuffled_1,V10_shuffled_2,V11,V12,V12_shuffled_1,V12_shuffled_2,V13_shuffled_1,V13_shuffled_2,V14,V14_shuffled_1,V15_shuffled_2,V16,V1_shuffled_1,V1_shuffled_2,V2,V3,V4,V5,V6,V6_shuffled_1,V6_shuffled_2,V7,V8,V9,noise_categorical_1,noise_categorical_2,noise_numeric_1,noise_numeric_2,synthetic_target_1"
bank_synthetic_target_1_noise,classification,25.7446608543396,0.9961296030078514,0.9961188495205837,0.9960789097164879,0.9961599930146907,0.9998911488675362,-0.0029026907324716245,-0.0029106951355792887,31,"V1,V10,V10_shuffled_1,V10_shuffled_2,V11,V12,V12_shuffled_1,V12_shuffled_2,V13_shuffled_1,V13_shuffled_2,V14,V14_shuffled_1,V15_shuffled_2,V16,V1_shuffled_1,V1_shuffled_2,V2,V3,V4,V5,V6,V6_shuffled_1,V6_shuffled_2,V7,V8,V9,noise_categorical_1,noise_categorical_2,noise_numeric_1,noise_numeric_2,synthetic_target_1,synthetic_target_2"
bank_synthetic_target_1_noise,classification,25.7446608543396,0.9962401857790556,0.9962296070723311,0.9962064849754428,0.9962531222958906,0.9998867830492445,-0.002653864209884893,-0.0026613174521021854,32,"V1,V10,V10_shuffled_1,V10_shuffled_2,V11,V12,V12_shuffled_1,V12_shuffled_2,V13,V13_shuffled_1,V13_shuffled_2,V14,V14_shuffled_1,V15_shuffled_2,V16,V1_shuffled_1,V1_shuffled_2,V2,V3,V4,V5,V6,V6_shuffled_1,V6_shuffled_2,V7,V8,V9,noise_categorical_1,noise_categorical_2,noise_numeric_1,noise_numeric_2,synthetic_target_1,synthetic_target_2"
bank_synthetic_target_1_noise,classification,25.7446608543396,0.9963507685502598,0.9963406295479789,0.9963006717552999,0.9963817913001505,0.9998914431923649,-0.0029027151922750294,-0.0029107201939513327,33,"V1,V10,V10_shuffled_1,V10_shuffled_2,V11,V12,V12_shuffled_1,V12_shuffled_2,V13,V13_shuffled_1,V13_shuffled_2,V14,V14_shuffled_1,V14_shuffled_2,V15_shuffled_2,V16,V1_shuffled_1,V1_shuffled_2,V2,V3,V4,V5,V6,V6_shuffled_1,V6_shuffled_2,V7,V8,V9,noise_categorical_1,noise_categorical_2,noise_numeric_1,noise_numeric_2,synthetic_target_1,synthetic_target_2"
bank_synthetic_target_1_noise,classification,25.7446608543396,0.9965719340926683,0.9965624896652314,0.9965115336971146,0.9966154361599636,0.9998950241444466,-0.0026815496498665548,-0.0026888645075220374,34,"V1,V10,V10_shuffled_1,V10_shuffled_2,V11,V12,V12_shuffled_1,V12_shuffled_2,V13,V13_shuffled_1,V13_shuffled_2,V14,V14_shuffled_1,V14_shuffled_2,V15_shuffled_1,V15_shuffled_2,V16,V1_shuffled_1,V1_shuffled_2,V2,V3,V4,V5,V6,V6_shuffled_1,V6_shuffled_2,V7,V8,V9,noise_categorical_1,noise_categorical_2,noise_numeric_1,noise_numeric_2,synthetic_target_1,synthetic_target_2"
bank_synthetic_target_1_noise,classification,25.7446608543396,0.9966825168638727,0.9966733383834727,0.9966278377434594,0.9967204120155169,0.9998979183385951,-0.0031792393847449585,-0.003188023500370507,35,"V1,V10,V10_shuffled_1,V10_shuffled_2,V11,V12,V12_shuffled_1,V12_shuffled_2,V13,V13_shuffled_1,V13_shuffled_2,V14,V14_shuffled_1,V14_shuffled_2,V15,V15_shuffled_1,V15_shuffled_2,V16,V1_shuffled_1,V1_shuffled_2,V2,V3,V4,V5,V6,V6_shuffled_1,V6_shuffled_2,V7,V8,V9,noise_categorical_1,noise_categorical_2,noise_numeric_1,noise_numeric_2,synthetic_target_1,synthetic_target_2"
bank_synthetic_target_1_noise,classification,25.7446608543396,0.9964613513214641,0.996451560942371,0.9964060807947643,0.9964986137300571,0.9998961033354852,-0.003289809926047549,-0.0032988904485468096,36,"Class,V1,V10,V10_shuffled_1,V10_shuffled_2,V11,V12,V12_shuffled_1,V12_shuffled_2,V13,V13_shuffled_1,V13_shuffled_2,V14,V14_shuffled_1,V14_shuffled_2,V15,V15_shuffled_1,V15_shuffled_2,V16,V1_shuffled_1,V1_shuffled_2,V2,V3,V4,V5,V6,V6_shuffled_1,V6_shuffled_2,V7,V8,V9,noise_categorical_1,noise_categorical_2,noise_numeric_1,noise_numeric_2,synthetic_target_1,synthetic_target_2"
bank_synthetic_target_1_noise,classification,25.7446608543396,0.9964613513214641,0.996451560942371,0.9964060807947643,0.9964986137300571,0.9998961033354852,-0.003289809926047549,-0.0032988904485468096,37,"Class,V1,V10,V10_shuffled_1,V10_shuffled_2,V11,V12,V12_shuffled_1,V12_shuffled_2,V13,V13_shuffled_1,V13_shuffled_2,V14,V14_shuffled_1,V14_shuffled_2,V15,V15_shuffled_1,V15_shuffled_2,V16,V1_shuffled_1,V1_shuffled_2,V2,V3,V4,V5,V6,V6_shuffled_1,V6_shuffled_2,V7,V8,V9,noise_categorical_1,noise_categorical_2,noise_numeric_1,noise_numeric_2,synthetic_target_1,synthetic_target_2"
bank_synthetic_target_1_noise,classification,25.7446608543396,0.9964613513214641,0.996451560942371,0.9964060807947643,0.9964986137300571,0.9998961033354852,-0.003289809926047549,-0.0032988904485468096,38,"Class,V1,V10,V10_shuffled_1,V10_shuffled_2,V11,V12,V12_shuffled_1,V12_shuffled_2,V13,V13_shuffled_1,V13_shuffled_2,V14,V14_shuffled_1,V14_shuffled_2,V15,V15_shuffled_1,V15_shuffled_2,V16,V1_shuffled_1,V1_shuffled_2,V2,V3,V4,V5,V6,V6_shuffled_1,V6_shuffled_2,V7,V8,V9,noise_categorical_1,noise_categorical_2,noise_numeric_1,noise_numeric_2,synthetic_target_1,synthetic_target_2"
bank_synthetic_target_1_noise,classification,25.7446608543396,0.9964613513214641,0.996451560942371,0.9964060807947643,0.9964986137300571,0.9998961033354852,-0.003289809926047549,-0.0032988904485468096,39,"Class,V1,V10,V10_shuffled_1,V10_shuffled_2,V11,V12,V12_shuffled_1,V12_shuffled_2,V13,V13_shuffled_1,V13_shuffled_2,V14,V14_shuffled_1,V14_shuffled_2,V15,V15_shuffled_1,V15_shuffled_2,V16,V1_shuffled_1,V1_shuffled_2,V2,V3,V4,V5,V6,V6_shuffled_1,V6_shuffled_2,V7,V8,V9,noise_categorical_1,noise_categorical_2,noise_numeric_1,noise_numeric_2,synthetic_target_1,synthetic_target_2"
bank_synthetic_target_1_noise,classification,25.7446608543396,0.9964613513214641,0.996451560942371,0.9964060807947643,0.9964986137300571,0.9998961033354852,-0.003289809926047549,-0.0032988904485468096,40,"Class,V1,V10,V10_shuffled_1,V10_shuffled_2,V11,V12,V12_shuffled_1,V12_shuffled_2,V13,V13_shuffled_1,V13_shuffled_2,V14,V14_shuffled_1,V14_shuffled_2,V15,V15_shuffled_1,V15_shuffled_2,V16,V1_shuffled_1,V1_shuffled_2,V2,V3,V4,V5,V6,V6_shuffled_1,V6_shuffled_2,V7,V8,V9,noise_categorical_1,noise_categorical_2,noise_numeric_1,noise_numeric_2,synthetic_target_1,synthetic_target_2"
bank_synthetic_target_1_clean,classification,33.20053577423096,0.6228021674223156,0.5815924924586219,0.7629784368470387,0.6413942608620578,0.6413942608620578,-0.001340721319113225,-0.001749456213573919,1,"V8,synthetic_target_1"
bank_synthetic_target_1_clean,classification,33.20053577423096,0.8122304544951896,0.8121632887813522,0.817307810876754,0.8155670854581951,0.897474398645321,-0.002578216152897106,-0.0025898873020461233,2,"V2,V8,synthetic_target_1"
bank_synthetic_target_1_clean,classification,33.20053577423096,0.8273802941501714,0.8250845546360845,0.8329684417070801,0.8236108603899608,0.9096344779952947,0.0022586396489548966,0.002661967228499318,3,"V2,V3,V8,synthetic_target_1"
bank_synthetic_target_1_clean,classification,33.20053577423096,0.9667145858675218,0.9666058570553775,0.966813816277712,0.9664238895614756,0.9937036806300906,0.0009160899595368477,0.0009111094972094058,4,"V1,V2,V3,V8,synthetic_target_1"
bank_synthetic_target_1_clean,classification,33.20053577423096,0.9882782262523498,0.9882544338820393,0.987954466597037,0.9886948606960586,0.9959524940104898,-0.00024754238290780606,-0.00024925633259087476,5,"V1,V2,V3,V7,V8,synthetic_target_1"
bank_synthetic_target_1_clean,classification,33.20053577423096,0.9939179475837665,0.993902983561966,0.9937281019071316,0.9941078622010395,0.9997345435316233,-0.0004140586095535692,-0.0004149647939670764,6,"V1,V2,V3,V5,V7,V8,synthetic_target_1"
bank_synthetic_target_1_clean,classification,33.20053577423096,0.9907110472188433,0.9906840287333569,0.9907076696410051,0.9906607788619832,0.9994745320725765,-0.0028191452164586517,-0.0028279941512427964,7,"V1,V12,V2,V3,V5,V7,V8,synthetic_target_1"
bank_synthetic_target_1_clean,classification,33.20053577423096,0.9918168749308858,0.9917940430900355,0.991759963532387,0.9918290031610486,0.999663341450158,-0.0035381350226643127,-0.0035486230960349863,8,"V1,V11,V12,V2,V3,V5,V7,V8,synthetic_target_1"
bank_synthetic_target_1_clean,classification,33.20053577423096,0.9936967820413579,0.9936805720171564,0.9935496190878208,0.9938268310438132,0.9997594630337826,-0.0022112029177219217,-0.0022169561572404906,9,"V1,V10,V11,V12,V2,V3,V5,V7,V8,synthetic_target_1"
bank_synthetic_target_1_clean,classification,33.20053577423096,0.9952449408382174,0.9952324971290387,0.9951200867335297,0.995355725893325,0.9997976026261624,-0.0014925066291571198,-0.0014963548477606725,10,"V1,V10,V11,V12,V2,V3,V4,V5,V7,V8,synthetic_target_1"
bank_synthetic_target_1_clean,classification,33.20053577423096,0.9945814442109919,0.9945675092779064,0.9944363141997217,0.9947140241856522,0.9997376829964623,-0.0012988919978114133,-0.0013021951926347475,11,"V1,V10,V11,V12,V13,V2,V3,V4,V5,V7,V8,synthetic_target_1"
bank_synthetic_target_1_clean,classification,33.20053577423096,0.9944708614397877,0.9944559490297009,0.9943787346989335,0.994537968883979,0.9998188921221017,-0.002764263532563538,-0.0027717650205376643,12,"V1,V10,V11,V12,V13,V15,V2,V3,V4,V5,V7,V8,synthetic_target_1"
bank_synthetic_target_1_clean,classification,33.20053577423096,0.9909322127612518,0.9909066994097397,0.9908838263889992,0.9909299634448563,0.9995130886251302,-0.0046992846950631995,-0.004712683495346592,13,"V1,V10,V11,V12,V13,V14,V15,V2,V3,V4,V5,V7,V8,synthetic_target_1"
bank_synthetic_target_1_clean,classification,33.20053577423096,0.9951343580670131,0.9951212351461368,0.9950439153076425,0.9952033637403583,0.9998145753579479,-0.002432551908655989,-0.002439125213107629,14,"V1,V10,V11,V12,V13,V14,V15,V2,V3,V4,V5,V7,V8,V9,synthetic_target_1"
bank_synthetic_target_1_clean,classification,33.20053577423096,0.9949131925246046,0.994899822808512,0.9947923500482965,0.9950171051779586,0.9997918632920035,-0.0024878249494055815,-0.002494273149173276,15,"V1,V10,V11,V12,V13,V14,V15,V16,V2,V3,V4,V5,V7,V8,V9,synthetic_target_1"
bank_synthetic_target_1_clean,classification,33.20053577423096,0.9951343580670131,0.9951214586276169,0.995023808461406,0.9952270568890651,0.9998057946672265,-0.0022113619064441092,-0.0022171773455048616,16,"V1,V10,V11,V12,V13,V14,V15,V16,V2,V3,V4,V5,V7,V8,V9,synthetic_target_1,synthetic_target_2"
bank_synthetic_target_2_noise,classification,34.52416515350342,0.7183456817427845,0.7139738413436418,0.7480858153967296,0.7265802680382946,0.7397888071673049,0.004759085856918532,0.004695745860737066,1,"V9,synthetic_target_2"
bank_synthetic_target_2_noise,classification,34.52416515350342,0.7337166869401747,0.7272445055702107,0.7789183711821457,0.7435527653495253,0.8060767411282874,0.0036237871392457155,0.003588542873385614,2,"V13,V9,synthetic_target_2"
bank_synthetic_target_2_noise,classification,34.52416515350342,0.8618821187658963,0.8617023870077047,0.8615049881008261,0.8622968097194901,0.9426723252201896,0.002310121420176281,0.0023384081056045947,3,"V10,V13,V9,synthetic_target_2"
bank_synthetic_target_2_noise,classification,34.52416515350342,0.8948357845847617,0.8937165098564024,0.9003932090275742,0.8919197150419536,0.9704272163771427,-0.013480959498405776,-0.01355826928829229,4,"V10,V11,V13,V9,synthetic_target_2"
bank_synthetic_target_2_noise,classification,34.52416515350342,0.9891628884219839,0.9891411077884988,0.9889004333330393,0.9894636536757303,0.9986832264446404,-0.0029295689989407014,-0.002934616678365143,5,"V10,V11,V13,V15,V9,synthetic_target_2"
bank_synthetic_target_2_noise,classification,34.52416515350342,0.989715802278005,0.9896952350501913,0.9894515368366519,0.9900236974611054,0.9993896873867419,-0.0017683826368367628,-0.001770624237771301,6,"V10,V11,V13,V14,V15,V9,synthetic_target_2"
bank_synthetic_target_2_noise,classification,34.52416515350342,0.9931438681853367,0.9931275239218837,0.9930161520998553,0.9932507355187767,0.9997352426660232,-0.00682848306438677,-0.006844754563464228,7,"V10,V11,V12,V13,V14,V15,V9,synthetic_target_2"
bank_synthetic_target_2_noise,classification,34.52416515350342,0.9942496958973792,0.9942358628872905,0.9941334060158153,0.9943481162921517,0.9998264131548373,-0.004727300342390772,-0.004738487483394227,8,"V1,V10,V11,V12,V13,V14,V15,V9,synthetic_target_2"
bank_synthetic_target_2_noise,classification,34.52416515350342,0.994139113126175,0.994125204859209,0.9940090899777407,0.9942542729729769,0.9998282522582965,-0.005390858119124764,-0.005403537410406889,9,"V1,V10,V11,V12,V13,V14,V15,V6,V9,synthetic_target_2"
bank_synthetic_target_2_noise,classification,34.52416515350342,0.9940285303549707,0.994014552696529,0.9938852250387369,0.9941604296538022,0.9997842118607951,-0.005584387141158387,-0.005597355995680009,10,"V1,V10,V11,V12,V12_shuffled_2,V13,V14,V15,V6,V9,synthetic_target_2"
bank_synthetic_target_2_noise,classification,34.52416515350342,0.9939179475837665,0.9939032502265635,0.9938055197936585,0.994009819341189,0.9995729846981688,-0.004589019901303226,-0.004599851503629293,11,"V1,V10,V11,V12,V12_shuffled_2,V13,V14,V15,V6,V6_shuffled_1,V9,synthetic_target_2"
bank_synthetic_target_2_noise,classification,34.52416515350342,0.9939179475837665,0.9939035144765376,0.9937874531445079,0.9940325261385644,0.9998264867189757,-0.005556726160980241,-0.005569779735697167,12,"V1,V10,V11,V12,V12_shuffled_1,V12_shuffled_2,V13,V14,V15,V6,V6_shuffled_1,V9,synthetic_target_2"
bank_synthetic_target_2_noise,classification,34.52416515350342,0.994139113126175,0.994125204859209,0.9940090899777407,0.9942542729729769,0.999801769168485,-0.004782585613042012,-0.004793698899213883,13,"V1,V10,V11,V12,V12_shuffled_1,V12_shuffled_2,V13,V14,V15,V6,V6_shuffled_1,V6_shuffled_2,V9,synthetic_target_2"
bank_synthetic_target_2_noise,classification,34.52416515350342,0.9943602786685835,0.9943467730058236,0.9942396811475018,0.9944646664087018,0.9998070657864473,-0.004865556323674913,-0.004877048764185932,14,"V1,V10,V11,V12,V12_shuffled_1,V12_shuffled_2,V13,V14,V14_shuffled_2,V15,V6,V6_shuffled_1,V6_shuffled_2,V9,synthetic_target_2"
bank_synthetic_target_2_noise,classification,34.52416515350342,0.9939179475837665,0.9939037763125138,0.9937701639367083,0.9940552329359399,0.9997993660732983,-0.004616668651579614,-0.00462706642392563,15,"V1,V10,V11,V12,V12_shuffled_1,V12_shuffled_2,V13,V14,V14_shuffled_1,V14_shuffled_2,V15,V6,V6_shuffled_1,V6_shuffled_2,V9,synthetic_target_2"
bank_synthetic_target_2_noise,classification,34.52416515350342,0.9942496958973792,0.9942354847083603,0.994161714547718,0.9943140560960885,0.999868908705433,-0.005750304102620785,-0.0057645152916396825,16,"V1,V10,V11,V12,V12_shuffled_1,V12_shuffled_2,V13,V14,V14_shuffled_1,V14_shuffled_2,V15,V16,V6,V6_shuffled_1,V6_shuffled_2,V9,synthetic_target_2"
bank_synthetic_target_2_noise,classification,34.52416515350342,0.9939179475837665,0.9939032502265635,0.9938055197936585,0.994009819341189,0.9998685163633617,-0.0056396724118097374,-0.005653211829898641,17,"V1,V10,V11,V12,V12_shuffled_1,V12_shuffled_2,V13,V14,V14_shuffled_1,V14_shuffled_2,V15,V16,V6,V6_shuffled_1,V6_shuffled_2,V7,V9,synthetic_target_2"
bank_synthetic_target_2_noise,classification,34.52416515350342,0.9939179475837665,0.9939032502265635,0.9938055197936585,0.994009819341189,0.9998685163633617,-0.0056396724118097374,-0.005653211829898641,18,"V1,V10,V11,V12,V12_shuffled_1,V12_shuffled_2,V13,V14,V14_shuffled_1,V14_shuffled_2,V15,V16,V4,V6,V6_shuffled_1,V6_shuffled_2,V7,V9,synthetic_target_2"
bank_synthetic_target_2_noise,classification,34.52416515350342,0.9943602786685835,0.994346526854595,0.9942581735656599,0.9944419596113263,0.9998767065040997,-0.005501477580034164,-0.005514866359150994,19,"V1,V10,V11,V12,V12_shuffled_1,V12_shuffled_2,V13,V14,V14_shuffled_1,V14_shuffled_2,V15,V16,V4,V6,V6_shuffled_1,V6_shuffled_2,V7,V8,V9,synthetic_target_2"
bank_synthetic_target_2_noise,classification,34.52416515350342,0.9939179475837665,0.9939032502265635,0.9938055197936585,0.994009819341189,0.9998632687881582,-0.005224941157662366,-0.0052374168634650164,20,"V1,V10,V11,V12,V12_shuffled_1,V12_shuffled_2,V13,V14,V14_shuffled_1,V14_shuffled_2,V15,V16,V3,V4,V6,V6_shuffled_1,V6_shuffled_2,V7,V8,V9,synthetic_target_2"
bank_synthetic_target_2_noise,classification,34.52416515350342,0.9938073648125622,0.9937921968264212,0.9937087456015491,0.9938819158259512,0.9998400715631939,-0.005501416430525707,-0.005514784939484985,21,"V1,V10,V11,V12,V12_shuffled_1,V12_shuffled_2,V13,V14,V14_shuffled_1,V14_shuffled_2,V15,V16,V2,V3,V4,V6,V6_shuffled_1,V6_shuffled_2,V7,V8,V9,synthetic_target_2"
bank_synthetic_target_2_noise,classification,34.52416515350342,0.9944708614397877,0.9944574398061905,0.994364307361663,0.9945585097278764,0.9998807280103303,-0.005390894808829927,-0.005403953407555506,22,"V1,V10,V11,V12,V12_shuffled_1,V12_shuffled_2,V13,V14,V14_shuffled_1,V14_shuffled_2,V15,V16,V2,V3,V4,V6,V6_shuffled_1,V6_shuffled_2,V7,V8,V9,noise_numeric_1,synthetic_target_2"
bank_synthetic_target_2_noise,classification,34.52416515350342,0.9942496958973792,0.9942356113388195,0.9941520837678224,0.9943254094947762,0.9998735677675294,-0.005252626597644028,-0.0052654084747002505,23,"V1,V10,V11,V12,V12_shuffled_1,V12_shuffled_2,V13,V14,V14_shuffled_1,V14_shuffled_2,V15,V16,V2,V3,V4,V6,V6_shuffled_1,V6_shuffled_2,V7,V8,V9,noise_numeric_1,noise_numeric_2,synthetic_target_2"
bank_synthetic_target_2_noise,classification,34.52416515350342,0.9943602786685835,0.9943464029392777,0.994267711717701,0.9944306062126386,0.9998751371358148,-0.005335585078375171,-0.005348662130963522,24,"V1,V10,V11,V12,V12_shuffled_1,V12_shuffled_2,V13,V14,V14_shuffled_1,V14_shuffled_2,V15,V16,V2,V3,V4,V6,V6_shuffled_1,V6_shuffled_2,V7,V8,V9,noise_categorical_1,noise_numeric_1,noise_numeric_2,synthetic_target_2"
bank_synthetic_target_2_noise,classification,34.52416515350342,0.9944708614397877,0.9944573185950187,0.9943737528509591,0.9945471563291888,0.9998718022282087,-0.005335597308276929,-0.005348630802417542,25,"V1,V10,V11,V12,V12_shuffled_1,V12_shuffled_2,V13,V14,V14_shuffled_1,V14_shuffled_2,V15,V16,V2,V3,V4,V6,V6_shuffled_1,V6_shuffled_2,V7,V8,V9,noise_categorical_1,noise_categorical_2,noise_numeric_1,noise_numeric_2,synthetic_target_2"
bank_synthetic_target_2_noise,classification,34.52416515350342,0.9944708614397877,0.9944573185950187,0.9943737528509591,0.9945471563291888,0.9998736658530473,-0.005363246058553428,-0.005376352789401739,26,"V1,V10,V11,V12,V12_shuffled_1,V12_shuffled_2,V13,V13_shuffled_2,V14,V14_shuffled_1,V14_shuffled_2,V15,V16,V2,V3,V4,V6,V6_shuffled_1,V6_shuffled_2,V7,V8,V9,noise_categorical_1,noise_categorical_2,noise_numeric_1,noise_numeric_2,synthetic_target_2"
bank_synthetic_target_2_noise,classification,34.52416515350342,0.9943602786685835,0.9943464029392777,0.994267711717701,0.9944306062126386,0.9998611109067663,-0.004201986317039164,-0.004212139467574594,27,"V1,V10,V11,V12,V12_shuffled_1,V12_shuffled_2,V13,V13_shuffled_1,V13_shuffled_2,V14,V14_shuffled_1,V14_shuffled_2,V15,V16,V2,V3,V4,V6,V6_shuffled_1,V6_shuffled_2,V7,V8,V9,noise_categorical_1,noise_categorical_2,noise_numeric_1,noise_numeric_2,synthetic_target_2"
bank_synthetic_target_2_noise,classification,34.52416515350342,0.9942496958973792,0.9942357373984381,0.9941426476024077,0.994336762893464,0.9998732735109761,-0.005750304102620785,-0.005764262601561931,28,"V1,V10,V11,V12,V12_shuffled_1,V12_shuffled_2,V13,V13_shuffled_1,V13_shuffled_2,V14,V14_shuffled_1,V14_shuffled_2,V15,V16,V1_shuffled_2,V2,V3,V4,V6,V6_shuffled_1,V6_shuffled_2,V7,V8,V9,noise_categorical_1,noise_categorical_2,noise_numeric_1,noise_numeric_2,synthetic_target_2"
bank_synthetic_target_2_noise,classification,34.52416515350342,0.9943602786685835,0.994346526854595,0.9942581735656599,0.9944419596113263,0.9998680749785316,-0.005639721331416547,-0.005653473145404986,29,"V1,V10,V11,V12,V12_shuffled_1,V12_shuffled_2,V13,V13_shuffled_1,V13_shuffled_2,V14,V14_shuffled_1,V14_shuffled_2,V15,V15_shuffled_1,V16,V1_shuffled_2,V2,V3,V4,V6,V6_shuffled_1,V6_shuffled_2,V7,V8,V9,noise_categorical_1,noise_categorical_2,noise_numeric_1,noise_numeric_2,synthetic_target_2"
bank_synthetic_target_2_noise,classification,34.52416515350342,0.9940285303549707,0.9940142950287374,0.9939027175982516,0.9941377228564268,0.9998573836570892,-0.004976114635075746,-0.004987761532703416,30,"V1,V10,V11,V12,V12_shuffled_1,V12_shuffled_2,V13,V13_shuffled_1,V13_shuffled_2,V14,V14_shuffled_1,V14_shuffled_2,V15,V15_shuffled_1,V16,V1_shuffled_1,V1_shuffled_2,V2,V3,V4,V6,V6_shuffled_1,V6_shuffled_2,V7,V8,V9,noise_categorical_1,noise_categorical_2,noise_numeric_1,noise_numeric_2,synthetic_target_2"
bank_synthetic_target_2_noise,classification,34.52416515350342,0.9942496958973792,0.9942358628872905,0.9941334060158153,0.9943481162921517,0.9998547843908668,-0.004976139094879151,-0.004987958882719079,31,"V1,V10,V10_shuffled_2,V11,V12,V12_shuffled_1,V12_shuffled_2,V13,V13_shuffled_1,V13_shuffled_2,V14,V14_shuffled_1,V14_shuffled_2,V15,V15_shuffled_1,V16,V1_shuffled_1,V1_shuffled_2,V2,V3,V4,V6,V6_shuffled_1,V6_shuffled_2,V7,V8,V9,noise_categorical_1,noise_categorical_2,noise_numeric_1,noise_numeric_2,synthetic_target_2"
bank_synthetic_target_2_noise,classification,34.52416515350342,0.9944708614397877,0.9944574398061905,0.994364307361663,0.9945585097278764,0.9998704290309592,-0.00530794855800043,-0.005320789964892381,32,"V1,V10,V10_shuffled_1,V10_shuffled_2,V11,V12,V12_shuffled_1,V12_shuffled_2,V13,V13_shuffled_1,V13_shuffled_2,V14,V14_shuffled_1,V14_shuffled_2,V15,V15_shuffled_1,V16,V1_shuffled_1,V1_shuffled_2,V2,V3,V4,V6,V6_shuffled_1,V6_shuffled_2,V7,V8,V9,noise_categorical_1,noise_categorical_2,noise_numeric_1,noise_numeric_2,synthetic_target_2"
bank_synthetic_target_2_noise,classification,34.52416515350342,0.9940285303549707,0.9940141653060324,0.9939117554927319,0.9941263694577391,0.9998692520047454,-0.00594382089475276,-0.005958113179315605,33,"V1,V10,V10_shuffled_1,V10_shuffled_2,V11,V12,V12_shuffled_1,V12_shuffled_2,V13,V13_shuffled_1,V13_shuffled_2,V14,V14_shuffled_1,V14_shuffled_2,V15,V15_shuffled_1,V15_shuffled_2,V16,V1_shuffled_1,V1_shuffled_2,V2,V3,V4,V6,V6_shuffled_1,V6_shuffled_2,V7,V8,V9,noise_categorical_1,noise_categorical_2,noise_numeric_1,noise_numeric_2,synthetic_target_2"
bank_synthetic_target_2_noise,classification,34.52416515350342,0.9940285303549707,0.9940142950287374,0.9939027175982516,0.9941377228564268,0.9998719003137265,-0.005722630892540881,-0.005736212756005443,34,"V1,V10,V10_shuffled_1,V10_shuffled_2,V11,V12,V12_shuffled_1,V12_shuffled_2,V13,V13_shuffled_1,V13_shuffled_2,V14,V14_shuffled_1,V14_shuffled_2,V15,V15_shuffled_1,V15_shuffled_2,V16,V1_shuffled_1,V1_shuffled_2,V2,V3,V4,V6,V6_shuffled_1,V6_shuffled_2,V7,V8,V9,noise_categorical_1,noise_categorical_2,noise_numeric_1,noise_numeric_2,synthetic_target_1,synthetic_target_2"
bank_synthetic_target_2_noise,classification,34.52416515350342,0.9942496958973792,0.9942356113388195,0.9941520837678224,0.9943254094947762,0.9998419351880324,-0.005252626597644028,-0.0052654084747002505,35,"Class,V1,V10,V10_shuffled_1,V10_shuffled_2,V11,V12,V12_shuffled_1,V12_shuffled_2,V13,V13_shuffled_1,V13_shuffled_2,V14,V14_shuffled_1,V14_shuffled_2,V15,V15_shuffled_1,V15_shuffled_2,V16,V1_shuffled_1,V1_shuffled_2,V2,V3,V4,V6,V6_shuffled_1,V6_shuffled_2,V7,V8,V9,noise_categorical_1,noise_categorical_2,noise_numeric_1,noise_numeric_2,synthetic_target_1,synthetic_target_2"
bank_synthetic_target_2_noise,classification,34.52416515350342,0.9940285303549707,0.9940140349906856,0.9939209878431523,0.9941150160590514,0.9998454662666739,-0.005446143389776004,-0.005459262208907578,36,"Class,V1,V10,V10_shuffled_1,V10_shuffled_2,V11,V12,V12_shuffled_1,V12_shuffled_2,V13,V13_shuffled_1,V13_shuffled_2,V14,V14_shuffled_1,V14_shuffled_2,V15,V15_shuffled_1,V15_shuffled_2,V16,V1_shuffled_1,V1_shuffled_2,V2,V3,V4,V5,V6,V6_shuffled_1,V6_shuffled_2,V7,V8,V9,noise_categorical_1,noise_categorical_2,noise_numeric_1,noise_numeric_2,synthetic_target_1,synthetic_target_2"
bank_synthetic_target_2_noise,classification,34.52416515350342,0.9940285303549707,0.9940140349906856,0.9939209878431523,0.9941150160590514,0.9998454662666739,-0.005446143389776004,-0.005459262208907578,37,"Class,V1,V10,V10_shuffled_1,V10_shuffled_2,V11,V12,V12_shuffled_1,V12_shuffled_2,V13,V13_shuffled_1,V13_shuffled_2,V14,V14_shuffled_1,V14_shuffled_2,V15,V15_shuffled_1,V15_shuffled_2,V16,V1_shuffled_1,V1_shuffled_2,V2,V3,V4,V5,V6,V6_shuffled_1,V6_shuffled_2,V7,V8,V9,noise_categorical_1,noise_categorical_2,noise_numeric_1,noise_numeric_2,synthetic_target_1,synthetic_target_2"
bank_synthetic_target_2_noise,classification,34.52416515350342,0.9940285303549707,0.9940140349906856,0.9939209878431523,0.9941150160590514,0.9998454662666739,-0.005446143389776004,-0.005459262208907578,38,"Class,V1,V10,V10_shuffled_1,V10_shuffled_2,V11,V12,V12_shuffled_1,V12_shuffled_2,V13,V13_shuffled_1,V13_shuffled_2,V14,V14_shuffled_1,V14_shuffled_2,V15,V15_shuffled_1,V15_shuffled_2,V16,V1_shuffled_1,V1_shuffled_2,V2,V3,V4,V5,V6,V6_shuffled_1,V6_shuffled_2,V7,V8,V9,noise_categorical_1,noise_categorical_2,noise_numeric_1,noise_numeric_2,synthetic_target_1,synthetic_target_2"
bank_synthetic_target_2_noise,classification,34.52416515350342,0.9940285303549707,0.9940140349906856,0.9939209878431523,0.9941150160590514,0.9998454662666739,-0.005446143389776004,-0.005459262208907578,39,"Class,V1,V10,V10_shuffled_1,V10_shuffled_2,V11,V12,V12_shuffled_1,V12_shuffled_2,V13,V13_shuffled_1,V13_shuffled_2,V14,V14_shuffled_1,V14_shuffled_2,V15,V15_shuffled_1,V15_shuffled_2,V16,V1_shuffled_1,V1_shuffled_2,V2,V3,V4,V5,V6,V6_shuffled_1,V6_shuffled_2,V7,V8,V9,noise_categorical_1,noise_categorical_2,noise_numeric_1,noise_numeric_2,synthetic_target_1,synthetic_target_2"
bank_synthetic_target_2_noise,classification,34.52416515350342,0.9940285303549707,0.9940140349906856,0.9939209878431523,0.9941150160590514,0.9998454662666739,-0.005446143389776004,-0.005459262208907578,40,"Class,V1,V10,V10_shuffled_1,V10_shuffled_2,V11,V12,V12_shuffled_1,V12_shuffled_2,V13,V13_shuffled_1,V13_shuffled_2,V14,V14_shuffled_1,V14_shuffled_2,V15,V15_shuffled_1,V15_shuffled_2,V16,V1_shuffled_1,V1_shuffled_2,V2,V3,V4,V5,V6,V6_shuffled_1,V6_shuffled_2,V7,V8,V9,noise_categorical_1,noise_categorical_2,noise_numeric_1,noise_numeric_2,synthetic_target_1,synthetic_target_2"
bank_synthetic_target_2_clean,classification,12.82642912864685,0.7183456817427845,0.7139738413436418,0.7480858153967296,0.7265802680382946,0.7397888071673049,0.004759085856918532,0.004695745860737066,1,"V9,synthetic_target_2"
bank_synthetic_target_2_clean,classification,12.82642912864685,0.7337166869401747,0.7272445055702107,0.7789183711821457,0.7435527653495253,0.8060767411282874,0.0036237871392457155,0.003588542873385614,2,"V13,V9,synthetic_target_2"
bank_synthetic_target_2_clean,classification,12.82642912864685,0.8618821187658963,0.8617023870077047,0.8615049881008261,0.8622968097194901,0.9426723252201896,0.002310121420176281,0.0023384081056045947,3,"V10,V13,V9,synthetic_target_2"
bank_synthetic_target_2_clean,classification,12.82642912864685,0.8948357845847617,0.8937165098564024,0.9003932090275742,0.8919197150419536,0.9704272163771427,-0.013480959498405776,-0.01355826928829229,4,"V10,V11,V13,V9,synthetic_target_2"
bank_synthetic_target_2_clean,classification,12.82642912864685,0.9893840539643923,0.9893609949816791,0.9891703774568978,0.989594573320641,0.9991673029964636,-0.0027360522068087256,-0.0027413953636703514,5,"V10,V11,V13,V14,V9,synthetic_target_2"
bank_synthetic_target_2_clean,classification,12.82642912864685,0.9896052195068008,0.9895843278787642,0.9893434166786683,0.9899071473445553,0.9993857639660291,-0.001878965408041,-0.0018815314091984447,6,"V10,V11,V13,V14,V15,V9,synthetic_target_2"
bank_synthetic_target_2_clean,classification,12.82642912864685,0.9931438681853367,0.9931281128827691,0.9929820872640585,0.9932961491135276,0.9996745522518719,-0.006026669306368637,-0.006040267585098236,7,"V10,V11,V12,V13,V14,V15,V9,synthetic_target_2"
bank_synthetic_target_2_clean,classification,12.82642912864685,0.994139113126175,0.9941249502183247,0.9940271749238656,0.9942315661756016,0.9998244514444808,-0.0048378831135950096,-0.004849400152360017,8,"V1,V10,V11,V12,V13,V14,V15,V9,synthetic_target_2"
bank_synthetic_target_2_clean,classification,12.82642912864685,0.9940285303549707,0.9940148079946698,0.9938685098924883,0.9941831364511777,0.9998065753588581,-0.003566028370974861,-0.003573664434882051,9,"V1,V10,V11,V12,V13,V14,V15,V7,V9,synthetic_target_2"
bank_synthetic_target_2_clean,classification,12.82642912864685,0.9945814442109919,0.9945682316838267,0.9944798379758909,0.9946637064457389,0.9998853625510474,-0.004920878284031316,-0.004932788129693111,10,"V1,V10,V11,V12,V13,V14,V15,V16,V7,V9,synthetic_target_2"
bank_synthetic_target_2_clean,classification,12.82642912864685,0.9944708614397877,0.9944573185950187,0.9943737528509591,0.9945471563291888,0.9998858775000159,-0.00530794855800043,-0.005320909917541972,11,"V1,V10,V11,V12,V13,V14,V15,V16,V4,V7,V9,synthetic_target_2"
bank_synthetic_target_2_clean,classification,12.82642912864685,0.9945814442109919,0.9945682316838267,0.9944798379758909,0.9946637064457389,0.9998732980323555,-0.004837932033201819,-0.004849629708537639,12,"V1,V10,V11,V12,V13,V14,V15,V16,V4,V7,V8,V9,synthetic_target_2"
bank_synthetic_target_2_clean,classification,12.82642912864685,0.9945814442109919,0.994567872902248,0.9945090648639283,0.9946296462496758,0.9997444872260778,-0.005169717036519694,-0.005182633465884323,13,"V1,V10,V11,V12,V13,V14,V15,V16,V3,V4,V7,V8,V9,synthetic_target_2"
bank_synthetic_target_2_clean,classification,12.82642912864685,0.9944708614397877,0.9944578001471088,0.9943371387525632,0.9945925699239395,0.9998424256156215,-0.00552913856021231,-0.005542199852891172,14,"V1,V10,V11,V12,V13,V14,V15,V16,V2,V3,V4,V7,V8,V9,synthetic_target_2"
bank_synthetic_target_2_clean,classification,12.82642912864685,0.9943602786685835,0.9943467730058236,0.9942396811475018,0.9944646664087018,0.9998766329399614,-0.005114395076163292,-0.005126524193769577,15,"V1,V10,V11,V12,V13,V14,V15,V16,V2,V3,V4,V5,V7,V8,V9,synthetic_target_2"
bank_synthetic_target_2_clean,classification,12.82642912864685,0.9942496958973792,0.9942354847083603,0.994161714547718,0.9943140560960885,0.9997538543930296,-0.004893192844049654,-0.004905167823225143,16,"V1,V10,V11,V12,V13,V14,V15,V16,V2,V3,V4,V5,V7,V8,V9,synthetic_target_1,synthetic_target_2"
pendigits_synthetic_target_1_noise,classification,25.732959747314453,0.3224192814915871,0.28790784878347314,0.30129580663181066,0.32349748889711394,0.8085409198059104,-0.003635534839585397,-0.007048575267842139,1,"input8,synthetic_target_1"
pendigits_synthetic_target_1_noise,classification,25.732959747314453,0.4602091859936335,0.45184082868213393,0.454303994246541,0.4609116579418625,0.8889019391569455,-0.06918919908540666,-0.0709800729144956,2,"input3,input8,synthetic_target_1"
pendigits_synthetic_target_1_noise,classification,25.732959747314453,0.5302410186448385,0.528538677169017,0.5285716323219909,0.5307507408603511,0.9203587223189287,-0.08684075094460764,-0.08714768998693945,3,"input3,input6,input8,synthetic_target_1"
pendigits_synthetic_target_1_noise,classification,25.732959747314453,0.658481127785357,0.6585104728927087,0.6588985694357969,0.6588097845434568,0.9574347831745739,-0.2801063850089113,-0.2799793330248749,4,"input1,input3,input6,input8,synthetic_target_1"
pendigits_synthetic_target_1_noise,classification,25.732959747314453,0.6984993178717599,0.6987904632235253,0.6996595590796922,0.6986829194189714,0.9630057500446749,-0.21813891708786703,-0.21776753010562455,5,"input1,input3,input4,input6,input8,synthetic_target_1"
pendigits_synthetic_target_1_noise,classification,25.732959747314453,0.7035015916325602,0.7037678561729318,0.7048421146946874,0.7037366255772496,0.9644871238596266,-0.2536233941515863,-0.2533396702149001,6,"input1,input3,input4,input5,input6,input8,synthetic_target_1"
pendigits_synthetic_target_1_noise,classification,25.732959747314453,0.713506139154161,0.7138583599568553,0.7149709824762884,0.7137024018287788,0.9667054887323889,-0.23156380284515665,-0.2311990660561083,7,"class,input1,input3,input4,input5,input6,input8,synthetic_target_1"
pendigits_synthetic_target_1_noise,classification,25.732959747314453,0.6966803092314688,0.697271035853291,0.6984547931171965,0.6969110475650083,0.9632942229771796,-0.24622882303283233,-0.24556798124689094,8,"class,input1,input14,input3,input4,input5,input6,input8,synthetic_target_1"
pendigits_synthetic_target_1_noise,classification,25.732959747314453,0.7053206002728513,0.7056175034003027,0.7069628057753523,0.7055278492954715,0.9653264954082708,-0.2828518095986374,-0.2825483236384001,9,"class,input1,input10,input14,input3,input4,input5,input6,input8,synthetic_target_1"
pendigits_synthetic_target_1_noise,classification,25.732959747314453,0.717144156434743,0.7172122855488745,0.7179379181100053,0.7174233771287235,0.9676762270752268,-0.21621192226422203,-0.21616528582911232,10,"class,input1,input10,input14,input3,input4,input5,input6,input7,input8,synthetic_target_1"
pendigits_synthetic_target_1_noise,classification,25.732959747314453,0.72487494315598,0.7249297117155911,0.7254156548771644,0.7251615447440064,0.9686006197172568,-0.26454846182525504,-0.2645055355496747,11,"class,input1,input10,input12,input14,input3,input4,input5,input6,input7,input8,synthetic_target_1"
pendigits_synthetic_target_1_noise,classification,25.732959747314453,0.7057753524329241,0.7059986574858944,0.7067200489493651,0.7060789132125045,0.9650304803125278,-0.18618416081625133,-0.1859301221988281,12,"class,input1,input10,input12,input14,input2,input3,input4,input5,input6,input7,input8,synthetic_target_1"
pendigits_synthetic_target_1_noise,classification,25.732959747314453,0.7144156434743065,0.7147511035362928,0.7152984161335527,0.7146874419957914,0.9668617863608768,-0.2689802396145141,-0.2686471245428991,13,"class,input1,input10,input12,input14,input2,input3,input4,input5,input6,input7,input8,input9,synthetic_target_1"
pendigits_synthetic_target_1_noise,classification,25.732959747314453,0.7107776261937244,0.7110897152690497,0.7116370664180086,0.7110176501792189,0.9656865206662951,-0.22098627691101802,-0.22067617617213753,14,"class,input1,input10,input12,input14,input16,input2,input3,input4,input5,input6,input7,input8,input9,synthetic_target_1"
pendigits_synthetic_target_1_noise,classification,25.732959747314453,0.7044110959527058,0.7049553666915868,0.705827895746612,0.7046923861391653,0.9655037670505232,-0.23849803631159538,-0.23796365216509574,15,"class,input1,input10,input11,input12,input14,input16,input2,input3,input4,input5,input6,input7,input8,input9,synthetic_target_1"
pendigits_synthetic_target_1_noise,classification,25.732959747314453,0.7007730786721237,0.7012644105897461,0.7021430211919204,0.701006819595017,0.965095538350465,-0.29433666771704947,-0.29384868805570796,16,"class,input1,input10,input11,input12,input13,input14,input16,input2,input3,input4,input5,input6,input7,input8,input9,synthetic_target_1"
pendigits_synthetic_target_1_noise,classification,25.732959747314453,0.6957708049113234,0.6958208939110843,0.6961451925090273,0.6960986797309421,0.9647196137298911,-0.27613866853346225,-0.2760897394023556,17,"class,input1,input10,input11,input12,input13,input14,input15,input16,input2,input3,input4,input5,input6,input7,input8,input9,synthetic_target_1"
pendigits_synthetic_target_1_noise,classification,25.732959747314453,0.6971350613915416,0.6976129389109251,0.6984356651235527,0.697320933412416,0.9636106111929597,-0.28717063632254913,-0.28669564021049243,18,"class,input1,input10,input11,input12,input13,input14,input15,input16,input2,input3,input3_shuffled_2,input4,input5,input6,input7,input8,input9,synthetic_target_1"
pendigits_synthetic_target_1_noise,classification,25.732959747314453,0.6898590268303775,0.6903727209242166,0.6915959655986729,0.6900333820471287,0.9629125313405373,-0.3043409049335256,-0.3038293162263761,19,"class,input1,input10,input11,input12,input13,input14,input15,input16,input2,input3,input3_shuffled_2,input4,input5,input6,input7,input7_shuffled_1,input8,input9,synthetic_target_1"
pendigits_synthetic_target_1_noise,classification,25.732959747314453,0.6889495225102319,0.6894894334447024,0.6901132231739873,0.6891981605255849,0.9628814795336049,-0.3109367506616093,-0.31039756178068634,20,"class,input1,input10,input11,input12,input13,input14,input15,input16,input2,input3,input3_shuffled_2,input4,input5,input6,input7,input7_shuffled_1,input7_shuffled_2,input8,input9,synthetic_target_1"
pendigits_synthetic_target_1_noise,classification,25.732959747314453,0.6921327876307413,0.6929070663665828,0.6935783475916486,0.6924019925766214,0.9622759608110132,-0.30786721236925874,-0.30709293363341716,21,"class,input1,input10,input11,input12,input13,input14,input15,input16,input2,input3,input3_shuffled_2,input4,input5,input6,input7,input7_shuffled_1,input7_shuffled_2,input8,input9,input9_shuffled_2,synthetic_target_1"
pendigits_synthetic_target_1_noise,classification,25.732959747314453,0.6894042746703046,0.6899811974567478,0.6904581498489633,0.6896784571774546,0.962352733381467,-0.30854864242283764,-0.3079723475451781,22,"class,input1,input10,input11,input11_shuffled_1,input12,input13,input14,input15,input16,input2,input3,input3_shuffled_2,input4,input5,input6,input7,input7_shuffled_1,input7_shuffled_2,input8,input9,input9_shuffled_2,synthetic_target_1"
pendigits_synthetic_target_1_noise,classification,25.732959747314453,0.6844020009095043,0.68464681956654,0.6851095076634242,0.6845877886230951,0.9566492356620462,-0.3155979990904957,-0.31535318043345995,23,"class,input1,input10,input11,input11_shuffled_1,input12,input13,input14,input15,input16,input2,input3,input3_shuffled_2,input4,input5,input6,input7,input7_shuffled_1,input7_shuffled_2,input8,input8_shuffled_1,input9,input9_shuffled_2,synthetic_target_1"
pendigits_synthetic_target_1_noise,classification,25.732959747314453,0.6862210095497954,0.686590874547421,0.6870967194795985,0.6864641414807565,0.9607996223794896,-0.31309662948125205,-0.31272555250423706,24,"class,input1,input10,input10_shuffled_1,input11,input11_shuffled_1,input12,input13,input14,input15,input16,input2,input3,input3_shuffled_2,input4,input5,input6,input7,input7_shuffled_1,input7_shuffled_2,input8,input8_shuffled_1,input9,input9_shuffled_2,synthetic_target_1"
pendigits_synthetic_target_1_noise,classification,25.732959747314453,0.671668940427467,0.6718681450603926,0.6725311766614835,0.6718382535558727,0.9605161095481629,-0.32833105957253295,-0.3281318549396074,25,"class,input1,input10,input10_shuffled_1,input11,input11_shuffled_1,input12,input13,input14,input15,input16,input2,input3,input3_shuffled_2,input4,input5,input6,input7,input7_shuffled_1,input7_shuffled_2,input8,input8_shuffled_1,input9,input9_shuffled_2,synthetic_target_1,synthetic_target_2"
pendigits_synthetic_target_1_noise,classification,25.732959747314453,0.6821282401091405,0.6828919267857758,0.6836336658546223,0.6824210563450661,0.9605849374115202,-0.3178717598908595,-0.3171080732142242,26,"class,input1,input10,input10_shuffled_1,input11,input11_shuffled_1,input12,input13,input14,input15,input16,input1_shuffled_2,input2,input3,input3_shuffled_2,input4,input5,input6,input7,input7_shuffled_1,input7_shuffled_2,input8,input8_shuffled_1,input9,input9_shuffled_2,synthetic_target_1,synthetic_target_2"
pendigits_synthetic_target_1_noise,classification,25.732959747314453,0.6748522055479763,0.6751405498149755,0.6755517637983379,0.675124831462333,0.9595458064024305,-0.3244654334830711,-0.3241759395053697,27,"class,input1,input10,input10_shuffled_1,input10_shuffled_2,input11,input11_shuffled_1,input12,input13,input14,input15,input16,input1_shuffled_2,input2,input3,input3_shuffled_2,input4,input5,input6,input7,input7_shuffled_1,input7_shuffled_2,input8,input8_shuffled_1,input9,input9_shuffled_2,synthetic_target_1,synthetic_target_2"
pendigits_synthetic_target_1_noise,classification,25.732959747314453,0.6798544793087767,0.6805864938307209,0.6814614253399232,0.6801364525602802,0.960262336312091,-0.31707489633093666,-0.31634345665148667,28,"class,input1,input10,input10_shuffled_1,input10_shuffled_2,input11,input11_shuffled_1,input12,input13,input14,input15,input16,input1_shuffled_2,input2,input3,input3_shuffled_2,input4,input5,input5_shuffled_1,input6,input7,input7_shuffled_1,input7_shuffled_2,input8,input8_shuffled_1,input9,input9_shuffled_2,synthetic_target_1,synthetic_target_2"
pendigits_synthetic_target_1_noise,classification,25.732959747314453,0.6753069577080492,0.6756846436020087,0.6760244289066087,0.6756113194688506,0.9590840941612241,-0.32469304229195084,-0.32431535639799125,29,"class,input1,input10,input10_shuffled_1,input10_shuffled_2,input11,input11_shuffled_1,input12,input13,input14,input15,input16,input1_shuffled_2,input2,input3,input3_shuffled_2,input4,input5,input5_shuffled_1,input6,input6_shuffled_2,input7,input7_shuffled_1,input7_shuffled_2,input8,input8_shuffled_1,input9,input9_shuffled_2,synthetic_target_1,synthetic_target_2"
pendigits_synthetic_target_1_noise,classification,25.732959747314453,0.6821282401091405,0.6825600940919976,0.6829049722638921,0.6824499813114168,0.9600244259313087,-0.317644306234542,-0.3172119122490651,30,"class,input1,input10,input10_shuffled_1,input10_shuffled_2,input11,input11_shuffled_1,input12,input13,input14,input15,input16,input1_shuffled_2,input2,input3,input3_shuffled_2,input4,input5,input5_shuffled_1,input6,input6_shuffled_2,input7,input7_shuffled_1,input7_shuffled_2,input8,input8_shuffled_1,input9,input9_shuffled_1,input9_shuffled_2,synthetic_target_1,synthetic_target_2"
pendigits_synthetic_target_1_noise,classification,25.732959747314453,0.6734879490677581,0.6729771412816445,0.6728442958947907,0.6736927597521396,0.9575096245253742,-0.3265120509322419,-0.32702285871835546,31,"class,input1,input10,input10_shuffled_1,input10_shuffled_2,input11,input11_shuffled_1,input12,input13,input14,input15,input16,input1_shuffled_2,input2,input2_shuffled_2,input3,input3_shuffled_2,input4,input5,input5_shuffled_1,input6,input6_shuffled_2,input7,input7_shuffled_1,input7_shuffled_2,input8,input8_shuffled_1,input9,input9_shuffled_1,input9_shuffled_2,synthetic_target_1,synthetic_target_2"
pendigits_synthetic_target_1_noise,classification,25.732959747314453,0.6762164620281946,0.676513064978588,0.6773555289721339,0.6765695048652387,0.9584923770902389,-0.32094036726783626,-0.32064236232522525,32,"class,input1,input10,input10_shuffled_1,input10_shuffled_2,input11,input11_shuffled_1,input12,input12_shuffled_2,input13,input14,input15,input16,input1_shuffled_2,input2,input2_shuffled_2,input3,input3_shuffled_2,input4,input5,input5_shuffled_1,input6,input6_shuffled_2,input7,input7_shuffled_1,input7_shuffled_2,input8,input8_shuffled_1,input9,input9_shuffled_1,input9_shuffled_2,synthetic_target_1,synthetic_target_2"
pendigits_synthetic_target_1_noise,classification,25.732959747314453,0.6712141882673943,0.671323211117424,0.6715102535489998,0.6715095169809203,0.9576848820787495,-0.3277622702791768,-0.3276522776666304,33,"class,input1,input10,input10_shuffled_1,input10_shuffled_2,input11,input11_shuffled_1,input12,input12_shuffled_2,input13,input14,input15,input16,input1_shuffled_2,input2,input2_shuffled_2,input3,input3_shuffled_2,input4,input5,input5_shuffled_1,input6,input6_shuffled_2,input7,input7_shuffled_1,input7_shuffled_2,input8,input8_shuffled_1,input8_shuffled_2,input9,input9_shuffled_1,input9_shuffled_2,synthetic_target_1,synthetic_target_2"
pendigits_synthetic_target_1_noise,classification,25.732959747314453,0.6707594361073215,0.6708251800676291,0.6710123207319562,0.6710814132179338,0.958364754457311,-0.32924056389267853,-0.32917481993237085,34,"class,input1,input10,input10_shuffled_1,input10_shuffled_2,input11,input11_shuffled_1,input12,input12_shuffled_2,input13,input14,input14_shuffled_2,input15,input16,input1_shuffled_2,input2,input2_shuffled_2,input3,input3_shuffled_2,input4,input5,input5_shuffled_1,input6,input6_shuffled_2,input7,input7_shuffled_1,input7_shuffled_2,input8,input8_shuffled_1,input8_shuffled_2,input9,input9_shuffled_1,input9_shuffled_2,synthetic_target_1,synthetic_target_2"
pendigits_synthetic_target_1_noise,classification,25.732959747314453,0.6753069577080492,0.6757362194363999,0.6761437682249075,0.6756602624342923,0.9584627003219823,-0.32435186180747455,-0.32392259776099597,35,"class,input1,input10,input10_shuffled_1,input10_shuffled_2,input11,input11_shuffled_1,input12,input12_shuffled_2,input13,input14,input14_shuffled_2,input15,input16,input1_shuffled_2,input2,input2_shuffled_2,input3,input3_shuffled_2,input4,input5,input5_shuffled_1,input5_shuffled_2,input6,input6_shuffled_2,input7,input7_shuffled_1,input7_shuffled_2,input8,input8_shuffled_1,input8_shuffled_2,input9,input9_shuffled_1,input9_shuffled_2,synthetic_target_1,synthetic_target_2"
pendigits_synthetic_target_1_noise,classification,25.732959747314453,0.6743974533879036,0.6742973627806468,0.6746908075673524,0.6747165230594685,0.9577763224428901,-0.32526136612762013,-0.32536043187142716,36,"class,input1,input10,input10_shuffled_1,input10_shuffled_2,input11,input11_shuffled_1,input12,input12_shuffled_2,input13,input14,input14_shuffled_2,input15,input16,input1_shuffled_1,input1_shuffled_2,input2,input2_shuffled_2,input3,input3_shuffled_2,input4,input5,input5_shuffled_1,input5_shuffled_2,input6,input6_shuffled_2,input7,input7_shuffled_1,input7_shuffled_2,input8,input8_shuffled_1,input8_shuffled_2,input9,input9_shuffled_1,input9_shuffled_2,synthetic_target_1,synthetic_target_2"
pendigits_synthetic_target_1_noise,classification,25.732959747314453,0.6730331969076853,0.6726763297973617,0.6726956516091743,0.673334165371088,0.9573824541937874,-0.3257158079825684,-0.32607174875921974,37,"class,input1,input10,input10_shuffled_1,input10_shuffled_2,input11,input11_shuffled_1,input12,input12_shuffled_2,input13,input13_shuffled_2,input14,input14_shuffled_2,input15,input16,input1_shuffled_1,input1_shuffled_2,input2,input2_shuffled_2,input3,input3_shuffled_2,input4,input5,input5_shuffled_1,input5_shuffled_2,input6,input6_shuffled_2,input7,input7_shuffled_1,input7_shuffled_2,input8,input8_shuffled_1,input8_shuffled_2,input9,input9_shuffled_1,input9_shuffled_2,synthetic_target_1,synthetic_target_2"
pendigits_synthetic_target_1_noise,classification,25.732959747314453,0.6684856753069577,0.6686524337526871,0.6691217428419394,0.6688484019672336,0.9564814673100317,-0.33060451006777225,-0.3304368446981959,38,"class,input1,input10,input10_shuffled_1,input10_shuffled_2,input11,input11_shuffled_1,input12,input12_shuffled_2,input13,input13_shuffled_1,input13_shuffled_2,input14,input14_shuffled_2,input15,input16,input1_shuffled_1,input1_shuffled_2,input2,input2_shuffled_2,input3,input3_shuffled_2,input4,input5,input5_shuffled_1,input5_shuffled_2,input6,input6_shuffled_2,input7,input7_shuffled_1,input7_shuffled_2,input8,input8_shuffled_1,input8_shuffled_2,input9,input9_shuffled_1,input9_shuffled_2,synthetic_target_1,synthetic_target_2"
pendigits_synthetic_target_1_noise,classification,25.732959747314453,0.6639381537062301,0.664386448579337,0.6657207104455505,0.6641192212831963,0.9563091412007297,-0.3360618462937699,-0.33561355142066296,39,"class,input1,input10,input10_shuffled_1,input10_shuffled_2,input11,input11_shuffled_1,input12,input12_shuffled_2,input13,input13_shuffled_1,input13_shuffled_2,input14,input14_shuffled_2,input15,input16,input1_shuffled_1,input1_shuffled_2,input2,input2_shuffled_2,input3,input3_shuffled_2,input4,input5,input5_shuffled_1,input5_shuffled_2,input6,input6_shuffled_2,input7,input7_shuffled_1,input7_shuffled_2,input8,input8_shuffled_1,input8_shuffled_2,input9,input9_shuffled_1,input9_shuffled_2,noise_numeric_1,synthetic_target_1,synthetic_target_2"
pendigits_synthetic_target_1_noise,classification,25.732959747314453,0.6593906321055025,0.6590354327074576,0.6591665899627915,0.6596894071552899,0.95473280692036,-0.3406093678944975,-0.34096456729254243,40,"class,input1,input10,input10_shuffled_1,input10_shuffled_2,input11,input11_shuffled_1,input12,input12_shuffled_1,input12_shuffled_2,input13,input13_shuffled_1,input13_shuffled_2,input14,input14_shuffled_2,input15,input16,input1_shuffled_1,input1_shuffled_2,input2,input2_shuffled_2,input3,input3_shuffled_2,input4,input5,input5_shuffled_1,input5_shuffled_2,input6,input6_shuffled_2,input7,input7_shuffled_1,input7_shuffled_2,input8,input8_shuffled_1,input8_shuffled_2,input9,input9_shuffled_1,input9_shuffled_2,noise_numeric_1,synthetic_target_1,synthetic_target_2"
pendigits_synthetic_target_1_clean,classification,12.029416799545288,0.3224192814915871,0.28790784878347314,0.30129580663181066,0.32349748889711394,0.8085409198059104,-0.003635534839585397,-0.007048575267842139,1,"input8,synthetic_target_1"
pendigits_synthetic_target_1_clean,classification,12.029416799545288,0.4602091859936335,0.45184082868213393,0.454303994246541,0.4609116579418625,0.8889019391569455,-0.06918919908540666,-0.0709800729144956,2,"input3,input8,synthetic_target_1"
pendigits_synthetic_target_1_clean,classification,12.029416799545288,0.5934515688949522,0.5923204638539972,0.5929378908071891,0.5939344580445922,0.9410670058416025,-0.11563520467493293,-0.11620464993104618,3,"input1,input3,input8,synthetic_target_1"
pendigits_synthetic_target_1_clean,classification,12.029416799545288,0.6557526148249204,0.6556896317848515,0.6564009281756515,0.6561478355734616,0.9574842584902242,-0.2549718250704509,-0.2549365461718569,4,"input1,input3,input6,input8,synthetic_target_1"
pendigits_synthetic_target_1_clean,classification,12.029416799545288,0.694406548431105,0.694746276731639,0.6960404011369521,0.6946002171115511,0.9630160163552304,-0.2187061548556003,-0.21827823011394754,5,"input1,input3,input4,input6,input8,synthetic_target_1"
pendigits_synthetic_target_1_clean,classification,12.029416799545288,0.7057753524329241,0.706107415327639,0.7071333112837508,0.7059581482420926,0.9650721645150643,-0.26442821858948007,-0.26407403447463484,6,"input1,input3,input4,input5,input6,input8,synthetic_target_1"
pendigits_synthetic_target_1_clean,classification,12.029416799545288,0.700318326512051,0.7007014505181041,0.7015520818935596,0.7005231910102021,0.9642021258847355,-0.2714774201045759,-0.27108030403191063,7,"input1,input14,input3,input4,input5,input6,input8,synthetic_target_1"
pendigits_synthetic_target_1_clean,classification,12.029416799545288,0.7330604820372897,0.7332744875787582,0.7337630015062173,0.7333008354310168,0.9691245751532284,-0.2461275084096568,-0.24591056730762306,8,"input1,input14,input3,input4,input5,input6,input7,input8,synthetic_target_1"
pendigits_synthetic_target_1_clean,classification,12.029416799545288,0.7271487039563438,0.7274938923222604,0.7283133908215043,0.7274240628082971,0.9684948304162754,-0.2371410720018048,-0.2367788271583311,9,"input1,input10,input14,input3,input4,input5,input6,input7,input8,synthetic_target_1"
pendigits_synthetic_target_1_clean,classification,12.029416799545288,0.7198726693951796,0.7200883962965745,0.7206218687462285,0.7201834842509905,0.967243973703523,-0.22144428727489884,-0.22124051764940234,10,"input1,input10,input12,input14,input3,input4,input5,input6,input7,input8,synthetic_target_1"
pendigits_synthetic_target_1_clean,classification,12.029416799545288,0.7166894042746703,0.7167218986619966,0.7172410639259201,0.7169787948815478,0.9665783478630553,-0.2646593959072926,-0.2646259385930376,11,"input1,input10,input12,input14,input3,input4,input5,input6,input7,input8,input9,synthetic_target_1"
pendigits_synthetic_target_1_clean,classification,12.029416799545288,0.715325147794452,0.7155256653813209,0.7163134977217906,0.7156252616042831,0.9669939225410648,-0.24941953547633156,-0.2492338151353426,12,"input1,input10,input12,input14,input2,input3,input4,input5,input6,input7,input8,input9,synthetic_target_1"
pendigits_synthetic_target_1_clean,classification,12.029416799545288,0.707594361073215,0.7081848096836518,0.7091523200929697,0.7078598082001208,0.9663127870805841,-0.2547620588062345,-0.254172757444701,13,"input1,input10,input12,input14,input16,input2,input3,input4,input5,input6,input7,input8,input9,synthetic_target_1"
pendigits_synthetic_target_1_clean,classification,12.029416799545288,0.7007730786721237,0.701294547865815,0.7023040953583349,0.7010317995788246,0.9658329475048781,-0.29240331163835054,-0.29188181784100364,14,"input1,input10,input12,input13,input14,input16,input2,input3,input4,input5,input6,input7,input8,input9,synthetic_target_1"
pendigits_synthetic_target_1_clean,classification,12.029416799545288,0.7012278308321964,0.7020742379122279,0.703209335176537,0.7014898662819842,0.9647341998469043,-0.2887642082898325,-0.28792536534009583,15,"input1,input10,input11,input12,input13,input14,input16,input2,input3,input4,input5,input6,input7,input8,input9,synthetic_target_1"
pendigits_synthetic_target_1_clean,classification,12.029416799545288,0.6989540700318326,0.6995319324616535,0.7004530101862451,0.6991599111266866,0.964927585109552,-0.2966105836699756,-0.29603515003184533,16,"input1,input10,input11,input12,input13,input14,input15,input16,input2,input3,input4,input5,input6,input7,input8,input9,synthetic_target_1"
pendigits_synthetic_target_1_clean,classification,12.029416799545288,0.6980445657116872,0.6984185289290505,0.6991626720069289,0.6982238938634944,0.9640184663363167,-0.2904690246442778,-0.290099978726462,17,"input1,input10,input11,input12,input13,input14,input15,input16,input2,input3,input4,input5,input6,input7,input8,input9,synthetic_target_1,synthetic_target_2"
pendigits_synthetic_target_2_noise,classification,23.689712524414062,0.23829013187812642,0.17304308619218162,0.2139895889043295,0.23706801509663306,0.7372533432195565,-0.011226529102198846,-0.01681004235957273,1,"input15,synthetic_target_2"
pendigits_synthetic_target_2_noise,classification,23.689712524414062,0.385175079581628,0.37315096327164177,0.38485674491478294,0.38460012084372486,0.8585708069287691,-0.04471233085849485,-0.04587682367192514,2,"input10,input15,synthetic_target_2"
pendigits_synthetic_target_2_noise,classification,23.689712524414062,0.5952705775352433,0.5953130939754914,0.5998781818789034,0.5948672027341076,0.9366755081970991,-0.18489546363386855,-0.18557301638426782,3,"input10,input13,input15,synthetic_target_2"
pendigits_synthetic_target_2_noise,classification,23.689712524414062,0.6334697589813552,0.6330517549987342,0.63548680232289,0.6331796718735797,0.9513505018158689,-0.2060616864866307,-0.20660422931663303,4,"input10,input11,input13,input15,synthetic_target_2"
pendigits_synthetic_target_2_noise,classification,23.689712524414062,0.7507958162801274,0.7504491453489386,0.7511282196296047,0.7506074161593773,0.9723254879523415,-0.13035964829396562,-0.1308671894059098,5,"input10,input11,input13,input15,input9,synthetic_target_2"
pendigits_synthetic_target_2_noise,classification,23.689712524414062,0.7762619372442019,0.7759759149079277,0.7764732291123936,0.7760505632587866,0.975959400872419,-0.17711006321070544,-0.17736912854118114,6,"input10,input11,input12,input13,input15,input9,synthetic_target_2"
pendigits_synthetic_target_2_noise,classification,23.689712524414062,0.7735334242837654,0.7731177666577717,0.7731603636121354,0.7733896352584473,0.9751134699005017,-0.17745031277980794,-0.1778446616476419,7,"input10,input11,input12,input13,input14,input15,input9,synthetic_target_2"
pendigits_synthetic_target_2_noise,classification,23.689712524414062,0.7567075943610733,0.7560106525645549,0.7563609649419305,0.7564141003645661,0.972492907042654,-0.1768759379942093,-0.1774910954101987,8,"input10,input11,input12,input13,input14,input15,input5,input9,synthetic_target_2"
pendigits_synthetic_target_2_noise,classification,23.689712524414062,0.7444292860391087,0.7440163591763291,0.7444088218935928,0.7441383410929536,0.9729347612597676,-0.23714696779917166,-0.23753970329524277,9,"input1,input10,input11,input12,input13,input14,input15,input5,input9,synthetic_target_2"
pendigits_synthetic_target_2_noise,classification,23.689712524414062,0.7353342428376535,0.7347411293147161,0.7350516712390196,0.7350819724732903,0.971655533962647,-0.23884976717030737,-0.23940899971896346,10,"input1,input10,input11,input12,input13,input14,input15,input16,input5,input9,synthetic_target_2"
pendigits_synthetic_target_2_noise,classification,23.689712524414062,0.749431559799909,0.7492404480840356,0.7497543988461126,0.7492044582016958,0.9705255252255822,-0.22577599166148066,-0.22596762322318475,11,"input1,input10,input11,input12,input13,input14,input15,input16,input5,input7,input9,synthetic_target_2"
pendigits_synthetic_target_2_noise,classification,23.689712524414062,0.7480673033196907,0.747926861305084,0.7481176326137761,0.7479348184598483,0.971041782813437,-0.23623839439439998,-0.23637616703082598,12,"input1,input10,input11,input12,input13,input14,input15,input16,input2,input5,input7,input9,synthetic_target_2"
pendigits_synthetic_target_2_noise,classification,23.689712524414062,0.7444292860391087,0.7443630820444815,0.7449870870399422,0.7442452675405122,0.97103857608793,-0.23976268484682328,-0.23982498993932122,13,"input1,input10,input11,input12,input13,input14,input15,input16,input2,input5,input6,input7,input9,synthetic_target_2"
pendigits_synthetic_target_2_noise,classification,23.689712524414062,0.7294224647567076,0.728761011797345,0.7296143940452062,0.7290756380753617,0.969887420122987,-0.253063603706843,-0.25372197566136123,14,"input1,input10,input11,input12,input13,input14,input15,input16,input2,input3,input5,input6,input7,input9,synthetic_target_2"
pendigits_synthetic_target_2_noise,classification,23.689712524414062,0.7294224647567076,0.7293174448869711,0.7300141588568068,0.7293020245278219,0.9692338550184798,-0.24942434520576262,-0.24950994545480787,15,"input1,input10,input11,input12,input13,input13_shuffled_2,input14,input15,input16,input2,input3,input5,input6,input7,input9,synthetic_target_2"
pendigits_synthetic_target_2_noise,classification,23.689712524414062,0.7385175079581628,0.7381349730522899,0.7385044972372283,0.7383716081716816,0.9693813606361024,-0.2572745993999629,-0.2576470873511141,16,"input1,input10,input11,input12,input13,input13_shuffled_2,input14,input15,input16,input2,input3,input5,input6,input7,input7_shuffled_2,input9,synthetic_target_2"
pendigits_synthetic_target_2_noise,classification,23.689712524414062,0.7216916780354706,0.7212782207193975,0.7219891256393807,0.7214149463408547,0.9626672357041175,-0.27830832196452937,-0.2787217792806025,17,"input1,input10,input10_shuffled_1,input11,input12,input13,input13_shuffled_2,input14,input15,input16,input2,input3,input5,input6,input7,input7_shuffled_2,input9,synthetic_target_2"
pendigits_synthetic_target_2_noise,classification,23.689712524414062,0.7194179172351068,0.7188198506953651,0.719101250758564,0.7191294061490641,0.9663443157441153,-0.2735310194190499,-0.27412562489059156,18,"input1,input10,input10_shuffled_1,input11,input12,input13,input13_shuffled_2,input14,input15,input16,input2,input3,input5,input6,input6_shuffled_2,input7,input7_shuffled_2,input9,synthetic_target_2"
pendigits_synthetic_target_2_noise,classification,23.689712524414062,0.7057753524329241,0.7058348098511404,0.7079651403241096,0.7053966715369844,0.9594208760116002,-0.2942246475670759,-0.29416519014885956,19,"input1,input10,input10_shuffled_1,input11,input12,input13,input13_shuffled_1,input13_shuffled_2,input14,input15,input16,input2,input3,input5,input6,input6_shuffled_2,input7,input7_shuffled_2,input9,synthetic_target_2"
pendigits_synthetic_target_2_noise,classification,23.689712524414062,0.7089586175534334,0.708293888982755,0.708511773606806,0.7087044085831914,0.9662967014363426,-0.29070020196209034,-0.2913643144842386,20,"input1,input10,input10_shuffled_1,input11,input12,input13,input13_shuffled_1,input13_shuffled_2,input14,input15,input16,input2,input3,input5,input5_shuffled_2,input6,input6_shuffled_2,input7,input7_shuffled_2,input9,synthetic_target_2"
pendigits_synthetic_target_2_noise,classification,23.689712524414062,0.7012278308321964,0.7004725741885253,0.7015156314857764,0.7008102491209872,0.9647456576034431,-0.2987721691678036,-0.29952742581147473,21,"input1,input10,input10_shuffled_1,input11,input12,input13,input13_shuffled_1,input13_shuffled_2,input14,input15,input16,input2,input3,input5,input5_shuffled_2,input6,input6_shuffled_2,input7,input7_shuffled_2,input8_shuffled_1,input9,synthetic_target_2"
pendigits_synthetic_target_2_noise,classification,23.689712524414062,0.7071396089131423,0.707318736968079,0.7093530406384325,0.7067232203927517,0.9597272758594053,-0.2928603910868577,-0.292681263031921,22,"input1,input10,input10_shuffled_1,input11,input12,input13,input13_shuffled_1,input13_shuffled_2,input14,input15,input16,input2,input3,input3_shuffled_2,input5,input5_shuffled_2,input6,input6_shuffled_2,input7,input7_shuffled_2,input8_shuffled_1,input9,synthetic_target_2"
pendigits_synthetic_target_2_noise,classification,23.689712524414062,0.7144156434743065,0.7138160297908485,0.7149046522232966,0.7139923421480083,0.9660227458581069,-0.2855843565256935,-0.28618397020915154,23,"input1,input10,input10_shuffled_1,input11,input12,input13,input13_shuffled_1,input13_shuffled_2,input14,input14_shuffled_2,input15,input16,input2,input3,input3_shuffled_2,input5,input5_shuffled_2,input6,input6_shuffled_2,input7,input7_shuffled_2,input8_shuffled_1,input9,synthetic_target_2"
pendigits_synthetic_target_2_noise,classification,23.689712524414062,0.7053206002728513,0.7047287826339717,0.7059372954470626,0.7050106490367744,0.9649138747466784,-0.29467939972714874,-0.29527121736602835,24,"input1,input10,input10_shuffled_1,input11,input12,input13,input13_shuffled_1,input13_shuffled_2,input14,input14_shuffled_2,input15,input16,input2,input3,input3_shuffled_2,input5,input5_shuffled_2,input6,input6_shuffled_2,input7,input7_shuffled_2,input8_shuffled_1,input9,synthetic_target_1,synthetic_target_2"
pendigits_synthetic_target_2_noise,classification,23.689712524414062,0.7307867212369259,0.7303919800818386,0.7311612109413282,0.7304906372716268,0.9663468441356333,-0.2692132787630741,-0.2696080199181614,25,"input1,input10,input10_shuffled_1,input11,input12,input13,input13_shuffled_1,input13_shuffled_2,input14,input14_shuffled_1,input14_shuffled_2,input15,input16,input2,input3,input3_shuffled_2,input5,input5_shuffled_2,input6,input6_shuffled_2,input7,input7_shuffled_2,input8_shuffled_1,input9,synthetic_target_1,synthetic_target_2"
pendigits_synthetic_target_2_noise,classification,23.689712524414062,0.713506139154161,0.7123580852232264,0.7135320067986333,0.7130846879708554,0.9645457416104269,-0.2850154120797751,-0.2861626875634309,26,"input1,input10,input10_shuffled_1,input10_shuffled_2,input11,input12,input13,input13_shuffled_1,input13_shuffled_2,input14,input14_shuffled_1,input14_shuffled_2,input15,input16,input2,input3,input3_shuffled_2,input5,input5_shuffled_2,input6,input6_shuffled_2,input7,input7_shuffled_2,input8_shuffled_1,input9,synthetic_target_1,synthetic_target_2"
pendigits_synthetic_target_2_noise,classification,23.689712524414062,0.7207821737153252,0.7193271490084908,0.7201523129666605,0.72029974846976,0.9658312550850564,-0.27921782628467484,-0.2806728509915092,27,"input1,input10,input10_shuffled_1,input10_shuffled_2,input11,input12,input13,input13_shuffled_1,input13_shuffled_2,input14,input14_shuffled_1,input14_shuffled_2,input15,input16,input1_shuffled_2,input2,input3,input3_shuffled_2,input5,input5_shuffled_2,input6,input6_shuffled_2,input7,input7_shuffled_2,input8_shuffled_1,input9,synthetic_target_1,synthetic_target_2"
pendigits_synthetic_target_2_noise,classification,23.689712524414062,0.7107776261937244,0.709234125795293,0.7115286580936504,0.7102325117352893,0.9651416701011127,-0.2892223738062756,-0.290765874204707,28,"input1,input10,input10_shuffled_1,input10_shuffled_2,input11,input12,input13,input13_shuffled_1,input13_shuffled_2,input14,input14_shuffled_1,input14_shuffled_2,input15,input15_shuffled_1,input16,input1_shuffled_2,input2,input3,input3_shuffled_2,input5,input5_shuffled_2,input6,input6_shuffled_2,input7,input7_shuffled_2,input8_shuffled_1,input9,synthetic_target_1,synthetic_target_2"
pendigits_synthetic_target_2_noise,classification,23.689712524414062,0.7121418826739427,0.7112753647539137,0.7125536373806961,0.7117402498142542,0.965947505342007,-0.28785811732605726,-0.28872463524608627,29,"input1,input10,input10_shuffled_1,input10_shuffled_2,input11,input12,input13,input13_shuffled_1,input13_shuffled_2,input14,input14_shuffled_1,input14_shuffled_2,input15,input15_shuffled_1,input16,input1_shuffled_2,input2,input3,input3_shuffled_2,input5,input5_shuffled_2,input6,input6_shuffled_2,input7,input7_shuffled_2,input8,input8_shuffled_1,input9,synthetic_target_1,synthetic_target_2"
pendigits_synthetic_target_2_noise,classification,23.689712524414062,0.7144156434743065,0.7139956546790178,0.7153305019894305,0.7140458259585243,0.964813170363106,-0.2854706296975347,-0.2858908877248738,30,"input1,input10,input10_shuffled_1,input10_shuffled_2,input11,input12,input13,input13_shuffled_1,input13_shuffled_2,input14,input14_shuffled_1,input14_shuffled_2,input15,input15_shuffled_1,input16,input1_shuffled_2,input2,input3,input3_shuffled_2,input5,input5_shuffled_2,input6,input6_shuffled_2,input7,input7_shuffled_2,input8,input8_shuffled_1,input9,noise_numeric_1,synthetic_target_1,synthetic_target_2"
pendigits_synthetic_target_2_noise,classification,23.689712524414062,0.6975898135516144,0.6962781746691018,0.6973034254837868,0.6972041860883411,0.9640692202753437,-0.3024101864483856,-0.3037218253308982,31,"input1,input10,input10_shuffled_1,input10_shuffled_2,input11,input12,input12_shuffled_1,input13,input13_shuffled_1,input13_shuffled_2,input14,input14_shuffled_1,input14_shuffled_2,input15,input15_shuffled_1,input16,input1_shuffled_2,input2,input3,input3_shuffled_2,input5,input5_shuffled_2,input6,input6_shuffled_2,input7,input7_shuffled_2,input8,input8_shuffled_1,input9,noise_numeric_1,synthetic_target_1,synthetic_target_2"
pendigits_synthetic_target_2_noise,classification,23.689712524414062,0.7116871305138699,0.7112499758941032,0.7123254871222696,0.7113722061557735,0.9648090533133189,-0.2883128694861301,-0.2887500241058968,32,"input1,input10,input10_shuffled_1,input10_shuffled_2,input11,input12,input12_shuffled_1,input12_shuffled_2,input13,input13_shuffled_1,input13_shuffled_2,input14,input14_shuffled_1,input14_shuffled_2,input15,input15_shuffled_1,input16,input1_shuffled_2,input2,input3,input3_shuffled_2,input5,input5_shuffled_2,input6,input6_shuffled_2,input7,input7_shuffled_2,input8,input8_shuffled_1,input9,noise_numeric_1,synthetic_target_1,synthetic_target_2"
pendigits_synthetic_target_2_noise,classification,23.689712524414062,0.6753069577080492,0.6747643933363785,0.6767658934653651,0.6749361033154718,0.9605293201333807,-0.32469304229195084,-0.3252356066636215,33,"input1,input10,input10_shuffled_1,input10_shuffled_2,input11,input12,input12_shuffled_1,input12_shuffled_2,input13,input13_shuffled_1,input13_shuffled_2,input14,input14_shuffled_1,input14_shuffled_2,input15,input15_shuffled_1,input16,input16_shuffled_2,input1_shuffled_2,input2,input3,input3_shuffled_2,input5,input5_shuffled_2,input6,input6_shuffled_2,input7,input7_shuffled_2,input8,input8_shuffled_1,input9,noise_numeric_1,synthetic_target_1,synthetic_target_2"
pendigits_synthetic_target_2_noise,classification,23.689712524414062,0.6989540700318326,0.6985424070461582,0.699831606332525,0.6986150039579992,0.9631686974693838,-0.30104592996816737,-0.3014575929538418,34,"input1,input10,input10_shuffled_1,input10_shuffled_2,input11,input12,input12_shuffled_1,input12_shuffled_2,input13,input13_shuffled_1,input13_shuffled_2,input14,input14_shuffled_1,input14_shuffled_2,input15,input15_shuffled_1,input16,input16_shuffled_2,input1_shuffled_2,input2,input3,input3_shuffled_2,input5,input5_shuffled_2,input6,input6_shuffled_2,input7,input7_shuffled_2,input8,input8_shuffled_1,input8_shuffled_2,input9,noise_numeric_1,synthetic_target_1,synthetic_target_2"
pendigits_synthetic_target_2_noise,classification,23.689712524414062,0.6998635743519782,0.6989463518489424,0.7001360429609373,0.6994784502622302,0.9621592853306925,-0.3001364256480218,-0.3010536481510576,35,"class,input1,input10,input10_shuffled_1,input10_shuffled_2,input11,input12,input12_shuffled_1,input12_shuffled_2,input13,input13_shuffled_1,input13_shuffled_2,input14,input14_shuffled_1,input14_shuffled_2,input15,input15_shuffled_1,input16,input16_shuffled_2,input1_shuffled_2,input2,input3,input3_shuffled_2,input5,input5_shuffled_2,input6,input6_shuffled_2,input7,input7_shuffled_2,input8,input8_shuffled_1,input8_shuffled_2,input9,noise_numeric_1,synthetic_target_1,synthetic_target_2"
pendigits_synthetic_target_2_noise,classification,23.689712524414062,0.6916780354706685,0.6907747946516759,0.6914369504664255,0.6913251583161035,0.9618603786187929,-0.30661606210695,-0.3075173777850546,36,"class,input1,input10,input10_shuffled_1,input10_shuffled_2,input11,input12,input12_shuffled_1,input12_shuffled_2,input13,input13_shuffled_1,input13_shuffled_2,input14,input14_shuffled_1,input14_shuffled_2,input15,input15_shuffled_1,input16,input16_shuffled_2,input1_shuffled_2,input2,input3,input3_shuffled_2,input5,input5_shuffled_2,input6,input6_shuffled_2,input7,input7_shuffled_2,input8,input8_shuffled_1,input8_shuffled_2,input9,noise_numeric_1,noise_numeric_2,synthetic_target_1,synthetic_target_2"
pendigits_synthetic_target_2_noise,classification,23.689712524414062,0.6962255570713961,0.6957491032129663,0.6962700713948575,0.6959137833527277,0.9638125325674565,-0.3036607161004451,-0.3041374391909253,37,"class,input1,input10,input10_shuffled_1,input10_shuffled_2,input11,input12,input12_shuffled_1,input12_shuffled_2,input13,input13_shuffled_1,input13_shuffled_2,input14,input14_shuffled_1,input14_shuffled_2,input15,input15_shuffled_1,input16,input16_shuffled_1,input16_shuffled_2,input1_shuffled_2,input2,input3,input3_shuffled_2,input5,input5_shuffled_2,input6,input6_shuffled_2,input7,input7_shuffled_2,input8,input8_shuffled_1,input8_shuffled_2,input9,noise_numeric_1,noise_numeric_2,synthetic_target_1,synthetic_target_2"
pendigits_synthetic_target_2_noise,classification,23.689712524414062,0.7071396089131423,0.7062460100775942,0.7073861779909143,0.7067064245588887,0.9647308649627856,-0.2928603910868577,-0.29375398992240576,38,"class,input1,input10,input10_shuffled_1,input10_shuffled_2,input11,input12,input12_shuffled_1,input12_shuffled_2,input13,input13_shuffled_1,input13_shuffled_2,input14,input14_shuffled_1,input14_shuffled_2,input15,input15_shuffled_1,input16,input16_shuffled_1,input16_shuffled_2,input1_shuffled_2,input2,input3,input3_shuffled_2,input4,input5,input5_shuffled_2,input6,input6_shuffled_2,input7,input7_shuffled_2,input8,input8_shuffled_1,input8_shuffled_2,input9,noise_numeric_1,noise_numeric_2,synthetic_target_1,synthetic_target_2"
pendigits_synthetic_target_2_noise,classification,23.689712524414062,0.6966803092314688,0.6955452854391779,0.6962583751827438,0.6962532035837307,0.9640962530008075,-0.30331969076853116,-0.30445471456082207,39,"class,input1,input10,input10_shuffled_1,input10_shuffled_2,input11,input12,input12_shuffled_1,input12_shuffled_2,input13,input13_shuffled_1,input13_shuffled_2,input14,input14_shuffled_1,input14_shuffled_2,input15,input15_shuffled_1,input16,input16_shuffled_1,input16_shuffled_2,input1_shuffled_2,input2,input3,input3_shuffled_2,input4,input5,input5_shuffled_2,input6,input6_shuffled_2,input7,input7_shuffled_2,input8,input8_shuffled_1,input8_shuffled_2,input9,input9_shuffled_1,noise_numeric_1,noise_numeric_2,synthetic_target_1,synthetic_target_2"
pendigits_synthetic_target_2_noise,classification,23.689712524414062,0.6912232833105957,0.690569454766338,0.6911916370620796,0.6909024790891278,0.9616641881710418,-0.3087767166894043,-0.309430545233662,40,"class,input1,input10,input10_shuffled_1,input10_shuffled_2,input11,input12,input12_shuffled_1,input12_shuffled_2,input13,input13_shuffled_1,input13_shuffled_2,input14,input14_shuffled_1,input14_shuffled_2,input15,input15_shuffled_1,input16,input16_shuffled_1,input16_shuffled_2,input1_shuffled_2,input2,input3,input3_shuffled_2,input4,input4_shuffled_1,input5,input5_shuffled_2,input6,input6_shuffled_2,input7,input7_shuffled_2,input8,input8_shuffled_1,input8_shuffled_2,input9,input9_shuffled_1,noise_numeric_1,noise_numeric_2,synthetic_target_1,synthetic_target_2"
pendigits_synthetic_target_2_clean,classification,10.930472612380981,0.21282401091405184,0.14460345121695467,0.13568570515551856,0.21259133319358825,0.7014475115326105,-0.008715850339217818,-0.00851368297028085,1,"input10,synthetic_target_2"
pendigits_synthetic_target_2_clean,classification,10.930472612380981,0.385175079581628,0.37354586055169375,0.3858996949209362,0.38462829260418124,0.8578116321104146,-0.060975267285197865,-0.06350763546135818,2,"input10,input15,synthetic_target_2"
pendigits_synthetic_target_2_clean,classification,10.930472612380981,0.5929968167348795,0.5925721920421625,0.5958118971192852,0.5925234461254427,0.9361997112705988,-0.20604787790858692,-0.207078039325571,3,"input10,input13,input15,synthetic_target_2"
pendigits_synthetic_target_2_clean,classification,10.930472612380981,0.6334697589813552,0.6324089723414484,0.6349550008585731,0.6330436215171423,0.9515663150858259,-0.194461550014437,-0.1957570010800982,4,"input10,input11,input13,input15,synthetic_target_2"
pendigits_synthetic_target_2_clean,classification,10.930472612380981,0.7535243292405639,0.7533260691512463,0.7539862891452491,0.7534681605605192,0.972734987102576,-0.13320374991330852,-0.13362761093429565,5,"input10,input11,input13,input15,input9,synthetic_target_2"
pendigits_synthetic_target_2_clean,classification,10.930472612380981,0.7639836289222374,0.7634677750609451,0.763714517642628,0.7637086524520853,0.9749859995963203,-0.15708995233558132,-0.15757608107147414,6,"input10,input11,input12,input13,input15,input9,synthetic_target_2"
pendigits_synthetic_target_2_clean,classification,10.930472612380981,0.7776261937244202,0.7772940242184809,0.777406929722608,0.7774410496918918,0.9750763518139764,-0.17563207990232832,-0.1759361383914767,7,"input10,input11,input12,input13,input14,input15,input9,synthetic_target_2"
pendigits_synthetic_target_2_clean,classification,10.930472612380981,0.7594361073215098,0.7590080893853518,0.7594209117338795,0.7592135407597137,0.973295245667986,-0.16095511296735632,-0.1613131910422717,8,"input10,input11,input12,input13,input14,input15,input7,input9,synthetic_target_2"
pendigits_synthetic_target_2_clean,classification,10.930472612380981,0.7444292860391087,0.7438945634187768,0.7440889404750529,0.7441668197467731,0.9708789692745381,-0.1783501976410914,-0.17886036646286574,9,"input10,input11,input12,input13,input14,input15,input5,input7,input9,synthetic_target_2"
pendigits_synthetic_target_2_clean,classification,10.930472612380981,0.7435197817189632,0.743454631462156,0.7439258966270462,0.7433407389260246,0.9715816803519935,-0.23817019894747604,-0.23821118777382022,10,"input1,input10,input11,input12,input13,input14,input15,input5,input7,input9,synthetic_target_2"
pendigits_synthetic_target_2_clean,classification,10.930472612380981,0.739881764438381,0.739458864906549,0.7398400754385698,0.73963451497092,0.9709131456902362,-0.24135330891542306,-0.24174728088491992,11,"input1,input10,input11,input12,input13,input14,input15,input5,input6,input7,input9,synthetic_target_2"
pendigits_synthetic_target_2_clean,classification,10.930472612380981,0.7339699863574352,0.7334302547348359,0.734055749188219,0.7336869200206357,0.9701211138738381,-0.2122372239234701,-0.21265223326444915,12,"input1,input10,input11,input12,input13,input14,input15,input16,input5,input6,input7,input9,synthetic_target_2"
pendigits_synthetic_target_2_clean,classification,10.930472612380981,0.7353342428376535,0.7347436888958815,0.7355662459364041,0.7350219726050808,0.9694997433365214,-0.23100261602735284,-0.23157681761518878,13,"input1,input10,input11,input12,input13,input14,input15,input16,input3,input5,input6,input7,input9,synthetic_target_2"
pendigits_synthetic_target_2_clean,classification,10.930472612380981,0.734424738517508,0.7339407659303666,0.7344392491016112,0.7341063651500145,0.9701391086383486,-0.2261120521114014,-0.2265315443926288,14,"input1,input10,input11,input12,input13,input14,input15,input16,input3,input5,input6,input7,input8,input9,synthetic_target_2"
pendigits_synthetic_target_2_clean,classification,10.930472612380981,0.7276034561164165,0.7270000128105795,0.7275525456233598,0.727314432559662,0.9695255829669366,-0.23975694420201854,-0.24031255540467378,15,"input1,input10,input11,input12,input13,input14,input15,input16,input2,input3,input5,input6,input7,input8,input9,synthetic_target_2"
pendigits_synthetic_target_2_clean,classification,10.930472612380981,0.7194179172351068,0.7196224962285737,0.7205608884992204,0.7191863204001625,0.9636670692302655,-0.28058208276489316,-0.28037750377142634,16,"input1,input10,input11,input12,input13,input14,input15,input16,input2,input3,input5,input6,input7,input8,input9,synthetic_target_1,synthetic_target_2"
pendigits_synthetic_target_2_clean,classification,10.930472612380981,0.7271487039563438,0.7264178856516031,0.7265160341697625,0.7268831956772248,0.9680538420913777,-0.2057524674299862,-0.20637727494798008,17,"input1,input10,input11,input12,input13,input14,input15,input16,input2,input3,input4,input5,input6,input7,input8,input9,synthetic_target_1,synthetic_target_2"
students_synthetic_target_1_noise,classification,3.730520725250244,0.6056497175141243,0.5968016459997977,0.6008166799287715,0.6052593188591336,0.7699336777939152,-0.017407643322270183,-0.020573095394009755,1,"Admission grade,synthetic_target_1"
students_synthetic_target_1_noise,classification,3.730520725250244,0.6711864406779661,0.6667528702972499,0.6691664043647046,0.6708295945449105,0.8281671102568331,-0.019404121627770055,-0.020826497863091764,2,"Admission grade,Application order,synthetic_target_1"
students_synthetic_target_1_noise,classification,3.730520725250244,0.7197740112994351,0.7184076336126154,0.7182104257282194,0.7195189913571741,0.8670284494009306,-0.025916861828567228,-0.02700833886073961,3,"Admission grade,Application order,Previous qualification (grade),synthetic_target_1"
students_synthetic_target_1_noise,classification,3.730520725250244,0.7389830508474576,0.7387118788261593,0.7393097643097644,0.7388206898821812,0.8722111407727869,-0.09995450213361046,-0.10062188874512101,4,"Admission grade,Application order,Previous qualification,Previous qualification (grade),synthetic_target_1"
students_synthetic_target_1_noise,classification,3.730520725250244,0.7559322033898305,0.7548818324121092,0.7555855269769238,0.7557319010665456,0.885042091235069,-0.06011752817275784,-0.06091201704397842,5,"Admission grade,Age at enrollment,Application order,Previous qualification,Previous qualification (grade),synthetic_target_1"
students_synthetic_target_1_noise,classification,3.730520725250244,0.7536723163841808,0.7528767296792375,0.7529040429670321,0.7534871282774332,0.8898165481338425,-0.0666159006262742,-0.06702668421046287,6,"Admission grade,Age at enrollment,Application order,Curricular units 2nd sem (grade),Previous qualification,Previous qualification (grade),synthetic_target_1"
students_synthetic_target_1_noise,classification,3.730520725250244,0.7694915254237288,0.7682117925345047,0.7677600791971783,0.7692151326288732,0.8992255445069165,-0.1279371267378988,-0.1292430062012384,7,"Admission grade,Age at enrollment,Application order,Course,Curricular units 2nd sem (grade),Previous qualification,Previous qualification (grade),synthetic_target_1"
students_synthetic_target_1_noise,classification,3.730520725250244,0.7762711864406779,0.7761514835368759,0.7767622098985941,0.7760870371116991,0.9002999273730747,-0.08696701644149218,-0.0869553513389435,8,"Admission grade,Age at enrollment,Application order,Course,Curricular units 2nd sem (grade),Mother's occupation,Previous qualification,Previous qualification (grade),synthetic_target_1"
students_synthetic_target_1_noise,classification,3.730520725250244,0.768361581920904,0.7675476742322181,0.7674218427482572,0.7681083279008503,0.9042999777263999,-0.15704107419664337,-0.15804127058841955,9,"Admission grade,Age at enrollment,Application order,Course,Course_shuffled_2,Curricular units 2nd sem (grade),Mother's occupation,Previous qualification,Previous qualification (grade),synthetic_target_1"
students_synthetic_target_1_noise,classification,3.730520725250244,0.7694915254237288,0.7687255904272395,0.7683888296701872,0.769215340384427,0.9059062214949213,-0.1714522440026629,-0.1724004090940865,10,"Admission grade,Age at enrollment,Application order,Course,Course_shuffled_2,Curricular units 2nd sem (grade),Father's occupation_shuffled_1,Mother's occupation,Previous qualification,Previous qualification (grade),synthetic_target_1"
students_synthetic_target_1_noise,classification,3.730520725250244,0.7672316384180791,0.7658656993569027,0.7655011197865594,0.7669550378676697,0.9046205516192397,-0.16834338277434813,-0.1697764294398053,11,"Admission grade,Age at enrollment,Application order,Course,Course_shuffled_1,Course_shuffled_2,Curricular units 2nd sem (grade),Father's occupation_shuffled_1,Mother's occupation,Previous qualification,Previous qualification (grade),synthetic_target_1"
students_synthetic_target_1_noise,classification,3.730520725250244,0.7615819209039548,0.7602557205598761,0.7597838581439493,0.7613128255229257,0.902356179155937,-0.17653619155719236,-0.1780009763127981,12,"Admission grade,Age at enrollment,Application order,Course,Course_shuffled_1,Course_shuffled_2,Curricular units 2nd sem (grade),Father's occupation_shuffled_1,Father's qualification,Mother's occupation,Previous qualification,Previous qualification (grade),synthetic_target_1"
students_synthetic_target_1_noise,classification,3.730520725250244,0.7649717514124293,0.7634587322130346,0.762846997439515,0.7646798288899289,0.9014962894616189,-0.1776674121931089,-0.17937003797736972,13,"Admission grade,Age at enrollment,Application order,Course,Course_shuffled_1,Course_shuffled_2,Curricular units 2nd sem (grade),Father's occupation_shuffled_1,Father's qualification,Mother's occupation,Mother's qualification,Previous qualification,Previous qualification (grade),synthetic_target_1"
students_synthetic_target_1_noise,classification,3.730520725250244,0.768361581920904,0.7669684076178765,0.7664053096091931,0.7680621542290234,0.9014263537809195,-0.1604318625549367,-0.1618551778866324,14,"Admission grade,Age at enrollment,Application order,Course,Course_shuffled_1,Course_shuffled_2,Curricular units 2nd sem (grade),Curricular units 2nd sem (grade)_shuffled_1,Father's occupation_shuffled_1,Father's qualification,Mother's occupation,Mother's qualification,Previous qualification,Previous qualification (grade),synthetic_target_1"
students_synthetic_target_1_noise,classification,3.730520725250244,0.7694915254237288,0.7696543482257768,0.7701325236567854,0.7692538011313199,0.9004232349688491,-0.08781279783142804,-0.08750449158494333,15,"Admission grade,Age at enrollment,Application order,Course,Course_shuffled_1,Course_shuffled_2,Curricular units 2nd sem (grade),Curricular units 2nd sem (grade)_shuffled_1,Curricular units 2nd sem (grade)_shuffled_2,Father's occupation_shuffled_1,Father's qualification,Mother's occupation,Mother's qualification,Previous qualification,Previous qualification (grade),synthetic_target_1"
students_synthetic_target_1_noise,classification,3.730520725250244,0.768361581920904,0.7673969351542403,0.7669942701889116,0.7681006149759163,0.9012323112091911,-0.18360224966994088,-0.18469811134657377,16,"Admission grade,Age at enrollment,Application mode_shuffled_1,Application order,Course,Course_shuffled_1,Course_shuffled_2,Curricular units 2nd sem (grade),Curricular units 2nd sem (grade)_shuffled_1,Curricular units 2nd sem (grade)_shuffled_2,Father's occupation_shuffled_1,Father's qualification,Mother's occupation,Mother's qualification,Previous qualification,Previous qualification (grade),synthetic_target_1"
students_synthetic_target_1_noise,classification,3.730520725250244,0.7728813559322034,0.7709046649345787,0.7703868309257095,0.7725589972210747,0.9005719936165555,-0.18332096110650808,-0.18540524837771577,17,"Admission grade,Age at enrollment,Application mode_shuffled_1,Application mode_shuffled_2,Application order,Course,Course_shuffled_1,Course_shuffled_2,Curricular units 2nd sem (grade),Curricular units 2nd sem (grade)_shuffled_1,Curricular units 2nd sem (grade)_shuffled_2,Father's occupation_shuffled_1,Father's qualification,Mother's occupation,Mother's qualification,Previous qualification,Previous qualification (grade),synthetic_target_1"
students_synthetic_target_1_noise,classification,3.730520725250244,0.7672316384180791,0.7648519344241991,0.7644009719245513,0.7668860370543716,0.8996008076407395,-0.19292659837197468,-0.19540003182286025,18,"Admission grade,Age at enrollment,Application mode_shuffled_1,Application mode_shuffled_2,Application order,Course,Course_shuffled_1,Course_shuffled_2,Curricular units 2nd sem (evaluations)_shuffled_2,Curricular units 2nd sem (grade),Curricular units 2nd sem (grade)_shuffled_1,Curricular units 2nd sem (grade)_shuffled_2,Father's occupation_shuffled_1,Father's qualification,Mother's occupation,Mother's qualification,Previous qualification,Previous qualification (grade),synthetic_target_1"
students_synthetic_target_1_noise,classification,3.730520725250244,0.7548022598870057,0.7526310660762793,0.7519507676945244,0.7544410249178765,0.8972551609751941,-0.21044215944048794,-0.21269034029982448,19,"Admission grade,Age at enrollment,Application mode_shuffled_1,Application mode_shuffled_2,Application order,Course,Course_shuffled_1,Course_shuffled_2,Curricular units 2nd sem (evaluations)_shuffled_2,Curricular units 2nd sem (grade),Curricular units 2nd sem (grade)_shuffled_1,Curricular units 2nd sem (grade)_shuffled_2,Father's occupation_shuffled_1,Father's qualification,Mother's occupation,Mother's qualification,Previous qualification,Previous qualification (grade),Unemployment rate_shuffled_2,synthetic_target_1"
students_synthetic_target_1_noise,classification,3.730520725250244,0.7593220338983051,0.7587216283502318,0.7584936483230934,0.7590607553199867,0.8924070765536384,-0.19264179769253975,-0.19309002492639793,20,"Admission grade,Age at enrollment,Application mode_shuffled_1,Application mode_shuffled_2,Application order,Course,Course_shuffled_1,Course_shuffled_2,Curricular units 2nd sem (evaluations)_shuffled_2,Curricular units 2nd sem (grade),Curricular units 2nd sem (grade)_shuffled_1,Curricular units 2nd sem (grade)_shuffled_2,Father's occupation_shuffled_1,Father's qualification,GDP_shuffled_2,Mother's occupation,Mother's qualification,Previous qualification,Previous qualification (grade),Unemployment rate_shuffled_2,synthetic_target_1"
students_synthetic_target_1_noise,classification,3.730520725250244,0.7491525423728813,0.746687058874782,0.7459702329044143,0.7487833867232645,0.898511732150299,-0.2163744426511368,-0.2188890812071168,21,"Admission grade,Age at enrollment,Application mode_shuffled_1,Application mode_shuffled_2,Application order,Course,Course_shuffled_1,Course_shuffled_2,Curricular units 2nd sem (evaluations)_shuffled_2,Curricular units 2nd sem (grade),Curricular units 2nd sem (grade)_shuffled_1,Curricular units 2nd sem (grade)_shuffled_2,Father's occupation_shuffled_1,Father's qualification,GDP_shuffled_1,GDP_shuffled_2,Mother's occupation,Mother's qualification,Previous qualification,Previous qualification (grade),Unemployment rate_shuffled_2,synthetic_target_1"
students_synthetic_target_1_noise,classification,3.730520725250244,0.7536723163841808,0.7511040395628767,0.7507253550044206,0.7533033684901177,0.8943744110637456,-0.2248526906799616,-0.2274368480136757,22,"Admission grade,Age at enrollment,Application mode_shuffled_1,Application mode_shuffled_2,Application order,Course,Course_shuffled_1,Course_shuffled_2,Curricular units 2nd sem (evaluations)_shuffled_1,Curricular units 2nd sem (evaluations)_shuffled_2,Curricular units 2nd sem (grade),Curricular units 2nd sem (grade)_shuffled_1,Curricular units 2nd sem (grade)_shuffled_2,Father's occupation_shuffled_1,Father's qualification,GDP_shuffled_1,GDP_shuffled_2,Mother's occupation,Mother's qualification,Previous qualification,Previous qualification (grade),Unemployment rate_shuffled_2,synthetic_target_1"
students_synthetic_target_1_noise,classification,3.730520725250244,0.7593220338983051,0.7569343526939933,0.7565998329156224,0.7589686157318868,0.8951196517835246,-0.21892040746931285,-0.2213308697019687,23,"Admission grade,Age at enrollment,Application mode_shuffled_1,Application mode_shuffled_2,Application order,Course,Course_shuffled_1,Course_shuffled_2,Curricular units 2nd sem (approved)_shuffled_2,Curricular units 2nd sem (evaluations)_shuffled_1,Curricular units 2nd sem (evaluations)_shuffled_2,Curricular units 2nd sem (grade),Curricular units 2nd sem (grade)_shuffled_1,Curricular units 2nd sem (grade)_shuffled_2,Father's occupation_shuffled_1,Father's qualification,GDP_shuffled_1,GDP_shuffled_2,Mother's occupation,Mother's qualification,Previous qualification,Previous qualification (grade),Unemployment rate_shuffled_2,synthetic_target_1"
students_synthetic_target_1_noise,classification,3.730520725250244,0.7548022598870057,0.751684846183671,0.7516390766494999,0.7543949551238266,0.8935785901326075,-0.2183539989431723,-0.22150939391710334,24,"Admission grade,Age at enrollment,Application mode_shuffled_1,Application mode_shuffled_2,Application order,Course,Course_shuffled_1,Course_shuffled_2,Curricular units 2nd sem (approved)_shuffled_2,Curricular units 2nd sem (evaluations)_shuffled_1,Curricular units 2nd sem (evaluations)_shuffled_2,Curricular units 2nd sem (grade),Curricular units 2nd sem (grade)_shuffled_1,Curricular units 2nd sem (grade)_shuffled_2,Father's occupation_shuffled_1,Father's qualification,GDP_shuffled_1,GDP_shuffled_2,Mother's occupation,Mother's qualification,Previous qualification,Previous qualification (grade),Unemployment rate_shuffled_1,Unemployment rate_shuffled_2,synthetic_target_1"
students_synthetic_target_1_noise,classification,3.730520725250244,0.7672316384180791,0.7649865943929591,0.7646463629989565,0.7668785318849914,0.8947165422189318,-0.20959797446691675,-0.21186688566047052,25,"Admission grade,Age at enrollment,Application mode_shuffled_1,Application mode_shuffled_2,Application order,Course,Course_shuffled_1,Course_shuffled_2,Curricular units 2nd sem (approved)_shuffled_2,Curricular units 2nd sem (evaluations)_shuffled_1,Curricular units 2nd sem (evaluations)_shuffled_2,Curricular units 2nd sem (grade),Curricular units 2nd sem (grade)_shuffled_1,Curricular units 2nd sem (grade)_shuffled_2,Father's occupation_shuffled_1,Father's qualification,GDP_shuffled_1,GDP_shuffled_2,Inflation rate_shuffled_2,Mother's occupation,Mother's qualification,Previous qualification,Previous qualification (grade),Unemployment rate_shuffled_1,Unemployment rate_shuffled_2,synthetic_target_1"
students_synthetic_target_1_noise,classification,3.730520725250244,0.7649717514124293,0.7631103420889166,0.7625969150037307,0.764672115964995,0.8975771977565098,-0.218639438189153,-0.22051489619160192,26,"Admission grade,Age at enrollment,Application mode_shuffled_1,Application mode_shuffled_2,Application order,Course,Course_shuffled_1,Course_shuffled_2,Curricular units 2nd sem (approved)_shuffled_2,Curricular units 2nd sem (evaluations)_shuffled_1,Curricular units 2nd sem (evaluations)_shuffled_2,Curricular units 2nd sem (grade),Curricular units 2nd sem (grade)_shuffled_1,Curricular units 2nd sem (grade)_shuffled_2,Father's occupation_shuffled_1,Father's qualification,GDP_shuffled_1,GDP_shuffled_2,Inflation rate_shuffled_1,Inflation rate_shuffled_2,Mother's occupation,Mother's qualification,Previous qualification,Previous qualification (grade),Unemployment rate_shuffled_1,Unemployment rate_shuffled_2,synthetic_target_1"
students_synthetic_target_1_noise,classification,3.730520725250244,0.7581920903954802,0.7560633239674587,0.7554198396033884,0.757846281276219,0.9011180249301379,-0.2005533179119513,-0.2026904532899355,27,"Admission grade,Admission grade_shuffled_2,Age at enrollment,Application mode_shuffled_1,Application mode_shuffled_2,Application order,Course,Course_shuffled_1,Course_shuffled_2,Curricular units 2nd sem (approved)_shuffled_2,Curricular units 2nd sem (evaluations)_shuffled_1,Curricular units 2nd sem (evaluations)_shuffled_2,Curricular units 2nd sem (grade),Curricular units 2nd sem (grade)_shuffled_1,Curricular units 2nd sem (grade)_shuffled_2,Father's occupation_shuffled_1,Father's qualification,GDP_shuffled_1,GDP_shuffled_2,Inflation rate_shuffled_1,Inflation rate_shuffled_2,Mother's occupation,Mother's qualification,Previous qualification,Previous qualification (grade),Unemployment rate_shuffled_1,Unemployment rate_shuffled_2,synthetic_target_1"
students_synthetic_target_1_noise,classification,3.730520725250244,0.7570621468926554,0.7541308863614535,0.7542671467911748,0.7566702679793442,0.8941091771521944,-0.23220035663941585,-0.23513497683192874,28,"Admission grade,Admission grade_shuffled_2,Age at enrollment,Application mode_shuffled_1,Application mode_shuffled_2,Application order,Course,Course_shuffled_1,Course_shuffled_2,Curricular units 2nd sem (approved)_shuffled_1,Curricular units 2nd sem (approved)_shuffled_2,Curricular units 2nd sem (evaluations)_shuffled_1,Curricular units 2nd sem (evaluations)_shuffled_2,Curricular units 2nd sem (grade),Curricular units 2nd sem (grade)_shuffled_1,Curricular units 2nd sem (grade)_shuffled_2,Father's occupation_shuffled_1,Father's qualification,GDP_shuffled_1,GDP_shuffled_2,Inflation rate_shuffled_1,Inflation rate_shuffled_2,Mother's occupation,Mother's qualification,Previous qualification,Previous qualification (grade),Unemployment rate_shuffled_1,Unemployment rate_shuffled_2,synthetic_target_1"
students_synthetic_target_1_noise,classification,3.730520725250244,0.7604519774011299,0.75799453570913,0.7577955167350175,0.7600833411403976,0.896555772696957,-0.22344177789697695,-0.22590535615370388,29,"Admission grade,Admission grade_shuffled_1,Admission grade_shuffled_2,Age at enrollment,Application mode_shuffled_1,Application mode_shuffled_2,Application order,Course,Course_shuffled_1,Course_shuffled_2,Curricular units 2nd sem (approved)_shuffled_1,Curricular units 2nd sem (approved)_shuffled_2,Curricular units 2nd sem (evaluations)_shuffled_1,Curricular units 2nd sem (evaluations)_shuffled_2,Curricular units 2nd sem (grade),Curricular units 2nd sem (grade)_shuffled_1,Curricular units 2nd sem (grade)_shuffled_2,Father's occupation_shuffled_1,Father's qualification,GDP_shuffled_1,GDP_shuffled_2,Inflation rate_shuffled_1,Inflation rate_shuffled_2,Mother's occupation,Mother's qualification,Previous qualification,Previous qualification (grade),Unemployment rate_shuffled_1,Unemployment rate_shuffled_2,synthetic_target_1"
students_synthetic_target_1_noise,classification,3.730520725250244,0.7491525423728813,0.7456480972085281,0.7456970404061004,0.7487067768628094,0.8960554426284238,-0.23304581874607888,-0.23655666110620233,30,"Admission grade,Admission grade_shuffled_1,Admission grade_shuffled_2,Age at enrollment,Application mode_shuffled_1,Application mode_shuffled_2,Application order,Course,Course_shuffled_1,Course_shuffled_2,Curricular units 1st sem (grade)_shuffled_1,Curricular units 2nd sem (approved)_shuffled_1,Curricular units 2nd sem (approved)_shuffled_2,Curricular units 2nd sem (evaluations)_shuffled_1,Curricular units 2nd sem (evaluations)_shuffled_2,Curricular units 2nd sem (grade),Curricular units 2nd sem (grade)_shuffled_1,Curricular units 2nd sem (grade)_shuffled_2,Father's occupation_shuffled_1,Father's qualification,GDP_shuffled_1,GDP_shuffled_2,Inflation rate_shuffled_1,Inflation rate_shuffled_2,Mother's occupation,Mother's qualification,Previous qualification,Previous qualification (grade),Unemployment rate_shuffled_1,Unemployment rate_shuffled_2,synthetic_target_1"
students_synthetic_target_1_noise,classification,3.730520725250244,0.7536723163841808,0.7498289689115886,0.7501537130902385,0.7532037237326374,0.89635117258845,-0.22880861043130385,-0.23265530148331426,31,"Admission grade,Admission grade_shuffled_1,Admission grade_shuffled_2,Age at enrollment,Application mode_shuffled_1,Application mode_shuffled_2,Application order,Course,Course_shuffled_1,Course_shuffled_2,Curricular units 1st sem (grade)_shuffled_1,Curricular units 1st sem (grade)_shuffled_2,Curricular units 2nd sem (approved)_shuffled_1,Curricular units 2nd sem (approved)_shuffled_2,Curricular units 2nd sem (evaluations)_shuffled_1,Curricular units 2nd sem (evaluations)_shuffled_2,Curricular units 2nd sem (grade),Curricular units 2nd sem (grade)_shuffled_1,Curricular units 2nd sem (grade)_shuffled_2,Father's occupation_shuffled_1,Father's qualification,GDP_shuffled_1,GDP_shuffled_2,Inflation rate_shuffled_1,Inflation rate_shuffled_2,Mother's occupation,Mother's qualification,Previous qualification,Previous qualification (grade),Unemployment rate_shuffled_1,Unemployment rate_shuffled_2,synthetic_target_1"
students_synthetic_target_1_noise,classification,3.730520725250244,0.752542372881356,0.7496364890351446,0.7496537655696488,0.7521503900902679,0.8935370727890186,-0.23898065622291076,-0.2418859438567701,32,"Admission grade,Admission grade_shuffled_1,Admission grade_shuffled_2,Age at enrollment,Application mode_shuffled_1,Application mode_shuffled_2,Application order,Course,Course_shuffled_1,Course_shuffled_2,Curricular units 1st sem (grade)_shuffled_1,Curricular units 1st sem (grade)_shuffled_2,Curricular units 2nd sem (approved)_shuffled_1,Curricular units 2nd sem (approved)_shuffled_2,Curricular units 2nd sem (evaluations)_shuffled_1,Curricular units 2nd sem (evaluations)_shuffled_2,Curricular units 2nd sem (grade),Curricular units 2nd sem (grade)_shuffled_1,Curricular units 2nd sem (grade)_shuffled_2,Father's occupation_shuffled_1,Father's qualification,GDP_shuffled_1,GDP_shuffled_2,Inflation rate_shuffled_1,Inflation rate_shuffled_2,Mother's occupation,Mother's qualification,Previous qualification,Previous qualification (grade),Unemployment rate_shuffled_1,Unemployment rate_shuffled_2,noise_numeric_1,synthetic_target_1"
students_synthetic_target_1_noise,classification,3.730520725250244,0.7604519774011299,0.7592283997374135,0.758628702160364,0.7601447329065385,0.8969117593699765,-0.1318904922230577,-0.13303088912118177,33,"Admission grade,Admission grade_shuffled_1,Admission grade_shuffled_2,Age at enrollment,Application mode_shuffled_1,Application mode_shuffled_2,Application order,Course,Course_shuffled_1,Course_shuffled_2,Curricular units 1st sem (grade),Curricular units 1st sem (grade)_shuffled_1,Curricular units 1st sem (grade)_shuffled_2,Curricular units 2nd sem (approved)_shuffled_1,Curricular units 2nd sem (approved)_shuffled_2,Curricular units 2nd sem (evaluations)_shuffled_1,Curricular units 2nd sem (evaluations)_shuffled_2,Curricular units 2nd sem (grade),Curricular units 2nd sem (grade)_shuffled_1,Curricular units 2nd sem (grade)_shuffled_2,Father's occupation_shuffled_1,Father's qualification,GDP_shuffled_1,GDP_shuffled_2,Inflation rate_shuffled_1,Inflation rate_shuffled_2,Mother's occupation,Mother's qualification,Previous qualification,Previous qualification (grade),Unemployment rate_shuffled_1,Unemployment rate_shuffled_2,noise_numeric_1,synthetic_target_1"
students_synthetic_target_1_noise,classification,3.730520725250244,0.7581920903954802,0.756494172607611,0.7558348408130714,0.7578387761068388,0.8986293205914144,-0.12284775136772974,-0.12414906745768062,34,"Admission grade,Admission grade_shuffled_1,Admission grade_shuffled_2,Age at enrollment,Application mode_shuffled_1,Application mode_shuffled_2,Application order,Course,Course_shuffled_1,Course_shuffled_2,Curricular units 1st sem (grade),Curricular units 1st sem (grade)_shuffled_1,Curricular units 1st sem (grade)_shuffled_2,Curricular units 2nd sem (approved)_shuffled_1,Curricular units 2nd sem (approved)_shuffled_2,Curricular units 2nd sem (evaluations)_shuffled_1,Curricular units 2nd sem (evaluations)_shuffled_2,Curricular units 2nd sem (grade),Curricular units 2nd sem (grade)_shuffled_1,Curricular units 2nd sem (grade)_shuffled_2,Father's occupation_shuffled_1,Father's qualification,GDP_shuffled_1,GDP_shuffled_2,Inflation rate_shuffled_1,Inflation rate_shuffled_2,Mother's occupation,Mother's qualification,Previous qualification,Previous qualification (grade),Target,Unemployment rate_shuffled_1,Unemployment rate_shuffled_2,noise_numeric_1,synthetic_target_1"
students_synthetic_target_1_noise,classification,3.730520725250244,0.7581920903954802,0.7573344084552148,0.7569175849842127,0.7578850536564427,0.900016561959102,-0.2206154823651867,-0.22144785178515647,35,"Admission grade,Admission grade_shuffled_1,Admission grade_shuffled_2,Age at enrollment,Application mode_shuffled_1,Application mode_shuffled_2,Application order,Course,Course_shuffled_1,Course_shuffled_2,Curricular units 1st sem (grade),Curricular units 1st sem (grade)_shuffled_1,Curricular units 1st sem (grade)_shuffled_2,Curricular units 2nd sem (approved)_shuffled_1,Curricular units 2nd sem (approved)_shuffled_2,Curricular units 2nd sem (evaluations)_shuffled_1,Curricular units 2nd sem (evaluations)_shuffled_2,Curricular units 2nd sem (grade),Curricular units 2nd sem (grade)_shuffled_1,Curricular units 2nd sem (grade)_shuffled_2,Father's occupation_shuffled_1,Father's qualification,GDP_shuffled_1,GDP_shuffled_2,Inflation rate_shuffled_1,Inflation rate_shuffled_2,Mother's occupation,Mother's qualification,Previous qualification,Previous qualification (grade),Target,Unemployment rate_shuffled_1,Unemployment rate_shuffled_2,noise_numeric_1,noise_numeric_2,synthetic_target_1"
students_synthetic_target_1_noise,classification,3.730520725250244,0.8022598870056498,0.8017522659032092,0.8017541233126232,0.8019318929251248,0.9255023973564116,-0.19774011299435024,-0.19824773409679075,36,"Admission grade,Admission grade_shuffled_1,Admission grade_shuffled_2,Age at enrollment,Application mode_shuffled_1,Application mode_shuffled_2,Application order,Course,Course_shuffled_1,Course_shuffled_2,Curricular units 1st sem (grade),Curricular units 1st sem (grade)_shuffled_1,Curricular units 1st sem (grade)_shuffled_2,Curricular units 2nd sem (approved)_shuffled_1,Curricular units 2nd sem (approved)_shuffled_2,Curricular units 2nd sem (evaluations)_shuffled_1,Curricular units 2nd sem (evaluations)_shuffled_2,Curricular units 2nd sem (grade),Curricular units 2nd sem (grade)_shuffled_1,Curricular units 2nd sem (grade)_shuffled_2,Father's occupation_shuffled_1,Father's qualification,GDP_shuffled_1,GDP_shuffled_2,Inflation rate_shuffled_1,Inflation rate_shuffled_2,Mother's occupation,Mother's qualification,Previous qualification,Previous qualification (grade),Target,Tuition fees up to date,Unemployment rate_shuffled_1,Unemployment rate_shuffled_2,noise_numeric_1,noise_numeric_2,synthetic_target_1"
students_synthetic_target_1_noise,classification,3.730520725250244,0.8135593220338984,0.8122539553821402,0.8127803347384205,0.8131625348956292,0.9289935622406865,-0.1268193159994444,-0.12805346928104333,37,"Admission grade,Admission grade_shuffled_1,Admission grade_shuffled_2,Age at enrollment,Age at enrollment_shuffled_2,Application mode_shuffled_1,Application mode_shuffled_2,Application order,Course,Course_shuffled_1,Course_shuffled_2,Curricular units 1st sem (grade),Curricular units 1st sem (grade)_shuffled_1,Curricular units 1st sem (grade)_shuffled_2,Curricular units 2nd sem (approved)_shuffled_1,Curricular units 2nd sem (approved)_shuffled_2,Curricular units 2nd sem (evaluations)_shuffled_1,Curricular units 2nd sem (evaluations)_shuffled_2,Curricular units 2nd sem (grade),Curricular units 2nd sem (grade)_shuffled_1,Curricular units 2nd sem (grade)_shuffled_2,Father's occupation_shuffled_1,Father's qualification,GDP_shuffled_1,GDP_shuffled_2,Inflation rate_shuffled_1,Inflation rate_shuffled_2,Mother's occupation,Mother's qualification,Previous qualification,Previous qualification (grade),Target,Tuition fees up to date,Unemployment rate_shuffled_1,Unemployment rate_shuffled_2,noise_numeric_1,noise_numeric_2,synthetic_target_1"
students_synthetic_target_1_noise,classification,3.730520725250244,0.8180790960451978,0.8162439934776281,0.8161390498026976,0.8176669869348375,0.9233934241816755,-0.16383669937723788,-0.1656902517233002,38,"Admission grade,Admission grade_shuffled_1,Admission grade_shuffled_2,Age at enrollment,Age at enrollment_shuffled_1,Age at enrollment_shuffled_2,Application mode_shuffled_1,Application mode_shuffled_2,Application order,Course,Course_shuffled_1,Course_shuffled_2,Curricular units 1st sem (grade),Curricular units 1st sem (grade)_shuffled_1,Curricular units 1st sem (grade)_shuffled_2,Curricular units 2nd sem (approved)_shuffled_1,Curricular units 2nd sem (approved)_shuffled_2,Curricular units 2nd sem (evaluations)_shuffled_1,Curricular units 2nd sem (evaluations)_shuffled_2,Curricular units 2nd sem (grade),Curricular units 2nd sem (grade)_shuffled_1,Curricular units 2nd sem (grade)_shuffled_2,Father's occupation_shuffled_1,Father's qualification,GDP_shuffled_1,GDP_shuffled_2,Inflation rate_shuffled_1,Inflation rate_shuffled_2,Mother's occupation,Mother's qualification,Previous qualification,Previous qualification (grade),Target,Tuition fees up to date,Unemployment rate_shuffled_1,Unemployment rate_shuffled_2,noise_numeric_1,noise_numeric_2,synthetic_target_1"
students_synthetic_target_1_noise,classification,3.730520725250244,0.807909604519774,0.806762157815398,0.8064339142903024,0.8075355406451991,0.9296683439233876,-0.17965750483315057,-0.1807875877862194,39,"Admission grade,Admission grade_shuffled_1,Admission grade_shuffled_2,Age at enrollment,Age at enrollment_shuffled_1,Age at enrollment_shuffled_2,Application mode_shuffled_1,Application mode_shuffled_2,Application order,Course,Course_shuffled_1,Course_shuffled_2,Curricular units 1st sem (evaluations)_shuffled_1,Curricular units 1st sem (grade),Curricular units 1st sem (grade)_shuffled_1,Curricular units 1st sem (grade)_shuffled_2,Curricular units 2nd sem (approved)_shuffled_1,Curricular units 2nd sem (approved)_shuffled_2,Curricular units 2nd sem (evaluations)_shuffled_1,Curricular units 2nd sem (evaluations)_shuffled_2,Curricular units 2nd sem (grade),Curricular units 2nd sem (grade)_shuffled_1,Curricular units 2nd sem (grade)_shuffled_2,Father's occupation_shuffled_1,Father's qualification,GDP_shuffled_1,GDP_shuffled_2,Inflation rate_shuffled_1,Inflation rate_shuffled_2,Mother's occupation,Mother's qualification,Previous qualification,Previous qualification (grade),Target,Tuition fees up to date,Unemployment rate_shuffled_1,Unemployment rate_shuffled_2,noise_numeric_1,noise_numeric_2,synthetic_target_1"
students_synthetic_target_1_noise,classification,3.730520725250244,0.8282485875706215,0.8258509548190368,0.8260633747116254,0.8278286616575504,0.9382173464811894,-0.17175141242937852,-0.1741490451809632,40,"Admission grade,Admission grade_shuffled_1,Admission grade_shuffled_2,Age at enrollment,Age at enrollment_shuffled_1,Age at enrollment_shuffled_2,Application mode_shuffled_1,Application mode_shuffled_2,Application order,Course,Course_shuffled_1,Course_shuffled_2,Curricular units 1st sem (evaluations)_shuffled_1,Curricular units 1st sem (grade),Curricular units 1st sem (grade)_shuffled_1,Curricular units 1st sem (grade)_shuffled_2,Curricular units 2nd sem (approved)_shuffled_1,Curricular units 2nd sem (approved)_shuffled_2,Curricular units 2nd sem (evaluations)_shuffled_1,Curricular units 2nd sem (evaluations)_shuffled_2,Curricular units 2nd sem (grade),Curricular units 2nd sem (grade)_shuffled_1,Curricular units 2nd sem (grade)_shuffled_2,Father's occupation_shuffled_1,Father's qualification,GDP_shuffled_1,GDP_shuffled_2,Inflation rate_shuffled_1,Inflation rate_shuffled_2,Marital status,Mother's occupation,Mother's qualification,Previous qualification,Previous qualification (grade),Target,Tuition fees up to date,Unemployment rate_shuffled_1,Unemployment rate_shuffled_2,noise_numeric_1,noise_numeric_2,synthetic_target_1"
students_synthetic_target_1_clean,classification,3.210947275161743,0.6056497175141243,0.5968016459997977,0.6008166799287715,0.6052593188591336,0.7699336777939152,-0.017407643322270183,-0.020573095394009755,1,"Admission grade,synthetic_target_1"
students_synthetic_target_1_clean,classification,3.210947275161743,0.6711864406779661,0.6667528702972499,0.6691664043647046,0.6708295945449105,0.8281671102568331,-0.019404121627770055,-0.020826497863091764,2,"Admission grade,Application order,synthetic_target_1"
students_synthetic_target_1_clean,classification,3.210947275161743,0.7197740112994351,0.7184076336126154,0.7182104257282194,0.7195189913571741,0.8670284494009306,-0.025916861828567228,-0.02700833886073961,3,"Admission grade,Application order,Previous qualification (grade),synthetic_target_1"
students_synthetic_target_1_clean,classification,3.210947275161743,0.7254237288135593,0.7239030235547638,0.724124838136207,0.7251917437683234,0.8690979131799668,-0.10192863061000668,-0.10299739316995693,4,"Admission grade,Age at enrollment,Application order,Previous qualification (grade),synthetic_target_1"
students_synthetic_target_1_clean,classification,3.210947275161743,0.7604519774011299,0.759664992113958,0.760178099534676,0.7602672048054898,0.8856697864291773,-0.04457769199700512,-0.04501010230567537,5,"Admission grade,Age at enrollment,Application order,Previous qualification,Previous qualification (grade),synthetic_target_1"
students_synthetic_target_1_clean,classification,3.210947275161743,0.7536723163841808,0.7528767296792375,0.7529040429670321,0.7534871282774332,0.8898165481338425,-0.0666159006262742,-0.06702668421046287,6,"Admission grade,Age at enrollment,Application order,Curricular units 2nd sem (grade),Previous qualification,Previous qualification (grade),synthetic_target_1"
students_synthetic_target_1_clean,classification,3.210947275161743,0.7943502824858757,0.7920621019270406,0.7918335875182266,0.7939446397671267,0.9125757617979501,-0.08471159940166317,-0.08698722206170162,7,"Admission grade,Age at enrollment,Application order,Curricular units 2nd sem (grade),Previous qualification,Previous qualification (grade),Tuition fees up to date,synthetic_target_1"
students_synthetic_target_1_clean,classification,3.210947275161743,0.8293785310734463,0.8284283412765817,0.8282616136085675,0.829051056381806,0.9283291709638434,-0.05392183626195923,-0.05493225124287093,8,"Admission grade,Age at enrollment,Application order,Course,Curricular units 2nd sem (grade),Previous qualification,Previous qualification (grade),Tuition fees up to date,synthetic_target_1"
students_synthetic_target_1_clean,classification,3.210947275161743,0.8225988700564971,0.8217544428414838,0.8214123669966668,0.8222483604678317,0.9342458422882696,-0.11184588834983233,-0.11281897051586898,9,"Admission grade,Age at enrollment,Application order,Course,Curricular units 2nd sem (grade),Mother's occupation,Previous qualification,Previous qualification (grade),Tuition fees up to date,synthetic_target_1"
students_synthetic_target_1_clean,classification,3.210947275161743,0.8225988700564971,0.8212961269026695,0.8210115404678083,0.8222329346179639,0.9343062125646119,-0.15310048004240084,-0.1544337028240963,10,"Admission grade,Age at enrollment,Application order,Course,Curricular units 2nd sem (grade),Father's qualification,Mother's occupation,Previous qualification,Previous qualification (grade),Tuition fees up to date,synthetic_target_1"
students_synthetic_target_1_clean,classification,3.210947275161743,0.8101694915254237,0.8095013259951654,0.809338997135031,0.809856715539213,0.9289146096890634,-0.11947165003999027,-0.11994538892084194,11,"Admission grade,Age at enrollment,Application order,Course,Curricular units 2nd sem (grade),Father's qualification,Mother's occupation,Mother's qualification,Previous qualification,Previous qualification (grade),Tuition fees up to date,synthetic_target_1"
students_synthetic_target_1_clean,classification,3.210947275161743,0.848587570621469,0.8481637310327362,0.8481443633262712,0.8483447303485483,0.9496174540047554,-0.07766278258565174,-0.07808463642956931,12,"Admission grade,Age at enrollment,Application order,Course,Curricular units 2nd sem (grade),Father's qualification,Marital status,Mother's occupation,Mother's qualification,Previous qualification,Previous qualification (grade),Tuition fees up to date,synthetic_target_1"
students_synthetic_target_1_clean,classification,3.210947275161743,0.831638418079096,0.8304914596007634,0.8300860693674132,0.8313106317541249,0.9429973302695167,-0.10421916880985571,-0.10516861345809958,13,"Admission grade,Age at enrollment,Application order,Course,Curricular units 2nd sem (grade),Father's occupation,Father's qualification,Marital status,Mother's occupation,Mother's qualification,Previous qualification,Previous qualification (grade),Tuition fees up to date,synthetic_target_1"
students_synthetic_target_1_clean,classification,3.210947275161743,0.8372881355932204,0.835703245419594,0.8353672441181552,0.8369146949853068,0.9400473334927612,-0.11778391865939342,-0.1195964066520867,14,"Admission grade,Age at enrollment,Application order,Course,Curricular units 2nd sem (grade),Father's occupation,Father's qualification,Marital status,Mother's occupation,Mother's qualification,Previous qualification,Previous qualification (grade),Tuition fees up to date,Unemployment rate,synthetic_target_1"
students_synthetic_target_1_clean,classification,3.210947275161743,0.8463276836158192,0.8453996906998804,0.84502385061182,0.8460158425296004,0.9471513829571715,-0.1016802282236835,-0.10256769053825032,15,"Admission grade,Age at enrollment,Application order,Course,Curricular units 1st sem (grade),Curricular units 2nd sem (grade),Father's occupation,Father's qualification,Marital status,Mother's occupation,Mother's qualification,Previous qualification,Previous qualification (grade),Tuition fees up to date,Unemployment rate,synthetic_target_1"
students_synthetic_target_1_clean,classification,3.210947275161743,0.8440677966101695,0.8435383717530289,0.8433385197742737,0.8437789904209757,0.9466660140574285,-0.0830302536865245,-0.08353076587366315,16,"Admission grade,Age at enrollment,Application order,Course,Curricular units 1st sem (grade),Curricular units 2nd sem (grade),Father's occupation,Father's qualification,Marital status,Mother's occupation,Mother's qualification,Previous qualification,Previous qualification (grade),Previous qualification_shuffled_1,Tuition fees up to date,Unemployment rate,synthetic_target_1"
students_synthetic_target_1_clean,classification,3.210947275161743,0.8395480225988701,0.8380913608511263,0.8378396871945258,0.8392280530766097,0.9411657777688397,-0.12287073976337914,-0.1244490865837593,17,"Admission grade,Age at enrollment,Application order,Course,Curricular units 1st sem (grade),Curricular units 2nd sem (grade),Father's occupation,Father's qualification,GDP,Marital status,Mother's occupation,Mother's qualification,Previous qualification,Previous qualification (grade),Previous qualification_shuffled_1,Tuition fees up to date,Unemployment rate,synthetic_target_1"
students_synthetic_target_1_clean,classification,3.210947275161743,0.8463276836158192,0.8456315842081842,0.8453942949705663,0.8460846355873448,0.9447282267778339,-0.13502298041356764,-0.1357048185707591,18,"Admission grade,Age at enrollment,Application order,Course,Curricular units 1st sem (grade),Curricular units 2nd sem (grade),Displaced,Father's occupation,Father's qualification,GDP,Marital status,Mother's occupation,Mother's qualification,Previous qualification,Previous qualification (grade),Previous qualification_shuffled_1,Tuition fees up to date,Unemployment rate,synthetic_target_1"
students_synthetic_target_1_clean,classification,3.210947275161743,0.8576271186440678,0.8565986418421367,0.8562848598010228,0.8573233021161136,0.9436308726619519,-0.11298604891739017,-0.11406057137828451,19,"Admission grade,Age at enrollment,Application order,Course,Curricular units 1st sem (grade),Curricular units 2nd sem (evaluations),Curricular units 2nd sem (grade),Displaced,Father's occupation,Father's qualification,GDP,Marital status,Mother's occupation,Mother's qualification,Previous qualification,Previous qualification (grade),Previous qualification_shuffled_1,Tuition fees up to date,Unemployment rate,synthetic_target_1"
students_synthetic_target_1_clean,classification,3.210947275161743,0.8451977401129943,0.8445035247700176,0.8442211411776629,0.8449089339238006,0.9386091430982377,-0.13106674137895258,-0.13181323381747545,20,"Admission grade,Age at enrollment,Application order,Course,Curricular units 1st sem (grade),Curricular units 2nd sem (evaluations),Curricular units 2nd sem (grade),Displaced,Father's occupation,Father's qualification,GDP,Inflation rate,Marital status,Mother's occupation,Mother's qualification,Previous qualification,Previous qualification (grade),Previous qualification_shuffled_1,Tuition fees up to date,Unemployment rate,synthetic_target_1"
students_synthetic_target_1_clean,classification,3.210947275161743,0.8384180790960452,0.8377025243568669,0.8373838721664808,0.8381365703206779,0.9427631227184081,-0.1304996942862663,-0.13122922015155458,21,"Admission grade,Age at enrollment,Application order,Course,Curricular units 1st sem (grade),Curricular units 2nd sem (evaluations),Curricular units 2nd sem (grade),Displaced,Father's occupation,Father's qualification,GDP,Inflation rate,Marital status,Mother's occupation,Mother's qualification,Previous qualification,Previous qualification (grade),Previous qualification_shuffled_1,Scholarship holder,Tuition fees up to date,Unemployment rate,synthetic_target_1"
students_synthetic_target_1_clean,classification,3.210947275161743,0.8327683615819209,0.8328684914133305,0.8332829698408654,0.8325328187228266,0.9429256839757171,-0.1471694739648437,-0.14706514277178884,22,"Admission grade,Age at enrollment,Application order,Course,Curricular units 1st sem (grade),Curricular units 2nd sem (evaluations),Curricular units 2nd sem (grade),Displaced,Father's occupation,Father's qualification,GDP,Inflation rate,Marital status,Mother's occupation,Mother's qualification,Previous qualification,Previous qualification (grade),Previous qualification_shuffled_1,Scholarship holder,Tuition fees up to date,Unemployment rate,synthetic_target_1,synthetic_target_2"
students_synthetic_target_1_clean,classification,3.210947275161743,0.8395480225988701,0.8381649489205749,0.8378104313392484,0.8392203401516759,0.9391607099727389,-0.13841185307222348,-0.13980683370468638,23,"Admission grade,Age at enrollment,Application order,Course,Curricular units 1st sem (evaluations),Curricular units 1st sem (grade),Curricular units 2nd sem (evaluations),Curricular units 2nd sem (grade),Displaced,Father's occupation,Father's qualification,GDP,Inflation rate,Marital status,Mother's occupation,Mother's qualification,Previous qualification,Previous qualification (grade),Previous qualification_shuffled_1,Scholarship holder,Tuition fees up to date,Unemployment rate,synthetic_target_1,synthetic_target_2"
students_synthetic_target_1_clean,classification,3.210947275161743,0.8463276836158192,0.8465051976464736,0.8470065689506043,0.8461385221841056,0.9440929533487497,-0.10817923924374562,-0.10798927371220612,24,"Admission grade,Age at enrollment,Application order,Course,Curricular units 1st sem (evaluations),Curricular units 1st sem (grade),Curricular units 2nd sem (approved),Curricular units 2nd sem (evaluations),Curricular units 2nd sem (grade),Displaced,Father's occupation,Father's qualification,GDP,Inflation rate,Marital status,Mother's occupation,Mother's qualification,Previous qualification,Previous qualification (grade),Previous qualification_shuffled_1,Scholarship holder,Tuition fees up to date,Unemployment rate,synthetic_target_1,synthetic_target_2"
students_synthetic_target_1_clean,classification,3.210947275161743,0.8395480225988701,0.8389386619058573,0.8387809172352497,0.8392742267484365,0.9408525514209797,-0.10393883809624149,-0.10452259819618281,25,"Admission grade,Age at enrollment,Application mode,Application order,Course,Curricular units 1st sem (evaluations),Curricular units 1st sem (grade),Curricular units 2nd sem (approved),Curricular units 2nd sem (evaluations),Curricular units 2nd sem (grade),Displaced,Father's occupation,Father's qualification,GDP,Inflation rate,Marital status,Mother's occupation,Mother's qualification,Previous qualification,Previous qualification (grade),Previous qualification_shuffled_1,Scholarship holder,Tuition fees up to date,Unemployment rate,synthetic_target_1,synthetic_target_2"
students_synthetic_target_1_clean,classification,3.210947275161743,0.8418079096045198,0.8416252536142884,0.8416648748367876,0.8415954016424504,0.944326899222314,-0.1372822288526715,-0.13744660403492226,26,"Admission grade,Age at enrollment,Application mode,Application order,Course,Curricular units 1st sem (evaluations),Curricular units 1st sem (grade),Curricular units 2nd sem (approved),Curricular units 2nd sem (enrolled),Curricular units 2nd sem (evaluations),Curricular units 2nd sem (grade),Displaced,Father's occupation,Father's qualification,GDP,Inflation rate,Marital status,Mother's occupation,Mother's qualification,Previous qualification,Previous qualification (grade),Previous qualification_shuffled_1,Scholarship holder,Tuition fees up to date,Unemployment rate,synthetic_target_1,synthetic_target_2"
students_synthetic_target_1_clean,classification,3.210947275161743,0.8451977401129943,0.8448775396765983,0.8448457201230092,0.8449701179343879,0.9433129518207473,-0.09292037234815287,-0.09315451216700676,27,"Admission grade,Age at enrollment,Application mode,Application order,Course,Curricular units 1st sem (evaluations),Curricular units 1st sem (grade),Curricular units 2nd sem (approved),Curricular units 2nd sem (enrolled),Curricular units 2nd sem (evaluations),Curricular units 2nd sem (grade),Displaced,Father's occupation,Father's qualification,GDP,Gender,Inflation rate,Marital status,Mother's occupation,Mother's qualification,Previous qualification,Previous qualification (grade),Previous qualification_shuffled_1,Scholarship holder,Tuition fees up to date,Unemployment rate,synthetic_target_1,synthetic_target_2"
students_synthetic_target_1_clean,classification,3.210947275161743,0.8463276836158192,0.8459707650362632,0.8458769996713763,0.8460771304179646,0.9449653195240858,-0.1050710165819767,-0.10543431760002009,28,"Admission grade,Age at enrollment,Application mode,Application order,Course,Curricular units 1st sem (approved),Curricular units 1st sem (evaluations),Curricular units 1st sem (grade),Curricular units 2nd sem (approved),Curricular units 2nd sem (enrolled),Curricular units 2nd sem (evaluations),Curricular units 2nd sem (grade),Displaced,Father's occupation,Father's qualification,GDP,Gender,Inflation rate,Marital status,Mother's occupation,Mother's qualification,Previous qualification,Previous qualification (grade),Previous qualification_shuffled_1,Scholarship holder,Tuition fees up to date,Unemployment rate,synthetic_target_1,synthetic_target_2"
students_synthetic_target_1_clean,classification,3.210947275161743,0.831638418079096,0.8314341660154554,0.8314931534150184,0.831417989436539,0.9410921444357155,-0.168361581920904,-0.1685658339845446,29,"Admission grade,Age at enrollment,Application mode,Application order,Course,Curricular units 1st sem (approved),Curricular units 1st sem (evaluations),Curricular units 1st sem (grade),Curricular units 2nd sem (approved),Curricular units 2nd sem (enrolled),Curricular units 2nd sem (evaluations),Curricular units 2nd sem (grade),Debtor_shuffled_1,Displaced,Father's occupation,Father's qualification,GDP,Gender,Inflation rate,Marital status,Mother's occupation,Mother's qualification,Previous qualification,Previous qualification (grade),Previous qualification_shuffled_1,Scholarship holder,Tuition fees up to date,Unemployment rate,synthetic_target_1,synthetic_target_2"
students_synthetic_target_1_clean,classification,3.210947275161743,0.8418079096045198,0.8416842202193906,0.8417801751942188,0.8416107236145415,0.9431693320573542,-0.11919802427510717,-0.1193652906230932,30,"Admission grade,Age at enrollment,Application mode,Application order,Course,Curricular units 1st sem (approved),Curricular units 1st sem (enrolled),Curricular units 1st sem (evaluations),Curricular units 1st sem (grade),Curricular units 2nd sem (approved),Curricular units 2nd sem (enrolled),Curricular units 2nd sem (evaluations),Curricular units 2nd sem (grade),Debtor_shuffled_1,Displaced,Father's occupation,Father's qualification,GDP,Gender,Inflation rate,Marital status,Mother's occupation,Mother's qualification,Previous qualification,Previous qualification (grade),Previous qualification_shuffled_1,Scholarship holder,Tuition fees up to date,Unemployment rate,synthetic_target_1,synthetic_target_2"
students_synthetic_target_1_clean,classification,3.210947275161743,0.8327683615819209,0.8329720196064713,0.833507929828936,0.8325481406949177,0.9416011188639551,-0.15705927334319914,-0.156846405991669,31,"Admission grade,Age at enrollment,Application mode,Application order,Course,Curricular units 1st sem (approved),Curricular units 1st sem (enrolled),Curricular units 1st sem (evaluations),Curricular units 1st sem (grade),Curricular units 2nd sem (approved),Curricular units 2nd sem (credited)_shuffled_1,Curricular units 2nd sem (enrolled),Curricular units 2nd sem (evaluations),Curricular units 2nd sem (grade),Debtor_shuffled_1,Displaced,Father's occupation,Father's qualification,GDP,Gender,Inflation rate,Marital status,Mother's occupation,Mother's qualification,Previous qualification,Previous qualification (grade),Previous qualification_shuffled_1,Scholarship holder,Tuition fees up to date,Unemployment rate,synthetic_target_1,synthetic_target_2"
students_synthetic_target_1_clean,classification,3.210947275161743,0.8463276836158192,0.8459862845793182,0.8459178998059705,0.8460771304179646,0.9455765641627969,-0.10139766252715898,-0.1017061294198568,32,"Admission grade,Age at enrollment,Application mode,Application order,Course,Curricular units 1st sem (approved),Curricular units 1st sem (enrolled),Curricular units 1st sem (evaluations),Curricular units 1st sem (grade),Curricular units 2nd sem (approved),Curricular units 2nd sem (credited)_shuffled_1,Curricular units 2nd sem (enrolled),Curricular units 2nd sem (evaluations),Curricular units 2nd sem (grade),Debtor_shuffled_1,Debtor_shuffled_2,Displaced,Father's occupation,Father's qualification,GDP,Gender,Inflation rate,Marital status,Mother's occupation,Mother's qualification,Previous qualification,Previous qualification (grade),Previous qualification_shuffled_1,Scholarship holder,Tuition fees up to date,Unemployment rate,synthetic_target_1,synthetic_target_2"
students_synthetic_target_1_clean,classification,3.210947275161743,0.8542372881355932,0.8541319435781425,0.8542479352406712,0.8540254034401853,0.944410189249246,-0.11722357651543813,-0.11732836110903955,33,"Admission grade,Age at enrollment,Application mode,Application order,Course,Curricular units 1st sem (approved),Curricular units 1st sem (credited)_shuffled_2,Curricular units 1st sem (enrolled),Curricular units 1st sem (evaluations),Curricular units 1st sem (grade),Curricular units 2nd sem (approved),Curricular units 2nd sem (credited)_shuffled_1,Curricular units 2nd sem (enrolled),Curricular units 2nd sem (evaluations),Curricular units 2nd sem (grade),Debtor_shuffled_1,Debtor_shuffled_2,Displaced,Father's occupation,Father's qualification,GDP,Gender,Inflation rate,Marital status,Mother's occupation,Mother's qualification,Previous qualification,Previous qualification (grade),Previous qualification_shuffled_1,Scholarship holder,Tuition fees up to date,Unemployment rate,synthetic_target_1,synthetic_target_2"
students_synthetic_target_1_clean,classification,3.210947275161743,0.8384180790960452,0.8384389288942837,0.8387278935224142,0.8381903530396618,0.944403885467861,-0.13021712858974177,-0.13016768941860868,34,"Admission grade,Age at enrollment,Application mode,Application order,Course,Curricular units 1st sem (approved),Curricular units 1st sem (credited)_shuffled_2,Curricular units 1st sem (enrolled),Curricular units 1st sem (evaluations),Curricular units 1st sem (grade),Curricular units 2nd sem (approved),Curricular units 2nd sem (credited),Curricular units 2nd sem (credited)_shuffled_1,Curricular units 2nd sem (enrolled),Curricular units 2nd sem (evaluations),Curricular units 2nd sem (grade),Debtor_shuffled_1,Debtor_shuffled_2,Displaced,Father's occupation,Father's qualification,GDP,Gender,Inflation rate,Marital status,Mother's occupation,Mother's qualification,Previous qualification,Previous qualification (grade),Previous qualification_shuffled_1,Scholarship holder,Tuition fees up to date,Unemployment rate,synthetic_target_1,synthetic_target_2"
students_synthetic_target_1_clean,classification,3.210947275161743,0.847457627118644,0.8475904302780816,0.8479915988448411,0.8472760747340874,0.9478270498564267,-0.13163251133854725,-0.1314788236610287,35,"Admission grade,Age at enrollment,Application mode,Application order,Course,Curricular units 1st sem (approved),Curricular units 1st sem (credited)_shuffled_2,Curricular units 1st sem (enrolled),Curricular units 1st sem (evaluations),Curricular units 1st sem (grade),Curricular units 2nd sem (approved),Curricular units 2nd sem (credited),Curricular units 2nd sem (credited)_shuffled_1,Curricular units 2nd sem (enrolled),Curricular units 2nd sem (evaluations),Curricular units 2nd sem (grade),Debtor,Debtor_shuffled_1,Debtor_shuffled_2,Displaced,Father's occupation,Father's qualification,GDP,Gender,Inflation rate,Marital status,Mother's occupation,Mother's qualification,Previous qualification,Previous qualification (grade),Previous qualification_shuffled_1,Scholarship holder,Tuition fees up to date,Unemployment rate,synthetic_target_1,synthetic_target_2"
students_synthetic_target_1_clean,classification,3.210947275161743,0.8384180790960452,0.837462776847199,0.8370522910995146,0.83812114447081,0.9379752524041928,-0.14067205936114613,-0.14164178640042058,36,"Admission grade,Age at enrollment,Application mode,Application order,Course,Curricular units 1st sem (approved),Curricular units 1st sem (credited)_shuffled_1,Curricular units 1st sem (credited)_shuffled_2,Curricular units 1st sem (enrolled),Curricular units 1st sem (evaluations),Curricular units 1st sem (grade),Curricular units 2nd sem (approved),Curricular units 2nd sem (credited),Curricular units 2nd sem (credited)_shuffled_1,Curricular units 2nd sem (enrolled),Curricular units 2nd sem (evaluations),Curricular units 2nd sem (grade),Debtor,Debtor_shuffled_1,Debtor_shuffled_2,Displaced,Father's occupation,Father's qualification,GDP,Gender,Inflation rate,Marital status,Mother's occupation,Mother's qualification,Previous qualification,Previous qualification (grade),Previous qualification_shuffled_1,Scholarship holder,Tuition fees up to date,Unemployment rate,synthetic_target_1,synthetic_target_2"
students_synthetic_target_1_clean,classification,3.210947275161743,0.8463276836158192,0.845561388447055,0.8452381119472756,0.8460387735488486,0.9424465427961994,-0.13530554611009205,-0.13605631195440404,37,"Admission grade,Age at enrollment,Application mode,Application order,Course,Curricular units 1st sem (approved),Curricular units 1st sem (credited),Curricular units 1st sem (credited)_shuffled_1,Curricular units 1st sem (credited)_shuffled_2,Curricular units 1st sem (enrolled),Curricular units 1st sem (evaluations),Curricular units 1st sem (grade),Curricular units 2nd sem (approved),Curricular units 2nd sem (credited),Curricular units 2nd sem (credited)_shuffled_1,Curricular units 2nd sem (enrolled),Curricular units 2nd sem (evaluations),Curricular units 2nd sem (grade),Debtor,Debtor_shuffled_1,Debtor_shuffled_2,Displaced,Father's occupation,Father's qualification,GDP,Gender,Inflation rate,Marital status,Mother's occupation,Mother's qualification,Previous qualification,Previous qualification (grade),Previous qualification_shuffled_1,Scholarship holder,Tuition fees up to date,Unemployment rate,synthetic_target_1,synthetic_target_2"
students_synthetic_target_1_clean,classification,3.210947275161743,0.8429378531073446,0.8428776824362564,0.8430667350158876,0.8427103348065149,0.9448069206882126,-0.13671741674289561,-0.13676602488951972,38,"Admission grade,Age at enrollment,Application mode,Application order,Course,Curricular units 1st sem (approved),Curricular units 1st sem (credited),Curricular units 1st sem (credited)_shuffled_1,Curricular units 1st sem (credited)_shuffled_2,Curricular units 1st sem (enrolled),Curricular units 1st sem (evaluations),Curricular units 1st sem (grade),Curricular units 2nd sem (approved),Curricular units 2nd sem (credited),Curricular units 2nd sem (credited)_shuffled_1,Curricular units 2nd sem (enrolled),Curricular units 2nd sem (evaluations),Curricular units 2nd sem (grade),Daytime/evening attendance	_shuffled_1,Debtor,Debtor_shuffled_1,Debtor_shuffled_2,Displaced,Father's occupation,Father's qualification,GDP,Gender,Inflation rate,Marital status,Mother's occupation,Mother's qualification,Previous qualification,Previous qualification (grade),Previous qualification_shuffled_1,Scholarship holder,Tuition fees up to date,Unemployment rate,synthetic_target_1,synthetic_target_2"
students_synthetic_target_1_clean,classification,3.210947275161743,0.8440677966101695,0.8438220643852042,0.8438173472900917,0.843840174431563,0.9426289886016813,-0.13021872500610632,-0.13045995788919695,39,"Admission grade,Age at enrollment,Application mode,Application order,Course,Curricular units 1st sem (approved),Curricular units 1st sem (credited),Curricular units 1st sem (credited)_shuffled_1,Curricular units 1st sem (credited)_shuffled_2,Curricular units 1st sem (enrolled),Curricular units 1st sem (evaluations),Curricular units 1st sem (grade),Curricular units 2nd sem (approved),Curricular units 2nd sem (credited),Curricular units 2nd sem (credited)_shuffled_1,Curricular units 2nd sem (enrolled),Curricular units 2nd sem (evaluations),Curricular units 2nd sem (grade),Daytime/evening attendance	,Daytime/evening attendance	_shuffled_1,Debtor,Debtor_shuffled_1,Debtor_shuffled_2,Displaced,Father's occupation,Father's qualification,GDP,Gender,Inflation rate,Marital status,Mother's occupation,Mother's qualification,Previous qualification,Previous qualification (grade),Previous qualification_shuffled_1,Scholarship holder,Tuition fees up to date,Unemployment rate,synthetic_target_1,synthetic_target_2"
students_synthetic_target_2_noise,classification,3.653008222579956,0.5672316384180791,0.5570208647892962,0.5621451824711242,0.56656458767395,0.7491603640751539,-0.008072119705684666,-0.014650480086837336,1,"Inflation rate,synthetic_target_2"
students_synthetic_target_2_noise,classification,3.653008222579956,0.6779661016949152,0.6769809195556139,0.693630248330583,0.6772978564034817,0.8382558829746521,0.02015316018601443,0.020847362764103705,2,"Inflation rate,Scholarship holder,synthetic_target_2"
students_synthetic_target_2_noise,classification,3.653008222579956,0.6531073446327683,0.652729960842599,0.655979917668353,0.652572488784322,0.8405166254584192,0.003771374019600704,0.00415359870340648,3,"GDP,Inflation rate,Scholarship holder,synthetic_target_2"
students_synthetic_target_2_noise,classification,3.653008222579956,0.6949152542372882,0.6914482093149495,0.7225356651750917,0.6943637416332026,0.8738750984874692,-0.003869713267656727,-0.00732980080483725,4,"Age at enrollment,GDP,Inflation rate,Scholarship holder,synthetic_target_2"
students_synthetic_target_2_noise,classification,3.653008222579956,0.8,0.8014574322619286,0.8063005271244325,0.7996919087400404,0.9273492587929111,-0.005594800791183907,-0.003710179402350633,5,"Age at enrollment,Curricular units 1st sem (grade),GDP,Inflation rate,Scholarship holder,synthetic_target_2"
students_synthetic_target_2_noise,classification,3.653008222579956,0.7954802259887006,0.7968821085919761,0.8016521106649072,0.7951260644135948,0.9267615545132415,-0.002767866692847898,-0.0008094012208912371,6,"Age at enrollment,Curricular units 1st sem (grade),GDP,Inflation rate,Scholarship holder,Unemployment rate,synthetic_target_2"
students_synthetic_target_2_noise,classification,3.653008222579956,0.807909604519774,0.8086677607814835,0.8108649146774812,0.8076245470968622,0.9295602509386146,-0.06719635761642262,-0.06599178623703439,7,"Age at enrollment,Curricular units 1st sem (grade),Curricular units 2nd sem (grade),GDP,Inflation rate,Scholarship holder,Unemployment rate,synthetic_target_2"
students_synthetic_target_2_noise,classification,3.653008222579956,0.8282485875706215,0.8287448310041085,0.8305799934832194,0.8279493975324131,0.9375453987607979,-0.09263301740253482,-0.09183090233706293,8,"Age at enrollment,Curricular units 1st sem (approved),Curricular units 1st sem (grade),Curricular units 2nd sem (grade),GDP,Inflation rate,Scholarship holder,Unemployment rate,synthetic_target_2"
students_synthetic_target_2_noise,classification,3.653008222579956,0.8463276836158192,0.8463835558777447,0.8472863866329868,0.8459950655327604,0.9453823409961761,-0.032169066878670716,-0.03138906082104387,9,"Age at enrollment,Curricular units 1st sem (approved),Curricular units 1st sem (evaluations),Curricular units 1st sem (grade),Curricular units 2nd sem (grade),GDP,Inflation rate,Scholarship holder,Unemployment rate,synthetic_target_2"
students_synthetic_target_2_noise,classification,3.653008222579956,0.8395480225988701,0.8398516315553811,0.8416451969083548,0.8392227816751457,0.9475944901945318,-0.050533921453121966,-0.05001744686561427,10,"Admission grade,Age at enrollment,Curricular units 1st sem (approved),Curricular units 1st sem (evaluations),Curricular units 1st sem (grade),Curricular units 2nd sem (grade),GDP,Inflation rate,Scholarship holder,Unemployment rate,synthetic_target_2"
students_synthetic_target_2_noise,classification,3.653008222579956,0.8259887005649718,0.8265822321700206,0.8280264828307532,0.8257501777539474,0.9405278951790863,-0.15394913498179286,-0.1533158128554475,11,"Admission grade,Age at enrollment,Application mode,Curricular units 1st sem (approved),Curricular units 1st sem (evaluations),Curricular units 1st sem (grade),Curricular units 2nd sem (grade),GDP,Inflation rate,Scholarship holder,Unemployment rate,synthetic_target_2"
students_synthetic_target_2_noise,classification,3.653008222579956,0.8361581920903954,0.8367684050891699,0.839491168673197,0.8358939043316284,0.9440484904106755,-0.13106418711276935,-0.13047032276322768,12,"Admission grade,Age at enrollment,Application mode,Curricular units 1st sem (approved),Curricular units 1st sem (evaluations),Curricular units 1st sem (grade),Curricular units 2nd sem (grade),GDP,Inflation rate,Previous qualification (grade)_shuffled_2,Scholarship holder,Unemployment rate,synthetic_target_2"
students_synthetic_target_2_noise,classification,3.653008222579956,0.8542372881355932,0.8549736811177905,0.8575979660926297,0.853981618301855,0.9506748208888928,-0.11581074803281599,-0.11501590892112368,13,"Admission grade,Age at enrollment,Application mode,Curricular units 1st sem (approved),Curricular units 1st sem (evaluations),Curricular units 1st sem (grade),Curricular units 2nd sem (enrolled),Curricular units 2nd sem (grade),GDP,Inflation rate,Previous qualification (grade)_shuffled_2,Scholarship holder,Unemployment rate,synthetic_target_2"
students_synthetic_target_2_noise,classification,3.653008222579956,0.8564971751412429,0.8567388779477857,0.857807702315899,0.8562375832589413,0.9523537999276951,-0.09292356518088196,-0.09253729100426056,14,"Admission grade,Age at enrollment,Application mode,Course,Curricular units 1st sem (approved),Curricular units 1st sem (evaluations),Curricular units 1st sem (grade),Curricular units 2nd sem (enrolled),Curricular units 2nd sem (grade),GDP,Inflation rate,Previous qualification (grade)_shuffled_2,Scholarship holder,Unemployment rate,synthetic_target_2"
students_synthetic_target_2_noise,classification,3.653008222579956,0.8519774011299435,0.852232956156604,0.8533203226645849,0.8517099153226889,0.9498218001567807,-0.07907656891809267,-0.07863977831462421,15,"Admission grade,Age at enrollment,Application mode,Course,Curricular units 1st sem (approved),Curricular units 1st sem (evaluations),Curricular units 1st sem (grade),Curricular units 2nd sem (enrolled),Curricular units 2nd sem (grade),Father's occupation,GDP,Inflation rate,Previous qualification (grade)_shuffled_2,Scholarship holder,Unemployment rate,synthetic_target_2"
students_synthetic_target_2_noise,classification,3.653008222579956,0.8542372881355932,0.8547058823529411,0.8559885793976852,0.8540117958293411,0.9538409008917736,-0.08472852141512732,-0.08408363800955532,16,"Admission grade,Age at enrollment,Application mode,Course,Curricular units 1st sem (approved),Curricular units 1st sem (evaluations),Curricular units 1st sem (grade),Curricular units 2nd sem (enrolled),Curricular units 2nd sem (grade),Father's occupation,Father's occupation_shuffled_1,GDP,Inflation rate,Previous qualification (grade)_shuffled_2,Scholarship holder,Unemployment rate,synthetic_target_2"
students_synthetic_target_2_noise,classification,3.653008222579956,0.8395480225988701,0.8395471630765748,0.8405242975308168,0.8392150425157733,0.9458854423354515,-0.13417336762435683,-0.13421749359351143,17,"Admission grade,Age at enrollment,Application mode,Course,Course_shuffled_2,Curricular units 1st sem (approved),Curricular units 1st sem (evaluations),Curricular units 1st sem (grade),Curricular units 2nd sem (enrolled),Curricular units 2nd sem (grade),Father's occupation,Father's occupation_shuffled_1,GDP,Inflation rate,Previous qualification (grade)_shuffled_2,Scholarship holder,Unemployment rate,synthetic_target_2"
students_synthetic_target_2_noise,classification,3.653008222579956,0.8429378531073446,0.8442007826963186,0.8487337960217864,0.8427121037388087,0.947709728283725,-0.156779581196131,-0.15551540838501332,18,"Admission grade,Age at enrollment,Application mode,Course,Course_shuffled_1,Course_shuffled_2,Curricular units 1st sem (approved),Curricular units 1st sem (evaluations),Curricular units 1st sem (grade),Curricular units 2nd sem (enrolled),Curricular units 2nd sem (grade),Father's occupation,Father's occupation_shuffled_1,GDP,Inflation rate,Previous qualification (grade)_shuffled_2,Scholarship holder,Unemployment rate,synthetic_target_2"
students_synthetic_target_2_noise,classification,3.653008222579956,0.848587570621469,0.8488239472966205,0.8502107534814703,0.8482855970036883,0.9512176542829458,-0.08529205639181159,-0.08487532201374859,19,"Admission grade,Age at enrollment,Application mode,Course,Course_shuffled_1,Course_shuffled_2,Curricular units 1st sem (approved),Curricular units 1st sem (evaluations),Curricular units 1st sem (grade),Curricular units 2nd sem (enrolled),Curricular units 2nd sem (grade),Father's occupation,Father's occupation_shuffled_1,Father's qualification,GDP,Inflation rate,Previous qualification (grade)_shuffled_2,Scholarship holder,Unemployment rate,synthetic_target_2"
students_synthetic_target_2_noise,classification,3.653008222579956,0.8497175141242937,0.8501169590643274,0.8516878147633693,0.8494384720468576,0.94692751332125,-0.07625027338630241,-0.07565770508938208,20,"Admission grade,Age at enrollment,Application mode,Application mode_shuffled_1,Course,Course_shuffled_1,Course_shuffled_2,Curricular units 1st sem (approved),Curricular units 1st sem (evaluations),Curricular units 1st sem (grade),Curricular units 2nd sem (enrolled),Curricular units 2nd sem (grade),Father's occupation,Father's occupation_shuffled_1,Father's qualification,GDP,Inflation rate,Previous qualification (grade)_shuffled_2,Scholarship holder,Unemployment rate,synthetic_target_2"
students_synthetic_target_2_noise,classification,3.653008222579956,0.8576271186440678,0.8581192960281329,0.8595494215758342,0.8574247651126176,0.949680511905204,-0.11835479715135466,-0.11780158447261257,21,"Admission grade,Age at enrollment,Application mode,Application mode_shuffled_1,Course,Course_shuffled_1,Course_shuffled_2,Curricular units 1st sem (approved),Curricular units 1st sem (evaluations),Curricular units 1st sem (grade),Curricular units 2nd sem (enrolled),Curricular units 2nd sem (grade),Father's occupation,Father's occupation_shuffled_1,Father's qualification,Father's qualification_shuffled_2,GDP,Inflation rate,Previous qualification (grade)_shuffled_2,Scholarship holder,Unemployment rate,synthetic_target_2"
students_synthetic_target_2_noise,classification,3.653008222579956,0.8406779661016949,0.8405946083971653,0.8411422220918578,0.8403524392401973,0.9451632721707899,-0.09065856964286578,-0.0905251429327657,22,"Admission grade,Age at enrollment,Application mode,Application mode_shuffled_1,Course,Course_shuffled_1,Course_shuffled_2,Curricular units 1st sem (approved),Curricular units 1st sem (evaluations),Curricular units 1st sem (grade),Curricular units 2nd sem (enrolled),Curricular units 2nd sem (grade),Father's occupation,Father's occupation_shuffled_1,Father's qualification,Father's qualification_shuffled_1,Father's qualification_shuffled_2,GDP,Inflation rate,Previous qualification (grade)_shuffled_2,Scholarship holder,Unemployment rate,synthetic_target_2"
students_synthetic_target_2_noise,classification,3.653008222579956,0.8361581920903954,0.83677572947916,0.8384193808742743,0.8358936446282937,0.9457489053064719,-0.16355924221308016,-0.1629404616021719,23,"Admission grade,Age at enrollment,Application mode,Application mode_shuffled_1,Course,Course_shuffled_1,Course_shuffled_2,Curricular units 1st sem (approved),Curricular units 1st sem (evaluations),Curricular units 1st sem (grade),Curricular units 2nd sem (enrolled),Curricular units 2nd sem (grade),Father's occupation,Father's occupation_shuffled_1,Father's qualification,Father's qualification_shuffled_1,Father's qualification_shuffled_2,GDP,Inflation rate,Mother's qualification_shuffled_1,Previous qualification (grade)_shuffled_2,Scholarship holder,Unemployment rate,synthetic_target_2"
students_synthetic_target_2_noise,classification,3.653008222579956,0.848587570621469,0.8487563732895292,0.8496740204990813,0.8482969460394125,0.9469325234465109,-0.0884002790535805,-0.08806770753255799,24,"Admission grade,Age at enrollment,Application mode,Application mode_shuffled_1,Application mode_shuffled_2,Course,Course_shuffled_1,Course_shuffled_2,Curricular units 1st sem (approved),Curricular units 1st sem (evaluations),Curricular units 1st sem (grade),Curricular units 2nd sem (enrolled),Curricular units 2nd sem (grade),Father's occupation,Father's occupation_shuffled_1,Father's qualification,Father's qualification_shuffled_1,Father's qualification_shuffled_2,GDP,Inflation rate,Mother's qualification_shuffled_1,Previous qualification (grade)_shuffled_2,Scholarship holder,Unemployment rate,synthetic_target_2"
students_synthetic_target_2_noise,classification,3.653008222579956,0.848587570621469,0.8500989053640055,0.854695939263925,0.8484460417238339,0.9453772988808801,-0.15112986368200665,-0.14961728571732646,25,"Admission grade,Age at enrollment,Application mode,Application mode_shuffled_1,Application mode_shuffled_2,Course,Course_shuffled_1,Course_shuffled_2,Curricular units 1st sem (approved),Curricular units 1st sem (evaluations),Curricular units 1st sem (grade),Curricular units 2nd sem (enrolled),Curricular units 2nd sem (grade),Father's occupation,Father's occupation_shuffled_1,Father's qualification,Father's qualification_shuffled_1,Father's qualification_shuffled_2,GDP,GDP_shuffled_2,Inflation rate,Mother's qualification_shuffled_1,Previous qualification (grade)_shuffled_2,Scholarship holder,Unemployment rate,synthetic_target_2"
students_synthetic_target_2_noise,classification,3.653008222579956,0.848587570621469,0.8489179743647938,0.8499671621347812,0.8483312528499195,0.9481113109736574,-0.1497170351993844,-0.14938095624508008,26,"Admission grade,Age at enrollment,Application mode,Application mode_shuffled_1,Application mode_shuffled_2,Course,Course_shuffled_1,Course_shuffled_2,Curricular units 1st sem (approved),Curricular units 1st sem (evaluations),Curricular units 1st sem (grade),Curricular units 2nd sem (enrolled),Curricular units 2nd sem (grade),Father's occupation,Father's occupation_shuffled_1,Father's qualification,Father's qualification_shuffled_1,Father's qualification_shuffled_2,GDP,GDP_shuffled_1,GDP_shuffled_2,Inflation rate,Mother's qualification_shuffled_1,Previous qualification (grade)_shuffled_2,Scholarship holder,Unemployment rate,synthetic_target_2"
students_synthetic_target_2_noise,classification,3.653008222579956,0.8497175141242937,0.8500396445251154,0.8511207814886003,0.8494689092776784,0.9471388724560258,-0.14717426321393734,-0.14684823453574392,27,"Admission grade,Age at enrollment,Application mode,Application mode_shuffled_1,Application mode_shuffled_2,Course,Course_shuffled_1,Course_shuffled_2,Curricular units 1st sem (approved),Curricular units 1st sem (evaluations),Curricular units 1st sem (grade),Curricular units 2nd sem (enrolled),Curricular units 2nd sem (grade),Father's occupation,Father's occupation_shuffled_1,Father's qualification,Father's qualification_shuffled_1,Father's qualification_shuffled_2,GDP,GDP_shuffled_1,GDP_shuffled_2,Inflation rate,Inflation rate_shuffled_2,Mother's qualification_shuffled_1,Previous qualification (grade)_shuffled_2,Scholarship holder,Unemployment rate,synthetic_target_2"
students_synthetic_target_2_noise,classification,3.653008222579956,0.8429378531073446,0.843009337059974,0.8436846101243639,0.8426429707111254,0.9488046377974172,-0.1570621468926554,-0.15699066294002595,28,"Admission grade,Age at enrollment,Application mode,Application mode_shuffled_1,Application mode_shuffled_2,Course,Course_shuffled_1,Course_shuffled_2,Curricular units 1st sem (approved),Curricular units 1st sem (evaluations),Curricular units 1st sem (grade),Curricular units 2nd sem (enrolled),Curricular units 2nd sem (grade),Father's occupation,Father's occupation_shuffled_1,Father's qualification,Father's qualification_shuffled_1,Father's qualification_shuffled_2,GDP,GDP_shuffled_1,GDP_shuffled_2,Inflation rate,Inflation rate_shuffled_2,Mother's qualification_shuffled_1,Previous qualification (grade)_shuffled_2,Scholarship holder,Unemployment rate,Unemployment rate_shuffled_2,synthetic_target_2"
students_synthetic_target_2_noise,classification,3.653008222579956,0.8440677966101695,0.8442478774936913,0.8450081092994433,0.8437806271388842,0.9481744421842402,-0.09998419547799098,-0.09965737377256922,29,"Admission grade,Age at enrollment,Application mode,Application mode_shuffled_1,Application mode_shuffled_2,Course,Course_shuffled_1,Course_shuffled_2,Curricular units 1st sem (approved),Curricular units 1st sem (evaluations),Curricular units 1st sem (grade),Curricular units 2nd sem (enrolled),Curricular units 2nd sem (grade),Father's occupation,Father's occupation_shuffled_1,Father's qualification,Father's qualification_shuffled_1,Father's qualification_shuffled_2,GDP,GDP_shuffled_1,GDP_shuffled_2,Inflation rate,Inflation rate_shuffled_2,Mother's qualification_shuffled_1,Previous qualification (grade)_shuffled_2,Scholarship holder,Unemployment rate,Unemployment rate_shuffled_1,Unemployment rate_shuffled_2,synthetic_target_2"
students_synthetic_target_2_noise,classification,3.653008222579956,0.8429378531073446,0.8427992484450493,0.8433080279843107,0.8426047943209322,0.9444380542834555,-0.06438059843263844,-0.06415591198843662,30,"Admission grade,Age at enrollment,Application mode,Application mode_shuffled_1,Application mode_shuffled_2,Course,Course_shuffled_1,Course_shuffled_2,Curricular units 1st sem (approved),Curricular units 1st sem (evaluations),Curricular units 1st sem (grade),Curricular units 2nd sem (enrolled),Curricular units 2nd sem (grade),Father's occupation,Father's occupation_shuffled_1,Father's qualification,Father's qualification_shuffled_1,Father's qualification_shuffled_2,GDP,GDP_shuffled_1,GDP_shuffled_2,Inflation rate,Inflation rate_shuffled_1,Inflation rate_shuffled_2,Mother's qualification_shuffled_1,Previous qualification (grade)_shuffled_2,Scholarship holder,Unemployment rate,Unemployment rate_shuffled_1,Unemployment rate_shuffled_2,synthetic_target_2"
students_synthetic_target_2_noise,classification,3.653008222579956,0.8406779661016949,0.8415215244424502,0.8436575255943041,0.8404594889547393,0.9473169718626226,-0.15932203389830513,-0.1584784755575498,31,"Admission grade,Age at enrollment,Application mode,Application mode_shuffled_1,Application mode_shuffled_2,Course,Course_shuffled_1,Course_shuffled_2,Curricular units 1st sem (approved),Curricular units 1st sem (evaluations),Curricular units 1st sem (grade),Curricular units 2nd sem (enrolled),Curricular units 2nd sem (grade),Father's occupation,Father's occupation_shuffled_1,Father's qualification,Father's qualification_shuffled_1,Father's qualification_shuffled_2,GDP,GDP_shuffled_1,GDP_shuffled_2,Inflation rate,Inflation rate_shuffled_1,Inflation rate_shuffled_2,Mother's qualification_shuffled_1,Previous qualification (grade)_shuffled_2,Scholarship holder,Unemployment rate,Unemployment rate_shuffled_1,Unemployment rate_shuffled_2,noise_numeric_2,synthetic_target_2"
students_synthetic_target_2_noise,classification,3.653008222579956,0.8429378531073446,0.842861897956977,0.8433027952639351,0.8426238825160288,0.9455172437349241,-0.07907401465190944,-0.07885917349163973,32,"Admission grade,Age at enrollment,Application mode,Application mode_shuffled_1,Application mode_shuffled_2,Course,Course_shuffled_1,Course_shuffled_2,Curricular units 1st sem (approved),Curricular units 1st sem (evaluations),Curricular units 1st sem (grade),Curricular units 2nd sem (enrolled),Curricular units 2nd sem (grade),Father's occupation,Father's occupation_shuffled_1,Father's qualification,Father's qualification_shuffled_1,Father's qualification_shuffled_2,GDP,GDP_shuffled_1,GDP_shuffled_2,Inflation rate,Inflation rate_shuffled_1,Inflation rate_shuffled_2,Mother's qualification_shuffled_1,Previous qualification (grade)_shuffled_2,Previous qualification_shuffled_2,Scholarship holder,Unemployment rate,Unemployment rate_shuffled_1,Unemployment rate_shuffled_2,noise_numeric_2,synthetic_target_2"
students_synthetic_target_2_noise,classification,3.653008222579956,0.8463276836158192,0.8462949500790833,0.8468033227422899,0.8460443312553431,0.9462469559889485,-0.06720721324770151,-0.06686891420413099,33,"Admission grade,Age at enrollment,Application mode,Application mode_shuffled_1,Application mode_shuffled_2,Course,Course_shuffled_1,Course_shuffled_2,Curricular units 1st sem (approved),Curricular units 1st sem (evaluations),Curricular units 1st sem (grade),Curricular units 2nd sem (enrolled),Curricular units 2nd sem (grade),Father's occupation,Father's occupation_shuffled_1,Father's qualification,Father's qualification_shuffled_1,Father's qualification_shuffled_2,GDP,GDP_shuffled_1,GDP_shuffled_2,Inflation rate,Inflation rate_shuffled_1,Inflation rate_shuffled_2,Mother's qualification_shuffled_1,Previous qualification (grade)_shuffled_2,Previous qualification_shuffled_2,Scholarship holder,Target,Unemployment rate,Unemployment rate_shuffled_1,Unemployment rate_shuffled_2,noise_numeric_2,synthetic_target_2"
students_synthetic_target_2_noise,classification,3.653008222579956,0.8451977401129943,0.8450352562323026,0.8453031105268224,0.8448914562121739,0.9505557614303203,-0.10139734324388616,-0.10146035914600982,34,"Admission grade,Age at enrollment,Age at enrollment_shuffled_1,Application mode,Application mode_shuffled_1,Application mode_shuffled_2,Course,Course_shuffled_1,Course_shuffled_2,Curricular units 1st sem (approved),Curricular units 1st sem (evaluations),Curricular units 1st sem (grade),Curricular units 2nd sem (enrolled),Curricular units 2nd sem (grade),Father's occupation,Father's occupation_shuffled_1,Father's qualification,Father's qualification_shuffled_1,Father's qualification_shuffled_2,GDP,GDP_shuffled_1,GDP_shuffled_2,Inflation rate,Inflation rate_shuffled_1,Inflation rate_shuffled_2,Mother's qualification_shuffled_1,Previous qualification (grade)_shuffled_2,Previous qualification_shuffled_2,Scholarship holder,Target,Unemployment rate,Unemployment rate_shuffled_1,Unemployment rate_shuffled_2,noise_numeric_2,synthetic_target_2"
students_synthetic_target_2_noise,classification,3.653008222579956,0.8542372881355932,0.8545038790333509,0.8554289258713106,0.853988838054558,0.9526898794803994,-0.14406731768526015,-0.143794813227886,35,"Admission grade,Age at enrollment,Age at enrollment_shuffled_1,Application mode,Application mode_shuffled_1,Application mode_shuffled_2,Course,Course_shuffled_1,Course_shuffled_2,Curricular units 1st sem (approved),Curricular units 1st sem (evaluations),Curricular units 1st sem (grade),Curricular units 2nd sem (approved),Curricular units 2nd sem (enrolled),Curricular units 2nd sem (grade),Father's occupation,Father's occupation_shuffled_1,Father's qualification,Father's qualification_shuffled_1,Father's qualification_shuffled_2,GDP,GDP_shuffled_1,GDP_shuffled_2,Inflation rate,Inflation rate_shuffled_1,Inflation rate_shuffled_2,Mother's qualification_shuffled_1,Previous qualification (grade)_shuffled_2,Previous qualification_shuffled_2,Scholarship holder,Target,Unemployment rate,Unemployment rate_shuffled_1,Unemployment rate_shuffled_2,noise_numeric_2,synthetic_target_2"
students_synthetic_target_2_noise,classification,3.653008222579956,0.8508474576271187,0.851455346883963,0.8530918014788983,0.8506447420956303,0.9512486183187857,-0.14915254237288134,-0.14854465311603704,36,"Admission grade,Age at enrollment,Age at enrollment_shuffled_1,Application mode,Application mode_shuffled_1,Application mode_shuffled_2,Course,Course_shuffled_1,Course_shuffled_2,Curricular units 1st sem (approved),Curricular units 1st sem (evaluations),Curricular units 1st sem (grade),Curricular units 1st sem (grade)_shuffled_1,Curricular units 2nd sem (approved),Curricular units 2nd sem (enrolled),Curricular units 2nd sem (grade),Father's occupation,Father's occupation_shuffled_1,Father's qualification,Father's qualification_shuffled_1,Father's qualification_shuffled_2,GDP,GDP_shuffled_1,GDP_shuffled_2,Inflation rate,Inflation rate_shuffled_1,Inflation rate_shuffled_2,Mother's qualification_shuffled_1,Previous qualification (grade)_shuffled_2,Previous qualification_shuffled_2,Scholarship holder,Target,Unemployment rate,Unemployment rate_shuffled_1,Unemployment rate_shuffled_2,noise_numeric_2,synthetic_target_2"
students_synthetic_target_2_noise,classification,3.653008222579956,0.8531073446327684,0.8530506723599327,0.8532413961044695,0.8528890983136579,0.9530527123068113,-0.14689265536723162,-0.1469493276400673,37,"Admission grade,Age at enrollment,Age at enrollment_shuffled_1,Application mode,Application mode_shuffled_1,Application mode_shuffled_2,Course,Course_shuffled_1,Course_shuffled_2,Curricular units 1st sem (approved),Curricular units 1st sem (evaluations),Curricular units 1st sem (grade),Curricular units 1st sem (grade)_shuffled_1,Curricular units 1st sem (grade)_shuffled_2,Curricular units 2nd sem (approved),Curricular units 2nd sem (enrolled),Curricular units 2nd sem (grade),Father's occupation,Father's occupation_shuffled_1,Father's qualification,Father's qualification_shuffled_1,Father's qualification_shuffled_2,GDP,GDP_shuffled_1,GDP_shuffled_2,Inflation rate,Inflation rate_shuffled_1,Inflation rate_shuffled_2,Mother's qualification_shuffled_1,Previous qualification (grade)_shuffled_2,Previous qualification_shuffled_2,Scholarship holder,Target,Unemployment rate,Unemployment rate_shuffled_1,Unemployment rate_shuffled_2,noise_numeric_2,synthetic_target_2"
students_synthetic_target_2_noise,classification,3.653008222579956,0.8451977401129943,0.8450796472713376,0.8457962529274005,0.8448574091050015,0.9457438659146806,-0.1290887815032815,-0.1291892598932275,38,"Admission grade,Admission grade_shuffled_2,Age at enrollment,Age at enrollment_shuffled_1,Application mode,Application mode_shuffled_1,Application mode_shuffled_2,Course,Course_shuffled_1,Course_shuffled_2,Curricular units 1st sem (approved),Curricular units 1st sem (evaluations),Curricular units 1st sem (grade),Curricular units 1st sem (grade)_shuffled_1,Curricular units 1st sem (grade)_shuffled_2,Curricular units 2nd sem (approved),Curricular units 2nd sem (enrolled),Curricular units 2nd sem (grade),Father's occupation,Father's occupation_shuffled_1,Father's qualification,Father's qualification_shuffled_1,Father's qualification_shuffled_2,GDP,GDP_shuffled_1,GDP_shuffled_2,Inflation rate,Inflation rate_shuffled_1,Inflation rate_shuffled_2,Mother's qualification_shuffled_1,Previous qualification (grade)_shuffled_2,Previous qualification_shuffled_2,Scholarship holder,Target,Unemployment rate,Unemployment rate_shuffled_1,Unemployment rate_shuffled_2,noise_numeric_2,synthetic_target_2"
students_synthetic_target_2_noise,classification,3.653008222579956,0.848587570621469,0.8478545469876279,0.8477825734445644,0.8482203335556914,0.9488199819079514,-0.08020587385437172,-0.08068120086869568,39,"Admission grade,Admission grade_shuffled_2,Age at enrollment,Age at enrollment_shuffled_1,Age at enrollment_shuffled_2,Application mode,Application mode_shuffled_1,Application mode_shuffled_2,Course,Course_shuffled_1,Course_shuffled_2,Curricular units 1st sem (approved),Curricular units 1st sem (evaluations),Curricular units 1st sem (grade),Curricular units 1st sem (grade)_shuffled_1,Curricular units 1st sem (grade)_shuffled_2,Curricular units 2nd sem (approved),Curricular units 2nd sem (enrolled),Curricular units 2nd sem (grade),Father's occupation,Father's occupation_shuffled_1,Father's qualification,Father's qualification_shuffled_1,Father's qualification_shuffled_2,GDP,GDP_shuffled_1,GDP_shuffled_2,Inflation rate,Inflation rate_shuffled_1,Inflation rate_shuffled_2,Mother's qualification_shuffled_1,Previous qualification (grade)_shuffled_2,Previous qualification_shuffled_2,Scholarship holder,Target,Unemployment rate,Unemployment rate_shuffled_1,Unemployment rate_shuffled_2,noise_numeric_2,synthetic_target_2"
students_synthetic_target_2_noise,classification,3.653008222579956,0.8384180790960452,0.8386652136727571,0.8396649716874598,0.8381191723545593,0.9470624517097703,-0.16073422381438152,-0.16048742404041483,40,"Admission grade,Admission grade_shuffled_2,Age at enrollment,Age at enrollment_shuffled_1,Age at enrollment_shuffled_2,Application mode,Application mode_shuffled_1,Application mode_shuffled_2,Course,Course_shuffled_1,Course_shuffled_2,Curricular units 1st sem (approved),Curricular units 1st sem (evaluations),Curricular units 1st sem (evaluations)_shuffled_1,Curricular units 1st sem (grade),Curricular units 1st sem (grade)_shuffled_1,Curricular units 1st sem (grade)_shuffled_2,Curricular units 2nd sem (approved),Curricular units 2nd sem (enrolled),Curricular units 2nd sem (grade),Father's occupation,Father's occupation_shuffled_1,Father's qualification,Father's qualification_shuffled_1,Father's qualification_shuffled_2,GDP,GDP_shuffled_1,GDP_shuffled_2,Inflation rate,Inflation rate_shuffled_1,Inflation rate_shuffled_2,Mother's qualification_shuffled_1,Previous qualification (grade)_shuffled_2,Previous qualification_shuffled_2,Scholarship holder,Target,Unemployment rate,Unemployment rate_shuffled_1,Unemployment rate_shuffled_2,noise_numeric_2,synthetic_target_2"
students_synthetic_target_2_clean,classification,2.3148000240325928,0.5672316384180791,0.5570208647892962,0.5621451824711242,0.56656458767395,0.7491603640751539,-0.008072119705684666,-0.014650480086837336,1,"Inflation rate,synthetic_target_2"
students_synthetic_target_2_clean,classification,2.3148000240325928,0.6779661016949152,0.6769809195556139,0.693630248330583,0.6772978564034817,0.8382558829746521,0.02015316018601443,0.020847362764103705,2,"Inflation rate,Scholarship holder,synthetic_target_2"
students_synthetic_target_2_clean,classification,2.3148000240325928,0.6531073446327683,0.652729960842599,0.655979917668353,0.652572488784322,0.8405166254584192,0.003771374019600704,0.00415359870340648,3,"GDP,Inflation rate,Scholarship holder,synthetic_target_2"
students_synthetic_target_2_clean,classification,2.3148000240325928,0.6949152542372882,0.6914482093149495,0.7225356651750917,0.6943637416332026,0.8738750984874692,-0.003869713267656727,-0.00732980080483725,4,"Age at enrollment,GDP,Inflation rate,Scholarship holder,synthetic_target_2"
students_synthetic_target_2_clean,classification,2.3148000240325928,0.8,0.8014574322619286,0.8063005271244325,0.7996919087400404,0.9273492587929111,-0.005594800791183907,-0.003710179402350633,5,"Age at enrollment,Curricular units 1st sem (grade),GDP,Inflation rate,Scholarship holder,synthetic_target_2"
students_synthetic_target_2_clean,classification,2.3148000240325928,0.7954802259887006,0.7968821085919761,0.8016521106649072,0.7951260644135948,0.9267615545132415,-0.002767866692847898,-0.0008094012208912371,6,"Age at enrollment,Curricular units 1st sem (grade),GDP,Inflation rate,Scholarship holder,Unemployment rate,synthetic_target_2"
students_synthetic_target_2_clean,classification,2.3148000240325928,0.8271186440677966,0.8272645880730788,0.8283689619435249,0.8268040019452819,0.9366994690682411,-0.03385903324217798,-0.032808372422393095,7,"Age at enrollment,Curricular units 1st sem (approved),Curricular units 1st sem (grade),GDP,Inflation rate,Scholarship holder,Unemployment rate,synthetic_target_2"
students_synthetic_target_2_clean,classification,2.3148000240325928,0.8225988700564971,0.8228269443672458,0.8239932218287462,0.8222611153936191,0.9355552967225554,-0.11241101974288126,-0.11193914051582343,8,"Age at enrollment,Curricular units 1st sem (approved),Curricular units 1st sem (grade),Curricular units 2nd sem (grade),GDP,Inflation rate,Scholarship holder,Unemployment rate,synthetic_target_2"
students_synthetic_target_2_clean,classification,2.3148000240325928,0.8418079096045198,0.8428426160046918,0.8467566247621908,0.8415630982753258,0.9444816908735801,-0.10365691096626295,-0.10256993529416902,9,"Age at enrollment,Curricular units 1st sem (approved),Curricular units 1st sem (evaluations),Curricular units 1st sem (grade),Curricular units 2nd sem (grade),GDP,Inflation rate,Scholarship holder,Unemployment rate,synthetic_target_2"
students_synthetic_target_2_clean,classification,2.3148000240325928,0.8418079096045198,0.8422386369654689,0.8439445543419053,0.8415246621817979,0.947776517726565,-0.047708903054423435,-0.047020884040755107,10,"Admission grade,Age at enrollment,Curricular units 1st sem (approved),Curricular units 1st sem (evaluations),Curricular units 1st sem (grade),Curricular units 2nd sem (grade),GDP,Inflation rate,Scholarship holder,Unemployment rate,synthetic_target_2"
students_synthetic_target_2_clean,classification,2.3148000240325928,0.848587570621469,0.8490476811417427,0.8510010092238365,0.8482781175476505,0.9505307520997155,-0.07455455992388282,-0.0738667189599207,11,"Admission grade,Age at enrollment,Curricular units 1st sem (approved),Curricular units 1st sem (evaluations),Curricular units 1st sem (grade),Curricular units 2nd sem (enrolled),Curricular units 2nd sem (grade),GDP,Inflation rate,Scholarship holder,Unemployment rate,synthetic_target_2"
students_synthetic_target_2_clean,classification,2.3148000240325928,0.8564971751412429,0.8568230803013411,0.8581749584046118,0.8562223646435309,0.9503051318000542,-0.08359889719557545,-0.08307716199500681,12,"Admission grade,Age at enrollment,Application mode,Curricular units 1st sem (approved),Curricular units 1st sem (evaluations),Curricular units 1st sem (grade),Curricular units 2nd sem (enrolled),Curricular units 2nd sem (grade),GDP,Inflation rate,Scholarship holder,Unemployment rate,synthetic_target_2"
students_synthetic_target_2_clean,classification,2.3148000240325928,0.8519774011299435,0.8526989083783244,0.855546877797564,0.8517140446057098,0.950474871044568,-0.12541734314810116,-0.12466076924564162,13,"Admission grade,Age at enrollment,Application mode,Course,Curricular units 1st sem (approved),Curricular units 1st sem (evaluations),Curricular units 1st sem (grade),Curricular units 2nd sem (enrolled),Curricular units 2nd sem (grade),GDP,Inflation rate,Scholarship holder,Unemployment rate,synthetic_target_2"
students_synthetic_target_2_clean,classification,2.3148000240325928,0.8598870056497175,0.8603445536987374,0.8619955663691199,0.8596353339268074,0.9519094252043115,-0.07597058123923417,-0.07528960626667147,14,"Admission grade,Age at enrollment,Application mode,Course,Curricular units 1st sem (approved),Curricular units 1st sem (evaluations),Curricular units 1st sem (grade),Curricular units 2nd sem (enrolled),Curricular units 2nd sem (grade),Father's occupation,GDP,Inflation rate,Scholarship holder,Unemployment rate,synthetic_target_2"
students_synthetic_target_2_clean,classification,2.3148000240325928,0.848587570621469,0.8487627105714642,0.8498108149863848,0.8482930764597262,0.949486391158653,-0.1437831555723711,-0.14360121826414507,15,"Admission grade,Age at enrollment,Application mode,Course,Curricular units 1st sem (approved),Curricular units 1st sem (evaluations),Curricular units 1st sem (grade),Curricular units 2nd sem (enrolled),Curricular units 2nd sem (grade),Father's occupation,Father's qualification,GDP,Inflation rate,Scholarship holder,Unemployment rate,synthetic_target_2"
students_synthetic_target_2_clean,classification,2.3148000240325928,0.8564971751412429,0.857382993426981,0.860251739540289,0.85630645658329,0.94955214714814,-0.07738245187203763,-0.07628563231041341,16,"Admission grade,Age at enrollment,Application mode,Course,Curricular units 1st sem (approved),Curricular units 1st sem (evaluations),Curricular units 1st sem (grade),Curricular units 2nd sem (enrolled),Curricular units 2nd sem (grade),Father's occupation,Father's qualification,GDP,Inflation rate,Previous qualification (grade),Scholarship holder,Unemployment rate,synthetic_target_2"
students_synthetic_target_2_clean,classification,2.3148000240325928,0.8519774011299435,0.8524469850926644,0.8538619546582011,0.8517137849023753,0.9512626483431905,-0.08388018575900824,-0.0832027318930536,17,"Admission grade,Age at enrollment,Application mode,Course,Curricular units 1st sem (approved),Curricular units 1st sem (evaluations),Curricular units 1st sem (grade),Curricular units 2nd sem (enrolled),Curricular units 2nd sem (grade),Father's occupation,Father's qualification,GDP,Inflation rate,Previous qualification,Previous qualification (grade),Scholarship holder,Unemployment rate,synthetic_target_2"
students_synthetic_target_2_clean,classification,2.3148000240325928,0.848587570621469,0.8492609916450976,0.8510767817483217,0.8483732988197991,0.9504813938734236,-0.11354862604425586,-0.1127800529884474,18,"Admission grade,Age at enrollment,Application mode,Course,Curricular units 1st sem (approved),Curricular units 1st sem (evaluations),Curricular units 1st sem (grade),Curricular units 2nd sem (approved),Curricular units 2nd sem (enrolled),Curricular units 2nd sem (grade),Father's occupation,Father's qualification,GDP,Inflation rate,Previous qualification,Previous qualification (grade),Scholarship holder,Unemployment rate,synthetic_target_2"
students_synthetic_target_2_clean,classification,2.3148000240325928,0.8542372881355932,0.854844670251647,0.856298313582818,0.854046102639848,0.950975518382922,-0.13022159855556248,-0.12961193293705886,19,"Admission grade,Age at enrollment,Application mode,Course,Curricular units 1st sem (approved),Curricular units 1st sem (evaluations),Curricular units 1st sem (grade),Curricular units 2nd sem (approved),Curricular units 2nd sem (enrolled),Curricular units 2nd sem (evaluations),Curricular units 2nd sem (grade),Father's occupation,Father's qualification,GDP,Inflation rate,Previous qualification,Previous qualification (grade),Scholarship holder,Unemployment rate,synthetic_target_2"
students_synthetic_target_2_clean,classification,2.3148000240325928,0.8564971751412429,0.857074649317623,0.8586893344957861,0.8562909782645449,0.9509985159742232,-0.10959494127582403,-0.10891805162029622,20,"Admission grade,Age at enrollment,Application mode,Course,Curricular units 1st sem (approved),Curricular units 1st sem (evaluations),Curricular units 1st sem (grade),Curricular units 2nd sem (approved),Curricular units 2nd sem (enrolled),Curricular units 2nd sem (evaluations),Curricular units 2nd sem (grade),Father's occupation,Father's qualification,GDP,Inflation rate,Previous qualification,Previous qualification (grade),Previous qualification_shuffled_1,Scholarship holder,Unemployment rate,synthetic_target_2"
students_synthetic_target_2_clean,classification,2.3148000240325928,0.864406779661017,0.8647418731698031,0.865734263733839,0.8641818303548217,0.950494082986664,-0.09631658852208558,-0.09588921556400154,21,"Admission grade,Age at enrollment,Application mode,Course,Curricular units 1st sem (approved),Curricular units 1st sem (evaluations),Curricular units 1st sem (grade),Curricular units 2nd sem (approved),Curricular units 2nd sem (enrolled),Curricular units 2nd sem (evaluations),Curricular units 2nd sem (grade),Father's occupation,Father's qualification,GDP,Inflation rate,Marital status,Previous qualification,Previous qualification (grade),Previous qualification_shuffled_1,Scholarship holder,Unemployment rate,synthetic_target_2"
students_synthetic_target_2_clean,classification,2.3148000240325928,0.8564971751412429,0.8571172665202517,0.8586951728611698,0.8562871086848588,0.9487485903086522,-0.10168310177313966,-0.10092168285267678,22,"Admission grade,Age at enrollment,Application mode,Course,Curricular units 1st sem (approved),Curricular units 1st sem (evaluations),Curricular units 1st sem (grade),Curricular units 2nd sem (approved),Curricular units 2nd sem (enrolled),Curricular units 2nd sem (evaluations),Curricular units 2nd sem (grade),Father's occupation,Father's qualification,GDP,Inflation rate,Marital status,Mother's occupation,Previous qualification,Previous qualification (grade),Previous qualification_shuffled_1,Scholarship holder,Unemployment rate,synthetic_target_2"
students_synthetic_target_2_clean,classification,2.3148000240325928,0.848587570621469,0.8491450337380569,0.8506015089365636,0.8483351224296057,0.9493203308403997,-0.15056473228895773,-0.15000354012316053,23,"Admission grade,Age at enrollment,Application mode,Course,Curricular units 1st sem (approved),Curricular units 1st sem (evaluations),Curricular units 1st sem (grade),Curricular units 2nd sem (approved),Curricular units 2nd sem (enrolled),Curricular units 2nd sem (evaluations),Curricular units 2nd sem (grade),Father's occupation,Father's qualification,GDP,Inflation rate,Marital status,Mother's occupation,Mother's qualification,Previous qualification,Previous qualification (grade),Previous qualification_shuffled_1,Scholarship holder,Unemployment rate,synthetic_target_2"
students_synthetic_target_2_clean,classification,2.3148000240325928,0.8598870056497175,0.8602565026664889,0.8613258862687255,0.8596580319982556,0.9481710750294416,-0.07766597541838083,-0.07714141956494347,24,"Admission grade,Age at enrollment,Application mode,Course,Curricular units 1st sem (approved),Curricular units 1st sem (evaluations),Curricular units 1st sem (grade),Curricular units 2nd sem (approved),Curricular units 2nd sem (enrolled),Curricular units 2nd sem (evaluations),Curricular units 2nd sem (grade),Father's occupation,Father's qualification,GDP,Inflation rate,Marital status,Mother's occupation,Mother's qualification,Previous qualification,Previous qualification (grade),Previous qualification_shuffled_1,Scholarship holder,Unemployment rate,synthetic_target_1,synthetic_target_2"
students_synthetic_target_2_clean,classification,2.3148000240325928,0.8564971751412429,0.8567759416791277,0.8575438105141076,0.8562754999458,0.9484701585171066,-0.10366106164881084,-0.10324386584335499,25,"Admission grade,Age at enrollment,Application mode,Course,Curricular units 1st sem (approved),Curricular units 1st sem (evaluations),Curricular units 1st sem (grade),Curricular units 2nd sem (approved),Curricular units 2nd sem (enrolled),Curricular units 2nd sem (evaluations),Curricular units 2nd sem (grade),Father's occupation,Father's qualification,GDP,Inflation rate,Marital status,Mother's occupation,Mother's qualification,Previous qualification,Previous qualification (grade),Previous qualification_shuffled_1,Scholarship holder,Tuition fees up to date,Unemployment rate,synthetic_target_1,synthetic_target_2"
students_synthetic_target_2_clean,classification,2.3148000240325928,0.8621468926553673,0.8625448933782267,0.8637103039695041,0.8619333448537733,0.9473910020129481,-0.09349029299029532,-0.0930154040697676,26,"Admission grade,Age at enrollment,Application mode,Course,Curricular units 1st sem (approved),Curricular units 1st sem (enrolled),Curricular units 1st sem (evaluations),Curricular units 1st sem (grade),Curricular units 2nd sem (approved),Curricular units 2nd sem (enrolled),Curricular units 2nd sem (evaluations),Curricular units 2nd sem (grade),Father's occupation,Father's qualification,GDP,Inflation rate,Marital status,Mother's occupation,Mother's qualification,Previous qualification,Previous qualification (grade),Previous qualification_shuffled_1,Scholarship holder,Tuition fees up to date,Unemployment rate,synthetic_target_1,synthetic_target_2"
students_synthetic_target_2_clean,classification,2.3148000240325928,0.8598870056497175,0.8604066067728858,0.8618089251813098,0.8596619015779418,0.9497147838468196,-0.13728733738503807,-0.13676248845092565,27,"Admission grade,Age at enrollment,Application mode,Course,Curricular units 1st sem (approved),Curricular units 1st sem (enrolled),Curricular units 1st sem (evaluations),Curricular units 1st sem (grade),Curricular units 2nd sem (approved),Curricular units 2nd sem (enrolled),Curricular units 2nd sem (evaluations),Curricular units 2nd sem (grade),Daytime/evening attendance	,Father's occupation,Father's qualification,GDP,Inflation rate,Marital status,Mother's occupation,Mother's qualification,Previous qualification,Previous qualification (grade),Previous qualification_shuffled_1,Scholarship holder,Tuition fees up to date,Unemployment rate,synthetic_target_1,synthetic_target_2"
students_synthetic_target_2_clean,classification,2.3148000240325928,0.848587570621469,0.8487741099424948,0.8493762658006844,0.8483348627262711,0.9512663875639454,-0.10959270629291362,-0.10922843865123,28,"Admission grade,Age at enrollment,Application mode,Course,Curricular units 1st sem (approved),Curricular units 1st sem (enrolled),Curricular units 1st sem (evaluations),Curricular units 1st sem (grade),Curricular units 2nd sem (approved),Curricular units 2nd sem (enrolled),Curricular units 2nd sem (evaluations),Curricular units 2nd sem (grade),Daytime/evening attendance	,Father's occupation,Father's qualification,GDP,Gender,Inflation rate,Marital status,Mother's occupation,Mother's qualification,Previous qualification,Previous qualification (grade),Previous qualification_shuffled_1,Scholarship holder,Tuition fees up to date,Unemployment rate,synthetic_target_1,synthetic_target_2"
students_synthetic_target_2_clean,classification,2.3148000240325928,0.8655367231638418,0.8656861503099614,0.8663734903013361,0.8653003985874839,0.9504993419316127,-0.10112052464627408,-0.10090801212055456,29,"Admission grade,Age at enrollment,Application mode,Course,Curricular units 1st sem (approved),Curricular units 1st sem (enrolled),Curricular units 1st sem (evaluations),Curricular units 1st sem (grade),Curricular units 2nd sem (approved),Curricular units 2nd sem (credited),Curricular units 2nd sem (enrolled),Curricular units 2nd sem (evaluations),Curricular units 2nd sem (grade),Daytime/evening attendance	,Father's occupation,Father's qualification,GDP,Gender,Inflation rate,Marital status,Mother's occupation,Mother's qualification,Previous qualification,Previous qualification (grade),Previous qualification_shuffled_1,Scholarship holder,Tuition fees up to date,Unemployment rate,synthetic_target_1,synthetic_target_2"
students_synthetic_target_2_clean,classification,2.3148000240325928,0.8666666666666667,0.8667303398148007,0.867251461988304,0.8664341854355565,0.9508035812727024,-0.08275407365545817,-0.08257799754245987,30,"Admission grade,Age at enrollment,Application mode,Course,Curricular units 1st sem (approved),Curricular units 1st sem (enrolled),Curricular units 1st sem (evaluations),Curricular units 1st sem (grade),Curricular units 2nd sem (approved),Curricular units 2nd sem (credited),Curricular units 2nd sem (enrolled),Curricular units 2nd sem (evaluations),Curricular units 2nd sem (grade),Daytime/evening attendance	,Displaced,Father's occupation,Father's qualification,GDP,Gender,Inflation rate,Marital status,Mother's occupation,Mother's qualification,Previous qualification,Previous qualification (grade),Previous qualification_shuffled_1,Scholarship holder,Tuition fees up to date,Unemployment rate,synthetic_target_1,synthetic_target_2"
students_synthetic_target_2_clean,classification,2.3148000240325928,0.864406779661017,0.8646800285897894,0.8655976874283172,0.8641779607751355,0.9505272913344553,-0.12118236981623653,-0.12087377387313336,31,"Admission grade,Age at enrollment,Application mode,Course,Curricular units 1st sem (approved),Curricular units 1st sem (credited)_shuffled_2,Curricular units 1st sem (enrolled),Curricular units 1st sem (evaluations),Curricular units 1st sem (grade),Curricular units 2nd sem (approved),Curricular units 2nd sem (credited),Curricular units 2nd sem (enrolled),Curricular units 2nd sem (evaluations),Curricular units 2nd sem (grade),Daytime/evening attendance	,Displaced,Father's occupation,Father's qualification,GDP,Gender,Inflation rate,Marital status,Mother's occupation,Mother's qualification,Previous qualification,Previous qualification (grade),Previous qualification_shuffled_1,Scholarship holder,Tuition fees up to date,Unemployment rate,synthetic_target_1,synthetic_target_2"
students_synthetic_target_2_clean,classification,2.3148000240325928,0.8587570621468926,0.8589256026470639,0.8594744393346754,0.8585278550265346,0.9491045629384082,-0.14039524076353405,-0.1402229705969319,32,"Admission grade,Age at enrollment,Application mode,Application order,Course,Curricular units 1st sem (approved),Curricular units 1st sem (credited)_shuffled_2,Curricular units 1st sem (enrolled),Curricular units 1st sem (evaluations),Curricular units 1st sem (grade),Curricular units 2nd sem (approved),Curricular units 2nd sem (credited),Curricular units 2nd sem (enrolled),Curricular units 2nd sem (evaluations),Curricular units 2nd sem (grade),Daytime/evening attendance	,Displaced,Father's occupation,Father's qualification,GDP,Gender,Inflation rate,Marital status,Mother's occupation,Mother's qualification,Previous qualification,Previous qualification (grade),Previous qualification_shuffled_1,Scholarship holder,Tuition fees up to date,Unemployment rate,synthetic_target_1,synthetic_target_2"
students_synthetic_target_2_clean,classification,2.3148000240325928,0.8700564971751412,0.8701899921166771,0.8708858183753408,0.86982419694405,0.9505744395013053,-0.09320996227668132,-0.09297735982594224,33,"Admission grade,Age at enrollment,Application mode,Application order,Course,Curricular units 1st sem (approved),Curricular units 1st sem (credited),Curricular units 1st sem (credited)_shuffled_2,Curricular units 1st sem (enrolled),Curricular units 1st sem (evaluations),Curricular units 1st sem (grade),Curricular units 2nd sem (approved),Curricular units 2nd sem (credited),Curricular units 2nd sem (enrolled),Curricular units 2nd sem (evaluations),Curricular units 2nd sem (grade),Daytime/evening attendance	,Displaced,Father's occupation,Father's qualification,GDP,Gender,Inflation rate,Marital status,Mother's occupation,Mother's qualification,Previous qualification,Previous qualification (grade),Previous qualification_shuffled_1,Scholarship holder,Tuition fees up to date,Unemployment rate,synthetic_target_1,synthetic_target_2"
students_synthetic_target_2_clean,classification,2.3148000240325928,0.8689265536723164,0.8691855498727228,0.8700243727115483,0.8687094982910741,0.952509638996966,-0.10875075630225273,-0.10846223719037473,34,"Admission grade,Age at enrollment,Application mode,Application order,Course,Curricular units 1st sem (approved),Curricular units 1st sem (credited),Curricular units 1st sem (credited)_shuffled_2,Curricular units 1st sem (enrolled),Curricular units 1st sem (evaluations),Curricular units 1st sem (grade),Curricular units 2nd sem (approved),Curricular units 2nd sem (credited),Curricular units 2nd sem (enrolled),Curricular units 2nd sem (evaluations),Curricular units 2nd sem (grade),Daytime/evening attendance	,Daytime/evening attendance	_shuffled_1,Displaced,Father's occupation,Father's qualification,GDP,Gender,Inflation rate,Marital status,Mother's occupation,Mother's qualification,Previous qualification,Previous qualification (grade),Previous qualification_shuffled_1,Scholarship holder,Tuition fees up to date,Unemployment rate,synthetic_target_1,synthetic_target_2"
students_synthetic_target_2_clean,classification,2.3148000240325928,0.8576271186440678,0.8580195361187997,0.8589965698723979,0.8574131563735587,0.9524239904419888,-0.11524657448958575,-0.11480309088757634,35,"Admission grade,Age at enrollment,Application mode,Application order,Course,Curricular units 1st sem (approved),Curricular units 1st sem (credited),Curricular units 1st sem (credited)_shuffled_2,Curricular units 1st sem (enrolled),Curricular units 1st sem (evaluations),Curricular units 1st sem (grade),Curricular units 2nd sem (approved),Curricular units 2nd sem (credited),Curricular units 2nd sem (enrolled),Curricular units 2nd sem (evaluations),Curricular units 2nd sem (grade),Daytime/evening attendance	,Daytime/evening attendance	_shuffled_1,Debtor,Displaced,Father's occupation,Father's qualification,GDP,Gender,Inflation rate,Marital status,Mother's occupation,Mother's qualification,Previous qualification,Previous qualification (grade),Previous qualification_shuffled_1,Scholarship holder,Tuition fees up to date,Unemployment rate,synthetic_target_1,synthetic_target_2"
students_synthetic_target_2_clean,classification,2.3148000240325928,0.8564971751412429,0.8570100336875893,0.8584671704935832,0.8562871086848588,0.9478507616252122,-0.12400579179857063,-0.1234823814532191,36,"Admission grade,Age at enrollment,Application mode,Application order,Course,Curricular units 1st sem (approved),Curricular units 1st sem (credited),Curricular units 1st sem (credited)_shuffled_2,Curricular units 1st sem (enrolled),Curricular units 1st sem (evaluations),Curricular units 1st sem (grade),Curricular units 2nd sem (approved),Curricular units 2nd sem (credited),Curricular units 2nd sem (enrolled),Curricular units 2nd sem (evaluations),Curricular units 2nd sem (grade),Daytime/evening attendance	,Daytime/evening attendance	_shuffled_1,Debtor,Debtor_shuffled_2,Displaced,Father's occupation,Father's qualification,GDP,Gender,Inflation rate,Marital status,Mother's occupation,Mother's qualification,Previous qualification,Previous qualification (grade),Previous qualification_shuffled_1,Scholarship holder,Tuition fees up to date,Unemployment rate,synthetic_target_1,synthetic_target_2"
students_synthetic_target_2_clean,classification,2.3148000240325928,0.864406779661017,0.8648273576600101,0.8659173390951107,0.8642122675856424,0.9515381908494721,-0.125985986657152,-0.12554378538530653,37,"Admission grade,Age at enrollment,Application mode,Application order,Course,Curricular units 1st sem (approved),Curricular units 1st sem (credited),Curricular units 1st sem (credited)_shuffled_1,Curricular units 1st sem (credited)_shuffled_2,Curricular units 1st sem (enrolled),Curricular units 1st sem (evaluations),Curricular units 1st sem (grade),Curricular units 2nd sem (approved),Curricular units 2nd sem (credited),Curricular units 2nd sem (enrolled),Curricular units 2nd sem (evaluations),Curricular units 2nd sem (grade),Daytime/evening attendance	,Daytime/evening attendance	_shuffled_1,Debtor,Debtor_shuffled_2,Displaced,Father's occupation,Father's qualification,GDP,Gender,Inflation rate,Marital status,Mother's occupation,Mother's qualification,Previous qualification,Previous qualification (grade),Previous qualification_shuffled_1,Scholarship holder,Tuition fees up to date,Unemployment rate,synthetic_target_1,synthetic_target_2"
students_synthetic_target_2_clean,classification,2.3148000240325928,0.8598870056497175,0.8599809701823381,0.860698159372018,0.859604636992652,0.9491797425200983,-0.1177903043248516,-0.1176558397130667,38,"Admission grade,Age at enrollment,Application mode,Application order,Course,Curricular units 1st sem (approved),Curricular units 1st sem (credited),Curricular units 1st sem (credited)_shuffled_1,Curricular units 1st sem (credited)_shuffled_2,Curricular units 1st sem (enrolled),Curricular units 1st sem (evaluations),Curricular units 1st sem (grade),Curricular units 2nd sem (approved),Curricular units 2nd sem (credited),Curricular units 2nd sem (credited)_shuffled_1,Curricular units 2nd sem (enrolled),Curricular units 2nd sem (evaluations),Curricular units 2nd sem (grade),Daytime/evening attendance	,Daytime/evening attendance	_shuffled_1,Debtor,Debtor_shuffled_2,Displaced,Father's occupation,Father's qualification,GDP,Gender,Inflation rate,Marital status,Mother's occupation,Mother's qualification,Previous qualification,Previous qualification (grade),Previous qualification_shuffled_1,Scholarship holder,Tuition fees up to date,Unemployment rate,synthetic_target_1,synthetic_target_2"
students_synthetic_target_2_clean,classification,2.3148000240325928,0.8564971751412429,0.8559952290400684,0.855876624507042,0.8561761893906304,0.9498139113883074,-0.08981534251911316,-0.09019321566215743,39,"Admission grade,Age at enrollment,Application mode,Application order,Course,Curricular units 1st sem (approved),Curricular units 1st sem (credited),Curricular units 1st sem (credited)_shuffled_1,Curricular units 1st sem (credited)_shuffled_2,Curricular units 1st sem (enrolled),Curricular units 1st sem (evaluations),Curricular units 1st sem (grade),Curricular units 2nd sem (approved),Curricular units 2nd sem (credited),Curricular units 2nd sem (credited)_shuffled_1,Curricular units 2nd sem (enrolled),Curricular units 2nd sem (evaluations),Curricular units 2nd sem (grade),Daytime/evening attendance	,Daytime/evening attendance	_shuffled_1,Debtor,Debtor_shuffled_1,Debtor_shuffled_2,Displaced,Father's occupation,Father's qualification,GDP,Gender,Inflation rate,Marital status,Mother's occupation,Mother's qualification,Previous qualification,Previous qualification (grade),Previous qualification_shuffled_1,Scholarship holder,Tuition fees up to date,Unemployment rate,synthetic_target_1,synthetic_target_2"
drive_diagnosis_synthetic_target_1_noise,classification,505.20606231689453,0.4033498547256879,0.3980017579221823,0.4042104157013696,0.40343220033984745,0.8676808927373414,-0.04760833528862618,-0.0481361594969007,1,"NUM21,synthetic_target_1"
drive_diagnosis_synthetic_target_1_noise,classification,505.20606231689453,0.4306101521107503,0.4267015509350907,0.4302263815930311,0.4306184336629375,0.8807017313662222,-0.15859659047048752,-0.1599612722208012,2,"NUM21,NUM24,synthetic_target_1"
drive_diagnosis_synthetic_target_1_noise,classification,505.20606231689453,0.511365578533584,0.5099902601999885,0.5175877430081169,0.5113432477897016,0.9142173822733155,-0.06002331628983981,-0.060650394392513296,3,"NUM10,NUM21,NUM24,synthetic_target_1"
drive_diagnosis_synthetic_target_1_noise,classification,505.20606231689453,0.5128183216544181,0.5112926695301346,0.5172326080565924,0.5127822816447671,0.9150966018160447,-0.08465641503026577,-0.08538487890612356,4,"NUM10,NUM12,NUM21,NUM24,synthetic_target_1"
drive_diagnosis_synthetic_target_1_noise,classification,505.20606231689453,0.523500256366433,0.5227156300805221,0.5307773865369952,0.5235064299140612,0.9185234870461492,-0.08640851796219307,-0.08661211785798129,5,"NUM10,NUM12,NUM21,NUM24,RES,synthetic_target_1"
drive_diagnosis_synthetic_target_1_noise,classification,505.20606231689453,0.5521278413946334,0.5515087813915165,0.5558465709300614,0.5521416321605759,0.926771773189888,-0.07380417732051603,-0.07411619567125294,6,"NUM10,NUM12,NUM21,NUM24,NUM41,RES,synthetic_target_1"
drive_diagnosis_synthetic_target_1_noise,classification,505.20606231689453,0.556144248846351,0.5579776278417746,0.5638075694522766,0.55612714430663,0.9313916273873116,-0.15977431034351375,-0.1591044733066519,7,"NUM10,NUM12,NUM21,NUM24,NUM40,NUM41,RES,synthetic_target_1"
drive_diagnosis_synthetic_target_1_noise,classification,505.20606231689453,0.56255340967356,0.5637751463258546,0.5690686585695284,0.5625835550742493,0.9330359064783152,-0.16644011693570782,-0.16631797783170255,8,"NUM10,NUM12,NUM21,NUM24,NUM29,NUM40,NUM41,RES,synthetic_target_1"
drive_diagnosis_synthetic_target_1_noise,classification,505.20606231689453,0.56255340967356,0.563784347622182,0.5691592509784883,0.5625814371954475,0.9334099499249823,-0.07976504696754061,-0.0798262040699721,9,"NUM10,NUM12,NUM21,NUM24,NUM29,NUM37,NUM40,NUM41,RES,synthetic_target_1"
drive_diagnosis_synthetic_target_1_noise,classification,505.20606231689453,0.568193471201504,0.5699575405739815,0.5748589670622403,0.5682060789923417,0.9366922215968618,-0.22952909166302482,-0.22879411125221338,10,"NUM10,NUM12,NUM21,NUM24,NUM27,NUM29,NUM37,NUM40,NUM41,RES,synthetic_target_1"
drive_diagnosis_synthetic_target_1_noise,classification,505.20606231689453,0.5742608101179285,0.5758557810419842,0.5808979543162471,0.5742744302691725,0.9374324631048663,-0.259823835341084,-0.25899650584702716,11,"NUM10,NUM12,NUM21,NUM24,NUM26,NUM27,NUM29,NUM37,NUM40,NUM41,RES,synthetic_target_1"
drive_diagnosis_synthetic_target_1_noise,classification,505.20606231689453,0.5789608613912152,0.5801088339952781,0.5851889619607016,0.5789962995927329,0.9380896143172571,-0.19160764331961866,-0.1912497695396378,12,"NUM10,NUM12,NUM21,NUM24,NUM26,NUM27,NUM29,NUM37,NUM39,NUM40,NUM41,RES,synthetic_target_1"
drive_diagnosis_synthetic_target_1_noise,classification,505.20606231689453,0.5805845154674415,0.5820293606127892,0.5865448216864441,0.5806168869306275,0.9388735425855295,-0.1797504771618661,-0.178919657638132,13,"NUM10,NUM12,NUM21,NUM24,NUM25,NUM26,NUM27,NUM29,NUM37,NUM39,NUM40,NUM41,RES,synthetic_target_1"
drive_diagnosis_synthetic_target_1_noise,classification,505.20606231689453,0.5828063578875405,0.5839845218147409,0.5894625045587674,0.5828496535705899,0.9380564556859604,-0.18077601227076912,-0.1801788886418919,14,"NUM10,NUM12,NUM21,NUM24,NUM25,NUM26,NUM27,NUM28,NUM29,NUM37,NUM39,NUM40,NUM41,RES,synthetic_target_1"
drive_diagnosis_synthetic_target_1_noise,classification,505.20606231689453,0.5799008716458725,0.5809832090238358,0.5854341960767449,0.579948904529529,0.9379648563968785,-0.18417287800695725,-0.18348820302593238,15,"NUM10,NUM12,NUM21,NUM24,NUM25,NUM26,NUM27,NUM28,NUM29,NUM37,NUM38,NUM39,NUM40,NUM41,RES,synthetic_target_1"
drive_diagnosis_synthetic_target_1_noise,classification,505.20606231689453,0.5848572893522475,0.5857141526187254,0.5893902651757816,0.5848931181807638,0.9393643703846901,-0.19423558137221686,-0.19357111201461363,16,"NUM10,NUM12,NUM21,NUM24,NUM25,NUM26,NUM27,NUM28,NUM29,NUM37,NUM38,NUM39,NUM40,NUM41,NUM42,RES,synthetic_target_1"
drive_diagnosis_synthetic_target_1_noise,classification,505.20606231689453,0.5813536147667066,0.5823857537875289,0.5862231625657193,0.5813872337971914,0.9396504027757505,-0.26134085400933127,-0.2604700388985314,17,"NUM10,NUM12,NUM21,NUM24,NUM25,NUM26,NUM27,NUM28,NUM29,NUM30,NUM37,NUM38,NUM39,NUM40,NUM41,NUM42,RES,synthetic_target_1"
drive_diagnosis_synthetic_target_1_noise,classification,505.20606231689453,0.5810972483336182,0.5821717226628692,0.5865567488973091,0.581126798711534,0.9391055250454133,-0.30084348702647756,-0.2998763152835593,18,"NUM10,NUM12,NUM21,NUM24,NUM25,NUM26,NUM27,NUM28,NUM29,NUM30,NUM37,NUM38,NUM39,NUM40,NUM41,NUM42,RES,noise_numeric_2,synthetic_target_1"
drive_diagnosis_synthetic_target_1_noise,classification,505.20606231689453,0.5826354469321483,0.5833605817897076,0.5884336978030805,0.5826928088412631,0.9376745062092287,-0.20419130974954458,-0.20375270526344602,19,"NUM10,NUM12,NUM21,NUM24,NUM25,NUM26,NUM27,NUM28,NUM29,NUM30,NUM37,NUM38,NUM39,NUM40,NUM41,NUM42,NUM42_shuffled_2,RES,noise_numeric_2,synthetic_target_1"
drive_diagnosis_synthetic_target_1_noise,classification,505.20606231689453,0.574517176551017,0.5753643964194837,0.5798443968323015,0.5745670078737398,0.9363925876128012,-0.17483655259205988,-0.17432362699806125,20,"NUM10,NUM12,NUM21,NUM24,NUM25,NUM26,NUM27,NUM28,NUM29,NUM30,NUM37,NUM38,NUM39,NUM40,NUM41,NUM41_shuffled_1,NUM42,NUM42_shuffled_2,RES,noise_numeric_2,synthetic_target_1"
drive_diagnosis_synthetic_target_1_noise,classification,505.20606231689453,0.580242693556657,0.5809707520844745,0.5856250762945566,0.5802965054941154,0.9370240817114713,-0.22006495273556426,-0.21932394567957825,21,"NUM10,NUM12,NUM21,NUM24,NUM25,NUM26,NUM27,NUM28,NUM29,NUM30,NUM37,NUM37_shuffled_1,NUM38,NUM39,NUM40,NUM41,NUM41_shuffled_1,NUM42,NUM42_shuffled_2,RES,noise_numeric_2,synthetic_target_1"
drive_diagnosis_synthetic_target_1_noise,classification,505.20606231689453,0.5815245257220988,0.5822557608217213,0.5866051383060241,0.5815618409399799,0.9380473644778906,-0.28012010008173394,-0.2793572769701439,22,"NUM10,NUM12,NUM21,NUM24,NUM25,NUM26,NUM27,NUM28,NUM29,NUM30,NUM37,NUM37_shuffled_1,NUM38,NUM39,NUM39_shuffled_1,NUM40,NUM41,NUM41_shuffled_1,NUM42,NUM42_shuffled_2,RES,noise_numeric_2,synthetic_target_1"
drive_diagnosis_synthetic_target_1_noise,classification,505.20606231689453,0.5794735942573919,0.5800735089315386,0.5848195492639564,0.5795213252375986,0.9373568900101411,-0.25606382535933214,-0.2555026474540516,23,"NUM10,NUM12,NUM21,NUM24,NUM25,NUM26,NUM27,NUM28,NUM29,NUM30,NUM37,NUM37_shuffled_1,NUM38,NUM39,NUM39_shuffled_1,NUM39_shuffled_2,NUM40,NUM41,NUM41_shuffled_1,NUM42,NUM42_shuffled_2,RES,noise_numeric_2,synthetic_target_1"
drive_diagnosis_synthetic_target_1_noise,classification,505.20606231689453,0.5755426422833704,0.5762278615295849,0.5819718751875091,0.5755856430477954,0.9363852152269287,-0.25433323098344873,-0.2538508216785299,24,"NUM10,NUM12,NUM21,NUM24,NUM25,NUM26,NUM27,NUM28,NUM29,NUM30,NUM37,NUM37_shuffled_1,NUM38,NUM39,NUM39_shuffled_1,NUM39_shuffled_2,NUM40,NUM41,NUM41_shuffled_1,NUM41_shuffled_2,NUM42,NUM42_shuffled_2,RES,noise_numeric_2,synthetic_target_1"
drive_diagnosis_synthetic_target_1_noise,classification,505.20606231689453,0.5775935737480773,0.5784179752407106,0.5839911047196431,0.5776463157966585,0.9380078530796936,-0.27462938435647977,-0.2742281967228123,25,"NUM10,NUM12,NUM21,NUM24,NUM25,NUM26,NUM27,NUM28,NUM29,NUM30,NUM37,NUM37_shuffled_1,NUM38,NUM39,NUM39_shuffled_1,NUM39_shuffled_2,NUM40,NUM40_shuffled_2,NUM41,NUM41_shuffled_1,NUM41_shuffled_2,NUM42,NUM42_shuffled_2,RES,noise_numeric_2,synthetic_target_1"
drive_diagnosis_synthetic_target_1_noise,classification,505.20606231689453,0.5810972483336182,0.581717317412864,0.585963027033149,0.5811489200713583,0.9376556713568956,-0.28029100556003017,-0.2795540532271772,26,"NUM10,NUM12,NUM21,NUM24,NUM25,NUM26,NUM27,NUM28,NUM29,NUM30,NUM37,NUM37_shuffled_1,NUM37_shuffled_2,NUM38,NUM39,NUM39_shuffled_1,NUM39_shuffled_2,NUM40,NUM40_shuffled_2,NUM41,NUM41_shuffled_1,NUM41_shuffled_2,NUM42,NUM42_shuffled_2,RES,noise_numeric_2,synthetic_target_1"
drive_diagnosis_synthetic_target_1_noise,classification,505.20606231689453,0.5779353956588618,0.5786319852087093,0.583294843849249,0.5779685217591459,0.9381074471555281,-0.291699488012384,-0.2911099196346876,27,"NUM10,NUM12,NUM21,NUM24,NUM25,NUM26,NUM27,NUM28,NUM29,NUM30,NUM37,NUM37_shuffled_1,NUM37_shuffled_2,NUM38,NUM38_shuffled_2,NUM39,NUM39_shuffled_1,NUM39_shuffled_2,NUM40,NUM40_shuffled_2,NUM41,NUM41_shuffled_1,NUM41_shuffled_2,NUM42,NUM42_shuffled_2,RES,noise_numeric_2,synthetic_target_1"
drive_diagnosis_synthetic_target_1_noise,classification,505.20606231689453,0.5729789779524868,0.574012952166833,0.5777490683849662,0.5730181753644019,0.9363442458767316,-0.35068628579011585,-0.3494168681975367,28,"NUM10,NUM12,NUM21,NUM24,NUM25,NUM26,NUM27,NUM28,NUM29,NUM30,NUM36_shuffled_1,NUM37,NUM37_shuffled_1,NUM37_shuffled_2,NUM38,NUM38_shuffled_2,NUM39,NUM39_shuffled_1,NUM39_shuffled_2,NUM40,NUM40_shuffled_2,NUM41,NUM41_shuffled_1,NUM41_shuffled_2,NUM42,NUM42_shuffled_2,RES,noise_numeric_2,synthetic_target_1"
drive_diagnosis_synthetic_target_1_noise,classification,505.20606231689453,0.5807554264228337,0.5817073646079565,0.5863581076227037,0.5807763776644218,0.9381059326880495,-0.2816796794374008,-0.28077895322581303,29,"NUM10,NUM12,NUM21,NUM24,NUM25,NUM26,NUM27,NUM28,NUM29,NUM30,NUM36_shuffled_1,NUM37,NUM37_shuffled_1,NUM37_shuffled_2,NUM38,NUM38_shuffled_2,NUM39,NUM39_shuffled_1,NUM39_shuffled_2,NUM40,NUM40_shuffled_2,NUM41,NUM41_shuffled_1,NUM41_shuffled_2,NUM42,NUM42_shuffled_2,RES,noise_numeric_2,synthetic_target_1,synthetic_target_2"
drive_diagnosis_synthetic_target_1_noise,classification,505.20606231689453,0.5781917620919501,0.5790624260305647,0.5834767171417902,0.578234068900966,0.9371776612511343,-0.28138052410455894,-0.28034655559140176,30,"NUM10,NUM12,NUM21,NUM24,NUM25,NUM26,NUM27,NUM28,NUM29,NUM30,NUM35_shuffled_2,NUM36_shuffled_1,NUM37,NUM37_shuffled_1,NUM37_shuffled_2,NUM38,NUM38_shuffled_2,NUM39,NUM39_shuffled_1,NUM39_shuffled_2,NUM40,NUM40_shuffled_2,NUM41,NUM41_shuffled_1,NUM41_shuffled_2,NUM42,NUM42_shuffled_2,RES,noise_numeric_2,synthetic_target_1,synthetic_target_2"
drive_diagnosis_synthetic_target_1_noise,classification,505.20606231689453,0.579559049735088,0.5803531388895637,0.5856998339998858,0.5796045196545339,0.9370308892611576,-0.268070578311999,-0.26742070161378106,31,"NUM10,NUM12,NUM21,NUM24,NUM25,NUM26,NUM27,NUM28,NUM29,NUM30,NUM35_shuffled_2,NUM36_shuffled_1,NUM37,NUM37_shuffled_1,NUM37_shuffled_2,NUM38,NUM38_shuffled_2,NUM39,NUM39_shuffled_1,NUM39_shuffled_2,NUM40,NUM40_shuffled_1,NUM40_shuffled_2,NUM41,NUM41_shuffled_1,NUM41_shuffled_2,NUM42,NUM42_shuffled_2,RES,noise_numeric_2,synthetic_target_1,synthetic_target_2"
drive_diagnosis_synthetic_target_1_noise,classification,505.20606231689453,0.5708425910100837,0.57146075528132,0.5747472984173952,0.570877535488261,0.9323972619908333,-0.27847481877905034,-0.27751873002026195,32,"NUM10,NUM12,NUM21,NUM23,NUM24,NUM25,NUM26,NUM27,NUM28,NUM29,NUM30,NUM35_shuffled_2,NUM36_shuffled_1,NUM37,NUM37_shuffled_1,NUM37_shuffled_2,NUM38,NUM38_shuffled_2,NUM39,NUM39_shuffled_1,NUM39_shuffled_2,NUM40,NUM40_shuffled_1,NUM40_shuffled_2,NUM41,NUM41_shuffled_1,NUM41_shuffled_2,NUM42,NUM42_shuffled_2,RES,noise_numeric_2,synthetic_target_1,synthetic_target_2"
drive_diagnosis_synthetic_target_1_noise,classification,505.20606231689453,0.5804136045120493,0.5811456653387985,0.5856944147773219,0.5804676044671649,0.9382962382833546,-0.23087530526640265,-0.23024985679935162,33,"NUM10,NUM12,NUM19,NUM21,NUM23,NUM24,NUM25,NUM26,NUM27,NUM28,NUM29,NUM30,NUM35_shuffled_2,NUM36_shuffled_1,NUM37,NUM37_shuffled_1,NUM37_shuffled_2,NUM38,NUM38_shuffled_2,NUM39,NUM39_shuffled_1,NUM39_shuffled_2,NUM40,NUM40_shuffled_1,NUM40_shuffled_2,NUM41,NUM41_shuffled_1,NUM41_shuffled_2,NUM42,NUM42_shuffled_2,RES,noise_numeric_2,synthetic_target_1,synthetic_target_2"
drive_diagnosis_synthetic_target_1_noise,classification,505.20606231689453,0.5960519569304392,0.5972225243486936,0.6028311876894324,0.5961080793037202,0.9426905256372357,-0.3076590264694796,-0.30671409000012806,34,"NUM10,NUM12,NUM17,NUM19,NUM21,NUM23,NUM24,NUM25,NUM26,NUM27,NUM28,NUM29,NUM30,NUM35_shuffled_2,NUM36_shuffled_1,NUM37,NUM37_shuffled_1,NUM37_shuffled_2,NUM38,NUM38_shuffled_2,NUM39,NUM39_shuffled_1,NUM39_shuffled_2,NUM40,NUM40_shuffled_1,NUM40_shuffled_2,NUM41,NUM41_shuffled_1,NUM41_shuffled_2,NUM42,NUM42_shuffled_2,RES,noise_numeric_2,synthetic_target_1,synthetic_target_2"
drive_diagnosis_synthetic_target_1_noise,classification,505.20606231689453,0.6006665527260298,0.6014740022942903,0.6055251786243637,0.6007156381706932,0.944136957225722,-0.27441623403663395,-0.27357517139130705,35,"NUM10,NUM12,NUM17,NUM19,NUM20,NUM21,NUM23,NUM24,NUM25,NUM26,NUM27,NUM28,NUM29,NUM30,NUM35_shuffled_2,NUM36_shuffled_1,NUM37,NUM37_shuffled_1,NUM37_shuffled_2,NUM38,NUM38_shuffled_2,NUM39,NUM39_shuffled_1,NUM39_shuffled_2,NUM40,NUM40_shuffled_1,NUM40_shuffled_2,NUM41,NUM41_shuffled_1,NUM41_shuffled_2,NUM42,NUM42_shuffled_2,RES,noise_numeric_2,synthetic_target_1,synthetic_target_2"
drive_diagnosis_synthetic_target_1_noise,classification,505.20606231689453,0.6005810972483336,0.6015438572071701,0.6056630255380192,0.6006173166718245,0.944035619150888,-0.28287650524701957,-0.28188837832158076,36,"NUM10,NUM12,NUM17,NUM19,NUM20,NUM21,NUM22,NUM23,NUM24,NUM25,NUM26,NUM27,NUM28,NUM29,NUM30,NUM35_shuffled_2,NUM36_shuffled_1,NUM37,NUM37_shuffled_1,NUM37_shuffled_2,NUM38,NUM38_shuffled_2,NUM39,NUM39_shuffled_1,NUM39_shuffled_2,NUM40,NUM40_shuffled_1,NUM40_shuffled_2,NUM41,NUM41_shuffled_1,NUM41_shuffled_2,NUM42,NUM42_shuffled_2,RES,noise_numeric_2,synthetic_target_1,synthetic_target_2"
drive_diagnosis_synthetic_target_1_noise,classification,505.20606231689453,0.5996410869936762,0.6005708289279131,0.6052452350171418,0.5996793749072561,0.9439078316627859,-0.30573631382244104,-0.30487484487051764,37,"NUM10,NUM12,NUM17,NUM19,NUM20,NUM21,NUM22,NUM23,NUM24,NUM25,NUM26,NUM27,NUM28,NUM29,NUM30,NUM32,NUM35_shuffled_2,NUM36_shuffled_1,NUM37,NUM37_shuffled_1,NUM37_shuffled_2,NUM38,NUM38_shuffled_2,NUM39,NUM39_shuffled_1,NUM39_shuffled_2,NUM40,NUM40_shuffled_1,NUM40_shuffled_2,NUM41,NUM41_shuffled_1,NUM41_shuffled_2,NUM42,NUM42_shuffled_2,RES,noise_numeric_2,synthetic_target_1,synthetic_target_2"
drive_diagnosis_synthetic_target_1_noise,classification,505.20606231689453,0.6033156725346095,0.6040873224138813,0.6073543555902836,0.6033446962104253,0.9449440673321619,-0.304304982495621,-0.303416852568286,38,"NUM10,NUM12,NUM16,NUM17,NUM19,NUM20,NUM21,NUM22,NUM23,NUM24,NUM25,NUM26,NUM27,NUM28,NUM29,NUM30,NUM32,NUM35_shuffled_2,NUM36_shuffled_1,NUM37,NUM37_shuffled_1,NUM37_shuffled_2,NUM38,NUM38_shuffled_2,NUM39,NUM39_shuffled_1,NUM39_shuffled_2,NUM40,NUM40_shuffled_1,NUM40_shuffled_2,NUM41,NUM41_shuffled_1,NUM41_shuffled_2,NUM42,NUM42_shuffled_2,RES,noise_numeric_2,synthetic_target_1,synthetic_target_2"
drive_diagnosis_synthetic_target_1_noise,classification,505.20606231689453,0.6030593061015211,0.6037894450624199,0.6072564587325525,0.6030822283318347,0.9446745097480089,-0.30624913067075654,-0.3053901713014723,39,"NUM10,NUM12,NUM16,NUM17,NUM19,NUM20,NUM21,NUM22,NUM23,NUM24,NUM25,NUM26,NUM27,NUM28,NUM29,NUM30,NUM32,NUM33,NUM35_shuffled_2,NUM36_shuffled_1,NUM37,NUM37_shuffled_1,NUM37_shuffled_2,NUM38,NUM38_shuffled_2,NUM39,NUM39_shuffled_1,NUM39_shuffled_2,NUM40,NUM40_shuffled_1,NUM40_shuffled_2,NUM41,NUM41_shuffled_1,NUM41_shuffled_2,NUM42,NUM42_shuffled_2,RES,noise_numeric_2,synthetic_target_1,synthetic_target_2"
drive_diagnosis_synthetic_target_1_noise,classification,505.20606231689453,0.6208340454623141,0.6215577471040463,0.6250501613616125,0.6208649040050815,0.95048003975636,-0.29595190535700777,-0.2951988989124291,40,"NUM10,NUM12,NUM16,NUM17,NUM18,NUM19,NUM20,NUM21,NUM22,NUM23,NUM24,NUM25,NUM26,NUM27,NUM28,NUM29,NUM30,NUM32,NUM33,NUM35_shuffled_2,NUM36_shuffled_1,NUM37,NUM37_shuffled_1,NUM37_shuffled_2,NUM38,NUM38_shuffled_2,NUM39,NUM39_shuffled_1,NUM39_shuffled_2,NUM40,NUM40_shuffled_1,NUM40_shuffled_2,NUM41,NUM41_shuffled_1,NUM41_shuffled_2,NUM42,NUM42_shuffled_2,RES,noise_numeric_2,synthetic_target_1,synthetic_target_2"
drive_diagnosis_synthetic_target_1_clean,classification,183.14953565597534,0.4033498547256879,0.3980017579221823,0.4042104157013696,0.40343220033984745,0.8676808927373414,-0.04760833528862618,-0.0481361594969007,1,"NUM21,synthetic_target_1"
drive_diagnosis_synthetic_target_1_clean,classification,183.14953565597534,0.4306101521107503,0.4267015509350907,0.4302263815930311,0.4306184336629375,0.8807017313662222,-0.15859659047048752,-0.1599612722208012,2,"NUM21,NUM24,synthetic_target_1"
drive_diagnosis_synthetic_target_1_clean,classification,183.14953565597534,0.511365578533584,0.5099902601999885,0.5175877430081169,0.5113432477897016,0.9142173822733155,-0.06002331628983981,-0.060650394392513296,3,"NUM10,NUM21,NUM24,synthetic_target_1"
drive_diagnosis_synthetic_target_1_clean,classification,183.14953565597534,0.5207656810801572,0.5187913309987408,0.5281898216196347,0.5207822672231992,0.9159922580493949,-0.031587599412076894,-0.031858696329775116,4,"NUM10,NUM21,NUM24,NUM8,synthetic_target_1"
drive_diagnosis_synthetic_target_1_clean,classification,183.14953565597534,0.5497350880191421,0.5488322906243686,0.552927761835107,0.5497526557829612,0.9270592361419613,-0.09375840654363699,-0.09425028402199997,5,"NUM10,NUM21,NUM24,NUM41,NUM8,synthetic_target_1"
drive_diagnosis_synthetic_target_1_clean,classification,183.14953565597534,0.5548624166809093,0.5540610780530157,0.5591639137349632,0.5548855799488777,0.9288651128111293,-0.07515018827134146,-0.07583535783120987,6,"NUM10,NUM21,NUM24,NUM29,NUM41,NUM8,synthetic_target_1"
drive_diagnosis_synthetic_target_1_clean,classification,183.14953565597534,0.5556315159801744,0.5552396541639523,0.5595992693964512,0.5556576088299312,0.9276824618259323,-0.07179600554438392,-0.07219874438701901,7,"NUM10,NUM21,NUM24,NUM29,NUM41,NUM7,NUM8,synthetic_target_1"
drive_diagnosis_synthetic_target_1_clean,classification,183.14953565597534,0.5622115877627756,0.5618979519359372,0.5665311125976308,0.5621911069645716,0.9296084044810627,-0.15439062985424756,-0.15489086592002088,8,"NUM10,NUM21,NUM24,NUM26,NUM29,NUM41,NUM7,NUM8,synthetic_target_1"
drive_diagnosis_synthetic_target_1_clean,classification,183.14953565597534,0.5663989061698855,0.566436183507808,0.5702957698904473,0.5664014802539572,0.9336933562647076,-0.243009942933881,-0.24341168252579737,9,"NUM10,NUM21,NUM24,NUM26,NUM27,NUM29,NUM41,NUM7,NUM8,synthetic_target_1"
drive_diagnosis_synthetic_target_1_clean,classification,183.14953565597534,0.5679371047684156,0.5680485322160014,0.5714599308022716,0.5679439321820597,0.9327265804114865,-0.22250022298170724,-0.22225086208043587,10,"NUM10,NUM21,NUM24,NUM26,NUM27,NUM29,NUM41,NUM7,NUM8,NUM9,synthetic_target_1"
drive_diagnosis_synthetic_target_1_clean,classification,183.14953565597534,0.5746880875064092,0.5761718549937679,0.5810623649259125,0.5747432958601992,0.9375549297623934,-0.2358530708673383,-0.2348262231088779,11,"NUM10,NUM21,NUM24,NUM26,NUM27,NUM29,NUM40,NUM41,NUM7,NUM8,NUM9,synthetic_target_1"
drive_diagnosis_synthetic_target_1_clean,classification,183.14953565597534,0.5677661938130234,0.5692543759627926,0.5738733100293619,0.5678016727108799,0.9346222335977508,-0.23111004264733515,-0.22966107971492067,12,"NUM10,NUM21,NUM24,NUM26,NUM27,NUM29,NUM37,NUM40,NUM41,NUM7,NUM8,NUM9,synthetic_target_1"
drive_diagnosis_synthetic_target_1_clean,classification,183.14953565597534,0.5669116390360622,0.5683870365377861,0.5721766471191689,0.5669451816824568,0.9342230468138752,-0.2862086207541401,-0.2844250013434273,13,"NUM10,NUM21,NUM24,NUM26,NUM27,NUM29,NUM37,NUM39,NUM40,NUM41,NUM7,NUM8,NUM9,synthetic_target_1"
drive_diagnosis_synthetic_target_1_clean,classification,183.14953565597534,0.5755426422833704,0.5771506557470059,0.5827417550868754,0.5755605863153055,0.9374494277223568,-0.2030588489465739,-0.20223159293198278,14,"NUM10,NUM21,NUM24,NUM25,NUM26,NUM27,NUM29,NUM37,NUM39,NUM40,NUM41,NUM7,NUM8,NUM9,synthetic_target_1"
drive_diagnosis_synthetic_target_1_clean,classification,183.14953565597534,0.5793026833019996,0.5806102088264719,0.5843070415981512,0.5793667099843597,0.937826473128455,-0.17622533601135093,-0.1750885624380416,15,"NUM10,NUM21,NUM24,NUM25,NUM26,NUM27,NUM29,NUM37,NUM39,NUM40,NUM41,NUM42,NUM7,NUM8,NUM9,synthetic_target_1"
drive_diagnosis_synthetic_target_1_clean,classification,183.14953565597534,0.5822081695436677,0.5838836972589383,0.5885760022883533,0.5822747846020072,0.939244944994152,-0.2994121009286975,-0.2977180053009807,16,"NUM10,NUM21,NUM24,NUM25,NUM26,NUM27,NUM28,NUM29,NUM37,NUM39,NUM40,NUM41,NUM42,NUM7,NUM8,NUM9,synthetic_target_1"
drive_diagnosis_synthetic_target_1_clean,classification,183.14953565597534,0.5827209024098444,0.584094471493258,0.5882899701866658,0.582778287752057,0.939141440982388,-0.22395331298528875,-0.22277893620986255,17,"NUM10,NUM20,NUM21,NUM24,NUM25,NUM26,NUM27,NUM28,NUM29,NUM37,NUM39,NUM40,NUM41,NUM42,NUM7,NUM8,NUM9,synthetic_target_1"
drive_diagnosis_synthetic_target_1_clean,classification,183.14953565597534,0.5831481797983251,0.5846033883981778,0.5891244027586343,0.583201371342711,0.9382942833612687,-0.22972169009293042,-0.22857982327370585,18,"NUM10,NUM20,NUM21,NUM24,NUM25,NUM26,NUM27,NUM28,NUM29,NUM37,NUM38,NUM39,NUM40,NUM41,NUM42,NUM7,NUM8,NUM9,synthetic_target_1"
drive_diagnosis_synthetic_target_1_clean,classification,183.14953565597534,0.567509827379935,0.5689448723787349,0.5734237439024384,0.5675632222941197,0.9281934097865744,-0.16849119810770574,-0.16743939668775953,19,"NUM10,NUM20,NUM21,NUM24,NUM25,NUM26,NUM27,NUM28,NUM29,NUM30,NUM37,NUM38,NUM39,NUM40,NUM41,NUM42,NUM7,NUM8,NUM9,synthetic_target_1"
drive_diagnosis_synthetic_target_1_clean,classification,183.14953565597534,0.6006665527260298,0.6017419277438325,0.604645467967189,0.6007005571316716,0.9447271748111881,-0.35303695315984196,-0.3518363448445865,20,"NUM10,NUM17,NUM20,NUM21,NUM24,NUM25,NUM26,NUM27,NUM28,NUM29,NUM30,NUM37,NUM38,NUM39,NUM40,NUM41,NUM42,NUM7,NUM8,NUM9,synthetic_target_1"
drive_diagnosis_synthetic_target_1_clean,classification,183.14953565597534,0.6013501965475987,0.6026298810026799,0.6074858037509104,0.6014135834177513,0.9449143442809582,-0.24333115453236798,-0.24252296680450647,21,"NUM10,NUM17,NUM20,NUM21,NUM23,NUM24,NUM25,NUM26,NUM27,NUM28,NUM29,NUM30,NUM37,NUM38,NUM39,NUM40,NUM41,NUM42,NUM7,NUM8,NUM9,synthetic_target_1"
drive_diagnosis_synthetic_target_1_clean,classification,183.14953565597534,0.6114339429157409,0.6122509717519343,0.6142281882257681,0.6114691319525073,0.9469125609022921,-0.25018931856224313,-0.24926259358848835,22,"NUM10,NUM17,NUM20,NUM21,NUM23,NUM24,NUM25,NUM26,NUM27,NUM28,NUM29,NUM30,NUM37,NUM38,NUM39,NUM40,NUM41,NUM42,NUM5,NUM7,NUM8,NUM9,synthetic_target_1"
drive_diagnosis_synthetic_target_1_clean,classification,183.14953565597534,0.6359596650145274,0.636847042303647,0.6393092424479835,0.63599274550819,0.9538173988459833,-0.20761074112130695,-0.20666055149942897,23,"NUM10,NUM17,NUM18,NUM20,NUM21,NUM23,NUM24,NUM25,NUM26,NUM27,NUM28,NUM29,NUM30,NUM37,NUM38,NUM39,NUM40,NUM41,NUM42,NUM5,NUM7,NUM8,NUM9,synthetic_target_1"
drive_diagnosis_synthetic_target_1_clean,classification,183.14953565597534,0.6286959494103572,0.6299960577053901,0.6322629769803023,0.6286844857716816,0.9513557594514078,-0.3683771379483711,-0.3670764139447824,24,"NUM10,NUM17,NUM18,NUM20,NUM21,NUM22,NUM23,NUM24,NUM25,NUM26,NUM27,NUM28,NUM29,NUM30,NUM37,NUM38,NUM39,NUM40,NUM41,NUM42,NUM5,NUM7,NUM8,NUM9,synthetic_target_1"
drive_diagnosis_synthetic_target_1_clean,classification,183.14953565597534,0.68612203042215,0.6862880264818197,0.6872912383813939,0.6861587858821153,0.9645363848249026,-0.14932993189117916,-0.14892787735565527,25,"NUM10,NUM15,NUM17,NUM18,NUM20,NUM21,NUM22,NUM23,NUM24,NUM25,NUM26,NUM27,NUM28,NUM29,NUM30,NUM37,NUM38,NUM39,NUM40,NUM41,NUM42,NUM5,NUM7,NUM8,NUM9,synthetic_target_1"
drive_diagnosis_synthetic_target_1_clean,classification,183.14953565597534,0.6968894206118612,0.6971814310643651,0.697837118168068,0.6968863675612353,0.9669002850061706,-0.2760633428636873,-0.27573342313868787,26,"NUM10,NUM15,NUM17,NUM18,NUM19,NUM20,NUM21,NUM22,NUM23,NUM24,NUM25,NUM26,NUM27,NUM28,NUM29,NUM30,NUM37,NUM38,NUM39,NUM40,NUM41,NUM42,NUM5,NUM7,NUM8,NUM9,synthetic_target_1"
drive_diagnosis_synthetic_target_1_clean,classification,183.14953565597534,0.6869765851991113,0.6870896456701946,0.6880932827182139,0.6870107907587796,0.9650366624773394,-0.1893239681369282,-0.189043140773125,27,"NUM10,NUM15,NUM17,NUM18,NUM19,NUM20,NUM21,NUM22,NUM23,NUM24,NUM25,NUM26,NUM27,NUM28,NUM29,NUM30,NUM32,NUM37,NUM38,NUM39,NUM40,NUM41,NUM42,NUM5,NUM7,NUM8,NUM9,synthetic_target_1"
drive_diagnosis_synthetic_target_1_clean,classification,183.14953565597534,0.6807383353272944,0.6808081408587878,0.6816561302999152,0.6807647047369021,0.9637039185510594,-0.2571769337563896,-0.25696379563132576,28,"NUM10,NUM15,NUM16,NUM17,NUM18,NUM19,NUM20,NUM21,NUM22,NUM23,NUM24,NUM25,NUM26,NUM27,NUM28,NUM29,NUM30,NUM32,NUM37,NUM38,NUM39,NUM40,NUM41,NUM42,NUM5,NUM7,NUM8,NUM9,synthetic_target_1"
drive_diagnosis_synthetic_target_1_clean,classification,183.14953565597534,0.7150059818834388,0.7152772609053243,0.7161233578904878,0.7150426710423422,0.969526472910945,-0.24081259226145413,-0.2404751577679265,29,"NUM10,NUM15,NUM16,NUM17,NUM18,NUM19,NUM20,NUM21,NUM22,NUM23,NUM24,NUM25,NUM26,NUM27,NUM28,NUM29,NUM3,NUM30,NUM32,NUM37,NUM38,NUM39,NUM40,NUM41,NUM42,NUM5,NUM7,NUM8,NUM9,synthetic_target_1"
drive_diagnosis_synthetic_target_1_clean,classification,183.14953565597534,0.7089386429670141,0.7091719012743426,0.7103485525267964,0.7090022441225471,0.968086305940007,-0.24888817780765626,-0.24860824811523907,30,"NUM10,NUM15,NUM16,NUM17,NUM18,NUM19,NUM20,NUM21,NUM22,NUM23,NUM24,NUM25,NUM26,NUM27,NUM28,NUM29,NUM3,NUM30,NUM32,NUM37,NUM38,NUM39,NUM40,NUM41,NUM42,NUM5,NUM7,NUM8,NUM9,synthetic_target_1,synthetic_target_2"
drive_diagnosis_synthetic_target_1_clean,classification,183.14953565597534,0.7121859511194668,0.7121591743676667,0.7128295291836776,0.7122357826157151,0.9691463303233759,-0.23367684717993287,-0.2336083814200226,31,"NUM10,NUM15,NUM16,NUM17,NUM18,NUM19,NUM20,NUM21,NUM22,NUM23,NUM24,NUM25,NUM26,NUM27,NUM28,NUM29,NUM3,NUM30,NUM32,NUM37,NUM38,NUM39,NUM4,NUM40,NUM41,NUM42,NUM5,NUM7,NUM8,NUM9,synthetic_target_1,synthetic_target_2"
drive_diagnosis_synthetic_target_1_clean,classification,183.14953565597534,0.7126986839856435,0.712730015249132,0.713440205113068,0.7127457865448625,0.9689548419364887,-0.23630467021351476,-0.2361907586992329,32,"NUM10,NUM15,NUM16,NUM17,NUM18,NUM19,NUM20,NUM21,NUM22,NUM23,NUM24,NUM25,NUM26,NUM27,NUM28,NUM29,NUM3,NUM30,NUM31,NUM32,NUM37,NUM38,NUM39,NUM4,NUM40,NUM41,NUM42,NUM5,NUM7,NUM8,NUM9,synthetic_target_1,synthetic_target_2"
drive_diagnosis_synthetic_target_1_clean,classification,183.14953565597534,0.7156896257050077,0.71591684959176,0.7164142368253806,0.7157081283917659,0.9695364866307965,-0.2739273119325252,-0.27369102311946636,33,"NUM10,NUM13,NUM15,NUM16,NUM17,NUM18,NUM19,NUM20,NUM21,NUM22,NUM23,NUM24,NUM25,NUM26,NUM27,NUM28,NUM29,NUM3,NUM30,NUM31,NUM32,NUM37,NUM38,NUM39,NUM4,NUM40,NUM41,NUM42,NUM5,NUM7,NUM8,NUM9,synthetic_target_1,synthetic_target_2"
drive_diagnosis_synthetic_target_1_clean,classification,183.14953565597534,0.7096222867885832,0.7097574923686696,0.7104111482927714,0.7096731118606939,0.9683253196353931,-0.2117997227399061,-0.21151750138318892,34,"NUM10,NUM13,NUM15,NUM16,NUM17,NUM18,NUM19,NUM20,NUM21,NUM22,NUM23,NUM24,NUM25,NUM26,NUM27,NUM28,NUM29,NUM3,NUM30,NUM31,NUM32,NUM33,NUM37,NUM38,NUM39,NUM4,NUM40,NUM41,NUM42,NUM5,NUM7,NUM8,NUM9,synthetic_target_1,synthetic_target_2"
drive_diagnosis_synthetic_target_1_clean,classification,183.14953565597534,0.7027858485728935,0.7028543094834304,0.7040673569051512,0.7028378114098506,0.9666348943297087,-0.23985093652335276,-0.23969502219577243,35,"NUM10,NUM13,NUM15,NUM16,NUM17,NUM18,NUM19,NUM20,NUM21,NUM22,NUM23,NUM24,NUM25,NUM26,NUM27,NUM28,NUM29,NUM3,NUM30,NUM31,NUM32,NUM33,NUM34,NUM37,NUM38,NUM39,NUM4,NUM40,NUM41,NUM42,NUM5,NUM7,NUM8,NUM9,synthetic_target_1,synthetic_target_2"
drive_diagnosis_synthetic_target_1_clean,classification,183.14953565597534,0.7148350709280464,0.7149186156092184,0.7157026047278955,0.7148481460657329,0.9686050738036767,-0.25807496389580475,-0.2579479543094859,36,"NUM10,NUM13,NUM15,NUM16,NUM17,NUM18,NUM19,NUM20,NUM21,NUM22,NUM23,NUM24,NUM25,NUM26,NUM27,NUM28,NUM29,NUM3,NUM30,NUM31,NUM32,NUM33,NUM34,NUM37,NUM38,NUM39,NUM4,NUM40,NUM41,NUM42,NUM5,NUM6,NUM7,NUM8,NUM9,synthetic_target_1,synthetic_target_2"
drive_diagnosis_synthetic_target_1_clean,classification,183.14953565597534,0.7118441292086822,0.7121960699054654,0.7134049755109616,0.7118798918010654,0.9681667978031829,-0.2560239247148762,-0.2556357384545135,37,"NUM10,NUM12,NUM13,NUM15,NUM16,NUM17,NUM18,NUM19,NUM20,NUM21,NUM22,NUM23,NUM24,NUM25,NUM26,NUM27,NUM28,NUM29,NUM3,NUM30,NUM31,NUM32,NUM33,NUM34,NUM37,NUM38,NUM39,NUM4,NUM40,NUM41,NUM42,NUM5,NUM6,NUM7,NUM8,NUM9,synthetic_target_1,synthetic_target_2"
drive_diagnosis_synthetic_target_1_clean,classification,183.14953565597534,0.7062040676807383,0.7063061546126739,0.7069525627315407,0.706198603522186,0.9669560362268914,-0.28772846377823147,-0.28762191902179557,38,"NUM10,NUM12,NUM13,NUM15,NUM16,NUM17,NUM18,NUM19,NUM20,NUM21,NUM22,NUM23,NUM24,NUM25,NUM26,NUM27,NUM28,NUM29,NUM3,NUM30,NUM31,NUM32,NUM33,NUM34,NUM37,NUM38,NUM39,NUM4,NUM40,NUM41,NUM42,NUM5,NUM6,NUM7,NUM8,NUM9,NUM9_shuffled_1,synthetic_target_1,synthetic_target_2"
drive_diagnosis_synthetic_target_1_clean,classification,183.14953565597534,0.7192787557682447,0.7194443859074634,0.719930519722626,0.7193019983838547,0.9695428483354395,-0.27828571108500366,-0.2781171891593136,39,"NUM10,NUM12,NUM13,NUM15,NUM16,NUM17,NUM18,NUM19,NUM20,NUM21,NUM22,NUM23,NUM24,NUM25,NUM26,NUM27,NUM28,NUM29,NUM3,NUM30,NUM31,NUM32,NUM33,NUM34,NUM35,NUM37,NUM38,NUM39,NUM4,NUM40,NUM41,NUM42,NUM5,NUM6,NUM7,NUM8,NUM9,NUM9_shuffled_1,synthetic_target_1,synthetic_target_2"
drive_diagnosis_synthetic_target_1_clean,classification,183.14953565597534,0.7054349683814732,0.7056308004762475,0.7069093961707447,0.7054617047591558,0.9670613918059381,-0.23119844115128896,-0.23091095545426432,40,"NUM10,NUM11,NUM12,NUM13,NUM15,NUM16,NUM17,NUM18,NUM19,NUM20,NUM21,NUM22,NUM23,NUM24,NUM25,NUM26,NUM27,NUM28,NUM29,NUM3,NUM30,NUM31,NUM32,NUM33,NUM34,NUM35,NUM37,NUM38,NUM39,NUM4,NUM40,NUM41,NUM42,NUM5,NUM6,NUM7,NUM8,NUM9,NUM9_shuffled_1,synthetic_target_1,synthetic_target_2"
drive_diagnosis_synthetic_target_2_noise,classification,68.07114100456238,0.16920184583831824,0.11641133642954075,0.09542536851952269,0.16892060911702622,0.6300269200632141,0.0019619030947115035,0.0013438056418007827,1,"NUM27,synthetic_target_2"
drive_diagnosis_synthetic_target_2_noise,classification,68.07114100456238,0.19911126303196036,0.15914413798863392,0.16337173070054642,0.19889977481144186,0.6639301519665147,-0.0005597263499697025,-0.0013101170178275445,2,"NUM26,NUM27,synthetic_target_2"
drive_diagnosis_synthetic_target_2_noise,classification,68.07114100456238,0.22526063920697317,0.19744327919058557,0.19697347564385323,0.22513015231557063,0.7043028548923633,-0.03912289317066267,-0.04267973445600848,3,"NUM26,NUM27,NUM38,synthetic_target_2"
drive_diagnosis_synthetic_target_2_noise,classification,68.07114100456238,0.2540591351905657,0.23236786236239473,0.23306189623327137,0.2539431391486439,0.7395380786167429,-0.18508458262941846,-0.1988684987111927,4,"NUM26,NUM27,NUM38,NUM41,synthetic_target_2"
drive_diagnosis_synthetic_target_2_noise,classification,68.07114100456238,0.2694411211758674,0.2515781749636971,0.24942309438903754,0.26933376139996157,0.7526553692063414,-0.1679293575986749,-0.17458702977151275,5,"NUM26,NUM27,NUM38,NUM41,NUM42,synthetic_target_2"
drive_diagnosis_synthetic_target_2_noise,classification,68.07114100456238,0.2732011621944967,0.2544684715903488,0.25451275824444486,0.27309937932023476,0.7585802202236702,-0.2674871963843483,-0.28277384755165536,6,"NUM26,NUM27,NUM38,NUM39,NUM41,NUM42,synthetic_target_2"
drive_diagnosis_synthetic_target_2_noise,classification,68.07114100456238,0.27337207314988893,0.25265841535059713,0.25188787307800636,0.27328725085301164,0.7568049998465418,-0.08155347217452835,-0.08725381270582894,7,"NUM26,NUM27,NUM30,NUM38,NUM39,NUM41,NUM42,synthetic_target_2"
drive_diagnosis_synthetic_target_2_noise,classification,68.07114100456238,0.2732011621944967,0.2587928391492768,0.25643253096638924,0.27311474890287946,0.7621402695153129,-0.22702316322691468,-0.2351237289873397,8,"NUM26,NUM27,NUM29,NUM30,NUM38,NUM39,NUM41,NUM42,synthetic_target_2"
drive_diagnosis_synthetic_target_2_noise,classification,68.07114100456238,0.2802939668432747,0.2630379578149284,0.26148704965176095,0.2801539177870965,0.7650750868807544,-0.20858590155247808,-0.21830034426097927,9,"NUM25,NUM26,NUM27,NUM29,NUM30,NUM38,NUM39,NUM41,NUM42,synthetic_target_2"
drive_diagnosis_synthetic_target_2_noise,classification,68.07114100456238,0.29738506238249873,0.28319085055274756,0.278890082257195,0.2972528285003313,0.7814466978707391,-0.27340563131716156,-0.282948490286915,10,"NUM25,NUM26,NUM27,NUM28,NUM29,NUM30,NUM38,NUM39,NUM41,NUM42,synthetic_target_2"
drive_diagnosis_synthetic_target_2_noise,classification,68.07114100456238,0.30422150059818837,0.29144031136033655,0.2872308781964156,0.30411559930766685,0.7905635482592589,-0.2719743675411925,-0.28005200238915395,11,"NUM25,NUM26,NUM27,NUM28,NUM29,NUM30,NUM38,NUM39,NUM40,NUM41,NUM42,synthetic_target_2"
drive_diagnosis_synthetic_target_2_noise,classification,68.07114100456238,0.31439070244402667,0.30285321401787635,0.29818728913271864,0.3142837908934812,0.7999471846365701,-0.3443355564488739,-0.35279170928738146,12,"NUM25,NUM26,NUM27,NUM28,NUM29,NUM30,NUM37,NUM38,NUM39,NUM40,NUM41,NUM42,synthetic_target_2"
drive_diagnosis_synthetic_target_2_noise,classification,68.07114100456238,0.3108870278584857,0.29628618783241484,0.2916959048841148,0.3107656313544569,0.796965274275582,-0.3337601403001231,-0.3451148415122692,13,"NUM25,NUM26,NUM27,NUM28,NUM29,NUM30,NUM37,NUM38,NUM39,NUM40,NUM41,NUM42,NUM42_shuffled_2,synthetic_target_2"
drive_diagnosis_synthetic_target_2_noise,classification,68.07114100456238,0.3116561271577508,0.29593573415627555,0.2919213245678396,0.3115169473408624,0.7946506713948719,-0.2710131317137855,-0.2817515571655486,14,"NUM25,NUM26,NUM27,NUM28,NUM29,NUM30,NUM37,NUM38,NUM38_shuffled_1,NUM39,NUM40,NUM41,NUM42,NUM42_shuffled_2,synthetic_target_2"
drive_diagnosis_synthetic_target_2_noise,classification,68.07114100456238,0.31251068193471204,0.29987290612717055,0.2953095972237065,0.3123892917691341,0.7960497409643659,-0.42086253147353886,-0.4322912990126586,15,"NUM25,NUM26,NUM27,NUM28,NUM29,NUM30,NUM37,NUM38,NUM38_shuffled_1,NUM38_shuffled_2,NUM39,NUM40,NUM41,NUM42,NUM42_shuffled_2,synthetic_target_2"
drive_diagnosis_synthetic_target_2_noise,classification,68.07114100456238,0.31251068193471204,0.2970758836722867,0.2935325511827282,0.312370010395551,0.7968352684011809,-0.40336514860345535,-0.41751860541486435,16,"NUM25,NUM26,NUM27,NUM28,NUM29,NUM30,NUM37,NUM38,NUM38_shuffled_1,NUM38_shuffled_2,NUM39,NUM40,NUM41,NUM42,NUM42_shuffled_1,NUM42_shuffled_2,synthetic_target_2"
drive_diagnosis_synthetic_target_2_noise,classification,68.07114100456238,0.3099470176038284,0.29343653246368756,0.2904629017118903,0.3098208146796671,0.7946089949819943,-0.4126158469249814,-0.4287116502090868,17,"NUM25,NUM26,NUM27,NUM28,NUM29,NUM30,NUM37,NUM38,NUM38_shuffled_1,NUM38_shuffled_2,NUM39,NUM40,NUM41,NUM42,NUM42_shuffled_1,NUM42_shuffled_2,noise_numeric_1,synthetic_target_2"
drive_diagnosis_synthetic_target_2_noise,classification,68.07114100456238,0.3049051444197573,0.28913005856458324,0.2857991997388361,0.30477202352446053,0.7895977733461347,-0.354483408574453,-0.3678348820461483,18,"NUM25,NUM26,NUM27,NUM28,NUM29,NUM30,NUM37,NUM38,NUM38_shuffled_1,NUM38_shuffled_2,NUM39,NUM40,NUM41,NUM41_shuffled_1,NUM42,NUM42_shuffled_1,NUM42_shuffled_2,noise_numeric_1,synthetic_target_2"
drive_diagnosis_synthetic_target_2_noise,classification,68.07114100456238,0.3137070586224577,0.29776930401055585,0.29457074129250427,0.31357737642288447,0.793948547788344,-0.3338029291998766,-0.34720811316450967,19,"NUM25,NUM26,NUM27,NUM28,NUM29,NUM30,NUM37,NUM37_shuffled_1,NUM38,NUM38_shuffled_1,NUM38_shuffled_2,NUM39,NUM40,NUM41,NUM41_shuffled_1,NUM42,NUM42_shuffled_1,NUM42_shuffled_2,noise_numeric_1,synthetic_target_2"
drive_diagnosis_synthetic_target_2_noise,classification,68.07114100456238,0.301145103401128,0.2873068995131809,0.2830321683433806,0.3010133346886468,0.7890232058986691,-0.6208964715769736,-0.6348925201640366,20,"NUM25,NUM26,NUM27,NUM28,NUM29,NUM30,NUM37,NUM37_shuffled_1,NUM38,NUM38_shuffled_1,NUM38_shuffled_2,NUM39,NUM40,NUM41,NUM41_shuffled_1,NUM42,NUM42_shuffled_1,NUM42_shuffled_2,noise_numeric_1,noise_numeric_2,synthetic_target_2"
drive_diagnosis_synthetic_target_2_noise,classification,68.07114100456238,0.3025123910442659,0.2854516506522273,0.28127244406879215,0.3023773468541991,0.7899797017596009,-0.33811828385478765,-0.3528005757273593,21,"NUM25,NUM26,NUM27,NUM28,NUM29,NUM30,NUM37,NUM37_shuffled_1,NUM37_shuffled_2,NUM38,NUM38_shuffled_1,NUM38_shuffled_2,NUM39,NUM40,NUM41,NUM41_shuffled_1,NUM42,NUM42_shuffled_1,NUM42_shuffled_2,noise_numeric_1,noise_numeric_2,synthetic_target_2"
drive_diagnosis_synthetic_target_2_noise,classification,68.07114100456238,0.2971286959494104,0.2784489583022343,0.27752679675555764,0.2970072826530627,0.7809054426938066,-0.3184629890549693,-0.33407620162947,22,"NUM25,NUM26,NUM27,NUM28,NUM29,NUM30,NUM37,NUM37_shuffled_1,NUM37_shuffled_2,NUM38,NUM38_shuffled_1,NUM38_shuffled_2,NUM39,NUM40,NUM41,NUM41_shuffled_1,NUM41_shuffled_2,NUM42,NUM42_shuffled_1,NUM42_shuffled_2,noise_numeric_1,noise_numeric_2,synthetic_target_2"
drive_diagnosis_synthetic_target_2_noise,classification,68.07114100456238,0.30422150059818837,0.28802800497892805,0.28426031953543557,0.30408769170908534,0.7911635859798433,-0.5549021347554981,-0.57158804883281,23,"NUM25,NUM26,NUM27,NUM28,NUM29,NUM30,NUM37,NUM37_shuffled_1,NUM37_shuffled_2,NUM38,NUM38_shuffled_1,NUM38_shuffled_2,NUM39,NUM40,NUM40_shuffled_1,NUM41,NUM41_shuffled_1,NUM41_shuffled_2,NUM42,NUM42_shuffled_1,NUM42_shuffled_2,noise_numeric_1,noise_numeric_2,synthetic_target_2"
drive_diagnosis_synthetic_target_2_noise,classification,68.07114100456238,0.30593061015211076,0.2905207245629083,0.28683830587185727,0.3058030007921107,0.7893096476963847,-0.4077019661719433,-0.42184571187986225,24,"NUM25,NUM26,NUM27,NUM28,NUM29,NUM30,NUM37,NUM37_shuffled_1,NUM37_shuffled_2,NUM38,NUM38_shuffled_1,NUM38_shuffled_2,NUM39,NUM39_shuffled_1,NUM40,NUM40_shuffled_1,NUM41,NUM41_shuffled_1,NUM41_shuffled_2,NUM42,NUM42_shuffled_1,NUM42_shuffled_2,noise_numeric_1,noise_numeric_2,synthetic_target_2"
drive_diagnosis_synthetic_target_2_noise,classification,68.07114100456238,0.31105793881387794,0.29594767498412883,0.2927474399447776,0.31093190290834544,0.7909727992467463,-0.4323565077432609,-0.4465690557030951,25,"NUM25,NUM26,NUM27,NUM28,NUM29,NUM30,NUM37,NUM37_shuffled_1,NUM37_shuffled_2,NUM38,NUM38_shuffled_1,NUM38_shuffled_2,NUM39,NUM39_shuffled_1,NUM39_shuffled_2,NUM40,NUM40_shuffled_1,NUM41,NUM41_shuffled_1,NUM41_shuffled_2,NUM42,NUM42_shuffled_1,NUM42_shuffled_2,noise_numeric_1,noise_numeric_2,synthetic_target_2"
drive_diagnosis_synthetic_target_2_noise,classification,68.07114100456238,0.30217056913348145,0.2859271206403698,0.28187079861653713,0.3020373365640615,0.7864337835258691,-0.34499758947527365,-0.35842854773572236,26,"NUM25,NUM26,NUM27,NUM28,NUM29,NUM30,NUM37,NUM37_shuffled_1,NUM37_shuffled_2,NUM38,NUM38_shuffled_1,NUM38_shuffled_2,NUM39,NUM39_shuffled_1,NUM39_shuffled_2,NUM40,NUM40_shuffled_1,NUM40_shuffled_2,NUM41,NUM41_shuffled_1,NUM41_shuffled_2,NUM42,NUM42_shuffled_1,NUM42_shuffled_2,noise_numeric_1,noise_numeric_2,synthetic_target_2"
drive_diagnosis_synthetic_target_2_noise,classification,68.07114100456238,0.41394633396000685,0.40625597783367373,0.4027806263274856,0.41376617105530367,0.8789664104153343,-0.513308136525177,-0.5209118015954541,27,"NUM25,NUM26,NUM27,NUM28,NUM29,NUM30,NUM37,NUM37_shuffled_1,NUM37_shuffled_2,NUM38,NUM38_shuffled_1,NUM38_shuffled_2,NUM39,NUM39_shuffled_1,NUM39_shuffled_2,NUM40,NUM40_shuffled_1,NUM40_shuffled_2,NUM41,NUM41_shuffled_1,NUM41_shuffled_2,NUM42,NUM42_shuffled_1,NUM42_shuffled_2,NUM44,noise_numeric_1,noise_numeric_2,synthetic_target_2"
drive_diagnosis_synthetic_target_2_noise,classification,68.07114100456238,0.44941035720389677,0.4451978596705542,0.442899204528678,0.44923595501873587,0.898122079204687,-0.5431548574007564,-0.5473616984711631,28,"NUM25,NUM26,NUM27,NUM28,NUM29,NUM30,NUM37,NUM37_shuffled_1,NUM37_shuffled_2,NUM38,NUM38_shuffled_1,NUM38_shuffled_2,NUM39,NUM39_shuffled_1,NUM39_shuffled_2,NUM40,NUM40_shuffled_1,NUM40_shuffled_2,NUM41,NUM41_shuffled_1,NUM41_shuffled_2,NUM42,NUM42_shuffled_1,NUM42_shuffled_2,NUM44,NUM48,noise_numeric_1,noise_numeric_2,synthetic_target_2"
drive_diagnosis_synthetic_target_2_noise,classification,68.07114100456238,0.43975388822423517,0.4343930420892291,0.4313834889794048,0.43958503755408435,0.8956012259849924,-0.5132445949086295,-0.5184968365728588,29,"NUM25,NUM26,NUM27,NUM28,NUM29,NUM30,NUM37,NUM37_shuffled_1,NUM37_shuffled_2,NUM38,NUM38_shuffled_1,NUM38_shuffled_2,NUM39,NUM39_shuffled_1,NUM39_shuffled_2,NUM40,NUM40_shuffled_1,NUM40_shuffled_2,NUM41,NUM41_shuffled_1,NUM41_shuffled_2,NUM42,NUM42_shuffled_1,NUM42_shuffled_2,NUM44,NUM47,NUM48,noise_numeric_1,noise_numeric_2,synthetic_target_2"
drive_diagnosis_synthetic_target_2_noise,classification,68.07114100456238,0.45146128866860363,0.4458732064960515,0.44294793923846215,0.45126465002410737,0.8999430537171791,-0.4788269160870953,-0.48417188260080973,30,"NUM25,NUM26,NUM27,NUM28,NUM29,NUM30,NUM37,NUM37_shuffled_1,NUM37_shuffled_2,NUM38,NUM38_shuffled_1,NUM38_shuffled_2,NUM39,NUM39_shuffled_1,NUM39_shuffled_2,NUM40,NUM40_shuffled_1,NUM40_shuffled_2,NUM41,NUM41_shuffled_1,NUM41_shuffled_2,NUM42,NUM42_shuffled_1,NUM42_shuffled_2,NUM44,NUM45,NUM47,NUM48,noise_numeric_1,noise_numeric_2,synthetic_target_2"
drive_diagnosis_synthetic_target_2_noise,classification,68.07114100456238,0.4494958126815929,0.44640335693157224,0.4449779228820238,0.4493341536209643,0.8983466696992637,-0.547897739564866,-0.5509897693079071,31,"NUM20_shuffled_1,NUM25,NUM26,NUM27,NUM28,NUM29,NUM30,NUM37,NUM37_shuffled_1,NUM37_shuffled_2,NUM38,NUM38_shuffled_1,NUM38_shuffled_2,NUM39,NUM39_shuffled_1,NUM39_shuffled_2,NUM40,NUM40_shuffled_1,NUM40_shuffled_2,NUM41,NUM41_shuffled_1,NUM41_shuffled_2,NUM42,NUM42_shuffled_1,NUM42_shuffled_2,NUM44,NUM45,NUM47,NUM48,noise_numeric_1,noise_numeric_2,synthetic_target_2"
drive_diagnosis_synthetic_target_2_noise,classification,68.07114100456238,0.564604341138267,0.5623172990840412,0.5612904864795556,0.5644740945436927,0.9391829435233472,-0.42981956981522285,-0.43210206558886777,32,"NUM20_shuffled_1,NUM25,NUM26,NUM27,NUM28,NUM29,NUM30,NUM34,NUM37,NUM37_shuffled_1,NUM37_shuffled_2,NUM38,NUM38_shuffled_1,NUM38_shuffled_2,NUM39,NUM39_shuffled_1,NUM39_shuffled_2,NUM40,NUM40_shuffled_1,NUM40_shuffled_2,NUM41,NUM41_shuffled_1,NUM41_shuffled_2,NUM42,NUM42_shuffled_1,NUM42_shuffled_2,NUM44,NUM45,NUM47,NUM48,noise_numeric_1,noise_numeric_2,synthetic_target_2"
drive_diagnosis_synthetic_target_2_noise,classification,68.07114100456238,0.5607588446419416,0.5569891252162544,0.554900444949107,0.5606247793414749,0.9359968409712074,-0.4255252581631944,-0.4292866517332429,33,"NUM20_shuffled_1,NUM22,NUM25,NUM26,NUM27,NUM28,NUM29,NUM30,NUM34,NUM37,NUM37_shuffled_1,NUM37_shuffled_2,NUM38,NUM38_shuffled_1,NUM38_shuffled_2,NUM39,NUM39_shuffled_1,NUM39_shuffled_2,NUM40,NUM40_shuffled_1,NUM40_shuffled_2,NUM41,NUM41_shuffled_1,NUM41_shuffled_2,NUM42,NUM42_shuffled_1,NUM42_shuffled_2,NUM44,NUM45,NUM47,NUM48,noise_numeric_1,noise_numeric_2,synthetic_target_2"
drive_diagnosis_synthetic_target_2_noise,classification,68.07114100456238,0.551871474961545,0.5487667370217608,0.5475761740376321,0.5517416978361431,0.9362299862349722,-0.42176494694116184,-0.4248072143520638,34,"NUM20_shuffled_1,NUM22,NUM25,NUM26,NUM27,NUM28,NUM29,NUM30,NUM34,NUM37,NUM37_shuffled_1,NUM37_shuffled_2,NUM38,NUM38_shuffled_1,NUM38_shuffled_2,NUM39,NUM39_shuffled_1,NUM39_shuffled_2,NUM40,NUM40_shuffled_1,NUM40_shuffled_2,NUM41,NUM41_shuffled_1,NUM41_shuffled_2,NUM42,NUM42_shuffled_1,NUM42_shuffled_2,NUM43,NUM44,NUM45,NUM47,NUM48,noise_numeric_1,noise_numeric_2,synthetic_target_2"
drive_diagnosis_synthetic_target_2_noise,classification,68.07114100456238,0.5689625705007691,0.5660047314280412,0.564191196032109,0.5688660051207871,0.9358761781287882,-0.4306956002856517,-0.4336534864779309,35,"NUM20_shuffled_1,NUM22,NUM25,NUM26,NUM27,NUM28,NUM29,NUM30,NUM34,NUM35,NUM37,NUM37_shuffled_1,NUM37_shuffled_2,NUM38,NUM38_shuffled_1,NUM38_shuffled_2,NUM39,NUM39_shuffled_1,NUM39_shuffled_2,NUM40,NUM40_shuffled_1,NUM40_shuffled_2,NUM41,NUM41_shuffled_1,NUM41_shuffled_2,NUM42,NUM42_shuffled_1,NUM42_shuffled_2,NUM43,NUM44,NUM45,NUM47,NUM48,noise_numeric_1,noise_numeric_2,synthetic_target_2"
drive_diagnosis_synthetic_target_2_noise,classification,68.07114100456238,0.5669970945137583,0.5647737600757611,0.5639394337396312,0.5668692358726837,0.9389837623335645,-0.4284950327321664,-0.4307150891915974,36,"NUM20_shuffled_1,NUM22,NUM25,NUM26,NUM27,NUM28,NUM29,NUM30,NUM34,NUM35,NUM36,NUM37,NUM37_shuffled_1,NUM37_shuffled_2,NUM38,NUM38_shuffled_1,NUM38_shuffled_2,NUM39,NUM39_shuffled_1,NUM39_shuffled_2,NUM40,NUM40_shuffled_1,NUM40_shuffled_2,NUM41,NUM41_shuffled_1,NUM41_shuffled_2,NUM42,NUM42_shuffled_1,NUM42_shuffled_2,NUM43,NUM44,NUM45,NUM47,NUM48,noise_numeric_1,noise_numeric_2,synthetic_target_2"
drive_diagnosis_synthetic_target_2_noise,classification,68.07114100456238,0.5697316698000342,0.5664849219939305,0.564801426534816,0.5696293198450714,0.9382789202244916,-0.4293710285143205,-0.43261882983690336,37,"NUM20_shuffled_1,NUM22,NUM25,NUM26,NUM27,NUM28,NUM29,NUM30,NUM34,NUM35,NUM36,NUM37,NUM37_shuffled_1,NUM37_shuffled_2,NUM38,NUM38_shuffled_1,NUM38_shuffled_2,NUM39,NUM39_shuffled_1,NUM39_shuffled_2,NUM40,NUM40_shuffled_1,NUM40_shuffled_2,NUM41,NUM41_shuffled_1,NUM41_shuffled_2,NUM42,NUM42_shuffled_1,NUM42_shuffled_2,NUM43,NUM44,NUM45,NUM47,NUM48,noise_numeric_1,noise_numeric_2,synthetic_target_1,synthetic_target_2"
drive_diagnosis_synthetic_target_2_noise,classification,68.07114100456238,0.5671680054691506,0.5642022293817072,0.5623253953137458,0.567024727725654,0.9372561255927576,-0.430738290597677,-0.433703254715727,38,"NUM20_shuffled_1,NUM22,NUM25,NUM26,NUM27,NUM28,NUM29,NUM30,NUM34,NUM35,NUM36,NUM37,NUM37_shuffled_1,NUM37_shuffled_2,NUM38,NUM38_shuffled_1,NUM38_shuffled_2,NUM39,NUM39_shuffled_1,NUM39_shuffled_2,NUM40,NUM40_shuffled_1,NUM40_shuffled_2,NUM41,NUM41_shuffled_1,NUM41_shuffled_2,NUM42,NUM42_shuffled_1,NUM42_shuffled_2,NUM43,NUM44,NUM45,NUM46,NUM47,NUM48,noise_numeric_1,noise_numeric_2,synthetic_target_1,synthetic_target_2"
drive_diagnosis_synthetic_target_2_noise,classification,68.07114100456238,0.5730644334301829,0.5706765882758643,0.5697140777599375,0.572960065145097,0.9407088921988973,-0.422000407298768,-0.4243845980347266,39,"NUM20_shuffled_1,NUM22,NUM25,NUM26,NUM27,NUM28,NUM29,NUM30,NUM32,NUM34,NUM35,NUM36,NUM37,NUM37_shuffled_1,NUM37_shuffled_2,NUM38,NUM38_shuffled_1,NUM38_shuffled_2,NUM39,NUM39_shuffled_1,NUM39_shuffled_2,NUM40,NUM40_shuffled_1,NUM40_shuffled_2,NUM41,NUM41_shuffled_1,NUM41_shuffled_2,NUM42,NUM42_shuffled_1,NUM42_shuffled_2,NUM43,NUM44,NUM45,NUM46,NUM47,NUM48,noise_numeric_1,noise_numeric_2,synthetic_target_1,synthetic_target_2"
drive_diagnosis_synthetic_target_2_noise,classification,68.07114100456238,0.5780208511365579,0.5763318888299349,0.5757852362301036,0.577923467574728,0.9427630503460943,-0.42195778453759347,-0.42364683590871854,40,"NUM20_shuffled_1,NUM22,NUM25,NUM26,NUM27,NUM28,NUM29,NUM30,NUM32,NUM33,NUM34,NUM35,NUM36,NUM37,NUM37_shuffled_1,NUM37_shuffled_2,NUM38,NUM38_shuffled_1,NUM38_shuffled_2,NUM39,NUM39_shuffled_1,NUM39_shuffled_2,NUM40,NUM40_shuffled_1,NUM40_shuffled_2,NUM41,NUM41_shuffled_1,NUM41_shuffled_2,NUM42,NUM42_shuffled_1,NUM42_shuffled_2,NUM43,NUM44,NUM45,NUM46,NUM47,NUM48,noise_numeric_1,noise_numeric_2,synthetic_target_1,synthetic_target_2"
drive_diagnosis_synthetic_target_2_clean,classification,33.12264370918274,0.16920184583831824,0.11641133642954075,0.09542536851952269,0.16892060911702622,0.6300269200632141,0.0019619030947115035,0.0013438056418007827,1,"NUM27,synthetic_target_2"
drive_diagnosis_synthetic_target_2_clean,classification,33.12264370918274,0.19911126303196036,0.15914413798863392,0.16337173070054642,0.19889977481144186,0.6639301519665147,-0.0005597263499697025,-0.0013101170178275445,2,"NUM26,NUM27,synthetic_target_2"
drive_diagnosis_synthetic_target_2_clean,classification,33.12264370918274,0.22526063920697317,0.19744327919058557,0.19697347564385323,0.22513015231557063,0.7043028548923633,-0.03912289317066267,-0.04267973445600848,3,"NUM26,NUM27,NUM38,synthetic_target_2"
drive_diagnosis_synthetic_target_2_clean,classification,33.12264370918274,0.2540591351905657,0.23236786236239473,0.23306189623327137,0.2539431391486439,0.7395380786167429,-0.18508458262941846,-0.1988684987111927,4,"NUM26,NUM27,NUM38,NUM41,synthetic_target_2"
drive_diagnosis_synthetic_target_2_clean,classification,33.12264370918274,0.2694411211758674,0.2515781749636971,0.24942309438903754,0.26933376139996157,0.7526553692063414,-0.1679293575986749,-0.17458702977151275,5,"NUM26,NUM27,NUM38,NUM41,NUM42,synthetic_target_2"
drive_diagnosis_synthetic_target_2_clean,classification,33.12264370918274,0.2732011621944967,0.2544684715903488,0.25451275824444486,0.27309937932023476,0.7585802202236702,-0.2674871963843483,-0.28277384755165536,6,"NUM26,NUM27,NUM38,NUM39,NUM41,NUM42,synthetic_target_2"
drive_diagnosis_synthetic_target_2_clean,classification,33.12264370918274,0.2814903435310203,0.2620345298756621,0.2606721198953878,0.2813477515278565,0.764756109435999,-0.4202423032953091,-0.4409564076445678,7,"NUM25,NUM26,NUM27,NUM38,NUM39,NUM41,NUM42,synthetic_target_2"
drive_diagnosis_synthetic_target_2_clean,classification,33.12264370918274,0.28422491881729617,0.26686363538597613,0.26486239257845196,0.284088857192869,0.7686126708532356,-0.4431662833533193,-0.4611519105610301,8,"NUM25,NUM26,NUM27,NUM30,NUM38,NUM39,NUM41,NUM42,synthetic_target_2"
drive_diagnosis_synthetic_target_2_clean,classification,33.12264370918274,0.2880704153136216,0.27222951039955606,0.2691650003105677,0.28793600495739397,0.7753645725013467,-0.21606358173810142,-0.22421892058569143,9,"NUM25,NUM26,NUM27,NUM28,NUM30,NUM38,NUM39,NUM41,NUM42,synthetic_target_2"
drive_diagnosis_synthetic_target_2_clean,classification,33.12264370918274,0.29371047684156554,0.27941715202336775,0.27573475210041215,0.2935794088059518,0.7798389246184839,-0.19190064969933646,-0.19851419389049835,10,"NUM25,NUM26,NUM27,NUM28,NUM29,NUM30,NUM38,NUM39,NUM41,NUM42,synthetic_target_2"
drive_diagnosis_synthetic_target_2_clean,classification,33.12264370918274,0.4111263031960349,0.4045837876782768,0.40244833061052226,0.41096128839628715,0.8814740300655269,-0.4202664372060417,-0.42573674139653667,11,"NUM25,NUM26,NUM27,NUM28,NUM29,NUM30,NUM38,NUM39,NUM41,NUM42,NUM44,synthetic_target_2"
drive_diagnosis_synthetic_target_2_clean,classification,33.12264370918274,0.4166809092462827,0.4090740377863851,0.4053413349282314,0.4165107442025368,0.8786477654609519,-0.33594156175164497,-0.3422935966346556,12,"NUM25,NUM26,NUM27,NUM28,NUM29,NUM30,NUM38,NUM39,NUM41,NUM42,NUM43,NUM44,synthetic_target_2"
drive_diagnosis_synthetic_target_2_clean,classification,33.12264370918274,0.4220646043411383,0.4179418994166927,0.41562080849278116,0.4219178827220897,0.8864967035348954,-0.3167778764843792,-0.3193738667743805,13,"NUM25,NUM26,NUM27,NUM28,NUM29,NUM30,NUM38,NUM39,NUM41,NUM42,NUM43,NUM44,NUM45,synthetic_target_2"
drive_diagnosis_synthetic_target_2_clean,classification,33.12264370918274,0.46128866860365747,0.45785774460503464,0.45578576729483106,0.4611215705815722,0.902723874429548,-0.5185220434693231,-0.5219511752682153,14,"NUM25,NUM26,NUM27,NUM28,NUM29,NUM30,NUM38,NUM39,NUM41,NUM42,NUM43,NUM44,NUM45,NUM48,synthetic_target_2"
drive_diagnosis_synthetic_target_2_clean,classification,33.12264370918274,0.46410869936762944,0.46219259724331957,0.46143568364840254,0.4639408581237072,0.9040127644517729,-0.5358058433289757,-0.5377220993026355,15,"NUM25,NUM26,NUM27,NUM28,NUM29,NUM3,NUM30,NUM38,NUM39,NUM41,NUM42,NUM43,NUM44,NUM45,NUM48,synthetic_target_2"
drive_diagnosis_synthetic_target_2_clean,classification,33.12264370918274,0.4501794565031619,0.44825286009940424,0.447369956816895,0.4500049647451471,0.9005281933894341,-0.5497350861934434,-0.5516618307448444,16,"NUM25,NUM26,NUM27,NUM28,NUM29,NUM3,NUM30,NUM38,NUM39,NUM41,NUM42,NUM43,NUM44,NUM45,NUM48,NUM9_shuffled_1,synthetic_target_2"
drive_diagnosis_synthetic_target_2_clean,classification,33.12264370918274,0.4627414117244915,0.4602148517785089,0.45885287037117856,0.46257259312685756,0.9032530898689363,-0.5312765770378731,-0.5338030036611394,17,"NUM25,NUM26,NUM27,NUM28,NUM29,NUM3,NUM30,NUM38,NUM39,NUM41,NUM42,NUM43,NUM44,NUM45,NUM46,NUM48,NUM9_shuffled_1,synthetic_target_2"
drive_diagnosis_synthetic_target_2_clean,classification,33.12264370918274,0.46308323363527604,0.4591633776147397,0.45681444896354984,0.4628906783525155,0.9035214372134799,-0.5118564121442014,-0.515797791437899,18,"NUM25,NUM26,NUM27,NUM28,NUM29,NUM3,NUM30,NUM38,NUM39,NUM41,NUM42,NUM43,NUM44,NUM45,NUM46,NUM47,NUM48,NUM9_shuffled_1,synthetic_target_2"
drive_diagnosis_synthetic_target_2_clean,classification,33.12264370918274,0.5933173816441634,0.5903719123427391,0.5888271616725567,0.5931744726954594,0.944759204349386,-0.40503756526548695,-0.4079841385888222,19,"NUM25,NUM26,NUM27,NUM28,NUM29,NUM3,NUM30,NUM34,NUM38,NUM39,NUM41,NUM42,NUM43,NUM44,NUM45,NUM46,NUM47,NUM48,NUM9_shuffled_1,synthetic_target_2"
drive_diagnosis_synthetic_target_2_clean,classification,33.12264370918274,0.5955392240642625,0.5946963453026359,0.5944716592871868,0.5954291936105425,0.9465414846530678,-0.4042257683514018,-0.4050688215110594,20,"NUM25,NUM26,NUM27,NUM28,NUM29,NUM3,NUM30,NUM34,NUM35,NUM38,NUM39,NUM41,NUM42,NUM43,NUM44,NUM45,NUM46,NUM47,NUM48,NUM9_shuffled_1,synthetic_target_2"
drive_diagnosis_synthetic_target_2_clean,classification,33.12264370918274,0.590240984447103,0.5883321425198251,0.5875781100995047,0.5900949248826618,0.9463394362201764,-0.4096949225753509,-0.41160386666701165,21,"NUM25,NUM26,NUM27,NUM28,NUM29,NUM3,NUM30,NUM34,NUM35,NUM38,NUM39,NUM41,NUM42,NUM43,NUM44,NUM45,NUM46,NUM47,NUM48,NUM6,NUM9_shuffled_1,synthetic_target_2"
drive_diagnosis_synthetic_target_2_clean,classification,33.12264370918274,0.5787899504358229,0.5771551229826491,0.576569514920259,0.5786589715661054,0.942973530350718,-0.39027450573526257,-0.3918339121014347,22,"NUM25,NUM26,NUM27,NUM28,NUM29,NUM3,NUM30,NUM34,NUM35,NUM36,NUM38,NUM39,NUM41,NUM42,NUM43,NUM44,NUM45,NUM46,NUM47,NUM48,NUM6,NUM9_shuffled_1,synthetic_target_2"
drive_diagnosis_synthetic_target_2_clean,classification,33.12264370918274,0.5824645359767561,0.5795545369195501,0.578101760635125,0.5823276151203296,0.9414291064290631,-0.37863102665276516,-0.38143452789494303,23,"NUM22,NUM25,NUM26,NUM27,NUM28,NUM29,NUM3,NUM30,NUM34,NUM35,NUM36,NUM38,NUM39,NUM41,NUM42,NUM43,NUM44,NUM45,NUM46,NUM47,NUM48,NUM6,NUM9_shuffled_1,synthetic_target_2"
drive_diagnosis_synthetic_target_2_clean,classification,33.12264370918274,0.5799863271235686,0.578850293128353,0.5784969444250213,0.5798717361126472,0.9438588258107299,-0.41373256107691425,-0.4148607603920891,24,"NUM22,NUM25,NUM26,NUM27,NUM28,NUM29,NUM3,NUM30,NUM34,NUM35,NUM36,NUM38,NUM39,NUM40,NUM41,NUM42,NUM43,NUM44,NUM45,NUM46,NUM47,NUM48,NUM6,NUM9_shuffled_1,synthetic_target_2"
drive_diagnosis_synthetic_target_2_clean,classification,33.12264370918274,0.5746026320287131,0.5722753706988442,0.5711008428707508,0.574469595463644,0.9412364827121359,-0.42524781769034603,-0.4275753351544591,25,"NUM22,NUM25,NUM26,NUM27,NUM28,NUM29,NUM3,NUM30,NUM34,NUM35,NUM36,NUM37,NUM38,NUM39,NUM40,NUM41,NUM42,NUM43,NUM44,NUM45,NUM46,NUM47,NUM48,NUM6,NUM9_shuffled_1,synthetic_target_2"
drive_diagnosis_synthetic_target_2_clean,classification,33.12264370918274,0.5800717826012648,0.5783398301035656,0.5776522684734104,0.5799529317442973,0.94301844154529,-0.4058491266644433,-0.40755806141718776,26,"NUM2,NUM22,NUM25,NUM26,NUM27,NUM28,NUM29,NUM3,NUM30,NUM34,NUM35,NUM36,NUM37,NUM38,NUM39,NUM40,NUM41,NUM42,NUM43,NUM44,NUM45,NUM46,NUM47,NUM48,NUM6,NUM9_shuffled_1,synthetic_target_2"
drive_diagnosis_synthetic_target_2_clean,classification,33.12264370918274,0.5763971970603315,0.5731742180680175,0.5712446767165607,0.5762735045318536,0.9387729444756427,-0.42360280293966845,-0.4268257819319825,27,"NUM2,NUM22,NUM25,NUM26,NUM27,NUM28,NUM29,NUM3,NUM30,NUM34,NUM35,NUM36,NUM37,NUM38,NUM39,NUM40,NUM41,NUM42,NUM43,NUM44,NUM45,NUM46,NUM47,NUM48,NUM5,NUM6,NUM9_shuffled_1,synthetic_target_2"
drive_diagnosis_synthetic_target_2_clean,classification,33.12264370918274,0.5868227653392583,0.585379729110572,0.5849053978084697,0.5867042787862569,0.9448050004644208,-0.41219447567170164,-0.41363734948053943,28,"NUM2,NUM22,NUM25,NUM26,NUM27,NUM28,NUM29,NUM3,NUM30,NUM34,NUM35,NUM36,NUM37,NUM38,NUM39,NUM40,NUM41,NUM42,NUM43,NUM44,NUM45,NUM46,NUM47,NUM48,NUM5,NUM6,NUM9_shuffled_1,synthetic_target_1,synthetic_target_2"
drive_diagnosis_synthetic_target_2_clean,classification,33.12264370918274,0.5825499914544522,0.5814785615238832,0.5813109052134778,0.58241844647018,0.9437717313239109,-0.4141385380389997,-0.41520751760202257,29,"NUM2,NUM22,NUM25,NUM26,NUM27,NUM28,NUM29,NUM3,NUM30,NUM34,NUM34_shuffled_1,NUM35,NUM36,NUM37,NUM38,NUM39,NUM40,NUM41,NUM42,NUM43,NUM44,NUM45,NUM46,NUM47,NUM48,NUM5,NUM6,NUM9_shuffled_1,synthetic_target_1,synthetic_target_2"
drive_diagnosis_synthetic_target_2_clean,classification,33.12264370918274,0.5772517518372928,0.5756235010170361,0.5749422124120378,0.5771354436973462,0.9409227466883778,-0.41223699984514783,-0.41385310307402257,30,"NUM2,NUM22,NUM25,NUM26,NUM27,NUM28,NUM29,NUM3,NUM30,NUM34,NUM34_shuffled_1,NUM35,NUM36,NUM37,NUM38,NUM39,NUM40,NUM41,NUM42,NUM43,NUM44,NUM45,NUM46,NUM47,NUM48,NUM5,NUM6,NUM8,NUM9_shuffled_1,synthetic_target_1,synthetic_target_2"
drive_diagnosis_synthetic_target_2_clean,classification,33.12264370918274,0.5842591010083746,0.5825261249279177,0.5817982173257703,0.5841258004616221,0.94378381112247,-0.4156768060140793,-0.41740982391998505,31,"NUM2,NUM22,NUM25,NUM26,NUM27,NUM28,NUM29,NUM3,NUM30,NUM34,NUM34_shuffled_1,NUM35,NUM36,NUM37,NUM38,NUM39,NUM40,NUM41,NUM42,NUM43,NUM44,NUM45,NUM46,NUM47,NUM48,NUM5,NUM6,NUM8,NUM9,NUM9_shuffled_1,synthetic_target_1,synthetic_target_2"
drive_diagnosis_synthetic_target_2_clean,classification,33.12264370918274,0.5846009229191591,0.582605388159324,0.5819681073330825,0.5844611227572775,0.9431399491790423,-0.4147367829795313,-0.4167325242224347,32,"NUM17,NUM2,NUM22,NUM25,NUM26,NUM27,NUM28,NUM29,NUM3,NUM30,NUM34,NUM34_shuffled_1,NUM35,NUM36,NUM37,NUM38,NUM39,NUM40,NUM41,NUM42,NUM43,NUM44,NUM45,NUM46,NUM47,NUM48,NUM5,NUM6,NUM8,NUM9,NUM9_shuffled_1,synthetic_target_1,synthetic_target_2"
drive_diagnosis_synthetic_target_2_clean,classification,33.12264370918274,0.5836609126645018,0.5815364147246539,0.5805693155456649,0.5835303674643136,0.9427063697144109,-0.4153563283464581,-0.41748189186536055,33,"NUM17,NUM2,NUM22,NUM25,NUM26,NUM27,NUM28,NUM29,NUM3,NUM30,NUM34,NUM34_shuffled_1,NUM35,NUM36,NUM37,NUM38,NUM39,NUM4,NUM40,NUM41,NUM42,NUM43,NUM44,NUM45,NUM46,NUM47,NUM48,NUM5,NUM6,NUM8,NUM9,NUM9_shuffled_1,synthetic_target_1,synthetic_target_2"
drive_diagnosis_synthetic_target_2_clean,classification,33.12264370918274,0.5826354469321483,0.5806901952887541,0.579948111530986,0.5825209324455796,0.9429293753359702,-0.4158263216067455,-0.41777119991400924,34,"NUM14,NUM17,NUM2,NUM22,NUM25,NUM26,NUM27,NUM28,NUM29,NUM3,NUM30,NUM34,NUM34_shuffled_1,NUM35,NUM36,NUM37,NUM38,NUM39,NUM4,NUM40,NUM41,NUM42,NUM43,NUM44,NUM45,NUM46,NUM47,NUM48,NUM5,NUM6,NUM8,NUM9,NUM9_shuffled_1,synthetic_target_1,synthetic_target_2"
drive_diagnosis_synthetic_target_2_clean,classification,33.12264370918274,0.5710989574431721,0.568626753754279,0.5676305140414718,0.5709695412292267,0.9395301984697141,-0.4105277223269478,-0.41298125779776895,35,"NUM14,NUM17,NUM18,NUM2,NUM22,NUM25,NUM26,NUM27,NUM28,NUM29,NUM3,NUM30,NUM34,NUM34_shuffled_1,NUM35,NUM36,NUM37,NUM38,NUM39,NUM4,NUM40,NUM41,NUM42,NUM43,NUM44,NUM45,NUM46,NUM47,NUM48,NUM5,NUM6,NUM8,NUM9,NUM9_shuffled_1,synthetic_target_1,synthetic_target_2"
drive_diagnosis_synthetic_target_2_clean,classification,33.12264370918274,0.573149888907879,0.5706186715397825,0.5695037502193309,0.5730231484210024,0.9399683024972308,-0.41315557822310567,-0.41566923961974234,36,"NUM14,NUM17,NUM18,NUM2,NUM22,NUM25,NUM26,NUM27,NUM28,NUM29,NUM3,NUM30,NUM34,NUM34_shuffled_1,NUM35,NUM36,NUM37,NUM38,NUM39,NUM4,NUM40,NUM41,NUM42,NUM43,NUM44,NUM45,NUM46,NUM47,NUM48,NUM5,NUM6,NUM7,NUM8,NUM9,NUM9_shuffled_1,synthetic_target_1,synthetic_target_2"
drive_diagnosis_synthetic_target_2_clean,classification,33.12264370918274,0.5877627755939155,0.5866135506393367,0.5863198225614247,0.5876367135516255,0.9442802719275272,-0.4119808524959001,-0.41313028924364437,37,"NUM14,NUM17,NUM18,NUM2,NUM22,NUM25,NUM26,NUM27,NUM28,NUM29,NUM3,NUM30,NUM32,NUM34,NUM34_shuffled_1,NUM35,NUM36,NUM37,NUM38,NUM39,NUM4,NUM40,NUM41,NUM42,NUM43,NUM44,NUM45,NUM46,NUM47,NUM48,NUM5,NUM6,NUM7,NUM8,NUM9,NUM9_shuffled_1,synthetic_target_1,synthetic_target_2"
drive_diagnosis_synthetic_target_2_clean,classification,33.12264370918274,0.5874209536831311,0.5849904534318988,0.583833240424731,0.5872927227236789,0.9436588954260204,-0.4105280710353939,-0.4129581518596972,38,"NUM14,NUM17,NUM18,NUM2,NUM22,NUM25,NUM26,NUM27,NUM28,NUM29,NUM3,NUM30,NUM32,NUM33,NUM34,NUM34_shuffled_1,NUM35,NUM36,NUM37,NUM38,NUM39,NUM4,NUM40,NUM41,NUM42,NUM43,NUM44,NUM45,NUM46,NUM47,NUM48,NUM5,NUM6,NUM7,NUM8,NUM9,NUM9_shuffled_1,synthetic_target_1,synthetic_target_2"
drive_diagnosis_synthetic_target_2_clean,classification,33.12264370918274,0.5881045975047,0.5865456392260844,0.5858864170582757,0.5879751511841138,0.9443013807320604,-0.41187403816945134,-0.4134330855125691,39,"NUM14,NUM17,NUM18,NUM2,NUM22,NUM25,NUM26,NUM27,NUM28,NUM29,NUM3,NUM30,NUM31,NUM32,NUM33,NUM34,NUM34_shuffled_1,NUM35,NUM36,NUM37,NUM38,NUM39,NUM4,NUM40,NUM41,NUM42,NUM43,NUM44,NUM45,NUM46,NUM47,NUM48,NUM5,NUM6,NUM7,NUM8,NUM9,NUM9_shuffled_1,synthetic_target_1,synthetic_target_2"
drive_diagnosis_synthetic_target_2_clean,classification,33.12264370918274,0.5878482310716117,0.5850741947479217,0.5838157359648268,0.5877025366008974,0.941781055189087,-0.41210904027669093,-0.41488313106714136,40,"NUM14,NUM15,NUM17,NUM18,NUM2,NUM22,NUM25,NUM26,NUM27,NUM28,NUM29,NUM3,NUM30,NUM31,NUM32,NUM33,NUM34,NUM34_shuffled_1,NUM35,NUM36,NUM37,NUM38,NUM39,NUM4,NUM40,NUM41,NUM42,NUM43,NUM44,NUM45,NUM46,NUM47,NUM48,NUM5,NUM6,NUM7,NUM8,NUM9,NUM9_shuffled_1,synthetic_target_1,synthetic_target_2"
covertype_synthetic_target_1_noise,classification,15.807796001434326,0.29391518131530425,0.23951279603046322,0.20721878127419835,0.29393535716841157,0.7082421893282242,-0.002218332331118178,-0.00197043385600007,1,"Slope,synthetic_target_1"
covertype_synthetic_target_1_noise,classification,15.807796001434326,0.34333128457283346,0.28602173681314014,0.30359106862816737,0.34337968501501176,0.7438628878430034,-0.0018863205415014517,-0.0024515086810739106,2,"Slope,Vertical_Distance_To_Hydrology,synthetic_target_1"
covertype_synthetic_target_1_noise,classification,15.807796001434326,0.6238475722188076,0.6241956964200261,0.6256135440500709,0.6238830841925648,0.9249477246042144,-0.030781146738654952,-0.030667259675415504,3,"Aspect,Slope,Vertical_Distance_To_Hydrology,synthetic_target_1"
covertype_synthetic_target_1_noise,classification,15.807796001434326,0.6267977873386601,0.6277372879503869,0.6292587787856613,0.6268149270538717,0.9262657484813321,-0.03502296505868441,-0.034598712132250964,4,"Aspect,Hillshade_3pm,Slope,Vertical_Distance_To_Hydrology,synthetic_target_1"
covertype_synthetic_target_1_noise,classification,15.807796001434326,0.7110018438844499,0.7115703687839857,0.7128600769317585,0.7110287099783612,0.9497349523571083,-0.09020297539265854,-0.08978307645046046,5,"Aspect,Elevation,Hillshade_3pm,Slope,Vertical_Distance_To_Hydrology,synthetic_target_1"
covertype_synthetic_target_1_noise,classification,15.807796001434326,0.8271665642286417,0.8275242923661069,0.8281891058527234,0.8271882789726703,0.9753737438464684,-0.09879237356334258,-0.09841824074992234,6,"Aspect,Elevation,Hillshade_3pm,Horizontal_Distance_To_Hydrology,Slope,Vertical_Distance_To_Hydrology,synthetic_target_1"
covertype_synthetic_target_1_noise,classification,15.807796001434326,0.821020282728949,0.8213613964911578,0.821875376082297,0.8210372009918083,0.9740136877769991,-0.11194627738907414,-0.11159924953295619,7,"Aspect,Elevation,Hillshade_3pm,Horizontal_Distance_To_Fire_Points,Horizontal_Distance_To_Hydrology,Slope,Vertical_Distance_To_Hydrology,synthetic_target_1"
covertype_synthetic_target_1_noise,classification,15.807796001434326,0.8143822987092809,0.814735752107488,0.8153361253404737,0.8143963790891094,0.97357288277536,-0.12131969293074862,-0.1209538788543395,8,"Aspect,Elevation,Hillshade_3pm,Horizontal_Distance_To_Fire_Points,Horizontal_Distance_To_Hydrology,Slope,Vertical_Distance_To_Hydrology,synthetic_target_1,synthetic_target_2"
covertype_synthetic_target_1_noise,classification,15.807796001434326,0.8068838352796558,0.8071288505363405,0.8079379819499594,0.8069091419035711,0.9713523245775323,-0.12319361738815837,-0.12290736096711374,9,"Aspect,Elevation,Hillshade_3pm,Horizontal_Distance_To_Fire_Points,Horizontal_Distance_To_Hydrology,Slope,Soil_Type,Vertical_Distance_To_Hydrology,synthetic_target_1,synthetic_target_2"
covertype_synthetic_target_1_noise,classification,15.807796001434326,0.8018438844499078,0.8019851768206071,0.8025821172556004,0.8018658122316494,0.9701363203449073,-0.14682835553042162,-0.14663902281017616,10,"Aspect,Elevation,Hillshade_3pm,Horizontal_Distance_To_Fire_Points,Horizontal_Distance_To_Hydrology,Slope,Soil_Type,Vertical_Distance_To_Hydrology,noise_numeric_2,synthetic_target_1,synthetic_target_2"
covertype_synthetic_target_1_noise,classification,15.807796001434326,0.8003687768899815,0.800421456972927,0.8010086094794546,0.8003941132771397,0.9700618120803873,-0.15048566127082497,-0.15039991877633774,11,"Aspect,Elevation,Hillshade_3pm,Horizontal_Distance_To_Fire_Points,Horizontal_Distance_To_Hydrology,Slope,Soil_Type,Vertical_Distance_To_Hydrology,class,noise_numeric_2,synthetic_target_1,synthetic_target_2"
covertype_synthetic_target_1_noise,classification,15.807796001434326,0.8013521819299324,0.8014979183015825,0.8018780277891945,0.8013708737656552,0.971033593130634,-0.1694186565259319,-0.16923556864593992,12,"Aspect,Elevation,Hillshade_3pm,Horizontal_Distance_To_Fire_Points,Horizontal_Distance_To_Hydrology,Slope,Soil_Type,Vertical_Distance_To_Hydrology,Wilderness_Area,class,noise_numeric_2,synthetic_target_1,synthetic_target_2"
covertype_synthetic_target_1_noise,classification,15.807796001434326,0.7997541487400123,0.7997098475872474,0.8004112567802714,0.7997846013971303,0.9703087277079057,-0.16207275069446037,-0.16204807222103867,13,"Aspect,Elevation,Hillshade_3pm,Horizontal_Distance_To_Fire_Points,Horizontal_Distance_To_Fire_Points_shuffled_2,Horizontal_Distance_To_Hydrology,Slope,Soil_Type,Vertical_Distance_To_Hydrology,Wilderness_Area,class,noise_numeric_2,synthetic_target_1,synthetic_target_2"
covertype_synthetic_target_1_noise,classification,15.807796001434326,0.7943454210202827,0.7943018671159557,0.7948477271594666,0.7943785803439958,0.969257958468294,-0.15226756152213183,-0.15223997451412008,14,"Aspect,Elevation,Hillshade_3pm,Horizontal_Distance_To_Fire_Points,Horizontal_Distance_To_Fire_Points_shuffled_1,Horizontal_Distance_To_Fire_Points_shuffled_2,Horizontal_Distance_To_Hydrology,Slope,Soil_Type,Vertical_Distance_To_Hydrology,Wilderness_Area,class,noise_numeric_2,synthetic_target_1,synthetic_target_2"
covertype_synthetic_target_1_noise,classification,15.807796001434326,0.7927473878303626,0.7928895525424853,0.7934974824099429,0.792780239708615,0.9696490735405743,-0.17055480051485505,-0.1703594474519149,15,"Aspect,Elevation,Hillshade_3pm,Horizontal_Distance_To_Fire_Points,Horizontal_Distance_To_Fire_Points_shuffled_1,Horizontal_Distance_To_Fire_Points_shuffled_2,Horizontal_Distance_To_Hydrology,Slope,Soil_Type,Vertical_Distance_To_Hydrology,Wilderness_Area,Wilderness_Area_shuffled_2,class,noise_numeric_2,synthetic_target_1,synthetic_target_2"
covertype_synthetic_target_1_noise,classification,15.807796001434326,0.7934849416103258,0.7935019302751722,0.7941768014765624,0.7935205383942537,0.9687052737565877,-0.15570979652589256,-0.15562647109926242,16,"Aspect,Elevation,Hillshade_3pm,Horizontal_Distance_To_Fire_Points,Horizontal_Distance_To_Fire_Points_shuffled_1,Horizontal_Distance_To_Fire_Points_shuffled_2,Horizontal_Distance_To_Hydrology,Slope,Soil_Type,Soil_Type_shuffled_1,Vertical_Distance_To_Hydrology,Wilderness_Area,Wilderness_Area_shuffled_2,class,noise_numeric_2,synthetic_target_1,synthetic_target_2"
covertype_synthetic_target_1_noise,classification,15.807796001434326,0.7809465273509527,0.7808897879461034,0.7814225705172939,0.7809798067734038,0.9666775033015094,-0.1834006573060426,-0.18342013532020907,17,"Aspect,Elevation,Hillshade_3pm,Horizontal_Distance_To_Fire_Points,Horizontal_Distance_To_Fire_Points_shuffled_1,Horizontal_Distance_To_Fire_Points_shuffled_2,Horizontal_Distance_To_Hydrology,Slope,Soil_Type,Soil_Type_shuffled_1,Soil_Type_shuffled_2,Vertical_Distance_To_Hydrology,Wilderness_Area,Wilderness_Area_shuffled_2,class,noise_numeric_2,synthetic_target_1,synthetic_target_2"
covertype_synthetic_target_1_noise,classification,15.807796001434326,0.7893054701905348,0.7892969304149149,0.7900255062522399,0.7893414903266706,0.9685856912434775,-0.17986713861202241,-0.1798192762449894,18,"Aspect,Elevation,Hillshade_3pm,Horizontal_Distance_To_Fire_Points,Horizontal_Distance_To_Fire_Points_shuffled_1,Horizontal_Distance_To_Fire_Points_shuffled_2,Horizontal_Distance_To_Hydrology,Slope,Soil_Type,Soil_Type_shuffled_1,Soil_Type_shuffled_2,Vertical_Distance_To_Hydrology,Wilderness_Area,Wilderness_Area_shuffled_2,class,noise_categorical_2,noise_numeric_2,synthetic_target_1,synthetic_target_2"
covertype_synthetic_target_1_noise,classification,15.807796001434326,0.7895513214505224,0.7897642605187017,0.7905061351972361,0.7895830263949964,0.9688477312241517,-0.19209977272208634,-0.1918633711476334,19,"Aspect,Elevation,Hillshade_3pm,Hillshade_Noon,Horizontal_Distance_To_Fire_Points,Horizontal_Distance_To_Fire_Points_shuffled_1,Horizontal_Distance_To_Fire_Points_shuffled_2,Horizontal_Distance_To_Hydrology,Slope,Soil_Type,Soil_Type_shuffled_1,Soil_Type_shuffled_2,Vertical_Distance_To_Hydrology,Wilderness_Area,Wilderness_Area_shuffled_2,class,noise_categorical_2,noise_numeric_2,synthetic_target_1,synthetic_target_2"
covertype_synthetic_target_1_noise,classification,15.807796001434326,0.7904118008604795,0.790769187773312,0.7919873810299475,0.7904494375177846,0.9682014466074816,-0.16926363557915658,-0.16885772690984546,20,"Aspect,Elevation,Hillshade_3pm,Hillshade_3pm_shuffled_2,Hillshade_Noon,Horizontal_Distance_To_Fire_Points,Horizontal_Distance_To_Fire_Points_shuffled_1,Horizontal_Distance_To_Fire_Points_shuffled_2,Horizontal_Distance_To_Hydrology,Slope,Soil_Type,Soil_Type_shuffled_1,Soil_Type_shuffled_2,Vertical_Distance_To_Hydrology,Wilderness_Area,Wilderness_Area_shuffled_2,class,noise_categorical_2,noise_numeric_2,synthetic_target_1,synthetic_target_2"
covertype_synthetic_target_1_noise,classification,15.807796001434326,0.7869698832206515,0.7871378421090258,0.7877948748241542,0.7869981991789496,0.9677623637639172,-0.19652532209038853,-0.19633757772216798,21,"Aspect,Elevation,Hillshade_3pm,Hillshade_3pm_shuffled_2,Hillshade_Noon,Horizontal_Distance_To_Fire_Points,Horizontal_Distance_To_Fire_Points_shuffled_1,Horizontal_Distance_To_Fire_Points_shuffled_2,Horizontal_Distance_To_Hydrology,Slope,Soil_Type,Soil_Type_shuffled_1,Soil_Type_shuffled_2,Vertical_Distance_To_Hydrology,Wilderness_Area,Wilderness_Area_shuffled_1,Wilderness_Area_shuffled_2,class,noise_categorical_2,noise_numeric_2,synthetic_target_1,synthetic_target_2"
covertype_synthetic_target_1_noise,classification,15.807796001434326,0.7901659496004917,0.7904463870116075,0.7911847580180364,0.7901906393105259,0.9686775066603517,-0.19548071870538486,-0.19518320709748116,22,"Aspect,Elevation,Hillshade_3pm,Hillshade_3pm_shuffled_2,Hillshade_9am,Hillshade_Noon,Horizontal_Distance_To_Fire_Points,Horizontal_Distance_To_Fire_Points_shuffled_1,Horizontal_Distance_To_Fire_Points_shuffled_2,Horizontal_Distance_To_Hydrology,Slope,Soil_Type,Soil_Type_shuffled_1,Soil_Type_shuffled_2,Vertical_Distance_To_Hydrology,Wilderness_Area,Wilderness_Area_shuffled_1,Wilderness_Area_shuffled_2,class,noise_categorical_2,noise_numeric_2,synthetic_target_1,synthetic_target_2"
covertype_synthetic_target_1_noise,classification,15.807796001434326,0.7884449907805777,0.7886120514586716,0.7894350781090163,0.7884796296839983,0.9683381520177915,-0.16244018256586934,-0.1622157910317037,23,"Aspect,Elevation,Hillshade_3pm,Hillshade_3pm_shuffled_2,Hillshade_9am,Hillshade_Noon,Horizontal_Distance_To_Fire_Points,Horizontal_Distance_To_Fire_Points_shuffled_1,Horizontal_Distance_To_Fire_Points_shuffled_2,Horizontal_Distance_To_Hydrology,Horizontal_Distance_To_Roadways,Slope,Soil_Type,Soil_Type_shuffled_1,Soil_Type_shuffled_2,Vertical_Distance_To_Hydrology,Wilderness_Area,Wilderness_Area_shuffled_1,Wilderness_Area_shuffled_2,class,noise_categorical_2,noise_numeric_2,synthetic_target_1,synthetic_target_2"
covertype_synthetic_target_1_noise,classification,15.807796001434326,0.789059618930547,0.7893705221478285,0.7906017997096793,0.7890946465370429,0.9683317351882851,-0.17067728788037018,-0.17031576540584603,24,"Aspect,Elevation,Hillshade_3pm,Hillshade_3pm_shuffled_2,Hillshade_9am,Hillshade_Noon,Horizontal_Distance_To_Fire_Points,Horizontal_Distance_To_Fire_Points_shuffled_1,Horizontal_Distance_To_Fire_Points_shuffled_2,Horizontal_Distance_To_Hydrology,Horizontal_Distance_To_Roadways,Horizontal_Distance_To_Roadways_shuffled_1,Slope,Soil_Type,Soil_Type_shuffled_1,Soil_Type_shuffled_2,Vertical_Distance_To_Hydrology,Wilderness_Area,Wilderness_Area_shuffled_1,Wilderness_Area_shuffled_2,class,noise_categorical_2,noise_numeric_2,synthetic_target_1,synthetic_target_2"
covertype_synthetic_target_1_noise,classification,15.807796001434326,0.7846342962507683,0.784640309740632,0.7854937132665027,0.7846652773027495,0.9672946247276429,-0.19621768309518695,-0.19617687299502395,25,"Aspect,Elevation,Elevation_shuffled_2,Hillshade_3pm,Hillshade_3pm_shuffled_2,Hillshade_9am,Hillshade_Noon,Horizontal_Distance_To_Fire_Points,Horizontal_Distance_To_Fire_Points_shuffled_1,Horizontal_Distance_To_Fire_Points_shuffled_2,Horizontal_Distance_To_Hydrology,Horizontal_Distance_To_Roadways,Horizontal_Distance_To_Roadways_shuffled_1,Slope,Soil_Type,Soil_Type_shuffled_1,Soil_Type_shuffled_2,Vertical_Distance_To_Hydrology,Wilderness_Area,Wilderness_Area_shuffled_1,Wilderness_Area_shuffled_2,class,noise_categorical_2,noise_numeric_2,synthetic_target_1,synthetic_target_2"
covertype_synthetic_target_1_noise,classification,15.807796001434326,0.7837738168408113,0.7840465230644995,0.7849156785594025,0.7838026812416158,0.9677057313194329,-0.2121998738402805,-0.21192616476442439,26,"Aspect,Elevation,Elevation_shuffled_2,Hillshade_3pm,Hillshade_3pm_shuffled_1,Hillshade_3pm_shuffled_2,Hillshade_9am,Hillshade_Noon,Horizontal_Distance_To_Fire_Points,Horizontal_Distance_To_Fire_Points_shuffled_1,Horizontal_Distance_To_Fire_Points_shuffled_2,Horizontal_Distance_To_Hydrology,Horizontal_Distance_To_Roadways,Horizontal_Distance_To_Roadways_shuffled_1,Slope,Soil_Type,Soil_Type_shuffled_1,Soil_Type_shuffled_2,Vertical_Distance_To_Hydrology,Wilderness_Area,Wilderness_Area_shuffled_1,Wilderness_Area_shuffled_2,class,noise_categorical_2,noise_numeric_2,synthetic_target_1,synthetic_target_2"
covertype_synthetic_target_1_noise,classification,15.807796001434326,0.7856177012907191,0.7858729755331189,0.7868763552079608,0.7856494371484816,0.9677200281185616,-0.19962940960183073,-0.19935537131969716,27,"Aspect,Elevation,Elevation_shuffled_2,Hillshade_3pm,Hillshade_3pm_shuffled_1,Hillshade_3pm_shuffled_2,Hillshade_9am,Hillshade_Noon,Horizontal_Distance_To_Fire_Points,Horizontal_Distance_To_Fire_Points_shuffled_1,Horizontal_Distance_To_Fire_Points_shuffled_2,Horizontal_Distance_To_Hydrology,Horizontal_Distance_To_Roadways,Horizontal_Distance_To_Roadways_shuffled_1,Horizontal_Distance_To_Roadways_shuffled_2,Slope,Soil_Type,Soil_Type_shuffled_1,Soil_Type_shuffled_2,Vertical_Distance_To_Hydrology,Wilderness_Area,Wilderness_Area_shuffled_1,Wilderness_Area_shuffled_2,class,noise_categorical_2,noise_numeric_2,synthetic_target_1,synthetic_target_2"
covertype_synthetic_target_1_noise,classification,15.807796001434326,0.7836508912108174,0.783969319313492,0.7848426567622859,0.7836702159999577,0.9676463408080566,-0.21035574758928088,-0.21003482271882024,28,"Aspect,Elevation,Elevation_shuffled_1,Elevation_shuffled_2,Hillshade_3pm,Hillshade_3pm_shuffled_1,Hillshade_3pm_shuffled_2,Hillshade_9am,Hillshade_Noon,Horizontal_Distance_To_Fire_Points,Horizontal_Distance_To_Fire_Points_shuffled_1,Horizontal_Distance_To_Fire_Points_shuffled_2,Horizontal_Distance_To_Hydrology,Horizontal_Distance_To_Roadways,Horizontal_Distance_To_Roadways_shuffled_1,Horizontal_Distance_To_Roadways_shuffled_2,Slope,Soil_Type,Soil_Type_shuffled_1,Soil_Type_shuffled_2,Vertical_Distance_To_Hydrology,Wilderness_Area,Wilderness_Area_shuffled_1,Wilderness_Area_shuffled_2,class,noise_categorical_2,noise_numeric_2,synthetic_target_1,synthetic_target_2"
covertype_synthetic_target_1_noise,classification,15.807796001434326,0.7863552550706823,0.7865605029200368,0.7876980178864587,0.7863890950362195,0.9681278058065831,-0.19332878722093316,-0.1930912856049536,29,"Aspect,Aspect_shuffled_1,Elevation,Elevation_shuffled_1,Elevation_shuffled_2,Hillshade_3pm,Hillshade_3pm_shuffled_1,Hillshade_3pm_shuffled_2,Hillshade_9am,Hillshade_Noon,Horizontal_Distance_To_Fire_Points,Horizontal_Distance_To_Fire_Points_shuffled_1,Horizontal_Distance_To_Fire_Points_shuffled_2,Horizontal_Distance_To_Hydrology,Horizontal_Distance_To_Roadways,Horizontal_Distance_To_Roadways_shuffled_1,Horizontal_Distance_To_Roadways_shuffled_2,Slope,Soil_Type,Soil_Type_shuffled_1,Soil_Type_shuffled_2,Vertical_Distance_To_Hydrology,Wilderness_Area,Wilderness_Area_shuffled_1,Wilderness_Area_shuffled_2,class,noise_categorical_2,noise_numeric_2,synthetic_target_1,synthetic_target_2"
covertype_synthetic_target_1_noise,classification,15.807796001434326,0.7851259987707437,0.7853991709169125,0.7864868983481133,0.785161067308974,0.9676561640442882,-0.18499940078666954,-0.18468158743397478,30,"Aspect,Aspect_shuffled_1,Elevation,Elevation_shuffled_1,Elevation_shuffled_2,Hillshade_3pm,Hillshade_3pm_shuffled_1,Hillshade_3pm_shuffled_2,Hillshade_9am,Hillshade_9am_shuffled_1,Hillshade_Noon,Horizontal_Distance_To_Fire_Points,Horizontal_Distance_To_Fire_Points_shuffled_1,Horizontal_Distance_To_Fire_Points_shuffled_2,Horizontal_Distance_To_Hydrology,Horizontal_Distance_To_Roadways,Horizontal_Distance_To_Roadways_shuffled_1,Horizontal_Distance_To_Roadways_shuffled_2,Slope,Soil_Type,Soil_Type_shuffled_1,Soil_Type_shuffled_2,Vertical_Distance_To_Hydrology,Wilderness_Area,Wilderness_Area_shuffled_1,Wilderness_Area_shuffled_2,class,noise_categorical_2,noise_numeric_2,synthetic_target_1,synthetic_target_2"
covertype_synthetic_target_1_noise,classification,15.807796001434326,0.7819299323909035,0.7819986682720231,0.7829096214158238,0.7819598331626113,0.9665808440916945,-0.19532603023511075,-0.19521663470408412,31,"Aspect,Aspect_shuffled_1,Elevation,Elevation_shuffled_1,Elevation_shuffled_2,Hillshade_3pm,Hillshade_3pm_shuffled_1,Hillshade_3pm_shuffled_2,Hillshade_9am,Hillshade_9am_shuffled_1,Hillshade_Noon,Horizontal_Distance_To_Fire_Points,Horizontal_Distance_To_Fire_Points_shuffled_1,Horizontal_Distance_To_Fire_Points_shuffled_2,Horizontal_Distance_To_Hydrology,Horizontal_Distance_To_Roadways,Horizontal_Distance_To_Roadways_shuffled_1,Horizontal_Distance_To_Roadways_shuffled_2,Slope,Soil_Type,Soil_Type_shuffled_1,Soil_Type_shuffled_2,Vertical_Distance_To_Hydrology,Wilderness_Area,Wilderness_Area_shuffled_1,Wilderness_Area_shuffled_2,class,noise_categorical_2,noise_numeric_1,noise_numeric_2,synthetic_target_1,synthetic_target_2"
covertype_synthetic_target_1_noise,classification,15.807796001434326,0.7832821143208359,0.7834769462604773,0.784682483207435,0.7833160982801891,0.9673106456342603,-0.1898245982437079,-0.1895904011397972,32,"Aspect,Aspect_shuffled_1,Aspect_shuffled_2,Elevation,Elevation_shuffled_1,Elevation_shuffled_2,Hillshade_3pm,Hillshade_3pm_shuffled_1,Hillshade_3pm_shuffled_2,Hillshade_9am,Hillshade_9am_shuffled_1,Hillshade_Noon,Horizontal_Distance_To_Fire_Points,Horizontal_Distance_To_Fire_Points_shuffled_1,Horizontal_Distance_To_Fire_Points_shuffled_2,Horizontal_Distance_To_Hydrology,Horizontal_Distance_To_Roadways,Horizontal_Distance_To_Roadways_shuffled_1,Horizontal_Distance_To_Roadways_shuffled_2,Slope,Soil_Type,Soil_Type_shuffled_1,Soil_Type_shuffled_2,Vertical_Distance_To_Hydrology,Wilderness_Area,Wilderness_Area_shuffled_1,Wilderness_Area_shuffled_2,class,noise_categorical_2,noise_numeric_1,noise_numeric_2,synthetic_target_1,synthetic_target_2"
covertype_synthetic_target_1_noise,classification,15.807796001434326,0.785740626920713,0.7861701658154514,0.7873141907331064,0.7857656113497606,0.9674288812492573,-0.20371720440458818,-0.2032782094509702,33,"Aspect,Aspect_shuffled_1,Aspect_shuffled_2,Elevation,Elevation_shuffled_1,Elevation_shuffled_2,Hillshade_3pm,Hillshade_3pm_shuffled_1,Hillshade_3pm_shuffled_2,Hillshade_9am,Hillshade_9am_shuffled_1,Hillshade_Noon,Hillshade_Noon_shuffled_2,Horizontal_Distance_To_Fire_Points,Horizontal_Distance_To_Fire_Points_shuffled_1,Horizontal_Distance_To_Fire_Points_shuffled_2,Horizontal_Distance_To_Hydrology,Horizontal_Distance_To_Roadways,Horizontal_Distance_To_Roadways_shuffled_1,Horizontal_Distance_To_Roadways_shuffled_2,Slope,Soil_Type,Soil_Type_shuffled_1,Soil_Type_shuffled_2,Vertical_Distance_To_Hydrology,Wilderness_Area,Wilderness_Area_shuffled_1,Wilderness_Area_shuffled_2,class,noise_categorical_2,noise_numeric_1,noise_numeric_2,synthetic_target_1,synthetic_target_2"
covertype_synthetic_target_1_noise,classification,15.807796001434326,0.7864781807006761,0.7866307651554182,0.7881480433699765,0.7865153098834587,0.9672867935158499,-0.1813420799336981,-0.18114190225504334,34,"Aspect,Aspect_shuffled_1,Aspect_shuffled_2,Elevation,Elevation_shuffled_1,Elevation_shuffled_2,Hillshade_3pm,Hillshade_3pm_shuffled_1,Hillshade_3pm_shuffled_2,Hillshade_9am,Hillshade_9am_shuffled_1,Hillshade_9am_shuffled_2,Hillshade_Noon,Hillshade_Noon_shuffled_2,Horizontal_Distance_To_Fire_Points,Horizontal_Distance_To_Fire_Points_shuffled_1,Horizontal_Distance_To_Fire_Points_shuffled_2,Horizontal_Distance_To_Hydrology,Horizontal_Distance_To_Roadways,Horizontal_Distance_To_Roadways_shuffled_1,Horizontal_Distance_To_Roadways_shuffled_2,Slope,Soil_Type,Soil_Type_shuffled_1,Soil_Type_shuffled_2,Vertical_Distance_To_Hydrology,Wilderness_Area,Wilderness_Area_shuffled_1,Wilderness_Area_shuffled_2,class,noise_categorical_2,noise_numeric_1,noise_numeric_2,synthetic_target_1,synthetic_target_2"
covertype_synthetic_target_1_noise,classification,15.807796001434326,0.7896742470805163,0.7898278906251478,0.7908101411456301,0.7897059693270332,0.9682556795748999,-0.20227313428166716,-0.2021127356265744,35,"Aspect,Aspect_shuffled_1,Aspect_shuffled_2,Elevation,Elevation_shuffled_1,Elevation_shuffled_2,Hillshade_3pm,Hillshade_3pm_shuffled_1,Hillshade_3pm_shuffled_2,Hillshade_9am,Hillshade_9am_shuffled_1,Hillshade_9am_shuffled_2,Hillshade_Noon,Hillshade_Noon_shuffled_1,Hillshade_Noon_shuffled_2,Horizontal_Distance_To_Fire_Points,Horizontal_Distance_To_Fire_Points_shuffled_1,Horizontal_Distance_To_Fire_Points_shuffled_2,Horizontal_Distance_To_Hydrology,Horizontal_Distance_To_Roadways,Horizontal_Distance_To_Roadways_shuffled_1,Horizontal_Distance_To_Roadways_shuffled_2,Slope,Soil_Type,Soil_Type_shuffled_1,Soil_Type_shuffled_2,Vertical_Distance_To_Hydrology,Wilderness_Area,Wilderness_Area_shuffled_1,Wilderness_Area_shuffled_2,class,noise_categorical_2,noise_numeric_1,noise_numeric_2,synthetic_target_1,synthetic_target_2"
covertype_synthetic_target_1_noise,classification,15.807796001434326,0.7807006760909649,0.780636558767869,0.7815771619946495,0.7807406982341843,0.9663243317326397,-0.20666716261078077,-0.20671164317213098,36,"Aspect,Aspect_shuffled_1,Aspect_shuffled_2,Elevation,Elevation_shuffled_1,Elevation_shuffled_2,Hillshade_3pm,Hillshade_3pm_shuffled_1,Hillshade_3pm_shuffled_2,Hillshade_9am,Hillshade_9am_shuffled_1,Hillshade_9am_shuffled_2,Hillshade_Noon,Hillshade_Noon_shuffled_1,Hillshade_Noon_shuffled_2,Horizontal_Distance_To_Fire_Points,Horizontal_Distance_To_Fire_Points_shuffled_1,Horizontal_Distance_To_Fire_Points_shuffled_2,Horizontal_Distance_To_Hydrology,Horizontal_Distance_To_Roadways,Horizontal_Distance_To_Roadways_shuffled_1,Horizontal_Distance_To_Roadways_shuffled_2,Slope,Soil_Type,Soil_Type_shuffled_1,Soil_Type_shuffled_2,Vertical_Distance_To_Hydrology,Wilderness_Area,Wilderness_Area_shuffled_1,Wilderness_Area_shuffled_2,class,noise_categorical_1,noise_categorical_2,noise_numeric_1,noise_numeric_2,synthetic_target_1,synthetic_target_2"
covertype_synthetic_target_1_noise,classification,15.807796001434326,0.7826674861708667,0.7828873117056327,0.7843291112878028,0.7827073207250649,0.9666404338639073,-0.18204852071381494,-0.1817753876878293,37,"Aspect,Aspect_shuffled_1,Aspect_shuffled_2,Elevation,Elevation_shuffled_1,Elevation_shuffled_2,Hillshade_3pm,Hillshade_3pm_shuffled_1,Hillshade_3pm_shuffled_2,Hillshade_9am,Hillshade_9am_shuffled_1,Hillshade_9am_shuffled_2,Hillshade_Noon,Hillshade_Noon_shuffled_1,Hillshade_Noon_shuffled_2,Horizontal_Distance_To_Fire_Points,Horizontal_Distance_To_Fire_Points_shuffled_1,Horizontal_Distance_To_Fire_Points_shuffled_2,Horizontal_Distance_To_Hydrology,Horizontal_Distance_To_Roadways,Horizontal_Distance_To_Roadways_shuffled_1,Horizontal_Distance_To_Roadways_shuffled_2,Slope,Soil_Type,Soil_Type_shuffled_1,Soil_Type_shuffled_2,Vertical_Distance_To_Hydrology,Vertical_Distance_To_Hydrology_shuffled_1,Wilderness_Area,Wilderness_Area_shuffled_1,Wilderness_Area_shuffled_2,class,noise_categorical_1,noise_categorical_2,noise_numeric_1,noise_numeric_2,synthetic_target_1,synthetic_target_2"
covertype_synthetic_target_1_noise,classification,15.807796001434326,0.7832821143208359,0.7833759768861623,0.7845150835583733,0.7833168369741289,0.9664226146118718,-0.18733504820682567,-0.18720144942561157,38,"Aspect,Aspect_shuffled_1,Aspect_shuffled_2,Elevation,Elevation_shuffled_1,Elevation_shuffled_2,Hillshade_3pm,Hillshade_3pm_shuffled_1,Hillshade_3pm_shuffled_2,Hillshade_9am,Hillshade_9am_shuffled_1,Hillshade_9am_shuffled_2,Hillshade_Noon,Hillshade_Noon_shuffled_1,Hillshade_Noon_shuffled_2,Horizontal_Distance_To_Fire_Points,Horizontal_Distance_To_Fire_Points_shuffled_1,Horizontal_Distance_To_Fire_Points_shuffled_2,Horizontal_Distance_To_Hydrology,Horizontal_Distance_To_Roadways,Horizontal_Distance_To_Roadways_shuffled_1,Horizontal_Distance_To_Roadways_shuffled_2,Slope,Soil_Type,Soil_Type_shuffled_1,Soil_Type_shuffled_2,Vertical_Distance_To_Hydrology,Vertical_Distance_To_Hydrology_shuffled_1,Vertical_Distance_To_Hydrology_shuffled_2,Wilderness_Area,Wilderness_Area_shuffled_1,Wilderness_Area_shuffled_2,class,noise_categorical_1,noise_categorical_2,noise_numeric_1,noise_numeric_2,synthetic_target_1,synthetic_target_2"
covertype_synthetic_target_1_noise,classification,15.807796001434326,0.7861094038106945,0.7862576527029216,0.7875157234571443,0.7861487230569303,0.9671480754719969,-0.20042858487875714,-0.20026146771618702,39,"Aspect,Aspect_shuffled_1,Aspect_shuffled_2,Elevation,Elevation_shuffled_1,Elevation_shuffled_2,Hillshade_3pm,Hillshade_3pm_shuffled_1,Hillshade_3pm_shuffled_2,Hillshade_9am,Hillshade_9am_shuffled_1,Hillshade_9am_shuffled_2,Hillshade_Noon,Hillshade_Noon_shuffled_1,Hillshade_Noon_shuffled_2,Horizontal_Distance_To_Fire_Points,Horizontal_Distance_To_Fire_Points_shuffled_1,Horizontal_Distance_To_Fire_Points_shuffled_2,Horizontal_Distance_To_Hydrology,Horizontal_Distance_To_Roadways,Horizontal_Distance_To_Roadways_shuffled_1,Horizontal_Distance_To_Roadways_shuffled_2,Slope,Slope_shuffled_1,Soil_Type,Soil_Type_shuffled_1,Soil_Type_shuffled_2,Vertical_Distance_To_Hydrology,Vertical_Distance_To_Hydrology_shuffled_1,Vertical_Distance_To_Hydrology_shuffled_2,Wilderness_Area,Wilderness_Area_shuffled_1,Wilderness_Area_shuffled_2,class,noise_categorical_1,noise_categorical_2,noise_numeric_1,noise_numeric_2,synthetic_target_1,synthetic_target_2"
covertype_synthetic_target_1_noise,classification,15.807796001434326,0.7863552550706823,0.7865124715129149,0.7878557955280109,0.7863935383325895,0.9674326065206752,-0.19532657428756706,-0.19514084728242964,40,"Aspect,Aspect_shuffled_1,Aspect_shuffled_2,Elevation,Elevation_shuffled_1,Elevation_shuffled_2,Hillshade_3pm,Hillshade_3pm_shuffled_1,Hillshade_3pm_shuffled_2,Hillshade_9am,Hillshade_9am_shuffled_1,Hillshade_9am_shuffled_2,Hillshade_Noon,Hillshade_Noon_shuffled_1,Hillshade_Noon_shuffled_2,Horizontal_Distance_To_Fire_Points,Horizontal_Distance_To_Fire_Points_shuffled_1,Horizontal_Distance_To_Fire_Points_shuffled_2,Horizontal_Distance_To_Hydrology,Horizontal_Distance_To_Hydrology_shuffled_1,Horizontal_Distance_To_Roadways,Horizontal_Distance_To_Roadways_shuffled_1,Horizontal_Distance_To_Roadways_shuffled_2,Slope,Slope_shuffled_1,Soil_Type,Soil_Type_shuffled_1,Soil_Type_shuffled_2,Vertical_Distance_To_Hydrology,Vertical_Distance_To_Hydrology_shuffled_1,Vertical_Distance_To_Hydrology_shuffled_2,Wilderness_Area,Wilderness_Area_shuffled_1,Wilderness_Area_shuffled_2,class,noise_categorical_1,noise_categorical_2,noise_numeric_1,noise_numeric_2,synthetic_target_1,synthetic_target_2"
covertype_synthetic_target_1_clean,classification,8.238231420516968,0.23945912722802704,0.17727032468081966,0.1630123542772805,0.23951698621071463,0.6404810316748496,-0.00672970975254833,-0.00838642635209616,1,"Vertical_Distance_To_Hydrology,synthetic_target_1"
covertype_synthetic_target_1_clean,classification,8.238231420516968,0.3425937307928703,0.28991715724372746,0.30896034825323576,0.342639899590386,0.744834599441339,-0.040335947102384195,-0.045276500125537744,2,"Slope,Vertical_Distance_To_Hydrology,synthetic_target_1"
covertype_synthetic_target_1_clean,classification,8.238231420516968,0.6226183159188691,0.6225285827333599,0.6233488941971287,0.6226491283035649,0.9242901260679315,-0.06056339049863768,-0.06058813545695252,3,"Aspect,Slope,Vertical_Distance_To_Hydrology,synthetic_target_1"
covertype_synthetic_target_1_clean,classification,8.238231420516968,0.7005531653349724,0.7006802731106455,0.7015092572717724,0.7005736581587897,0.9470842439762653,-0.18963001637144516,-0.18918712407147276,4,"Aspect,Elevation,Slope,Vertical_Distance_To_Hydrology,synthetic_target_1"
covertype_synthetic_target_1_clean,classification,8.238231420516968,0.7096496619545175,0.7102308853529734,0.7115752540757639,0.7096675822012299,0.9485951202294727,-0.15354802675952228,-0.15297120678951148,5,"Aspect,Elevation,Hillshade_3pm,Slope,Vertical_Distance_To_Hydrology,synthetic_target_1"
covertype_synthetic_target_1_clean,classification,8.238231420516968,0.832821143208359,0.8332757046327991,0.8340472942166101,0.8328334053144159,0.9760865980471534,-0.10850538740388593,-0.10806147722941228,6,"Aspect,Elevation,Hillshade_3pm,Horizontal_Distance_To_Hydrology,Slope,Vertical_Distance_To_Hydrology,synthetic_target_1"
covertype_synthetic_target_1_clean,classification,8.238231420516968,0.8156115550092194,0.8159392889356836,0.8164985646222042,0.8156322497817614,0.9730192311894087,-0.09940565669473922,-0.09909282570134625,7,"Aspect,Elevation,Hillshade_3pm,Horizontal_Distance_To_Fire_Points,Horizontal_Distance_To_Hydrology,Slope,Vertical_Distance_To_Hydrology,synthetic_target_1"
covertype_synthetic_target_1_clean,classification,8.238231420516968,0.8165949600491702,0.8168097175583834,0.8173004962189029,0.8166182039562733,0.9735010030409698,-0.10798089438899061,-0.10776426254252724,8,"Aspect,Elevation,Hillshade_3pm,Hillshade_Noon,Horizontal_Distance_To_Fire_Points,Horizontal_Distance_To_Hydrology,Slope,Vertical_Distance_To_Hydrology,synthetic_target_1"
covertype_synthetic_target_1_clean,classification,8.238231420516968,0.8068838352796558,0.8072315450969981,0.8079725982570779,0.8069125306628866,0.9717107774667318,-0.12556022668247846,-0.1251723638694432,9,"Aspect,Elevation,Hillshade_3pm,Hillshade_Noon,Horizontal_Distance_To_Fire_Points,Horizontal_Distance_To_Hydrology,Horizontal_Distance_To_Roadways,Slope,Vertical_Distance_To_Hydrology,synthetic_target_1"
covertype_synthetic_target_1_clean,classification,8.238231420516968,0.8027043638598648,0.8031510342335677,0.8038489066507962,0.8027168718524115,0.972258284756529,-0.1402818667769683,-0.13981430484681545,10,"Aspect,Elevation,Hillshade_3pm,Hillshade_Noon,Horizontal_Distance_To_Fire_Points,Horizontal_Distance_To_Hydrology,Horizontal_Distance_To_Roadways,Slope,Vertical_Distance_To_Hydrology,synthetic_target_1,synthetic_target_2"
covertype_synthetic_target_1_clean,classification,8.238231420516968,0.8093423478795329,0.809692078750237,0.810411320807973,0.8093648960793863,0.9724621448224767,-0.12866478268353576,-0.12827506783620446,11,"Aspect,Elevation,Hillshade_3pm,Hillshade_9am,Hillshade_Noon,Horizontal_Distance_To_Fire_Points,Horizontal_Distance_To_Hydrology,Horizontal_Distance_To_Roadways,Slope,Vertical_Distance_To_Hydrology,synthetic_target_1,synthetic_target_2"
covertype_synthetic_target_1_clean,classification,8.238231420516968,0.7987707437000615,0.7991002464421966,0.7997602032202936,0.7987917507267124,0.9699647233255709,-0.1283868663319031,-0.12803144605184014,12,"Aspect,Elevation,Hillshade_3pm,Hillshade_9am,Hillshade_Noon,Horizontal_Distance_To_Fire_Points,Horizontal_Distance_To_Hydrology,Horizontal_Distance_To_Roadways,Slope,Soil_Type,Vertical_Distance_To_Hydrology,synthetic_target_1,synthetic_target_2"
covertype_synthetic_target_1_clean,classification,8.238231420516968,0.8078672403196067,0.8082389890915321,0.8089439465589774,0.8078874792989627,0.9721856232547132,-0.1326909106516252,-0.13227376839537863,13,"Aspect,Elevation,Hillshade_3pm,Hillshade_9am,Hillshade_Noon,Horizontal_Distance_To_Fire_Points,Horizontal_Distance_To_Hydrology,Horizontal_Distance_To_Roadways,Slope,Soil_Type,Vertical_Distance_To_Hydrology,Wilderness_Area,synthetic_target_1,synthetic_target_2"
covertype_synthetic_target_2_noise,classification,14.611039161682129,0.3248924400737554,0.3231197637629966,0.3406396247315361,0.3245405069099367,0.7431014357006228,-0.008492118568978801,-0.00892248015307684,1,"Hillshade_9am,synthetic_target_2"
covertype_synthetic_target_2_noise,classification,14.611039161682129,0.4505224339274739,0.44475175846368264,0.44289683512837114,0.45007038569475616,0.8442166706653155,-0.05580901431447355,-0.055166755310668114,2,"Hillshade_9am,Horizontal_Distance_To_Fire_Points,synthetic_target_2"
covertype_synthetic_target_2_noise,classification,14.611039161682129,0.5194837123540258,0.5173678793914122,0.5169449931921898,0.519041173626402,0.8884168235396995,-0.12392666384464646,-0.12463669263464427,3,"Hillshade_3pm,Hillshade_9am,Horizontal_Distance_To_Fire_Points,synthetic_target_2"
covertype_synthetic_target_2_noise,classification,14.611039161682129,0.5305470190534727,0.5293969854976118,0.5293281631670279,0.5301465000936203,0.8913325227281746,-0.1265712499408721,-0.12697490445242454,4,"Aspect,Hillshade_3pm,Hillshade_9am,Horizontal_Distance_To_Fire_Points,synthetic_target_2"
covertype_synthetic_target_2_noise,classification,14.611039161682129,0.7005531653349724,0.6997598805720749,0.6998675649168008,0.7002975313183547,0.9481733638744033,-0.09029389638128038,-0.09057307839014217,5,"Aspect,Hillshade_3pm,Hillshade_9am,Horizontal_Distance_To_Fire_Points,Wilderness_Area,synthetic_target_2"
covertype_synthetic_target_2_noise,classification,14.611039161682129,0.7149354640442532,0.7146136161222412,0.7150633827176743,0.7147033242352593,0.9523746810253991,-0.14521944129137498,-0.145177441210939,6,"Aspect,Hillshade_3pm,Hillshade_9am,Horizontal_Distance_To_Fire_Points,Horizontal_Distance_To_Roadways,Wilderness_Area,synthetic_target_2"
covertype_synthetic_target_2_noise,classification,14.611039161682129,0.8522433927473878,0.8522008622421859,0.8524811250030897,0.8521602555447683,0.9784090855846262,-0.09114239530277202,-0.09114501811514641,7,"Aspect,Hillshade_3pm,Hillshade_9am,Horizontal_Distance_To_Fire_Points,Horizontal_Distance_To_Roadways,Soil_Type,Wilderness_Area,synthetic_target_2"
covertype_synthetic_target_2_noise,classification,14.611039161682129,0.8427781192378611,0.8426392945313846,0.8427650124665834,0.8426841678653768,0.9769986556832734,-0.14526589354797614,-0.14536059912432753,8,"Aspect,Hillshade_3pm,Hillshade_9am,Horizontal_Distance_To_Fire_Points,Horizontal_Distance_To_Roadways,Soil_Type,Vertical_Distance_To_Hydrology,Wilderness_Area,synthetic_target_2"
covertype_synthetic_target_2_noise,classification,14.611039161682129,0.847080516287646,0.8469656650551672,0.8471959421454617,0.8469922549295749,0.9771415572997263,-0.1086300812043628,-0.1087120190321913,9,"Aspect,Hillshade_3pm,Hillshade_9am,Horizontal_Distance_To_Fire_Points,Horizontal_Distance_To_Roadways,Soil_Type,Vertical_Distance_To_Hydrology,Wilderness_Area,synthetic_target_1,synthetic_target_2"
covertype_synthetic_target_2_noise,classification,14.611039161682129,0.8432698217578365,0.843098705433614,0.8433576662629994,0.8431926988043683,0.9765980150493233,-0.10660109046247335,-0.1067342956834918,10,"Aspect,Hillshade_3pm,Hillshade_9am,Horizontal_Distance_To_Fire_Points,Horizontal_Distance_To_Roadways,Soil_Type,Vertical_Distance_To_Hydrology,Wilderness_Area,noise_numeric_2,synthetic_target_1,synthetic_target_2"
covertype_synthetic_target_2_noise,classification,14.611039161682129,0.844499078057775,0.8442925789610678,0.8445426398283448,0.8444378415370165,0.9765958836269238,-0.09977803037595989,-0.09991346145504898,11,"Aspect,Hillshade_3pm,Hillshade_9am,Horizontal_Distance_To_Fire_Points,Horizontal_Distance_To_Roadways,Soil_Type,Vertical_Distance_To_Hydrology,Wilderness_Area,class,noise_numeric_2,synthetic_target_1,synthetic_target_2"
covertype_synthetic_target_2_noise,classification,14.611039161682129,0.8437615242778119,0.8435062522921184,0.8439063204881327,0.8437063171727172,0.9766866293177612,-0.1101049620757657,-0.11030769578031507,12,"Aspect,Hillshade_3pm,Hillshade_9am,Horizontal_Distance_To_Fire_Points,Horizontal_Distance_To_Roadways,Soil_Type,Soil_Type_shuffled_1,Vertical_Distance_To_Hydrology,Wilderness_Area,class,noise_numeric_2,synthetic_target_1,synthetic_target_2"
covertype_synthetic_target_2_noise,classification,14.611039161682129,0.8406883835279656,0.8405254050894942,0.8407601552296157,0.8406023122633653,0.9764435144002411,-0.12415056409927805,-0.12426992399449677,13,"Aspect,Hillshade_3pm,Hillshade_9am,Horizontal_Distance_To_Fire_Points,Horizontal_Distance_To_Fire_Points_shuffled_2,Horizontal_Distance_To_Roadways,Soil_Type,Soil_Type_shuffled_1,Vertical_Distance_To_Hydrology,Wilderness_Area,class,noise_numeric_2,synthetic_target_1,synthetic_target_2"
covertype_synthetic_target_2_noise,classification,14.611039161682129,0.8415488629379225,0.841447532685698,0.8417381895058836,0.8414788710177785,0.9766154551203028,-0.15199674807756802,-0.1520767319312054,14,"Aspect,Hillshade_3pm,Hillshade_9am,Horizontal_Distance_To_Fire_Points,Horizontal_Distance_To_Fire_Points_shuffled_2,Horizontal_Distance_To_Roadways,Soil_Type,Soil_Type_shuffled_1,Soil_Type_shuffled_2,Vertical_Distance_To_Hydrology,Wilderness_Area,class,noise_numeric_2,synthetic_target_1,synthetic_target_2"
covertype_synthetic_target_2_noise,classification,14.611039161682129,0.8398279041180086,0.8396945759114768,0.840020494812921,0.8397661689885755,0.976294869336695,-0.14142363264127344,-0.14150490149338835,15,"Aspect,Hillshade_3pm,Hillshade_9am,Horizontal_Distance_To_Fire_Points,Horizontal_Distance_To_Fire_Points_shuffled_1,Horizontal_Distance_To_Fire_Points_shuffled_2,Horizontal_Distance_To_Roadways,Soil_Type,Soil_Type_shuffled_1,Soil_Type_shuffled_2,Vertical_Distance_To_Hydrology,Wilderness_Area,class,noise_numeric_2,synthetic_target_1,synthetic_target_2"
covertype_synthetic_target_2_noise,classification,14.611039161682129,0.8381069452980947,0.8380684905457486,0.838446234060816,0.838033769256488,0.9762133948563321,-0.1330327153854558,-0.1330263257482579,16,"Aspect,Hillshade_3pm,Hillshade_9am,Horizontal_Distance_To_Fire_Points,Horizontal_Distance_To_Fire_Points_shuffled_1,Horizontal_Distance_To_Fire_Points_shuffled_2,Horizontal_Distance_To_Roadways,Soil_Type,Soil_Type_shuffled_1,Soil_Type_shuffled_2,Vertical_Distance_To_Hydrology,Wilderness_Area,Wilderness_Area_shuffled_2,class,noise_numeric_2,synthetic_target_1,synthetic_target_2"
covertype_synthetic_target_2_noise,classification,14.611039161682129,0.8421634910878918,0.842072256783392,0.8424462381955193,0.8421004961172525,0.9765025845013829,-0.13011337146435797,-0.1301535142952207,17,"Aspect,Hillshade_3pm,Hillshade_9am,Horizontal_Distance_To_Fire_Points,Horizontal_Distance_To_Fire_Points_shuffled_1,Horizontal_Distance_To_Fire_Points_shuffled_2,Horizontal_Distance_To_Roadways,Soil_Type,Soil_Type_shuffled_1,Soil_Type_shuffled_2,Vertical_Distance_To_Hydrology,Wilderness_Area,Wilderness_Area_shuffled_2,class,noise_categorical_2,noise_numeric_2,synthetic_target_1,synthetic_target_2"
covertype_synthetic_target_2_noise,classification,14.611039161682129,0.8368776889981561,0.8368391935059643,0.8372908596595144,0.8368155880137877,0.9761392118112917,-0.13257153647516584,-0.1325415618935024,18,"Aspect,Hillshade_3pm,Hillshade_3pm_shuffled_2,Hillshade_9am,Horizontal_Distance_To_Fire_Points,Horizontal_Distance_To_Fire_Points_shuffled_1,Horizontal_Distance_To_Fire_Points_shuffled_2,Horizontal_Distance_To_Roadways,Soil_Type,Soil_Type_shuffled_1,Soil_Type_shuffled_2,Vertical_Distance_To_Hydrology,Wilderness_Area,Wilderness_Area_shuffled_2,class,noise_categorical_2,noise_numeric_2,synthetic_target_1,synthetic_target_2"
covertype_synthetic_target_2_noise,classification,14.611039161682129,0.8365089121081746,0.8364428738187095,0.836864432105633,0.8364511616012303,0.9757217209010994,-0.1407777857034802,-0.1407999239828338,19,"Aspect,Hillshade_3pm,Hillshade_3pm_shuffled_2,Hillshade_9am,Horizontal_Distance_To_Fire_Points,Horizontal_Distance_To_Fire_Points_shuffled_1,Horizontal_Distance_To_Fire_Points_shuffled_2,Horizontal_Distance_To_Roadways,Slope,Soil_Type,Soil_Type_shuffled_1,Soil_Type_shuffled_2,Vertical_Distance_To_Hydrology,Wilderness_Area,Wilderness_Area_shuffled_2,class,noise_categorical_2,noise_numeric_2,synthetic_target_1,synthetic_target_2"
covertype_synthetic_target_2_noise,classification,14.611039161682129,0.8393362015980332,0.8391813770603874,0.8397555653414636,0.8392959910341574,0.9761288858557968,-0.12421186823230856,-0.12429686566638909,20,"Aspect,Hillshade_3pm,Hillshade_3pm_shuffled_2,Hillshade_9am,Hillshade_Noon,Horizontal_Distance_To_Fire_Points,Horizontal_Distance_To_Fire_Points_shuffled_1,Horizontal_Distance_To_Fire_Points_shuffled_2,Horizontal_Distance_To_Roadways,Slope,Soil_Type,Soil_Type_shuffled_1,Soil_Type_shuffled_2,Vertical_Distance_To_Hydrology,Wilderness_Area,Wilderness_Area_shuffled_2,class,noise_categorical_2,noise_numeric_2,synthetic_target_1,synthetic_target_2"
covertype_synthetic_target_2_noise,classification,14.611039161682129,0.8395820528580209,0.8394497027414277,0.8399885218897305,0.8395429574588483,0.9759412783391437,-0.13484627268906535,-0.1348994342038683,21,"Aspect,Elevation,Hillshade_3pm,Hillshade_3pm_shuffled_2,Hillshade_9am,Hillshade_Noon,Horizontal_Distance_To_Fire_Points,Horizontal_Distance_To_Fire_Points_shuffled_1,Horizontal_Distance_To_Fire_Points_shuffled_2,Horizontal_Distance_To_Roadways,Slope,Soil_Type,Soil_Type_shuffled_1,Soil_Type_shuffled_2,Vertical_Distance_To_Hydrology,Wilderness_Area,Wilderness_Area_shuffled_2,class,noise_categorical_2,noise_numeric_2,synthetic_target_1,synthetic_target_2"
covertype_synthetic_target_2_noise,classification,14.611039161682129,0.8368776889981561,0.8367115459995521,0.8372618586178954,0.8368417257051872,0.9759048329104438,-0.13395461982898926,-0.13402460183491716,22,"Aspect,Elevation,Hillshade_3pm,Hillshade_3pm_shuffled_2,Hillshade_9am,Hillshade_Noon,Horizontal_Distance_To_Fire_Points,Horizontal_Distance_To_Fire_Points_shuffled_1,Horizontal_Distance_To_Fire_Points_shuffled_2,Horizontal_Distance_To_Roadways,Horizontal_Distance_To_Roadways_shuffled_2,Slope,Soil_Type,Soil_Type_shuffled_1,Soil_Type_shuffled_2,Vertical_Distance_To_Hydrology,Wilderness_Area,Wilderness_Area_shuffled_2,class,noise_categorical_2,noise_numeric_2,synthetic_target_1,synthetic_target_2"
covertype_synthetic_target_2_noise,classification,14.611039161682129,0.828518746158574,0.8283120522550006,0.8290117337500379,0.8284804913234883,0.9744082671701293,-0.1221820160740299,-0.12230403670207668,23,"Aspect,Elevation,Hillshade_3pm,Hillshade_3pm_shuffled_2,Hillshade_9am,Hillshade_Noon,Horizontal_Distance_To_Fire_Points,Horizontal_Distance_To_Fire_Points_shuffled_1,Horizontal_Distance_To_Fire_Points_shuffled_2,Horizontal_Distance_To_Hydrology,Horizontal_Distance_To_Roadways,Horizontal_Distance_To_Roadways_shuffled_2,Slope,Soil_Type,Soil_Type_shuffled_1,Soil_Type_shuffled_2,Vertical_Distance_To_Hydrology,Wilderness_Area,Wilderness_Area_shuffled_2,class,noise_categorical_2,noise_numeric_2,synthetic_target_1,synthetic_target_2"
covertype_synthetic_target_2_noise,classification,14.611039161682129,0.8271665642286417,0.8267909905318857,0.8277516652387745,0.8271542040917959,0.9749853326798057,-0.11237732561645297,-0.11260247967780201,24,"Aspect,Elevation,Hillshade_3pm,Hillshade_3pm_shuffled_1,Hillshade_3pm_shuffled_2,Hillshade_9am,Hillshade_Noon,Horizontal_Distance_To_Fire_Points,Horizontal_Distance_To_Fire_Points_shuffled_1,Horizontal_Distance_To_Fire_Points_shuffled_2,Horizontal_Distance_To_Hydrology,Horizontal_Distance_To_Roadways,Horizontal_Distance_To_Roadways_shuffled_2,Slope,Soil_Type,Soil_Type_shuffled_1,Soil_Type_shuffled_2,Vertical_Distance_To_Hydrology,Wilderness_Area,Wilderness_Area_shuffled_2,class,noise_categorical_2,noise_numeric_2,synthetic_target_1,synthetic_target_2"
covertype_synthetic_target_2_noise,classification,14.611039161682129,0.8318377381684081,0.8317174292465569,0.832144087847133,0.831774992514327,0.9749326307236059,-0.13484532059726684,-0.1348710302089342,25,"Aspect,Elevation,Elevation_shuffled_2,Hillshade_3pm,Hillshade_3pm_shuffled_1,Hillshade_3pm_shuffled_2,Hillshade_9am,Hillshade_Noon,Horizontal_Distance_To_Fire_Points,Horizontal_Distance_To_Fire_Points_shuffled_1,Horizontal_Distance_To_Fire_Points_shuffled_2,Horizontal_Distance_To_Hydrology,Horizontal_Distance_To_Roadways,Horizontal_Distance_To_Roadways_shuffled_2,Slope,Soil_Type,Soil_Type_shuffled_1,Soil_Type_shuffled_2,Vertical_Distance_To_Hydrology,Wilderness_Area,Wilderness_Area_shuffled_2,class,noise_categorical_2,noise_numeric_2,synthetic_target_1,synthetic_target_2"
covertype_synthetic_target_2_noise,classification,14.611039161682129,0.8335586969883221,0.8332475848609854,0.8341015791495577,0.8335434674942849,0.9756025576313305,-0.1432055026674438,-0.14345670047586345,26,"Aspect,Elevation,Elevation_shuffled_2,Hillshade_3pm,Hillshade_3pm_shuffled_1,Hillshade_3pm_shuffled_2,Hillshade_9am,Hillshade_Noon,Horizontal_Distance_To_Fire_Points,Horizontal_Distance_To_Fire_Points_shuffled_1,Horizontal_Distance_To_Fire_Points_shuffled_2,Horizontal_Distance_To_Hydrology,Horizontal_Distance_To_Roadways,Horizontal_Distance_To_Roadways_shuffled_1,Horizontal_Distance_To_Roadways_shuffled_2,Slope,Soil_Type,Soil_Type_shuffled_1,Soil_Type_shuffled_2,Vertical_Distance_To_Hydrology,Wilderness_Area,Wilderness_Area_shuffled_2,class,noise_categorical_2,noise_numeric_2,synthetic_target_1,synthetic_target_2"
covertype_synthetic_target_2_noise,classification,14.611039161682129,0.8315918869084205,0.8315426255045784,0.8319808426184675,0.8315278017385523,0.9747290199455424,-0.1668098834382724,-0.16685704619882857,27,"Aspect,Elevation,Elevation_shuffled_2,Hillshade_3pm,Hillshade_3pm_shuffled_1,Hillshade_3pm_shuffled_2,Hillshade_9am,Hillshade_Noon,Horizontal_Distance_To_Fire_Points,Horizontal_Distance_To_Fire_Points_shuffled_1,Horizontal_Distance_To_Fire_Points_shuffled_2,Horizontal_Distance_To_Hydrology,Horizontal_Distance_To_Roadways,Horizontal_Distance_To_Roadways_shuffled_1,Horizontal_Distance_To_Roadways_shuffled_2,Slope,Soil_Type,Soil_Type_shuffled_1,Soil_Type_shuffled_2,Vertical_Distance_To_Hydrology,Wilderness_Area,Wilderness_Area_shuffled_2,class,noise_categorical_2,noise_numeric_1,noise_numeric_2,synthetic_target_1,synthetic_target_2"
covertype_synthetic_target_2_noise,classification,14.611039161682129,0.8324523663183774,0.8322513170442567,0.8328103969775952,0.8324069160672939,0.974923055078323,-0.15018225379472805,-0.15032666617430568,28,"Aspect,Elevation,Elevation_shuffled_2,Hillshade_3pm,Hillshade_3pm_shuffled_1,Hillshade_3pm_shuffled_2,Hillshade_9am,Hillshade_9am_shuffled_1,Hillshade_Noon,Horizontal_Distance_To_Fire_Points,Horizontal_Distance_To_Fire_Points_shuffled_1,Horizontal_Distance_To_Fire_Points_shuffled_2,Horizontal_Distance_To_Hydrology,Horizontal_Distance_To_Roadways,Horizontal_Distance_To_Roadways_shuffled_1,Horizontal_Distance_To_Roadways_shuffled_2,Slope,Soil_Type,Soil_Type_shuffled_1,Soil_Type_shuffled_2,Vertical_Distance_To_Hydrology,Wilderness_Area,Wilderness_Area_shuffled_2,class,noise_categorical_2,noise_numeric_1,noise_numeric_2,synthetic_target_1,synthetic_target_2"
covertype_synthetic_target_2_noise,classification,14.611039161682129,0.8263060848186847,0.8259773467278552,0.8263686631181845,0.8262392263196122,0.9746153521747676,-0.15961720015795655,-0.15991340324144798,29,"Aspect,Aspect_shuffled_1,Elevation,Elevation_shuffled_2,Hillshade_3pm,Hillshade_3pm_shuffled_1,Hillshade_3pm_shuffled_2,Hillshade_9am,Hillshade_9am_shuffled_1,Hillshade_Noon,Horizontal_Distance_To_Fire_Points,Horizontal_Distance_To_Fire_Points_shuffled_1,Horizontal_Distance_To_Fire_Points_shuffled_2,Horizontal_Distance_To_Hydrology,Horizontal_Distance_To_Roadways,Horizontal_Distance_To_Roadways_shuffled_1,Horizontal_Distance_To_Roadways_shuffled_2,Slope,Soil_Type,Soil_Type_shuffled_1,Soil_Type_shuffled_2,Vertical_Distance_To_Hydrology,Wilderness_Area,Wilderness_Area_shuffled_2,class,noise_categorical_2,noise_numeric_1,noise_numeric_2,synthetic_target_1,synthetic_target_2"
covertype_synthetic_target_2_noise,classification,14.611039161682129,0.8205285802089736,0.8200937396110742,0.8209474866852705,0.8205148263140768,0.9747834122252875,-0.16733102146302048,-0.16771916980394352,30,"Aspect,Aspect_shuffled_1,Aspect_shuffled_2,Elevation,Elevation_shuffled_2,Hillshade_3pm,Hillshade_3pm_shuffled_1,Hillshade_3pm_shuffled_2,Hillshade_9am,Hillshade_9am_shuffled_1,Hillshade_Noon,Horizontal_Distance_To_Fire_Points,Horizontal_Distance_To_Fire_Points_shuffled_1,Horizontal_Distance_To_Fire_Points_shuffled_2,Horizontal_Distance_To_Hydrology,Horizontal_Distance_To_Roadways,Horizontal_Distance_To_Roadways_shuffled_1,Horizontal_Distance_To_Roadways_shuffled_2,Slope,Soil_Type,Soil_Type_shuffled_1,Soil_Type_shuffled_2,Vertical_Distance_To_Hydrology,Wilderness_Area,Wilderness_Area_shuffled_2,class,noise_categorical_2,noise_numeric_1,noise_numeric_2,synthetic_target_1,synthetic_target_2"
covertype_synthetic_target_2_noise,classification,14.611039161682129,0.8287645974185618,0.8285522480203497,0.8292199485897042,0.828726872191128,0.9752614392333493,-0.16610262657947117,-0.16630018394772983,31,"Aspect,Aspect_shuffled_1,Aspect_shuffled_2,Elevation,Elevation_shuffled_1,Elevation_shuffled_2,Hillshade_3pm,Hillshade_3pm_shuffled_1,Hillshade_3pm_shuffled_2,Hillshade_9am,Hillshade_9am_shuffled_1,Hillshade_Noon,Horizontal_Distance_To_Fire_Points,Horizontal_Distance_To_Fire_Points_shuffled_1,Horizontal_Distance_To_Fire_Points_shuffled_2,Horizontal_Distance_To_Hydrology,Horizontal_Distance_To_Roadways,Horizontal_Distance_To_Roadways_shuffled_1,Horizontal_Distance_To_Roadways_shuffled_2,Slope,Soil_Type,Soil_Type_shuffled_1,Soil_Type_shuffled_2,Vertical_Distance_To_Hydrology,Wilderness_Area,Wilderness_Area_shuffled_2,class,noise_categorical_2,noise_numeric_1,noise_numeric_2,synthetic_target_1,synthetic_target_2"
covertype_synthetic_target_2_noise,classification,14.611039161682129,0.8275353411186233,0.8272326068530943,0.8281227132689578,0.827507043400735,0.9747434700194397,-0.126669232277,-0.12690285130458068,32,"Aspect,Aspect_shuffled_1,Aspect_shuffled_2,Elevation,Elevation_shuffled_1,Elevation_shuffled_2,Hillshade_3pm,Hillshade_3pm_shuffled_1,Hillshade_3pm_shuffled_2,Hillshade_9am,Hillshade_9am_shuffled_1,Hillshade_Noon,Hillshade_Noon_shuffled_2,Horizontal_Distance_To_Fire_Points,Horizontal_Distance_To_Fire_Points_shuffled_1,Horizontal_Distance_To_Fire_Points_shuffled_2,Horizontal_Distance_To_Hydrology,Horizontal_Distance_To_Roadways,Horizontal_Distance_To_Roadways_shuffled_1,Horizontal_Distance_To_Roadways_shuffled_2,Slope,Soil_Type,Soil_Type_shuffled_1,Soil_Type_shuffled_2,Vertical_Distance_To_Hydrology,Wilderness_Area,Wilderness_Area_shuffled_2,class,noise_categorical_2,noise_numeric_1,noise_numeric_2,synthetic_target_1,synthetic_target_2"
covertype_synthetic_target_2_noise,classification,14.611039161682129,0.8272894898586355,0.8269997682967133,0.8275914309021042,0.8272483475344702,0.9745372768247084,-0.13684254849887623,-0.13709102208291202,33,"Aspect,Aspect_shuffled_1,Aspect_shuffled_2,Elevation,Elevation_shuffled_1,Elevation_shuffled_2,Hillshade_3pm,Hillshade_3pm_shuffled_1,Hillshade_3pm_shuffled_2,Hillshade_9am,Hillshade_9am_shuffled_1,Hillshade_Noon,Hillshade_Noon_shuffled_2,Horizontal_Distance_To_Fire_Points,Horizontal_Distance_To_Fire_Points_shuffled_1,Horizontal_Distance_To_Fire_Points_shuffled_2,Horizontal_Distance_To_Hydrology,Horizontal_Distance_To_Roadways,Horizontal_Distance_To_Roadways_shuffled_1,Horizontal_Distance_To_Roadways_shuffled_2,Slope,Soil_Type,Soil_Type_shuffled_1,Soil_Type_shuffled_2,Vertical_Distance_To_Hydrology,Wilderness_Area,Wilderness_Area_shuffled_1,Wilderness_Area_shuffled_2,class,noise_categorical_2,noise_numeric_1,noise_numeric_2,synthetic_target_1,synthetic_target_2"
covertype_synthetic_target_2_noise,classification,14.611039161682129,0.8290104486785494,0.8288626602149136,0.8293486628888617,0.8289595254264356,0.9745220010821953,-0.16634853828973184,-0.16648300816700212,34,"Aspect,Aspect_shuffled_1,Aspect_shuffled_2,Elevation,Elevation_shuffled_1,Elevation_shuffled_2,Hillshade_3pm,Hillshade_3pm_shuffled_1,Hillshade_3pm_shuffled_2,Hillshade_9am,Hillshade_9am_shuffled_1,Hillshade_Noon,Hillshade_Noon_shuffled_1,Hillshade_Noon_shuffled_2,Horizontal_Distance_To_Fire_Points,Horizontal_Distance_To_Fire_Points_shuffled_1,Horizontal_Distance_To_Fire_Points_shuffled_2,Horizontal_Distance_To_Hydrology,Horizontal_Distance_To_Roadways,Horizontal_Distance_To_Roadways_shuffled_1,Horizontal_Distance_To_Roadways_shuffled_2,Slope,Soil_Type,Soil_Type_shuffled_1,Soil_Type_shuffled_2,Vertical_Distance_To_Hydrology,Wilderness_Area,Wilderness_Area_shuffled_1,Wilderness_Area_shuffled_2,class,noise_categorical_2,noise_numeric_1,noise_numeric_2,synthetic_target_1,synthetic_target_2"
covertype_synthetic_target_2_noise,classification,14.611039161682129,0.8325752919483712,0.8323466344052457,0.8332235216739112,0.8325486525732954,0.9748882072244974,-0.1342921779311469,-0.1344418527274185,35,"Aspect,Aspect_shuffled_1,Aspect_shuffled_2,Elevation,Elevation_shuffled_1,Elevation_shuffled_2,Hillshade_3pm,Hillshade_3pm_shuffled_1,Hillshade_3pm_shuffled_2,Hillshade_9am,Hillshade_9am_shuffled_1,Hillshade_9am_shuffled_2,Hillshade_Noon,Hillshade_Noon_shuffled_1,Hillshade_Noon_shuffled_2,Horizontal_Distance_To_Fire_Points,Horizontal_Distance_To_Fire_Points_shuffled_1,Horizontal_Distance_To_Fire_Points_shuffled_2,Horizontal_Distance_To_Hydrology,Horizontal_Distance_To_Roadways,Horizontal_Distance_To_Roadways_shuffled_1,Horizontal_Distance_To_Roadways_shuffled_2,Slope,Soil_Type,Soil_Type_shuffled_1,Soil_Type_shuffled_2,Vertical_Distance_To_Hydrology,Wilderness_Area,Wilderness_Area_shuffled_1,Wilderness_Area_shuffled_2,class,noise_categorical_2,noise_numeric_1,noise_numeric_2,synthetic_target_1,synthetic_target_2"
covertype_synthetic_target_2_noise,classification,14.611039161682129,0.8309772587584512,0.8308128644677156,0.8317357066644141,0.8309525567773794,0.9751117654864231,-0.14237533529121682,-0.142484778254922,36,"Aspect,Aspect_shuffled_1,Aspect_shuffled_2,Elevation,Elevation_shuffled_1,Elevation_shuffled_2,Hillshade_3pm,Hillshade_3pm_shuffled_1,Hillshade_3pm_shuffled_2,Hillshade_9am,Hillshade_9am_shuffled_1,Hillshade_9am_shuffled_2,Hillshade_Noon,Hillshade_Noon_shuffled_1,Hillshade_Noon_shuffled_2,Horizontal_Distance_To_Fire_Points,Horizontal_Distance_To_Fire_Points_shuffled_1,Horizontal_Distance_To_Fire_Points_shuffled_2,Horizontal_Distance_To_Hydrology,Horizontal_Distance_To_Roadways,Horizontal_Distance_To_Roadways_shuffled_1,Horizontal_Distance_To_Roadways_shuffled_2,Slope,Soil_Type,Soil_Type_shuffled_1,Soil_Type_shuffled_2,Vertical_Distance_To_Hydrology,Wilderness_Area,Wilderness_Area_shuffled_1,Wilderness_Area_shuffled_2,class,noise_categorical_1,noise_categorical_2,noise_numeric_1,noise_numeric_2,synthetic_target_1,synthetic_target_2"
covertype_synthetic_target_2_noise,classification,14.611039161682129,0.828641671788568,0.8284693273280609,0.828953176549098,0.8285898021408056,0.9747873711045598,-0.15356265572557026,-0.15368480468494983,37,"Aspect,Aspect_shuffled_1,Aspect_shuffled_2,Elevation,Elevation_shuffled_1,Elevation_shuffled_2,Hillshade_3pm,Hillshade_3pm_shuffled_1,Hillshade_3pm_shuffled_2,Hillshade_9am,Hillshade_9am_shuffled_1,Hillshade_9am_shuffled_2,Hillshade_Noon,Hillshade_Noon_shuffled_1,Hillshade_Noon_shuffled_2,Horizontal_Distance_To_Fire_Points,Horizontal_Distance_To_Fire_Points_shuffled_1,Horizontal_Distance_To_Fire_Points_shuffled_2,Horizontal_Distance_To_Hydrology,Horizontal_Distance_To_Roadways,Horizontal_Distance_To_Roadways_shuffled_1,Horizontal_Distance_To_Roadways_shuffled_2,Slope,Soil_Type,Soil_Type_shuffled_1,Soil_Type_shuffled_2,Vertical_Distance_To_Hydrology,Vertical_Distance_To_Hydrology_shuffled_1,Wilderness_Area,Wilderness_Area_shuffled_1,Wilderness_Area_shuffled_2,class,noise_categorical_1,noise_categorical_2,noise_numeric_1,noise_numeric_2,synthetic_target_1,synthetic_target_2"
covertype_synthetic_target_2_noise,classification,14.611039161682129,0.8274124154886294,0.8270385233456296,0.8281967695251632,0.827412134090114,0.974476801784183,-0.13253963762177134,-0.1328396306478533,38,"Aspect,Aspect_shuffled_1,Aspect_shuffled_2,Elevation,Elevation_shuffled_1,Elevation_shuffled_2,Hillshade_3pm,Hillshade_3pm_shuffled_1,Hillshade_3pm_shuffled_2,Hillshade_9am,Hillshade_9am_shuffled_1,Hillshade_9am_shuffled_2,Hillshade_Noon,Hillshade_Noon_shuffled_1,Hillshade_Noon_shuffled_2,Horizontal_Distance_To_Fire_Points,Horizontal_Distance_To_Fire_Points_shuffled_1,Horizontal_Distance_To_Fire_Points_shuffled_2,Horizontal_Distance_To_Hydrology,Horizontal_Distance_To_Roadways,Horizontal_Distance_To_Roadways_shuffled_1,Horizontal_Distance_To_Roadways_shuffled_2,Slope,Soil_Type,Soil_Type_shuffled_1,Soil_Type_shuffled_2,Vertical_Distance_To_Hydrology,Vertical_Distance_To_Hydrology_shuffled_1,Vertical_Distance_To_Hydrology_shuffled_2,Wilderness_Area,Wilderness_Area_shuffled_1,Wilderness_Area_shuffled_2,class,noise_categorical_1,noise_categorical_2,noise_numeric_1,noise_numeric_2,synthetic_target_1,synthetic_target_2"
covertype_synthetic_target_2_noise,classification,14.611039161682129,0.8254456054087277,0.8250444320748428,0.8261495957295512,0.8254392100711422,0.9738543888181742,-0.11938473636653668,-0.11970619861288134,39,"Aspect,Aspect_shuffled_1,Aspect_shuffled_2,Elevation,Elevation_shuffled_1,Elevation_shuffled_2,Hillshade_3pm,Hillshade_3pm_shuffled_1,Hillshade_3pm_shuffled_2,Hillshade_9am,Hillshade_9am_shuffled_1,Hillshade_9am_shuffled_2,Hillshade_Noon,Hillshade_Noon_shuffled_1,Hillshade_Noon_shuffled_2,Horizontal_Distance_To_Fire_Points,Horizontal_Distance_To_Fire_Points_shuffled_1,Horizontal_Distance_To_Fire_Points_shuffled_2,Horizontal_Distance_To_Hydrology,Horizontal_Distance_To_Hydrology_shuffled_1,Horizontal_Distance_To_Roadways,Horizontal_Distance_To_Roadways_shuffled_1,Horizontal_Distance_To_Roadways_shuffled_2,Slope,Soil_Type,Soil_Type_shuffled_1,Soil_Type_shuffled_2,Vertical_Distance_To_Hydrology,Vertical_Distance_To_Hydrology_shuffled_1,Vertical_Distance_To_Hydrology_shuffled_2,Wilderness_Area,Wilderness_Area_shuffled_1,Wilderness_Area_shuffled_2,class,noise_categorical_1,noise_categorical_2,noise_numeric_1,noise_numeric_2,synthetic_target_1,synthetic_target_2"
covertype_synthetic_target_2_noise,classification,14.611039161682129,0.8248309772587584,0.8246800628101187,0.8251829105228135,0.8247773168506635,0.9737695768248468,-0.14572471489762218,-0.1458292361765947,40,"Aspect,Aspect_shuffled_1,Aspect_shuffled_2,Elevation,Elevation_shuffled_1,Elevation_shuffled_2,Hillshade_3pm,Hillshade_3pm_shuffled_1,Hillshade_3pm_shuffled_2,Hillshade_9am,Hillshade_9am_shuffled_1,Hillshade_9am_shuffled_2,Hillshade_Noon,Hillshade_Noon_shuffled_1,Hillshade_Noon_shuffled_2,Horizontal_Distance_To_Fire_Points,Horizontal_Distance_To_Fire_Points_shuffled_1,Horizontal_Distance_To_Fire_Points_shuffled_2,Horizontal_Distance_To_Hydrology,Horizontal_Distance_To_Hydrology_shuffled_1,Horizontal_Distance_To_Roadways,Horizontal_Distance_To_Roadways_shuffled_1,Horizontal_Distance_To_Roadways_shuffled_2,Slope,Slope_shuffled_1,Soil_Type,Soil_Type_shuffled_1,Soil_Type_shuffled_2,Vertical_Distance_To_Hydrology,Vertical_Distance_To_Hydrology_shuffled_1,Vertical_Distance_To_Hydrology_shuffled_2,Wilderness_Area,Wilderness_Area_shuffled_1,Wilderness_Area_shuffled_2,class,noise_categorical_1,noise_categorical_2,noise_numeric_1,noise_numeric_2,synthetic_target_1,synthetic_target_2"
covertype_synthetic_target_2_clean,classification,8.765638828277588,0.3248924400737554,0.3231197637629966,0.3406396247315361,0.3245405069099367,0.7431014357006228,-0.008492118568978801,-0.00892248015307684,1,"Hillshade_9am,synthetic_target_2"
covertype_synthetic_target_2_clean,classification,8.765638828277588,0.4505224339274739,0.44475175846368264,0.44289683512837114,0.45007038569475616,0.8442166706653155,-0.05580901431447355,-0.055166755310668114,2,"Hillshade_9am,Horizontal_Distance_To_Fire_Points,synthetic_target_2"
covertype_synthetic_target_2_clean,classification,8.765638828277588,0.5194837123540258,0.5173678793914122,0.5169449931921898,0.519041173626402,0.8884168235396995,-0.12392666384464646,-0.12463669263464427,3,"Hillshade_3pm,Hillshade_9am,Horizontal_Distance_To_Fire_Points,synthetic_target_2"
covertype_synthetic_target_2_clean,classification,8.765638828277588,0.5305470190534727,0.5293969854976118,0.5293281631670279,0.5301465000936203,0.8913325227281746,-0.1265712499408721,-0.12697490445242454,4,"Aspect,Hillshade_3pm,Hillshade_9am,Horizontal_Distance_To_Fire_Points,synthetic_target_2"
covertype_synthetic_target_2_clean,classification,8.765638828277588,0.7005531653349724,0.6997598805720749,0.6998675649168008,0.7002975313183547,0.9481733638744033,-0.09029389638128038,-0.09057307839014217,5,"Aspect,Hillshade_3pm,Hillshade_9am,Horizontal_Distance_To_Fire_Points,Wilderness_Area,synthetic_target_2"
covertype_synthetic_target_2_clean,classification,8.765638828277588,0.7149354640442532,0.7146136161222412,0.7150633827176743,0.7147033242352593,0.9523746810253991,-0.14521944129137498,-0.145177441210939,6,"Aspect,Hillshade_3pm,Hillshade_9am,Horizontal_Distance_To_Fire_Points,Horizontal_Distance_To_Roadways,Wilderness_Area,synthetic_target_2"
covertype_synthetic_target_2_clean,classification,8.765638828277588,0.8522433927473878,0.8522008622421859,0.8524811250030897,0.8521602555447683,0.9784090855846262,-0.09114239530277202,-0.09114501811514641,7,"Aspect,Hillshade_3pm,Hillshade_9am,Horizontal_Distance_To_Fire_Points,Horizontal_Distance_To_Roadways,Soil_Type,Wilderness_Area,synthetic_target_2"
covertype_synthetic_target_2_clean,classification,8.765638828277588,0.8427781192378611,0.8426392945313846,0.8427650124665834,0.8426841678653768,0.9769986556832734,-0.14526589354797614,-0.14536059912432753,8,"Aspect,Hillshade_3pm,Hillshade_9am,Horizontal_Distance_To_Fire_Points,Horizontal_Distance_To_Roadways,Soil_Type,Vertical_Distance_To_Hydrology,Wilderness_Area,synthetic_target_2"
covertype_synthetic_target_2_clean,classification,8.765638828277588,0.8480639213275968,0.8479153403069871,0.8481474041771307,0.8479867653258965,0.9773487706814942,-0.10614065206802648,-0.10624838393840808,9,"Aspect,Hillshade_3pm,Hillshade_9am,Horizontal_Distance_To_Fire_Points,Horizontal_Distance_To_Roadways,Slope,Soil_Type,Vertical_Distance_To_Hydrology,Wilderness_Area,synthetic_target_2"
covertype_synthetic_target_2_clean,classification,8.765638828277588,0.8459741856177013,0.8459395416321264,0.8462764421018857,0.8458933337540683,0.9772052633163384,-0.11517653973267983,-0.11517733867587321,10,"Aspect,Elevation,Hillshade_3pm,Hillshade_9am,Horizontal_Distance_To_Fire_Points,Horizontal_Distance_To_Roadways,Slope,Soil_Type,Vertical_Distance_To_Hydrology,Wilderness_Area,synthetic_target_2"
covertype_synthetic_target_2_clean,classification,8.765638828277588,0.8448678549477566,0.844725961296281,0.8450330581145197,0.8448047146574332,0.9772685432820296,-0.11440802407855266,-0.11449160352651189,11,"Aspect,Elevation,Hillshade_3pm,Hillshade_9am,Horizontal_Distance_To_Fire_Points,Horizontal_Distance_To_Roadways,Slope,Soil_Type,Vertical_Distance_To_Hydrology,Wilderness_Area,synthetic_target_1,synthetic_target_2"
covertype_synthetic_target_2_clean,classification,8.765638828277588,0.844499078057775,0.8444214833225958,0.8448317009011798,0.8444449529313738,0.977089861975117,-0.1097362305234888,-0.10975236901427698,12,"Aspect,Elevation,Hillshade_3pm,Hillshade_9am,Hillshade_Noon,Horizontal_Distance_To_Fire_Points,Horizontal_Distance_To_Roadways,Slope,Soil_Type,Vertical_Distance_To_Hydrology,Wilderness_Area,synthetic_target_1,synthetic_target_2"
covertype_synthetic_target_2_clean,classification,8.765638828277588,0.8410571604179471,0.8408539965925537,0.8411712561195069,0.8409998695090686,0.9766875125987227,-0.12126150198677388,-0.12139538542837647,13,"Aspect,Elevation,Hillshade_3pm,Hillshade_9am,Hillshade_Noon,Horizontal_Distance_To_Fire_Points,Horizontal_Distance_To_Hydrology,Horizontal_Distance_To_Roadways,Slope,Soil_Type,Vertical_Distance_To_Hydrology,Wilderness_Area,synthetic_target_1,synthetic_target_2"
default_payment_synthetic_target_1_noise,classification,15.55987811088562,0.8593333333333333,0.8587487256981701,0.8600790712900708,0.8581604323532905,0.9186550599426306,0.007208333333333261,0.007172243619266938,1,"LIMIT_BAL,synthetic_target_1"
default_payment_synthetic_target_1_noise,classification,15.55987811088562,0.8843333333333333,0.8837473034902276,0.885918001565134,0.8829165256106672,0.9581785335348879,-0.003958333333333397,-0.004017084754040945,2,"BILL_AMT3,LIMIT_BAL,synthetic_target_1"
default_payment_synthetic_target_1_noise,classification,15.55987811088562,0.8913333333333333,0.8907775610204994,0.8930238601870264,0.8899153151915558,0.9654025303136347,-0.01070833333333332,-0.010799467028542176,3,"BILL_AMT3,LIMIT_BAL,PAY_AMT2,synthetic_target_1"
default_payment_synthetic_target_1_noise,classification,15.55987811088562,0.9008333333333334,0.9006306170318176,0.9006870518017015,0.9005782581653752,0.9678803661069736,-0.0014583333333333393,-0.001489415582664022,4,"BILL_AMT2,BILL_AMT3,LIMIT_BAL,PAY_AMT2,synthetic_target_1"
default_payment_synthetic_target_1_noise,classification,15.55987811088562,0.9083333333333333,0.9081303933722927,0.9082687149967379,0.9080123778239819,0.9719225736985824,-0.006416666666666626,-0.006473712486783856,5,"BILL_AMT2,BILL_AMT3,LIMIT_BAL,PAY_AMT1,PAY_AMT2,synthetic_target_1"
default_payment_synthetic_target_1_noise,classification,15.55987811088562,0.9078333333333334,0.9075914050648878,0.9079565401987998,0.9073291305788738,0.9721636444780987,-0.013416666666666632,-0.013499986440131506,6,"BILL_AMT2,BILL_AMT3,LIMIT_BAL,PAY_AMT1,PAY_AMT2,PAY_AMT4,synthetic_target_1"
default_payment_synthetic_target_1_noise,classification,15.55987811088562,0.9095,0.9092895492344892,0.9094859340954176,0.909130231544838,0.9736429652140041,-0.007708333333333317,-0.0077785241821987094,7,"BILL_AMT2,BILL_AMT3,BILL_AMT4,LIMIT_BAL,PAY_AMT1,PAY_AMT2,PAY_AMT4,synthetic_target_1"
default_payment_synthetic_target_1_noise,classification,15.55987811088562,0.9061666666666667,0.9058661679412772,0.9066074963022244,0.9054259460733962,0.9725287295030001,-0.06204166666666666,-0.06228038025807903,8,"BILL_AMT2,BILL_AMT3,BILL_AMT4,BILL_AMT6,LIMIT_BAL,PAY_AMT1,PAY_AMT2,PAY_AMT4,synthetic_target_1"
default_payment_synthetic_target_1_noise,classification,15.55987811088562,0.9083333333333333,0.9080058238446451,0.9090231169101404,0.9074582100380515,0.972018812760643,-0.020750000000000046,-0.020895591416128623,9,"BILL_AMT2,BILL_AMT3,BILL_AMT3_shuffled_2,BILL_AMT4,BILL_AMT6,LIMIT_BAL,PAY_AMT1,PAY_AMT2,PAY_AMT4,synthetic_target_1"
default_payment_synthetic_target_1_noise,classification,15.55987811088562,0.9088333333333334,0.908571642517128,0.909091466883834,0.9082289574598854,0.9729901649133421,-0.01824999999999999,-0.01835368510585811,10,"BILL_AMT2,BILL_AMT3,BILL_AMT3_shuffled_2,BILL_AMT4,BILL_AMT6,BILL_AMT6_shuffled_2,LIMIT_BAL,PAY_AMT1,PAY_AMT2,PAY_AMT4,synthetic_target_1"
default_payment_synthetic_target_1_noise,classification,15.55987811088562,0.9113333333333333,0.9110929286123011,0.9115140122840486,0.9107993586437428,0.9740888153511378,-0.01608333333333334,-0.016187186270089193,11,"BILL_AMT2,BILL_AMT3,BILL_AMT3_shuffled_2,BILL_AMT4,BILL_AMT5_shuffled_1,BILL_AMT6,BILL_AMT6_shuffled_2,LIMIT_BAL,PAY_AMT1,PAY_AMT2,PAY_AMT4,synthetic_target_1"
default_payment_synthetic_target_1_noise,classification,15.55987811088562,0.9093333333333333,0.9090714490032905,0.9096035831463067,0.9087226209887542,0.9736740244370404,-0.03587499999999999,-0.03603518970850872,12,"BILL_AMT2,BILL_AMT3,BILL_AMT3_shuffled_1,BILL_AMT3_shuffled_2,BILL_AMT4,BILL_AMT5_shuffled_1,BILL_AMT6,BILL_AMT6_shuffled_2,LIMIT_BAL,PAY_AMT1,PAY_AMT2,PAY_AMT4,synthetic_target_1"
default_payment_synthetic_target_1_noise,classification,15.55987811088562,0.9091666666666667,0.9088960652043399,0.9094880994252801,0.9085191775116976,0.973375566455104,-0.04949999999999999,-0.04967746065194323,13,"BILL_AMT2,BILL_AMT3,BILL_AMT3_shuffled_1,BILL_AMT3_shuffled_2,BILL_AMT4,BILL_AMT4_shuffled_1,BILL_AMT5_shuffled_1,BILL_AMT6,BILL_AMT6_shuffled_2,LIMIT_BAL,PAY_AMT1,PAY_AMT2,PAY_AMT4,synthetic_target_1"
default_payment_synthetic_target_1_noise,classification,15.55987811088562,0.9108333333333334,0.9105611385806677,0.9112053571428571,0.9101598614869977,0.9737874629613199,-0.020208333333333273,-0.020329754932031485,14,"BILL_AMT1_shuffled_2,BILL_AMT2,BILL_AMT3,BILL_AMT3_shuffled_1,BILL_AMT3_shuffled_2,BILL_AMT4,BILL_AMT4_shuffled_1,BILL_AMT5_shuffled_1,BILL_AMT6,BILL_AMT6_shuffled_2,LIMIT_BAL,PAY_AMT1,PAY_AMT2,PAY_AMT4,synthetic_target_1"
default_payment_synthetic_target_1_noise,classification,15.55987811088562,0.9091666666666667,0.908909180753964,0.9094062281921359,0.9085775109628482,0.9737615246137664,-0.030874999999999986,-0.031017721160608414,15,"BILL_AMT1_shuffled_2,BILL_AMT2,BILL_AMT3,BILL_AMT3_shuffled_1,BILL_AMT3_shuffled_2,BILL_AMT4,BILL_AMT4_shuffled_1,BILL_AMT5_shuffled_1,BILL_AMT6,BILL_AMT6_shuffled_2,LIMIT_BAL,PAY_AMT1,PAY_AMT2,PAY_AMT2_shuffled_2,PAY_AMT4,synthetic_target_1"
default_payment_synthetic_target_1_noise,classification,15.55987811088562,0.9108333333333334,0.910574174807876,0.9111199473041578,0.9102181949381482,0.9734856652779815,-0.05066666666666664,-0.050845661774651996,16,"BILL_AMT1_shuffled_2,BILL_AMT2,BILL_AMT3,BILL_AMT3_shuffled_1,BILL_AMT3_shuffled_2,BILL_AMT4,BILL_AMT4_shuffled_1,BILL_AMT5_shuffled_1,BILL_AMT6,BILL_AMT6_shuffled_2,LIMIT_BAL,LIMIT_BAL_shuffled_1,PAY_AMT1,PAY_AMT2,PAY_AMT2_shuffled_2,PAY_AMT4,synthetic_target_1"
default_payment_synthetic_target_1_noise,classification,15.55987811088562,0.9101666666666667,0.9098924368130465,0.9105357142857142,0.9094919212066475,0.9733579216993647,-0.04704166666666665,-0.047221328724990075,17,"BILL_AMT1_shuffled_2,BILL_AMT2,BILL_AMT3,BILL_AMT3_shuffled_1,BILL_AMT3_shuffled_2,BILL_AMT4,BILL_AMT4_shuffled_1,BILL_AMT5_shuffled_1,BILL_AMT6,BILL_AMT6_shuffled_2,LIMIT_BAL,LIMIT_BAL_shuffled_1,LIMIT_BAL_shuffled_2,PAY_AMT1,PAY_AMT2,PAY_AMT2_shuffled_2,PAY_AMT4,synthetic_target_1"
default_payment_synthetic_target_1_noise,classification,15.55987811088562,0.9085,0.9082406242824335,0.9087369331293917,0.907909570682498,0.9730489993197029,-0.01579166666666665,-0.01589713673519244,18,"BILL_AMT1,BILL_AMT1_shuffled_2,BILL_AMT2,BILL_AMT3,BILL_AMT3_shuffled_1,BILL_AMT3_shuffled_2,BILL_AMT4,BILL_AMT4_shuffled_1,BILL_AMT5_shuffled_1,BILL_AMT6,BILL_AMT6_shuffled_2,LIMIT_BAL,LIMIT_BAL_shuffled_1,LIMIT_BAL_shuffled_2,PAY_AMT1,PAY_AMT2,PAY_AMT2_shuffled_2,PAY_AMT4,synthetic_target_1"
default_payment_synthetic_target_1_noise,classification,15.55987811088562,0.907,0.906648833656921,0.9078203736184192,0.906049412663413,0.9728954843786024,-0.028249999999999997,-0.028392577095383675,19,"BILL_AMT1,BILL_AMT1_shuffled_2,BILL_AMT2,BILL_AMT3,BILL_AMT3_shuffled_1,BILL_AMT3_shuffled_2,BILL_AMT4,BILL_AMT4_shuffled_1,BILL_AMT5_shuffled_1,BILL_AMT6,BILL_AMT6_shuffled_2,LIMIT_BAL,LIMIT_BAL_shuffled_1,LIMIT_BAL_shuffled_2,PAY_5,PAY_AMT1,PAY_AMT2,PAY_AMT2_shuffled_2,PAY_AMT4,synthetic_target_1"
default_payment_synthetic_target_1_noise,classification,15.55987811088562,0.915,0.9147420948368815,0.9153794379022631,0.9143417799205796,0.977328325710836,-0.03466666666666662,-0.03479374313929273,20,"BILL_AMT1,BILL_AMT1_shuffled_2,BILL_AMT2,BILL_AMT3,BILL_AMT3_shuffled_1,BILL_AMT3_shuffled_2,BILL_AMT4,BILL_AMT4_shuffled_1,BILL_AMT5_shuffled_1,BILL_AMT6,BILL_AMT6_shuffled_2,LIMIT_BAL,LIMIT_BAL_shuffled_1,LIMIT_BAL_shuffled_2,PAY_3,PAY_5,PAY_AMT1,PAY_AMT2,PAY_AMT2_shuffled_2,PAY_AMT4,synthetic_target_1"
default_payment_synthetic_target_1_noise,classification,15.55987811088562,0.9161666666666667,0.9159230092118908,0.916475215817321,0.9155617171809491,0.9786000840046227,-0.02387499999999998,-0.023980435272756173,21,"BILL_AMT1,BILL_AMT1_shuffled_2,BILL_AMT2,BILL_AMT3,BILL_AMT3_shuffled_1,BILL_AMT3_shuffled_2,BILL_AMT4,BILL_AMT4_shuffled_1,BILL_AMT5_shuffled_1,BILL_AMT6,BILL_AMT6_shuffled_2,LIMIT_BAL,LIMIT_BAL_shuffled_1,LIMIT_BAL_shuffled_2,PAY_3,PAY_5,PAY_AMT1,PAY_AMT2,PAY_AMT2_shuffled_2,PAY_AMT3_shuffled_1,PAY_AMT4,synthetic_target_1"
default_payment_synthetic_target_1_noise,classification,15.55987811088562,0.9165,0.9162573113621417,0.9168099200993938,0.9158956873211241,0.9785144206636678,-0.0372083333333334,-0.03733596996697286,22,"BILL_AMT1,BILL_AMT1_shuffled_2,BILL_AMT2,BILL_AMT3,BILL_AMT3_shuffled_1,BILL_AMT3_shuffled_2,BILL_AMT4,BILL_AMT4_shuffled_1,BILL_AMT5_shuffled_1,BILL_AMT6,BILL_AMT6_shuffled_2,LIMIT_BAL,LIMIT_BAL_shuffled_1,LIMIT_BAL_shuffled_2,PAY_3,PAY_4,PAY_5,PAY_AMT1,PAY_AMT2,PAY_AMT2_shuffled_2,PAY_AMT3_shuffled_1,PAY_AMT4,synthetic_target_1"
default_payment_synthetic_target_1_noise,classification,15.55987811088562,0.9181666666666667,0.917946213213562,0.9183627726482002,0.9176530381987253,0.9800532994079044,-0.015666666666666607,-0.015725692277312686,23,"BILL_AMT1,BILL_AMT1_shuffled_2,BILL_AMT2,BILL_AMT3,BILL_AMT3_shuffled_1,BILL_AMT3_shuffled_2,BILL_AMT4,BILL_AMT4_shuffled_1,BILL_AMT5_shuffled_1,BILL_AMT6,BILL_AMT6_shuffled_2,LIMIT_BAL,LIMIT_BAL_shuffled_1,LIMIT_BAL_shuffled_2,PAY_2,PAY_3,PAY_4,PAY_5,PAY_AMT1,PAY_AMT2,PAY_AMT2_shuffled_2,PAY_AMT3_shuffled_1,PAY_AMT4,synthetic_target_1"
default_payment_synthetic_target_1_noise,classification,15.55987811088562,0.9186666666666666,0.9184545669954218,0.9188182008222423,0.918190451815957,0.9789468006718143,-0.033666666666666734,-0.03375969988771654,24,"BILL_AMT1,BILL_AMT1_shuffled_2,BILL_AMT2,BILL_AMT3,BILL_AMT3_shuffled_1,BILL_AMT3_shuffled_2,BILL_AMT4,BILL_AMT4_shuffled_1,BILL_AMT5_shuffled_1,BILL_AMT6,BILL_AMT6_shuffled_2,LIMIT_BAL,LIMIT_BAL_shuffled_1,LIMIT_BAL_shuffled_2,PAY_2,PAY_3,PAY_4,PAY_5,PAY_AMT1,PAY_AMT2,PAY_AMT2_shuffled_2,PAY_AMT3_shuffled_1,PAY_AMT4,PAY_AMT4_shuffled_2,synthetic_target_1"
default_payment_synthetic_target_1_noise,classification,15.55987811088562,0.918,0.917766090212159,0.9182846718626227,0.9174204279960935,0.9789578773481302,-0.014833333333333254,-0.014906138518267498,25,"BILL_AMT1,BILL_AMT1_shuffled_2,BILL_AMT2,BILL_AMT3,BILL_AMT3_shuffled_1,BILL_AMT3_shuffled_2,BILL_AMT4,BILL_AMT4_shuffled_1,BILL_AMT5,BILL_AMT5_shuffled_1,BILL_AMT6,BILL_AMT6_shuffled_2,LIMIT_BAL,LIMIT_BAL_shuffled_1,LIMIT_BAL_shuffled_2,PAY_2,PAY_3,PAY_4,PAY_5,PAY_AMT1,PAY_AMT2,PAY_AMT2_shuffled_2,PAY_AMT3_shuffled_1,PAY_AMT4,PAY_AMT4_shuffled_2,synthetic_target_1"
default_payment_synthetic_target_1_noise,classification,15.55987811088562,0.9575,0.9574092236756503,0.9575210576516558,0.9573094319067725,0.9942975711798909,-0.01633333333333331,-0.016377316994438007,26,"AGE,BILL_AMT1,BILL_AMT1_shuffled_2,BILL_AMT2,BILL_AMT3,BILL_AMT3_shuffled_1,BILL_AMT3_shuffled_2,BILL_AMT4,BILL_AMT4_shuffled_1,BILL_AMT5,BILL_AMT5_shuffled_1,BILL_AMT6,BILL_AMT6_shuffled_2,LIMIT_BAL,LIMIT_BAL_shuffled_1,LIMIT_BAL_shuffled_2,PAY_2,PAY_3,PAY_4,PAY_5,PAY_AMT1,PAY_AMT2,PAY_AMT2_shuffled_2,PAY_AMT3_shuffled_1,PAY_AMT4,PAY_AMT4_shuffled_2,synthetic_target_1"
default_payment_synthetic_target_1_noise,classification,15.55987811088562,0.9581666666666667,0.9580747093646149,0.9582205513784461,0.9579482054615474,0.9942444699276031,-0.008458333333333234,-0.00849025332409048,27,"AGE,BILL_AMT1,BILL_AMT1_shuffled_2,BILL_AMT2,BILL_AMT3,BILL_AMT3_shuffled_1,BILL_AMT3_shuffled_2,BILL_AMT4,BILL_AMT4_shuffled_1,BILL_AMT5,BILL_AMT5_shuffled_1,BILL_AMT6,BILL_AMT6_shuffled_2,LIMIT_BAL,LIMIT_BAL_shuffled_1,LIMIT_BAL_shuffled_2,PAY_2,PAY_3,PAY_4,PAY_5,PAY_AMT1,PAY_AMT2,PAY_AMT2_shuffled_2,PAY_AMT3_shuffled_1,PAY_AMT3_shuffled_2,PAY_AMT4,PAY_AMT4_shuffled_2,synthetic_target_1"
default_payment_synthetic_target_1_noise,classification,15.55987811088562,0.9571666666666667,0.9570725111820959,0.9572180451127819,0.9569462950410221,0.9938183240287398,-0.010666666666666602,-0.010701235809424725,28,"AGE,BILL_AMT1,BILL_AMT1_shuffled_2,BILL_AMT2,BILL_AMT3,BILL_AMT3_shuffled_1,BILL_AMT3_shuffled_2,BILL_AMT4,BILL_AMT4_shuffled_1,BILL_AMT5,BILL_AMT5_shuffled_1,BILL_AMT6,BILL_AMT6_shuffled_2,LIMIT_BAL,LIMIT_BAL_shuffled_1,LIMIT_BAL_shuffled_2,PAY_2,PAY_3,PAY_4,PAY_5,PAY_AMT1,PAY_AMT2,PAY_AMT2_shuffled_2,PAY_AMT3,PAY_AMT3_shuffled_1,PAY_AMT3_shuffled_2,PAY_AMT4,PAY_AMT4_shuffled_2,synthetic_target_1"
default_payment_synthetic_target_1_noise,classification,15.55987811088562,0.9576666666666667,0.9575807677213023,0.9576375015742129,0.9575274587466167,0.994236454644239,-0.02083333333333337,-0.020880632715101988,29,"AGE,BILL_AMT1,BILL_AMT1_shuffled_2,BILL_AMT2,BILL_AMT3,BILL_AMT3_shuffled_1,BILL_AMT3_shuffled_2,BILL_AMT4,BILL_AMT4_shuffled_1,BILL_AMT5,BILL_AMT5_shuffled_1,BILL_AMT6,BILL_AMT6_shuffled_2,LIMIT_BAL,LIMIT_BAL_shuffled_1,LIMIT_BAL_shuffled_2,PAY_2,PAY_3,PAY_4,PAY_5,PAY_AMT1,PAY_AMT2,PAY_AMT2_shuffled_2,PAY_AMT3,PAY_AMT3_shuffled_1,PAY_AMT3_shuffled_2,PAY_AMT4,PAY_AMT4_shuffled_1,PAY_AMT4_shuffled_2,synthetic_target_1"
default_payment_synthetic_target_1_noise,classification,15.55987811088562,0.9591666666666666,0.9590743281194862,0.9592560796873182,0.9589209491564972,0.994261279757992,-0.008000000000000007,-0.008032223714817155,30,"AGE,BILL_AMT1,BILL_AMT1_shuffled_2,BILL_AMT2,BILL_AMT3,BILL_AMT3_shuffled_1,BILL_AMT3_shuffled_2,BILL_AMT4,BILL_AMT4_shuffled_1,BILL_AMT5,BILL_AMT5_shuffled_1,BILL_AMT6,BILL_AMT6_shuffled_2,LIMIT_BAL,LIMIT_BAL_shuffled_1,LIMIT_BAL_shuffled_2,PAY_2,PAY_3,PAY_4,PAY_5,PAY_AMT1,PAY_AMT2,PAY_AMT2_shuffled_2,PAY_AMT3,PAY_AMT3_shuffled_1,PAY_AMT3_shuffled_2,PAY_AMT4,PAY_AMT4_shuffled_1,PAY_AMT4_shuffled_2,PAY_AMT6,synthetic_target_1"
default_payment_synthetic_target_1_noise,classification,15.55987811088562,0.9693333333333334,0.9692683050668548,0.9693745666960872,0.9691726635643809,0.9970130823896542,-0.026083333333333236,-0.02614042249266635,31,"AGE,BILL_AMT1,BILL_AMT1_shuffled_2,BILL_AMT2,BILL_AMT3,BILL_AMT3_shuffled_1,BILL_AMT3_shuffled_2,BILL_AMT4,BILL_AMT4_shuffled_1,BILL_AMT5,BILL_AMT5_shuffled_1,BILL_AMT6,BILL_AMT6_shuffled_2,EDUCATION,LIMIT_BAL,LIMIT_BAL_shuffled_1,LIMIT_BAL_shuffled_2,PAY_2,PAY_3,PAY_4,PAY_5,PAY_AMT1,PAY_AMT2,PAY_AMT2_shuffled_2,PAY_AMT3,PAY_AMT3_shuffled_1,PAY_AMT3_shuffled_2,PAY_AMT4,PAY_AMT4_shuffled_1,PAY_AMT4_shuffled_2,PAY_AMT6,synthetic_target_1"
default_payment_synthetic_target_1_noise,classification,15.55987811088562,0.9711666666666666,0.9711077256243772,0.9711738898044631,0.971045957742313,0.9974866520484226,-0.027833333333333377,-0.027890421950488742,32,"AGE,BILL_AMT1,BILL_AMT1_shuffled_2,BILL_AMT2,BILL_AMT3,BILL_AMT3_shuffled_1,BILL_AMT3_shuffled_2,BILL_AMT4,BILL_AMT4_shuffled_1,BILL_AMT5,BILL_AMT5_shuffled_1,BILL_AMT6,BILL_AMT6_shuffled_2,EDUCATION,LIMIT_BAL,LIMIT_BAL_shuffled_1,LIMIT_BAL_shuffled_2,PAY_2,PAY_3,PAY_4,PAY_5,PAY_AMT1,PAY_AMT2,PAY_AMT2_shuffled_2,PAY_AMT3,PAY_AMT3_shuffled_1,PAY_AMT3_shuffled_2,PAY_AMT4,PAY_AMT4_shuffled_1,PAY_AMT4_shuffled_2,PAY_AMT5,PAY_AMT6,synthetic_target_1"
default_payment_synthetic_target_1_noise,classification,15.55987811088562,0.9676666666666667,0.967597104851426,0.9677198286419025,0.9674882295007179,0.9967403401085113,-0.018874999999999975,-0.01892213036092838,33,"AGE,BILL_AMT1,BILL_AMT1_shuffled_2,BILL_AMT2,BILL_AMT3,BILL_AMT3_shuffled_1,BILL_AMT3_shuffled_2,BILL_AMT4,BILL_AMT4_shuffled_1,BILL_AMT5,BILL_AMT5_shuffled_1,BILL_AMT6,BILL_AMT6_shuffled_2,EDUCATION,LIMIT_BAL,LIMIT_BAL_shuffled_1,LIMIT_BAL_shuffled_2,PAY_2,PAY_3,PAY_4,PAY_5,PAY_AMT1,PAY_AMT2,PAY_AMT2_shuffled_2,PAY_AMT3,PAY_AMT3_shuffled_1,PAY_AMT3_shuffled_2,PAY_AMT4,PAY_AMT4_shuffled_1,PAY_AMT4_shuffled_2,PAY_AMT5,PAY_AMT5_shuffled_1,PAY_AMT6,synthetic_target_1"
default_payment_synthetic_target_1_noise,classification,15.55987811088562,0.9698333333333333,0.9697670214940053,0.9699164578111947,0.9696371603676743,0.9971244057697126,-0.022333333333333316,-0.022386130939439863,34,"AGE,BILL_AMT1,BILL_AMT1_shuffled_2,BILL_AMT2,BILL_AMT3,BILL_AMT3_shuffled_1,BILL_AMT3_shuffled_2,BILL_AMT4,BILL_AMT4_shuffled_1,BILL_AMT5,BILL_AMT5_shuffled_1,BILL_AMT6,BILL_AMT6_shuffled_2,EDUCATION,LIMIT_BAL,LIMIT_BAL_shuffled_1,LIMIT_BAL_shuffled_2,PAY_2,PAY_3,PAY_4,PAY_5,PAY_AMT1,PAY_AMT2,PAY_AMT2_shuffled_2,PAY_AMT3,PAY_AMT3_shuffled_1,PAY_AMT3_shuffled_2,PAY_AMT4,PAY_AMT4_shuffled_1,PAY_AMT4_shuffled_2,PAY_AMT5,PAY_AMT5_shuffled_1,PAY_AMT5_shuffled_2,PAY_AMT6,synthetic_target_1"
default_payment_synthetic_target_1_noise,classification,15.55987811088562,0.9715,0.9714442965479189,0.9714654036430905,0.9714236779708509,0.9977173140919036,-0.02849999999999997,-0.028555703452081138,35,"AGE,BILL_AMT1,BILL_AMT1_shuffled_2,BILL_AMT2,BILL_AMT3,BILL_AMT3_shuffled_1,BILL_AMT3_shuffled_2,BILL_AMT4,BILL_AMT4_shuffled_1,BILL_AMT5,BILL_AMT5_shuffled_1,BILL_AMT6,BILL_AMT6_shuffled_2,EDUCATION,LIMIT_BAL,LIMIT_BAL_shuffled_1,LIMIT_BAL_shuffled_2,PAY_0,PAY_2,PAY_3,PAY_4,PAY_5,PAY_AMT1,PAY_AMT2,PAY_AMT2_shuffled_2,PAY_AMT3,PAY_AMT3_shuffled_1,PAY_AMT3_shuffled_2,PAY_AMT4,PAY_AMT4_shuffled_1,PAY_AMT4_shuffled_2,PAY_AMT5,PAY_AMT5_shuffled_1,PAY_AMT5_shuffled_2,PAY_AMT6,synthetic_target_1"
default_payment_synthetic_target_1_noise,classification,15.55987811088562,0.9713333333333334,0.9712734256584649,0.9713636015876518,0.971191067768219,0.9975829467721731,-0.021625000000000005,-0.02167307482939962,36,"AGE,BILL_AMT1,BILL_AMT1_shuffled_2,BILL_AMT2,BILL_AMT2_shuffled_1,BILL_AMT3,BILL_AMT3_shuffled_1,BILL_AMT3_shuffled_2,BILL_AMT4,BILL_AMT4_shuffled_1,BILL_AMT5,BILL_AMT5_shuffled_1,BILL_AMT6,BILL_AMT6_shuffled_2,EDUCATION,LIMIT_BAL,LIMIT_BAL_shuffled_1,LIMIT_BAL_shuffled_2,PAY_0,PAY_2,PAY_3,PAY_4,PAY_5,PAY_AMT1,PAY_AMT2,PAY_AMT2_shuffled_2,PAY_AMT3,PAY_AMT3_shuffled_1,PAY_AMT3_shuffled_2,PAY_AMT4,PAY_AMT4_shuffled_1,PAY_AMT4_shuffled_2,PAY_AMT5,PAY_AMT5_shuffled_1,PAY_AMT5_shuffled_2,PAY_AMT6,synthetic_target_1"
default_payment_synthetic_target_1_noise,classification,15.55987811088562,0.9728333333333333,0.972777799287708,0.972844194022538,0.9727158084431882,0.9980889115345383,-0.027166666666666672,-0.027222200712291977,37,"AGE,BILL_AMT1,BILL_AMT1_shuffled_2,BILL_AMT2,BILL_AMT2_shuffled_1,BILL_AMT3,BILL_AMT3_shuffled_1,BILL_AMT3_shuffled_2,BILL_AMT4,BILL_AMT4_shuffled_1,BILL_AMT5,BILL_AMT5_shuffled_1,BILL_AMT6,BILL_AMT6_shuffled_2,EDUCATION,LIMIT_BAL,LIMIT_BAL_shuffled_1,LIMIT_BAL_shuffled_2,PAY_0,PAY_2,PAY_3,PAY_4,PAY_5,PAY_6,PAY_AMT1,PAY_AMT2,PAY_AMT2_shuffled_2,PAY_AMT3,PAY_AMT3_shuffled_1,PAY_AMT3_shuffled_2,PAY_AMT4,PAY_AMT4_shuffled_1,PAY_AMT4_shuffled_2,PAY_AMT5,PAY_AMT5_shuffled_1,PAY_AMT5_shuffled_2,PAY_AMT6,synthetic_target_1"
default_payment_synthetic_target_1_noise,classification,15.55987811088562,0.9725,0.9724486619080404,0.9724284742357643,0.9724693384797389,0.9975719257575474,-0.025541666666666685,-0.025589384132684412,38,"AGE,BILL_AMT1,BILL_AMT1_shuffled_2,BILL_AMT2,BILL_AMT2_shuffled_1,BILL_AMT3,BILL_AMT3_shuffled_1,BILL_AMT3_shuffled_2,BILL_AMT4,BILL_AMT4_shuffled_1,BILL_AMT5,BILL_AMT5_shuffled_1,BILL_AMT6,BILL_AMT6_shuffled_2,EDUCATION,LIMIT_BAL,LIMIT_BAL_shuffled_1,LIMIT_BAL_shuffled_2,PAY_0,PAY_2,PAY_3,PAY_4,PAY_5,PAY_6,PAY_AMT1,PAY_AMT2,PAY_AMT2_shuffled_2,PAY_AMT3,PAY_AMT3_shuffled_1,PAY_AMT3_shuffled_2,PAY_AMT4,PAY_AMT4_shuffled_1,PAY_AMT4_shuffled_2,PAY_AMT5,PAY_AMT5_shuffled_1,PAY_AMT5_shuffled_2,PAY_AMT6,PAY_AMT6_shuffled_1,synthetic_target_1"
default_payment_synthetic_target_1_noise,classification,15.55987811088562,0.9741666666666666,0.9741130742586506,0.9741956311897011,0.9740371056411008,0.9982090294616213,-0.022541666666666682,-0.0225890544906292,39,"AGE,BILL_AMT1,BILL_AMT1_shuffled_1,BILL_AMT1_shuffled_2,BILL_AMT2,BILL_AMT2_shuffled_1,BILL_AMT3,BILL_AMT3_shuffled_1,BILL_AMT3_shuffled_2,BILL_AMT4,BILL_AMT4_shuffled_1,BILL_AMT5,BILL_AMT5_shuffled_1,BILL_AMT6,BILL_AMT6_shuffled_2,EDUCATION,LIMIT_BAL,LIMIT_BAL_shuffled_1,LIMIT_BAL_shuffled_2,PAY_0,PAY_2,PAY_3,PAY_4,PAY_5,PAY_6,PAY_AMT1,PAY_AMT2,PAY_AMT2_shuffled_2,PAY_AMT3,PAY_AMT3_shuffled_1,PAY_AMT3_shuffled_2,PAY_AMT4,PAY_AMT4_shuffled_1,PAY_AMT4_shuffled_2,PAY_AMT5,PAY_AMT5_shuffled_1,PAY_AMT5_shuffled_2,PAY_AMT6,PAY_AMT6_shuffled_1,synthetic_target_1"
default_payment_synthetic_target_1_noise,classification,15.55987811088562,0.9708333333333333,0.970773710891711,0.9708398289608481,0.9707119876021378,0.9977568338918241,-0.029166666666666674,-0.02922628910828895,40,"AGE,BILL_AMT1,BILL_AMT1_shuffled_1,BILL_AMT1_shuffled_2,BILL_AMT2,BILL_AMT2_shuffled_1,BILL_AMT3,BILL_AMT3_shuffled_1,BILL_AMT3_shuffled_2,BILL_AMT4,BILL_AMT4_shuffled_1,BILL_AMT5,BILL_AMT5_shuffled_1,BILL_AMT6,BILL_AMT6_shuffled_2,EDUCATION,LIMIT_BAL,LIMIT_BAL_shuffled_1,LIMIT_BAL_shuffled_2,PAY_0,PAY_2,PAY_3,PAY_4,PAY_5,PAY_6,PAY_AMT1,PAY_AMT2,PAY_AMT2_shuffled_2,PAY_AMT3,PAY_AMT3_shuffled_1,PAY_AMT3_shuffled_2,PAY_AMT4,PAY_AMT4_shuffled_1,PAY_AMT4_shuffled_2,PAY_AMT5,PAY_AMT5_shuffled_1,PAY_AMT5_shuffled_2,PAY_AMT6,PAY_AMT6_shuffled_1,PAY_AMT6_shuffled_2,synthetic_target_1"
default_payment_synthetic_target_1_clean,classification,8.021501064300537,0.8593333333333333,0.8587487256981701,0.8600790712900708,0.8581604323532905,0.9186550599426306,0.007208333333333261,0.007172243619266938,1,"LIMIT_BAL,synthetic_target_1"
default_payment_synthetic_target_1_clean,classification,8.021501064300537,0.8675,0.867260238806344,0.8672249389623873,0.8672979110501702,0.9402829105586774,-0.002666666666666595,-0.0027219614953952753,2,"LIMIT_BAL,PAY_AMT1,synthetic_target_1"
default_payment_synthetic_target_1_clean,classification,8.021501064300537,0.8953333333333333,0.8950347655553574,0.8955276827059935,0.8947104584641893,0.9640431048580522,-0.000791666666666635,-0.0008197945928994921,3,"BILL_AMT2,LIMIT_BAL,PAY_AMT1,synthetic_target_1"
default_payment_synthetic_target_1_clean,classification,8.021501064300537,0.8993333333333333,0.8990976141486082,0.8992977941704916,0.8989368505881047,0.967291855058295,-0.0032083333333333686,-0.00325104039542512,4,"BILL_AMT2,BILL_AMT3,LIMIT_BAL,PAY_AMT1,synthetic_target_1"
default_payment_synthetic_target_1_clean,classification,8.021501064300537,0.9088333333333334,0.9086357810509107,0.9087510313990851,0.908535208078426,0.9719060978383338,-0.004708333333333314,-0.004762371770990259,5,"BILL_AMT2,BILL_AMT3,LIMIT_BAL,PAY_AMT1,PAY_AMT2,synthetic_target_1"
default_payment_synthetic_target_1_clean,classification,8.021501064300537,0.9093333333333333,0.9091091257445172,0.9093865423644447,0.908897621342206,0.9730049709228898,-0.017458333333333353,-0.017537554902710917,6,"BILL_AMT2,BILL_AMT3,LIMIT_BAL,PAY_AMT1,PAY_AMT2,PAY_AMT4,synthetic_target_1"
default_payment_synthetic_target_1_clean,classification,8.021501064300537,0.9093333333333333,0.9090582344926736,0.9096877270755466,0.9086642875376036,0.9740299252830872,-0.03704166666666664,-0.037195713629256,7,"BILL_AMT2,BILL_AMT3,BILL_AMT4,LIMIT_BAL,PAY_AMT1,PAY_AMT2,PAY_AMT4,synthetic_target_1"
default_payment_synthetic_target_1_clean,classification,8.021501064300537,0.9093333333333333,0.9090481082006505,0.9097547157700261,0.9086205374492407,0.9739090837540336,-0.03154166666666669,-0.03170310617111327,8,"BILL_AMT1,BILL_AMT2,BILL_AMT3,BILL_AMT4,LIMIT_BAL,PAY_AMT1,PAY_AMT2,PAY_AMT4,synthetic_target_1"
default_payment_synthetic_target_1_clean,classification,8.021501064300537,0.9176666666666666,0.9174519592125785,0.9178147864260331,0.9171885413954319,0.9787238199415574,-0.027083333333333348,-0.027188825898542657,9,"BILL_AMT1,BILL_AMT2,BILL_AMT3,BILL_AMT4,LIMIT_BAL,PAY_4,PAY_AMT1,PAY_AMT2,PAY_AMT4,synthetic_target_1"
default_payment_synthetic_target_1_clean,classification,8.021501064300537,0.9175,0.9172862654122214,0.9176386029269128,0.9170288480067381,0.9788357556002061,-0.007874999999999965,-0.007919089815437985,10,"BILL_AMT1,BILL_AMT2,BILL_AMT3,BILL_AMT4,LIMIT_BAL,PAY_2,PAY_4,PAY_AMT1,PAY_AMT2,PAY_AMT4,synthetic_target_1"
default_payment_synthetic_target_1_clean,classification,8.021501064300537,0.9193333333333333,0.919117421784263,0.9195241637478494,0.9188292253707319,0.9804045803336784,-0.02808333333333335,-0.028190158400280607,11,"BILL_AMT1,BILL_AMT2,BILL_AMT3,BILL_AMT4,LIMIT_BAL,PAY_2,PAY_3,PAY_4,PAY_AMT1,PAY_AMT2,PAY_AMT4,synthetic_target_1"
default_payment_synthetic_target_1_clean,classification,8.021501064300537,0.9201666666666667,0.9199110025646036,0.9206751209369127,0.9194526919607487,0.9793625934963323,-0.008124999999999938,-0.008200643557755072,12,"BILL_AMT1,BILL_AMT2,BILL_AMT3,BILL_AMT4,LIMIT_BAL,PAY_2,PAY_3,PAY_4,PAY_AMT1,PAY_AMT2,PAY_AMT3,PAY_AMT4,synthetic_target_1"
default_payment_synthetic_target_1_clean,classification,8.021501064300537,0.9196666666666666,0.9194078764031166,0.9201849554487731,0.9189444450690922,0.9792459265940312,-0.010541666666666671,-0.010622310749823782,13,"BILL_AMT1,BILL_AMT2,BILL_AMT3,BILL_AMT4,BILL_AMT6,LIMIT_BAL,PAY_2,PAY_3,PAY_4,PAY_AMT1,PAY_AMT2,PAY_AMT3,PAY_AMT4,synthetic_target_1"
default_payment_synthetic_target_1_clean,classification,8.021501064300537,0.9191666666666667,0.9189707898050774,0.9192259445560867,0.9187716155215517,0.9801036175756908,-0.005708333333333315,-0.005743459301529308,14,"BILL_AMT1,BILL_AMT2,BILL_AMT3,BILL_AMT4,BILL_AMT6,LIMIT_BAL,PAY_2,PAY_3,PAY_4,PAY_5,PAY_AMT1,PAY_AMT2,PAY_AMT3,PAY_AMT4,synthetic_target_1"
default_payment_synthetic_target_1_clean,classification,8.021501064300537,0.918,0.9177690131579608,0.9182641978594386,0.9174350113588811,0.9803404580667648,-0.011208333333333265,-0.011264555358189154,15,"BILL_AMT1,BILL_AMT2,BILL_AMT3,BILL_AMT4,BILL_AMT6,LIMIT_BAL,PAY_2,PAY_3,PAY_4,PAY_5,PAY_AMT1,PAY_AMT2,PAY_AMT3,PAY_AMT4,PAY_AMT6,synthetic_target_1"
default_payment_synthetic_target_1_clean,classification,8.021501064300537,0.9588333333333333,0.9587454048936691,0.9588575564080437,0.9586453124674728,0.9945360258599759,-0.014541666666666675,-0.014583383481551748,16,"AGE,BILL_AMT1,BILL_AMT2,BILL_AMT3,BILL_AMT4,BILL_AMT6,LIMIT_BAL,PAY_2,PAY_3,PAY_4,PAY_5,PAY_AMT1,PAY_AMT2,PAY_AMT3,PAY_AMT4,PAY_AMT6,synthetic_target_1"
default_payment_synthetic_target_1_clean,classification,8.021501064300537,0.9693333333333334,0.9692747471038945,0.9692747471038945,0.9692747471038945,0.9969163423723836,-0.01808333333333334,-0.018121245840198696,17,"AGE,BILL_AMT1,BILL_AMT2,BILL_AMT3,BILL_AMT4,BILL_AMT6,EDUCATION,LIMIT_BAL,PAY_2,PAY_3,PAY_4,PAY_5,PAY_AMT1,PAY_AMT2,PAY_AMT3,PAY_AMT4,PAY_AMT6,synthetic_target_1"
default_payment_synthetic_target_1_clean,classification,8.021501064300537,0.9683333333333334,0.9682700285146677,0.9683129183516157,0.9682290865950063,0.9967618255208626,-0.01645833333333324,-0.01649649696847011,18,"AGE,BILL_AMT1,BILL_AMT2,BILL_AMT3,BILL_AMT4,BILL_AMT6,EDUCATION,LIMIT_BAL,PAY_0,PAY_2,PAY_3,PAY_4,PAY_5,PAY_AMT1,PAY_AMT2,PAY_AMT3,PAY_AMT4,PAY_AMT6,synthetic_target_1"
default_payment_synthetic_target_1_clean,classification,8.021501064300537,0.973,0.9729460243125061,0.9729893374304703,0.9729046685574572,0.9974578192929875,-0.026791666666666658,-0.02684524206358818,19,"AGE,BILL_AMT1,BILL_AMT2,BILL_AMT3,BILL_AMT4,BILL_AMT6,EDUCATION,LIMIT_BAL,PAY_0,PAY_2,PAY_3,PAY_4,PAY_5,PAY_AMT1,PAY_AMT2,PAY_AMT3,PAY_AMT4,PAY_AMT5,PAY_AMT6,synthetic_target_1"
default_payment_synthetic_target_1_clean,classification,8.021501064300537,0.975,0.9749529672384811,0.9749393294868879,0.9749668228496581,0.998353304562177,-0.015166666666666662,-0.015196253629935264,20,"AGE,BILL_AMT1,BILL_AMT2,BILL_AMT3,BILL_AMT4,BILL_AMT6,EDUCATION,LIMIT_BAL,PAY_0,PAY_2,PAY_3,PAY_4,PAY_5,PAY_6,PAY_AMT1,PAY_AMT2,PAY_AMT3,PAY_AMT4,PAY_AMT5,PAY_AMT6,synthetic_target_1"
default_payment_synthetic_target_1_clean,classification,8.021501064300537,0.975,0.9749515061158402,0.9749655740042846,0.9749376561240828,0.9984027321429227,-0.018750000000000044,-0.01878727308078887,21,"AGE,BILL_AMT1,BILL_AMT2,BILL_AMT3,BILL_AMT4,BILL_AMT6,EDUCATION,LIMIT_BAL,PAY_0,PAY_2,PAY_3,PAY_4,PAY_5,PAY_6,PAY_AMT1,PAY_AMT2,PAY_AMT3,PAY_AMT4,PAY_AMT5,PAY_AMT6,synthetic_target_1,synthetic_target_2"
default_payment_synthetic_target_1_clean,classification,8.021501064300537,0.9751666666666666,0.9751195867046085,0.9751127116474269,0.9751265162383518,0.998443587823404,-0.020875000000000088,-0.020914733202327618,22,"AGE,BILL_AMT1,BILL_AMT2,BILL_AMT3,BILL_AMT4,BILL_AMT5,BILL_AMT6,EDUCATION,LIMIT_BAL,PAY_0,PAY_2,PAY_3,PAY_4,PAY_5,PAY_6,PAY_AMT1,PAY_AMT2,PAY_AMT3,PAY_AMT4,PAY_AMT5,PAY_AMT6,synthetic_target_1,synthetic_target_2"
default_payment_synthetic_target_1_clean,classification,8.021501064300537,0.9743333333333334,0.9742842992065204,0.9742842992065204,0.9742842992065204,0.9984444784104447,-0.021666666666666612,-0.02170840573545396,23,"AGE,BILL_AMT1,BILL_AMT2,BILL_AMT3,BILL_AMT4,BILL_AMT5,BILL_AMT6,EDUCATION,LIMIT_BAL,MARRIAGE,PAY_0,PAY_2,PAY_3,PAY_4,PAY_5,PAY_6,PAY_AMT1,PAY_AMT2,PAY_AMT3,PAY_AMT4,PAY_AMT5,PAY_AMT6,synthetic_target_1,synthetic_target_2"
default_payment_synthetic_target_2_noise,classification,32.593815088272095,0.8116666666666666,0.8091573831210007,0.8189914328303101,0.8082921739130435,0.8718203547826087,-0.0007500000000000284,-0.0006783262522064293,1,"BILL_AMT5,synthetic_target_2"
default_payment_synthetic_target_2_noise,classification,32.593815088272095,0.9205,0.9204654798089449,0.9205,0.9212313043478262,0.9589792278260868,-0.02429166666666671,-0.024293813405945608,2,"BILL_AMT3,BILL_AMT5,synthetic_target_2"
default_payment_synthetic_target_2_noise,classification,32.593815088272095,0.9326666666666666,0.9325154713293204,0.9327781738904584,0.9323130434782608,0.977059784347826,-0.003875000000000073,-0.003865286258023959,3,"BILL_AMT3,BILL_AMT5,PAY_AMT5,synthetic_target_2"
default_payment_synthetic_target_2_noise,classification,32.593815088272095,0.937,0.9368832972165534,0.9369351606730161,0.9368347826086956,0.9782505182608696,-0.0055833333333332735,-0.00558309866687412,4,"BILL_AMT3,BILL_AMT5,BILL_AMT6,PAY_AMT5,synthetic_target_2"
default_payment_synthetic_target_2_noise,classification,32.593815088272095,0.938,0.9379039304808907,0.9378285539570339,0.9379895652173913,0.9815322713043478,-0.025833333333333375,-0.025872885629779296,5,"BILL_AMT2,BILL_AMT3,BILL_AMT5,BILL_AMT6,PAY_AMT5,synthetic_target_2"
default_payment_synthetic_target_2_noise,classification,32.593815088272095,0.9395,0.9393905241342174,0.9394223597644467,0.93936,0.981959624347826,-0.022833333333333372,-0.0228765121197797,6,"BILL_AMT2,BILL_AMT3,BILL_AMT5,BILL_AMT6,PAY_AMT4,PAY_AMT5,synthetic_target_2"
default_payment_synthetic_target_2_noise,classification,32.593815088272095,0.9456666666666667,0.9455286665696059,0.9459899911592252,0.9452104347826087,0.9873146991304349,-0.03054166666666669,-0.030618130427986667,7,"BILL_AMT1,BILL_AMT2,BILL_AMT3,BILL_AMT5,BILL_AMT6,PAY_AMT4,PAY_AMT5,synthetic_target_2"
default_payment_synthetic_target_2_noise,classification,32.593815088272095,0.9651666666666666,0.9650922656792584,0.9653056022928193,0.9649182608695652,0.9931646330434782,-0.022750000000000048,-0.022800335430134155,8,"BILL_AMT1,BILL_AMT2,BILL_AMT3,BILL_AMT5,BILL_AMT6,PAY_AMT4,PAY_AMT5,PAY_AMT6,synthetic_target_2"
default_payment_synthetic_target_2_noise,classification,32.593815088272095,0.9683333333333334,0.9682709716909157,0.9683888376089449,0.9681669565217391,0.9946343513043477,-0.025208333333333277,-0.025257272272839693,9,"BILL_AMT1,BILL_AMT2,BILL_AMT3,BILL_AMT5,BILL_AMT6,PAY_AMT1,PAY_AMT4,PAY_AMT5,PAY_AMT6,synthetic_target_2"
default_payment_synthetic_target_2_noise,classification,32.593815088272095,0.9751666666666666,0.9751136248143996,0.9753313394741345,0.974935652173913,0.9978736417391304,-0.01912500000000006,-0.01916719899918562,10,"BILL_AMT1,BILL_AMT2,BILL_AMT3,BILL_AMT5,BILL_AMT6,PAY_AMT1,PAY_AMT3,PAY_AMT4,PAY_AMT5,PAY_AMT6,synthetic_target_2"
default_payment_synthetic_target_2_noise,classification,32.593815088272095,0.9755,0.9754491736517525,0.9756297994585934,0.9752973913043479,0.9977507617391304,-0.019791666666666652,-0.019833618103546335,11,"BILL_AMT1,BILL_AMT2,BILL_AMT3,BILL_AMT5,BILL_AMT6,PAY_AMT1,PAY_AMT2,PAY_AMT3,PAY_AMT4,PAY_AMT5,PAY_AMT6,synthetic_target_2"
default_payment_synthetic_target_2_noise,classification,32.593815088272095,0.9758333333333333,0.9757882180403992,0.9758521557008628,0.9757286956521739,0.9979762643478259,-0.021916666666666695,-0.0219576624152511,12,"BILL_AMT1,BILL_AMT2,BILL_AMT3,BILL_AMT5,BILL_AMT6,LIMIT_BAL,PAY_AMT1,PAY_AMT2,PAY_AMT3,PAY_AMT4,PAY_AMT5,PAY_AMT6,synthetic_target_2"
default_payment_synthetic_target_2_noise,classification,32.593815088272095,0.9741666666666666,0.9741106875007151,0.9743471797460954,0.97392,0.9976081808695652,-0.02200000000000002,-0.02204876747585205,13,"BILL_AMT1,BILL_AMT2,BILL_AMT2_shuffled_1,BILL_AMT3,BILL_AMT5,BILL_AMT6,LIMIT_BAL,PAY_AMT1,PAY_AMT2,PAY_AMT3,PAY_AMT4,PAY_AMT5,PAY_AMT6,synthetic_target_2"
default_payment_synthetic_target_2_noise,classification,32.593815088272095,0.975,0.9749507671244071,0.9750702635455053,0.9748452173913044,0.9978765356521739,-0.02375000000000005,-0.023796970977539633,14,"BILL_AMT1,BILL_AMT2,BILL_AMT2_shuffled_1,BILL_AMT3,BILL_AMT4_shuffled_2,BILL_AMT5,BILL_AMT6,LIMIT_BAL,PAY_AMT1,PAY_AMT2,PAY_AMT3,PAY_AMT4,PAY_AMT5,PAY_AMT6,synthetic_target_2"
default_payment_synthetic_target_2_noise,classification,32.593815088272095,0.9756666666666667,0.9756165559799339,0.9757882008034624,0.975471304347826,0.9976558191304347,-0.021041666666666625,-0.021085715251964454,15,"BILL_AMT1,BILL_AMT2,BILL_AMT2_shuffled_1,BILL_AMT3,BILL_AMT3_shuffled_2,BILL_AMT4_shuffled_2,BILL_AMT5,BILL_AMT6,LIMIT_BAL,PAY_AMT1,PAY_AMT2,PAY_AMT3,PAY_AMT4,PAY_AMT5,PAY_AMT6,synthetic_target_2"
default_payment_synthetic_target_2_noise,classification,32.593815088272095,0.976,0.9759548485489419,0.9760264535684762,0.975888695652174,0.997548744347826,-0.02387499999999998,-0.023919931000237038,16,"BILL_AMT1,BILL_AMT2,BILL_AMT2_shuffled_1,BILL_AMT3,BILL_AMT3_shuffled_1,BILL_AMT3_shuffled_2,BILL_AMT4_shuffled_2,BILL_AMT5,BILL_AMT6,LIMIT_BAL,PAY_AMT1,PAY_AMT2,PAY_AMT3,PAY_AMT4,PAY_AMT5,PAY_AMT6,synthetic_target_2"
default_payment_synthetic_target_2_noise,classification,32.593815088272095,0.975,0.9749507671244071,0.9750702635455053,0.9748452173913044,0.9976954434782609,-0.024708333333333332,-0.02475704977478832,17,"BILL_AMT1,BILL_AMT2,BILL_AMT2_shuffled_1,BILL_AMT3,BILL_AMT3_shuffled_1,BILL_AMT3_shuffled_2,BILL_AMT4_shuffled_1,BILL_AMT4_shuffled_2,BILL_AMT5,BILL_AMT6,LIMIT_BAL,PAY_AMT1,PAY_AMT2,PAY_AMT3,PAY_AMT4,PAY_AMT5,PAY_AMT6,synthetic_target_2"
default_payment_synthetic_target_2_noise,classification,32.593815088272095,0.9725,0.9724486619080404,0.9725121587024068,0.9723895652173913,0.9974466782608696,-0.027124999999999955,-0.02717567673949639,18,"BILL_AMT1,BILL_AMT2,BILL_AMT2_shuffled_1,BILL_AMT3,BILL_AMT3_shuffled_1,BILL_AMT3_shuffled_2,BILL_AMT4_shuffled_1,BILL_AMT4_shuffled_2,BILL_AMT5,BILL_AMT5_shuffled_1,BILL_AMT6,LIMIT_BAL,PAY_AMT1,PAY_AMT2,PAY_AMT3,PAY_AMT4,PAY_AMT5,PAY_AMT6,synthetic_target_2"
default_payment_synthetic_target_2_noise,classification,32.593815088272095,0.9728333333333333,0.9727786175985569,0.9729229478050763,0.9726539130434784,0.9975503026086956,-0.026583333333333292,-0.02663701414787467,19,"BILL_AMT1,BILL_AMT1_shuffled_2,BILL_AMT2,BILL_AMT2_shuffled_1,BILL_AMT3,BILL_AMT3_shuffled_1,BILL_AMT3_shuffled_2,BILL_AMT4_shuffled_1,BILL_AMT4_shuffled_2,BILL_AMT5,BILL_AMT5_shuffled_1,BILL_AMT6,LIMIT_BAL,PAY_AMT1,PAY_AMT2,PAY_AMT3,PAY_AMT4,PAY_AMT5,PAY_AMT6,synthetic_target_2"
default_payment_synthetic_target_2_noise,classification,32.593815088272095,0.9711666666666666,0.9711111607744336,0.9712054039681299,0.9710260869565217,0.9973794504347826,-0.028750000000000053,-0.02880535921727878,20,"BILL_AMT1,BILL_AMT1_shuffled_2,BILL_AMT2,BILL_AMT2_shuffled_1,BILL_AMT3,BILL_AMT3_shuffled_1,BILL_AMT3_shuffled_2,BILL_AMT4_shuffled_1,BILL_AMT4_shuffled_2,BILL_AMT5,BILL_AMT5_shuffled_1,BILL_AMT6,LIMIT_BAL,PAY_AMT1,PAY_AMT2,PAY_AMT3,PAY_AMT3_shuffled_1,PAY_AMT4,PAY_AMT5,PAY_AMT6,synthetic_target_2"
default_payment_synthetic_target_2_noise,classification,32.593815088272095,0.9733333333333334,0.9732792237614503,0.9734323795310712,0.9731478260869566,0.9974937599999999,-0.025916666666666588,-0.025969450900653612,21,"BILL_AMT1,BILL_AMT1_shuffled_2,BILL_AMT2,BILL_AMT2_shuffled_1,BILL_AMT3,BILL_AMT3_shuffled_1,BILL_AMT3_shuffled_2,BILL_AMT4_shuffled_1,BILL_AMT4_shuffled_2,BILL_AMT5,BILL_AMT5_shuffled_1,BILL_AMT5_shuffled_2,BILL_AMT6,LIMIT_BAL,PAY_AMT1,PAY_AMT2,PAY_AMT3,PAY_AMT3_shuffled_1,PAY_AMT4,PAY_AMT5,PAY_AMT6,synthetic_target_2"
default_payment_synthetic_target_2_noise,classification,32.593815088272095,0.9726666666666667,0.9726103779500627,0.9727809804674357,0.9724660869565218,0.9972436591304349,-0.026666666666666616,-0.026721777305140804,22,"BILL_AMT1,BILL_AMT1_shuffled_2,BILL_AMT2,BILL_AMT2_shuffled_1,BILL_AMT3,BILL_AMT3_shuffled_1,BILL_AMT3_shuffled_2,BILL_AMT4_shuffled_1,BILL_AMT4_shuffled_2,BILL_AMT5,BILL_AMT5_shuffled_1,BILL_AMT5_shuffled_2,BILL_AMT6,BILL_AMT6_shuffled_1,LIMIT_BAL,PAY_AMT1,PAY_AMT2,PAY_AMT3,PAY_AMT3_shuffled_1,PAY_AMT4,PAY_AMT5,PAY_AMT6,synthetic_target_2"
default_payment_synthetic_target_2_noise,classification,32.593815088272095,0.9736666666666667,0.9736140237121973,0.9737500238040855,0.9734956521739131,0.9974236382608697,-0.025499999999999967,-0.025551164496990575,23,"BILL_AMT1,BILL_AMT1_shuffled_2,BILL_AMT2,BILL_AMT2_shuffled_1,BILL_AMT3,BILL_AMT3_shuffled_1,BILL_AMT3_shuffled_2,BILL_AMT4_shuffled_1,BILL_AMT4_shuffled_2,BILL_AMT5,BILL_AMT5_shuffled_1,BILL_AMT5_shuffled_2,BILL_AMT6,BILL_AMT6_shuffled_1,LIMIT_BAL,PAY_AMT1,PAY_AMT1_shuffled_2,PAY_AMT2,PAY_AMT3,PAY_AMT3_shuffled_1,PAY_AMT4,PAY_AMT5,PAY_AMT6,synthetic_target_2"
default_payment_synthetic_target_2_noise,classification,32.593815088272095,0.9718333333333333,0.9717774456200223,0.9719044980331489,0.9716660869565217,0.9972605773913042,-0.02808333333333335,-0.028139074371690054,24,"BILL_AMT1,BILL_AMT1_shuffled_2,BILL_AMT2,BILL_AMT2_shuffled_1,BILL_AMT3,BILL_AMT3_shuffled_1,BILL_AMT3_shuffled_2,BILL_AMT4_shuffled_1,BILL_AMT4_shuffled_2,BILL_AMT5,BILL_AMT5_shuffled_1,BILL_AMT5_shuffled_2,BILL_AMT6,BILL_AMT6_shuffled_1,BILL_AMT6_shuffled_2,LIMIT_BAL,PAY_AMT1,PAY_AMT1_shuffled_2,PAY_AMT2,PAY_AMT3,PAY_AMT3_shuffled_1,PAY_AMT4,PAY_AMT5,PAY_AMT6,synthetic_target_2"
default_payment_synthetic_target_2_noise,classification,32.593815088272095,0.9725,0.9724446129065147,0.9725888446981846,0.97232,0.9973909147826086,-0.027291666666666603,-0.02734668634211679,25,"BILL_AMT1,BILL_AMT1_shuffled_2,BILL_AMT2,BILL_AMT2_shuffled_1,BILL_AMT3,BILL_AMT3_shuffled_1,BILL_AMT3_shuffled_2,BILL_AMT4_shuffled_1,BILL_AMT4_shuffled_2,BILL_AMT5,BILL_AMT5_shuffled_1,BILL_AMT5_shuffled_2,BILL_AMT6,BILL_AMT6_shuffled_1,BILL_AMT6_shuffled_2,LIMIT_BAL,PAY_AMT1,PAY_AMT1_shuffled_2,PAY_AMT2,PAY_AMT3,PAY_AMT3_shuffled_1,PAY_AMT4,PAY_AMT5,PAY_AMT5_shuffled_2,PAY_AMT6,synthetic_target_2"
default_payment_synthetic_target_2_noise,classification,32.593815088272095,0.9715,0.9714417403570433,0.971603076798337,0.971304347826087,0.997287624347826,-0.02774999999999994,-0.027806934305060538,26,"BILL_AMT1,BILL_AMT1_shuffled_2,BILL_AMT2,BILL_AMT2_shuffled_1,BILL_AMT3,BILL_AMT3_shuffled_1,BILL_AMT3_shuffled_2,BILL_AMT4_shuffled_1,BILL_AMT4_shuffled_2,BILL_AMT5,BILL_AMT5_shuffled_1,BILL_AMT5_shuffled_2,BILL_AMT6,BILL_AMT6_shuffled_1,BILL_AMT6_shuffled_2,LIMIT_BAL,LIMIT_BAL_shuffled_2,PAY_AMT1,PAY_AMT1_shuffled_2,PAY_AMT2,PAY_AMT3,PAY_AMT3_shuffled_1,PAY_AMT4,PAY_AMT5,PAY_AMT5_shuffled_2,PAY_AMT6,synthetic_target_2"
default_payment_synthetic_target_2_noise,classification,32.593815088272095,0.972,0.9719448591793359,0.972063621874053,0.97184,0.9972331965217391,-0.027291666666666714,-0.027345543308564424,27,"BILL_AMT1,BILL_AMT1_shuffled_2,BILL_AMT2,BILL_AMT2_shuffled_1,BILL_AMT3,BILL_AMT3_shuffled_1,BILL_AMT3_shuffled_2,BILL_AMT4_shuffled_1,BILL_AMT4_shuffled_2,BILL_AMT5,BILL_AMT5_shuffled_1,BILL_AMT5_shuffled_2,BILL_AMT6,BILL_AMT6_shuffled_1,BILL_AMT6_shuffled_2,LIMIT_BAL,LIMIT_BAL_shuffled_1,LIMIT_BAL_shuffled_2,PAY_AMT1,PAY_AMT1_shuffled_2,PAY_AMT2,PAY_AMT3,PAY_AMT3_shuffled_1,PAY_AMT4,PAY_AMT5,PAY_AMT5_shuffled_2,PAY_AMT6,synthetic_target_2"
default_payment_synthetic_target_2_noise,classification,32.593815088272095,0.9725,0.9724486619080404,0.9725121587024068,0.9723895652173913,0.9974299826086958,-0.02749999999999997,-0.027551338091959643,28,"BILL_AMT1,BILL_AMT1_shuffled_2,BILL_AMT2,BILL_AMT2_shuffled_1,BILL_AMT3,BILL_AMT3_shuffled_1,BILL_AMT3_shuffled_2,BILL_AMT4,BILL_AMT4_shuffled_1,BILL_AMT4_shuffled_2,BILL_AMT5,BILL_AMT5_shuffled_1,BILL_AMT5_shuffled_2,BILL_AMT6,BILL_AMT6_shuffled_1,BILL_AMT6_shuffled_2,LIMIT_BAL,LIMIT_BAL_shuffled_1,LIMIT_BAL_shuffled_2,PAY_AMT1,PAY_AMT1_shuffled_2,PAY_AMT2,PAY_AMT3,PAY_AMT3_shuffled_1,PAY_AMT4,PAY_AMT5,PAY_AMT5_shuffled_2,PAY_AMT6,synthetic_target_2"
default_payment_synthetic_target_2_noise,classification,32.593815088272095,0.9696666666666667,0.9696004632310364,0.9698445015722525,0.9694052173913044,0.9970670191304347,-0.02808333333333335,-0.02814548133190331,29,"BILL_AMT1,BILL_AMT1_shuffled_2,BILL_AMT2,BILL_AMT2_shuffled_1,BILL_AMT3,BILL_AMT3_shuffled_1,BILL_AMT3_shuffled_2,BILL_AMT4,BILL_AMT4_shuffled_1,BILL_AMT4_shuffled_2,BILL_AMT5,BILL_AMT5_shuffled_1,BILL_AMT5_shuffled_2,BILL_AMT6,BILL_AMT6_shuffled_1,BILL_AMT6_shuffled_2,LIMIT_BAL,LIMIT_BAL_shuffled_1,LIMIT_BAL_shuffled_2,PAY_6,PAY_AMT1,PAY_AMT1_shuffled_2,PAY_AMT2,PAY_AMT3,PAY_AMT3_shuffled_1,PAY_AMT4,PAY_AMT5,PAY_AMT5_shuffled_2,PAY_AMT6,synthetic_target_2"
default_payment_synthetic_target_2_noise,classification,32.593815088272095,0.972,0.9719406263653891,0.9721475484725247,0.9717704347826087,0.9970334052173913,-0.02733333333333332,-0.027391514798180028,30,"BILL_AMT1,BILL_AMT1_shuffled_2,BILL_AMT2,BILL_AMT2_shuffled_1,BILL_AMT3,BILL_AMT3_shuffled_1,BILL_AMT3_shuffled_2,BILL_AMT4,BILL_AMT4_shuffled_1,BILL_AMT4_shuffled_2,BILL_AMT5,BILL_AMT5_shuffled_1,BILL_AMT5_shuffled_2,BILL_AMT6,BILL_AMT6_shuffled_1,BILL_AMT6_shuffled_2,LIMIT_BAL,LIMIT_BAL_shuffled_1,LIMIT_BAL_shuffled_2,PAY_5,PAY_6,PAY_AMT1,PAY_AMT1_shuffled_2,PAY_AMT2,PAY_AMT3,PAY_AMT3_shuffled_1,PAY_AMT4,PAY_AMT5,PAY_AMT5_shuffled_2,PAY_AMT6,synthetic_target_2"
default_payment_synthetic_target_2_noise,classification,32.593815088272095,0.9716666666666667,0.9716125380851199,0.9716989797946407,0.9715339130434784,0.997315116521739,-0.02833333333333332,-0.028387461914880063,31,"BILL_AMT1,BILL_AMT1_shuffled_2,BILL_AMT2,BILL_AMT2_shuffled_1,BILL_AMT3,BILL_AMT3_shuffled_1,BILL_AMT3_shuffled_2,BILL_AMT4,BILL_AMT4_shuffled_1,BILL_AMT4_shuffled_2,BILL_AMT5,BILL_AMT5_shuffled_1,BILL_AMT5_shuffled_2,BILL_AMT6,BILL_AMT6_shuffled_1,BILL_AMT6_shuffled_2,LIMIT_BAL,LIMIT_BAL_shuffled_1,LIMIT_BAL_shuffled_2,PAY_5,PAY_6,PAY_AMT1,PAY_AMT1_shuffled_2,PAY_AMT2,PAY_AMT3,PAY_AMT3_shuffled_1,PAY_AMT4,PAY_AMT5,PAY_AMT5_shuffled_1,PAY_AMT5_shuffled_2,PAY_AMT6,synthetic_target_2"
default_payment_synthetic_target_2_noise,classification,32.593815088272095,0.9711666666666666,0.9711068506241713,0.9712858940247464,0.9709565217391305,0.9972649182608696,-0.028833333333333377,-0.028893149375828653,32,"BILL_AMT1,BILL_AMT1_shuffled_2,BILL_AMT2,BILL_AMT2_shuffled_1,BILL_AMT3,BILL_AMT3_shuffled_1,BILL_AMT3_shuffled_2,BILL_AMT4,BILL_AMT4_shuffled_1,BILL_AMT4_shuffled_2,BILL_AMT5,BILL_AMT5_shuffled_1,BILL_AMT5_shuffled_2,BILL_AMT6,BILL_AMT6_shuffled_1,BILL_AMT6_shuffled_2,LIMIT_BAL,LIMIT_BAL_shuffled_1,LIMIT_BAL_shuffled_2,PAY_5,PAY_6,PAY_AMT1,PAY_AMT1_shuffled_2,PAY_AMT2,PAY_AMT3,PAY_AMT3_shuffled_1,PAY_AMT4,PAY_AMT4_shuffled_1,PAY_AMT5,PAY_AMT5_shuffled_1,PAY_AMT5_shuffled_2,PAY_AMT6,synthetic_target_2"
default_payment_synthetic_target_2_noise,classification,32.593815088272095,0.9706666666666667,0.9706062592634819,0.9707761669100845,0.9704626086956522,0.9969645078260869,-0.02645833333333336,-0.026513445989695184,33,"BILL_AMT1,BILL_AMT1_shuffled_2,BILL_AMT2,BILL_AMT2_shuffled_1,BILL_AMT3,BILL_AMT3_shuffled_1,BILL_AMT3_shuffled_2,BILL_AMT4,BILL_AMT4_shuffled_1,BILL_AMT4_shuffled_2,BILL_AMT5,BILL_AMT5_shuffled_1,BILL_AMT5_shuffled_2,BILL_AMT6,BILL_AMT6_shuffled_1,BILL_AMT6_shuffled_2,LIMIT_BAL,LIMIT_BAL_shuffled_1,LIMIT_BAL_shuffled_2,PAY_5,PAY_6,PAY_AMT1,PAY_AMT1_shuffled_2,PAY_AMT2,PAY_AMT3,PAY_AMT3_shuffled_1,PAY_AMT4,PAY_AMT4_shuffled_1,PAY_AMT4_shuffled_2,PAY_AMT5,PAY_AMT5_shuffled_1,PAY_AMT5_shuffled_2,PAY_AMT6,synthetic_target_2"
default_payment_synthetic_target_2_noise,classification,32.593815088272095,0.9705,0.970443210734536,0.9705373236434963,0.9703582608695651,0.9970715826086957,-0.027416666666666645,-0.02746975978843369,34,"BILL_AMT1,BILL_AMT1_shuffled_2,BILL_AMT2,BILL_AMT2_shuffled_1,BILL_AMT3,BILL_AMT3_shuffled_1,BILL_AMT3_shuffled_2,BILL_AMT4,BILL_AMT4_shuffled_1,BILL_AMT4_shuffled_2,BILL_AMT5,BILL_AMT5_shuffled_1,BILL_AMT5_shuffled_2,BILL_AMT6,BILL_AMT6_shuffled_1,BILL_AMT6_shuffled_2,LIMIT_BAL,LIMIT_BAL_shuffled_1,LIMIT_BAL_shuffled_2,PAY_5,PAY_6,PAY_AMT1,PAY_AMT1_shuffled_2,PAY_AMT2,PAY_AMT3,PAY_AMT3_shuffled_1,PAY_AMT3_shuffled_2,PAY_AMT4,PAY_AMT4_shuffled_1,PAY_AMT4_shuffled_2,PAY_AMT5,PAY_AMT5_shuffled_1,PAY_AMT5_shuffled_2,PAY_AMT6,synthetic_target_2"
default_payment_synthetic_target_2_noise,classification,32.593815088272095,0.9718333333333333,0.9717757550897095,0.971937201487434,0.9716382608695652,0.9973095513043478,-0.028166666666666673,-0.02822424491029052,35,"BILL_AMT1,BILL_AMT1_shuffled_1,BILL_AMT1_shuffled_2,BILL_AMT2,BILL_AMT2_shuffled_1,BILL_AMT3,BILL_AMT3_shuffled_1,BILL_AMT3_shuffled_2,BILL_AMT4,BILL_AMT4_shuffled_1,BILL_AMT4_shuffled_2,BILL_AMT5,BILL_AMT5_shuffled_1,BILL_AMT5_shuffled_2,BILL_AMT6,BILL_AMT6_shuffled_1,BILL_AMT6_shuffled_2,LIMIT_BAL,LIMIT_BAL_shuffled_1,LIMIT_BAL_shuffled_2,PAY_5,PAY_6,PAY_AMT1,PAY_AMT1_shuffled_2,PAY_AMT2,PAY_AMT3,PAY_AMT3_shuffled_1,PAY_AMT3_shuffled_2,PAY_AMT4,PAY_AMT4_shuffled_1,PAY_AMT4_shuffled_2,PAY_AMT5,PAY_AMT5_shuffled_1,PAY_AMT5_shuffled_2,PAY_AMT6,synthetic_target_2"
default_payment_synthetic_target_2_noise,classification,32.593815088272095,0.9693333333333334,0.9692756398125368,0.9693462595088387,0.9692104347826087,0.9971823304347827,-0.030041666666666633,-0.03009825793335774,36,"BILL_AMT1,BILL_AMT1_shuffled_1,BILL_AMT1_shuffled_2,BILL_AMT2,BILL_AMT2_shuffled_1,BILL_AMT2_shuffled_2,BILL_AMT3,BILL_AMT3_shuffled_1,BILL_AMT3_shuffled_2,BILL_AMT4,BILL_AMT4_shuffled_1,BILL_AMT4_shuffled_2,BILL_AMT5,BILL_AMT5_shuffled_1,BILL_AMT5_shuffled_2,BILL_AMT6,BILL_AMT6_shuffled_1,BILL_AMT6_shuffled_2,LIMIT_BAL,LIMIT_BAL_shuffled_1,LIMIT_BAL_shuffled_2,PAY_5,PAY_6,PAY_AMT1,PAY_AMT1_shuffled_2,PAY_AMT2,PAY_AMT3,PAY_AMT3_shuffled_1,PAY_AMT3_shuffled_2,PAY_AMT4,PAY_AMT4_shuffled_1,PAY_AMT4_shuffled_2,PAY_AMT5,PAY_AMT5_shuffled_1,PAY_AMT5_shuffled_2,PAY_AMT6,synthetic_target_2"
default_payment_synthetic_target_2_noise,classification,32.593815088272095,0.966,0.9659330432891936,0.9660503385311486,0.9658295652173914,0.9965369878260869,-0.02950000000000008,-0.029558749770527526,37,"BILL_AMT1,BILL_AMT1_shuffled_1,BILL_AMT1_shuffled_2,BILL_AMT2,BILL_AMT2_shuffled_1,BILL_AMT2_shuffled_2,BILL_AMT3,BILL_AMT3_shuffled_1,BILL_AMT3_shuffled_2,BILL_AMT4,BILL_AMT4_shuffled_1,BILL_AMT4_shuffled_2,BILL_AMT5,BILL_AMT5_shuffled_1,BILL_AMT5_shuffled_2,BILL_AMT6,BILL_AMT6_shuffled_1,BILL_AMT6_shuffled_2,LIMIT_BAL,LIMIT_BAL_shuffled_1,LIMIT_BAL_shuffled_2,PAY_5,PAY_6,PAY_AMT1,PAY_AMT1_shuffled_2,PAY_AMT2,PAY_AMT3,PAY_AMT3_shuffled_1,PAY_AMT3_shuffled_2,PAY_AMT4,PAY_AMT4_shuffled_1,PAY_AMT4_shuffled_2,PAY_AMT5,PAY_AMT5_shuffled_1,PAY_AMT5_shuffled_2,PAY_AMT6,noise_numeric_1,synthetic_target_2"
default_payment_synthetic_target_2_noise,classification,32.593815088272095,0.9676666666666667,0.9676039479098201,0.9677054485523868,0.9675130434782608,0.9967982191304348,-0.030874999999999986,-0.030935126321242623,38,"BILL_AMT1,BILL_AMT1_shuffled_1,BILL_AMT1_shuffled_2,BILL_AMT2,BILL_AMT2_shuffled_1,BILL_AMT2_shuffled_2,BILL_AMT3,BILL_AMT3_shuffled_1,BILL_AMT3_shuffled_2,BILL_AMT4,BILL_AMT4_shuffled_1,BILL_AMT4_shuffled_2,BILL_AMT5,BILL_AMT5_shuffled_1,BILL_AMT5_shuffled_2,BILL_AMT6,BILL_AMT6_shuffled_1,BILL_AMT6_shuffled_2,LIMIT_BAL,LIMIT_BAL_shuffled_1,LIMIT_BAL_shuffled_2,PAY_4,PAY_5,PAY_6,PAY_AMT1,PAY_AMT1_shuffled_2,PAY_AMT2,PAY_AMT3,PAY_AMT3_shuffled_1,PAY_AMT3_shuffled_2,PAY_AMT4,PAY_AMT4_shuffled_1,PAY_AMT4_shuffled_2,PAY_AMT5,PAY_AMT5_shuffled_1,PAY_AMT5_shuffled_2,PAY_AMT6,noise_numeric_1,synthetic_target_2"
default_payment_synthetic_target_2_noise,classification,32.593815088272095,0.9683333333333334,0.9682737585020762,0.968344230399893,0.9682086956521738,0.9969567165217391,-0.031208333333333282,-0.03126709984491316,39,"BILL_AMT1,BILL_AMT1_shuffled_1,BILL_AMT1_shuffled_2,BILL_AMT2,BILL_AMT2_shuffled_1,BILL_AMT2_shuffled_2,BILL_AMT3,BILL_AMT3_shuffled_1,BILL_AMT3_shuffled_2,BILL_AMT4,BILL_AMT4_shuffled_1,BILL_AMT4_shuffled_2,BILL_AMT5,BILL_AMT5_shuffled_1,BILL_AMT5_shuffled_2,BILL_AMT6,BILL_AMT6_shuffled_1,BILL_AMT6_shuffled_2,LIMIT_BAL,LIMIT_BAL_shuffled_1,LIMIT_BAL_shuffled_2,PAY_4,PAY_5,PAY_6,PAY_AMT1,PAY_AMT1_shuffled_2,PAY_AMT2,PAY_AMT3,PAY_AMT3_shuffled_1,PAY_AMT3_shuffled_2,PAY_AMT4,PAY_AMT4_shuffled_1,PAY_AMT4_shuffled_2,PAY_AMT5,PAY_AMT5_shuffled_1,PAY_AMT5_shuffled_2,PAY_AMT6,PAY_AMT6_shuffled_1,noise_numeric_1,synthetic_target_2"
default_payment_synthetic_target_2_noise,classification,32.593815088272095,0.9648333333333333,0.9647645998339818,0.9648735022938844,0.9646678260869566,0.9957875756521739,-0.027708333333333335,-0.02776257202405863,40,"BILL_AMT1,BILL_AMT1_shuffled_1,BILL_AMT1_shuffled_2,BILL_AMT2,BILL_AMT2_shuffled_1,BILL_AMT2_shuffled_2,BILL_AMT3,BILL_AMT3_shuffled_1,BILL_AMT3_shuffled_2,BILL_AMT4,BILL_AMT4_shuffled_1,BILL_AMT4_shuffled_2,BILL_AMT5,BILL_AMT5_shuffled_1,BILL_AMT5_shuffled_2,BILL_AMT6,BILL_AMT6_shuffled_1,BILL_AMT6_shuffled_2,LIMIT_BAL,LIMIT_BAL_shuffled_1,LIMIT_BAL_shuffled_2,PAY_4,PAY_5,PAY_6,PAY_AMT1,PAY_AMT1_shuffled_2,PAY_AMT2,PAY_AMT3,PAY_AMT3_shuffled_1,PAY_AMT3_shuffled_2,PAY_AMT4,PAY_AMT4_shuffled_1,PAY_AMT4_shuffled_2,PAY_AMT5,PAY_AMT5_shuffled_1,PAY_AMT5_shuffled_2,PAY_AMT6,PAY_AMT6_shuffled_1,PAY_AMT6_shuffled_2,noise_numeric_1,synthetic_target_2"
default_payment_synthetic_target_2_clean,classification,13.2100830078125,0.8116666666666666,0.8091573831210007,0.8189914328303101,0.8082921739130435,0.8718203547826087,-0.0007500000000000284,-0.0006783262522064293,1,"BILL_AMT5,synthetic_target_2"
default_payment_synthetic_target_2_clean,classification,13.2100830078125,0.9205,0.9204654798089449,0.9205,0.9212313043478262,0.9589792278260868,-0.02429166666666671,-0.024293813405945608,2,"BILL_AMT3,BILL_AMT5,synthetic_target_2"
default_payment_synthetic_target_2_clean,classification,13.2100830078125,0.9346666666666666,0.9345530434782608,0.9345530434782608,0.9345530434782608,0.9771867826086956,-0.006833333333333358,-0.006830446030660631,3,"BILL_AMT3,BILL_AMT5,BILL_AMT6,synthetic_target_2"
default_payment_synthetic_target_2_clean,classification,13.2100830078125,0.9383333333333334,0.9382208678554382,0.9382592741559768,0.938184347826087,0.977793892173913,-0.004874999999999963,-0.00487158659909781,4,"BILL_AMT3,BILL_AMT5,BILL_AMT6,PAY_AMT5,synthetic_target_2"
default_payment_synthetic_target_2_clean,classification,13.2100830078125,0.939,0.9389086616612572,0.9388151660929553,0.9390191304347826,0.9807464626086958,-0.019208333333333383,-0.01923086868496704,5,"BILL_AMT2,BILL_AMT3,BILL_AMT5,BILL_AMT6,PAY_AMT5,synthetic_target_2"
default_payment_synthetic_target_2_clean,classification,13.2100830078125,0.9443333333333334,0.9442220501257843,0.9443498901002956,0.9441113043478261,0.9863857530434782,-0.05325000000000002,-0.053356806513475075,6,"BILL_AMT1,BILL_AMT2,BILL_AMT3,BILL_AMT5,BILL_AMT6,PAY_AMT5,synthetic_target_2"
default_payment_synthetic_target_2_clean,classification,13.2100830078125,0.9473333333333334,0.9472117091111254,0.9475225251077319,0.9469773913043478,0.9877127234782609,-0.018874999999999975,-0.018909797348724666,7,"BILL_AMT1,BILL_AMT2,BILL_AMT3,BILL_AMT5,BILL_AMT6,PAY_AMT4,PAY_AMT5,synthetic_target_2"
default_payment_synthetic_target_2_clean,classification,13.2100830078125,0.9485,0.9483735021737012,0.9487807477378976,0.9480834782608696,0.9882381356521739,-0.018000000000000016,-0.018037988371829683,8,"BILL_AMT1,BILL_AMT2,BILL_AMT3,BILL_AMT5,BILL_AMT6,PAY_AMT1,PAY_AMT4,PAY_AMT5,synthetic_target_2"
default_payment_synthetic_target_2_clean,classification,13.2100830078125,0.9663333333333334,0.9662566647263321,0.9665590195940998,0.9660243478260869,0.9940547895652173,-0.021166666666666667,-0.0212156616426169,9,"BILL_AMT1,BILL_AMT2,BILL_AMT3,BILL_AMT5,BILL_AMT6,PAY_AMT1,PAY_AMT4,PAY_AMT5,PAY_AMT6,synthetic_target_2"
default_payment_synthetic_target_2_clean,classification,13.2100830078125,0.9753333333333334,0.9752825361988371,0.9754540652105705,0.9751373913043478,0.9978942330434782,-0.020791666666666653,-0.0208351877620796,10,"BILL_AMT1,BILL_AMT2,BILL_AMT3,BILL_AMT5,BILL_AMT6,PAY_AMT1,PAY_AMT3,PAY_AMT4,PAY_AMT5,PAY_AMT6,synthetic_target_2"
default_payment_synthetic_target_2_clean,classification,13.2100830078125,0.9763333333333334,0.9762831484755075,0.9764918879485683,0.976111304347826,0.9977810365217392,-0.01749999999999996,-0.017538313655440785,11,"BILL_AMT1,BILL_AMT2,BILL_AMT3,BILL_AMT4,BILL_AMT5,BILL_AMT6,PAY_AMT1,PAY_AMT3,PAY_AMT4,PAY_AMT5,PAY_AMT6,synthetic_target_2"
default_payment_synthetic_target_2_clean,classification,13.2100830078125,0.9748333333333333,0.9747818876837049,0.9749443236893067,0.9746434782608695,0.9975706713043478,-0.0179583333333333,-0.01799587606533115,12,"BILL_AMT1,BILL_AMT2,BILL_AMT3,BILL_AMT4,BILL_AMT5,BILL_AMT6,PAY_AMT1,PAY_AMT2,PAY_AMT3,PAY_AMT4,PAY_AMT5,PAY_AMT6,synthetic_target_2"
default_payment_synthetic_target_2_clean,classification,13.2100830078125,0.9755,0.9754535519837413,0.9755328283548056,0.9753808695652174,0.997905363478261,-0.0222916666666666,-0.02233400004824737,13,"BILL_AMT1,BILL_AMT2,BILL_AMT3,BILL_AMT4,BILL_AMT5,BILL_AMT6,LIMIT_BAL,PAY_AMT1,PAY_AMT2,PAY_AMT3,PAY_AMT4,PAY_AMT5,PAY_AMT6,synthetic_target_2"
default_payment_synthetic_target_2_clean,classification,13.2100830078125,0.979,0.9789617009453655,0.9790036312573341,0.9789217391304348,0.9981652591304349,-0.02012500000000006,-0.020161743593272163,14,"BILL_AMT1,BILL_AMT2,BILL_AMT3,BILL_AMT4,BILL_AMT5,BILL_AMT6,LIMIT_BAL,PAY_6,PAY_AMT1,PAY_AMT2,PAY_AMT3,PAY_AMT4,PAY_AMT5,PAY_AMT6,synthetic_target_2"
default_payment_synthetic_target_2_clean,classification,13.2100830078125,0.9775,0.9774546832871485,0.9776003913015587,0.9773286956521738,0.9979765982608695,-0.01966666666666661,-0.019706694000346525,15,"BILL_AMT1,BILL_AMT2,BILL_AMT3,BILL_AMT4,BILL_AMT5,BILL_AMT6,LIMIT_BAL,PAY_5,PAY_6,PAY_AMT1,PAY_AMT2,PAY_AMT3,PAY_AMT4,PAY_AMT5,PAY_AMT6,synthetic_target_2"
default_payment_synthetic_target_2_clean,classification,13.2100830078125,0.9751666666666666,0.9751159024163711,0.9752784483784038,0.9749773913043478,0.9976417947826087,-0.019625000000000004,-0.019665833159277613,16,"BILL_AMT1,BILL_AMT2,BILL_AMT3,BILL_AMT4,BILL_AMT5,BILL_AMT6,LIMIT_BAL,PAY_4,PAY_5,PAY_6,PAY_AMT1,PAY_AMT2,PAY_AMT3,PAY_AMT4,PAY_AMT5,PAY_AMT6,synthetic_target_2"
default_payment_synthetic_target_2_clean,classification,13.2100830078125,0.974,0.973947243167414,0.9741006072519414,0.973815652173913,0.9976358956521739,-0.02112500000000006,-0.021168496877764564,17,"BILL_AMT1,BILL_AMT2,BILL_AMT3,BILL_AMT4,BILL_AMT5,BILL_AMT6,LIMIT_BAL,PAY_4,PAY_5,PAY_6,PAY_AMT1,PAY_AMT2,PAY_AMT3,PAY_AMT4,PAY_AMT5,PAY_AMT6,synthetic_target_1,synthetic_target_2"
default_payment_synthetic_target_2_clean,classification,13.2100830078125,0.9751666666666666,0.9751159024163711,0.9752784483784038,0.9749773913043478,0.997659603478261,-0.01924999999999999,-0.019290138486142916,18,"BILL_AMT1,BILL_AMT2,BILL_AMT3,BILL_AMT4,BILL_AMT5,BILL_AMT6,LIMIT_BAL,PAY_2,PAY_4,PAY_5,PAY_6,PAY_AMT1,PAY_AMT2,PAY_AMT3,PAY_AMT4,PAY_AMT5,PAY_AMT6,synthetic_target_1,synthetic_target_2"
default_payment_synthetic_target_2_clean,classification,13.2100830078125,0.9786666666666667,0.97862775969053,0.978669661117159,0.9785878260869565,0.9980225669565217,-0.017833333333333368,-0.017865655722857365,19,"BILL_AMT1,BILL_AMT2,BILL_AMT3,BILL_AMT4,BILL_AMT5,BILL_AMT6,LIMIT_BAL,PAY_0,PAY_2,PAY_4,PAY_5,PAY_6,PAY_AMT1,PAY_AMT2,PAY_AMT3,PAY_AMT4,PAY_AMT5,PAY_AMT6,synthetic_target_1,synthetic_target_2"
default_payment_synthetic_target_2_clean,classification,13.2100830078125,0.9753333333333334,0.9752832819793416,0.9754370626936817,0.975151304347826,0.997813092173913,-0.021291666666666598,-0.021335429616716528,20,"BILL_AMT1,BILL_AMT2,BILL_AMT3,BILL_AMT4,BILL_AMT5,BILL_AMT6,LIMIT_BAL,MARRIAGE,PAY_0,PAY_2,PAY_4,PAY_5,PAY_6,PAY_AMT1,PAY_AMT2,PAY_AMT3,PAY_AMT4,PAY_AMT5,PAY_AMT6,synthetic_target_1,synthetic_target_2"
default_payment_synthetic_target_2_clean,classification,13.2100830078125,0.9723333333333334,0.9722812837439192,0.9723523468356756,0.972215652173913,0.9975029982608694,-0.026791666666666658,-0.026842154623487158,21,"BILL_AMT1,BILL_AMT2,BILL_AMT3,BILL_AMT4,BILL_AMT5,BILL_AMT6,LIMIT_BAL,MARRIAGE,PAY_0,PAY_2,PAY_3,PAY_4,PAY_5,PAY_6,PAY_AMT1,PAY_AMT2,PAY_AMT3,PAY_AMT4,PAY_AMT5,PAY_AMT6,synthetic_target_1,synthetic_target_2"
default_payment_synthetic_target_2_clean,classification,13.2100830078125,0.972,0.9719362360100188,0.9722420540313942,0.9717008695652174,0.9972169460869565,-0.018916666666666693,-0.018961931118128716,22,"AGE,BILL_AMT1,BILL_AMT2,BILL_AMT3,BILL_AMT4,BILL_AMT5,BILL_AMT6,LIMIT_BAL,MARRIAGE,PAY_0,PAY_2,PAY_3,PAY_4,PAY_5,PAY_6,PAY_AMT1,PAY_AMT2,PAY_AMT3,PAY_AMT4,PAY_AMT5,PAY_AMT6,synthetic_target_1,synthetic_target_2"
default_payment_synthetic_target_2_clean,classification,13.2100830078125,0.9756666666666667,0.9756172916823234,0.9757711765541167,0.9754852173913044,0.997717147826087,-0.02041666666666664,-0.020458616287866604,23,"AGE,BILL_AMT1,BILL_AMT2,BILL_AMT3,BILL_AMT4,BILL_AMT5,BILL_AMT6,EDUCATION,LIMIT_BAL,MARRIAGE,PAY_0,PAY_2,PAY_3,PAY_4,PAY_5,PAY_6,PAY_AMT1,PAY_AMT2,PAY_AMT3,PAY_AMT4,PAY_AMT5,PAY_AMT6,synthetic_target_1,synthetic_target_2"
dry_beans_synthetic_target_1_noise,classification,12.332670450210571,0.49981637899375686,0.48998807871266764,0.4921352844684073,0.49960914781603716,0.8617885379872695,-0.03049221762637544,-0.03318276308879736,1,"ConvexArea,synthetic_target_1"
dry_beans_synthetic_target_1_noise,classification,12.332670450210571,0.6478149100257069,0.6483872991209039,0.6497393243012866,0.6477968856098071,0.933288116393984,-0.04717039489714392,-0.0460215542040604,2,"Class,ConvexArea,synthetic_target_1"
dry_beans_synthetic_target_1_noise,classification,12.332670450210571,0.641571795813441,0.6416250493853421,0.6421197328607935,0.6415388269802907,0.9338677591235306,-0.04845392057156994,-0.04789498213314325,3,"Class,ConvexArea,ShapeFactor3_shuffled_1,synthetic_target_1"
dry_beans_synthetic_target_1_noise,classification,12.332670450210571,0.6375321336760925,0.6378753342413034,0.6386645616815736,0.6374634662048952,0.9324334764598563,-0.11421290673536966,-0.11362662124824041,4,"Class,ConvexArea,ShapeFactor3_shuffled_1,ShapeFactor4_shuffled_2,synthetic_target_1"
dry_beans_synthetic_target_1_noise,classification,12.332670450210571,0.641571795813441,0.6421114747826849,0.6431858689291262,0.6415288931717053,0.933766300672321,-0.08261997494335549,-0.0818413814529888,5,"Class,ConvexArea,ShapeFactor1_shuffled_2,ShapeFactor3_shuffled_1,ShapeFactor4_shuffled_2,synthetic_target_1"
dry_beans_synthetic_target_1_noise,classification,12.332670450210571,0.8725670216672787,0.8726868125969752,0.8731936944632963,0.8724729114046392,0.9796622269499713,-0.05818242726732814,-0.05801041856032918,6,"Class,ConvexArea,ShapeFactor1_shuffled_2,ShapeFactor2,ShapeFactor3_shuffled_1,ShapeFactor4_shuffled_2,synthetic_target_1"
dry_beans_synthetic_target_1_noise,classification,12.332670450210571,0.8747704737421961,0.8749086175708475,0.875453406008632,0.8746736833838561,0.9800725656227469,-0.03724275182723813,-0.037086139653657924,7,"Class,ConvexArea,ShapeFactor1_shuffled_2,ShapeFactor2,ShapeFactor2_shuffled_2,ShapeFactor3_shuffled_1,ShapeFactor4_shuffled_2,synthetic_target_1"
dry_beans_synthetic_target_1_noise,classification,12.332670450210571,0.8692618435549027,0.8694764144616031,0.8700968557191265,0.8691497045723342,0.9803825117930615,-0.07425395365303267,-0.07398210174642617,8,"Class,ConvexArea,ShapeFactor1_shuffled_2,ShapeFactor2,ShapeFactor2_shuffled_2,ShapeFactor3_shuffled_1,ShapeFactor4_shuffled_2,synthetic_target_1,synthetic_target_2"
dry_beans_synthetic_target_1_noise,classification,12.332670450210571,0.8703635695923614,0.8706293171562038,0.871450489588345,0.8702788813922265,0.981068302479358,-0.12412577647670553,-0.12387436245683403,9,"Class,ConvexArea,ShapeFactor1_shuffled_2,ShapeFactor2,ShapeFactor2_shuffled_2,ShapeFactor3,ShapeFactor3_shuffled_1,ShapeFactor4_shuffled_2,synthetic_target_1,synthetic_target_2"
dry_beans_synthetic_target_1_noise,classification,12.332670450210571,0.868160117517444,0.8683096199442456,0.8689529080242359,0.8680611626243165,0.9801746095667533,-0.05864002943332747,-0.05843860159902936,10,"Class,ConvexArea,ShapeFactor1_shuffled_2,ShapeFactor2,ShapeFactor2_shuffled_2,ShapeFactor3,ShapeFactor3_shuffled_1,ShapeFactor4_shuffled_2,roundness_shuffled_2,synthetic_target_1,synthetic_target_2"
dry_beans_synthetic_target_1_noise,classification,12.332670450210571,0.8696290855673889,0.8698574573389702,0.8706555706164306,0.869550008149047,0.9805145102134143,-0.07067216351416872,-0.07039438154674738,11,"Class,Compactness,ConvexArea,ShapeFactor1_shuffled_2,ShapeFactor2,ShapeFactor2_shuffled_2,ShapeFactor3,ShapeFactor3_shuffled_1,ShapeFactor4_shuffled_2,roundness_shuffled_2,synthetic_target_1,synthetic_target_2"
dry_beans_synthetic_target_1_noise,classification,12.332670450210571,0.8725670216672787,0.8728625522134211,0.8736395385870196,0.8724852402172856,0.9812687736524339,-0.051294109853661785,-0.05100480452633538,12,"AspectRation_shuffled_2,Class,Compactness,ConvexArea,ShapeFactor1_shuffled_2,ShapeFactor2,ShapeFactor2_shuffled_2,ShapeFactor3,ShapeFactor3_shuffled_1,ShapeFactor4_shuffled_2,roundness_shuffled_2,synthetic_target_1,synthetic_target_2"
dry_beans_synthetic_target_1_noise,classification,12.332670450210571,0.8626514873301506,0.8628321572043889,0.8634412445160482,0.8625492809662568,0.9809532498801374,-0.13101126064927626,-0.13084120521183928,13,"AspectRation_shuffled_2,Class,Compactness,ConvexArea,MajorAxisLength,ShapeFactor1_shuffled_2,ShapeFactor2,ShapeFactor2_shuffled_2,ShapeFactor3,ShapeFactor3_shuffled_1,ShapeFactor4_shuffled_2,roundness_shuffled_2,synthetic_target_1,synthetic_target_2"
dry_beans_synthetic_target_1_noise,classification,12.332670450210571,0.8703635695923614,0.8705398138471737,0.8711171369839036,0.8702749883371727,0.9813559036558124,-0.09106185289110669,-0.09089196847338865,14,"AspectRation,AspectRation_shuffled_2,Class,Compactness,ConvexArea,MajorAxisLength,ShapeFactor1_shuffled_2,ShapeFactor2,ShapeFactor2_shuffled_2,ShapeFactor3,ShapeFactor3_shuffled_1,ShapeFactor4_shuffled_2,roundness_shuffled_2,synthetic_target_1,synthetic_target_2"
dry_beans_synthetic_target_1_noise,classification,12.332670450210571,0.8942343004039662,0.8943632124353128,0.8946992067185366,0.8941874979979356,0.9833799844449898,-0.049465185268333545,-0.04924072436423499,15,"AspectRation,AspectRation_shuffled_2,Class,Compactness,ConvexArea,MajorAxisLength,ShapeFactor1_shuffled_2,ShapeFactor2,ShapeFactor2_shuffled_2,ShapeFactor3,ShapeFactor3_shuffled_1,ShapeFactor4_shuffled_2,roundness,roundness_shuffled_2,synthetic_target_1,synthetic_target_2"
dry_beans_synthetic_target_1_noise,classification,12.332670450210571,0.8901946382666177,0.890351574482379,0.8907229606794921,0.8901562243441103,0.9823849541323958,-0.10980536173338229,-0.109648425517621,16,"AspectRation,AspectRation_shuffled_2,Class,Compactness,ConvexArea,MajorAxisLength,ShapeFactor1_shuffled_2,ShapeFactor2,ShapeFactor2_shuffled_1,ShapeFactor2_shuffled_2,ShapeFactor3,ShapeFactor3_shuffled_1,ShapeFactor4_shuffled_2,roundness,roundness_shuffled_2,synthetic_target_1,synthetic_target_2"
dry_beans_synthetic_target_1_noise,classification,12.332670450210571,0.9041498347410943,0.9042288209038275,0.9045397801743904,0.9041205458665319,0.9847248218889276,-0.05819403006419588,-0.05813554263778975,17,"AspectRation,AspectRation_shuffled_2,Class,Compactness,ConvexArea,MajorAxisLength,Perimeter,ShapeFactor1_shuffled_2,ShapeFactor2,ShapeFactor2_shuffled_1,ShapeFactor2_shuffled_2,ShapeFactor3,ShapeFactor3_shuffled_1,ShapeFactor4_shuffled_2,roundness,roundness_shuffled_2,synthetic_target_1,synthetic_target_2"
dry_beans_synthetic_target_1_noise,classification,12.332670450210571,0.9008446566287184,0.901012975449685,0.9014182635852384,0.9008010865741075,0.9842627500767394,-0.055804865781274304,-0.0556047543917757,18,"AspectRation,AspectRation_shuffled_2,Class,Compactness,ConvexArea,MajorAxisLength,Perimeter,ShapeFactor1_shuffled_1,ShapeFactor1_shuffled_2,ShapeFactor2,ShapeFactor2_shuffled_1,ShapeFactor2_shuffled_2,ShapeFactor3,ShapeFactor3_shuffled_1,ShapeFactor4_shuffled_2,roundness,roundness_shuffled_2,synthetic_target_1,synthetic_target_2"
dry_beans_synthetic_target_1_noise,classification,12.332670450210571,0.9015791406536908,0.9016954845698822,0.9020375219134793,0.9015309056077614,0.9845288721019939,-0.05846861834704398,-0.058301278823358005,19,"AspectRation,AspectRation_shuffled_2,Class,Compactness,ConvexArea,EquivDiameter,MajorAxisLength,Perimeter,ShapeFactor1_shuffled_1,ShapeFactor1_shuffled_2,ShapeFactor2,ShapeFactor2_shuffled_1,ShapeFactor2_shuffled_2,ShapeFactor3,ShapeFactor3_shuffled_1,ShapeFactor4_shuffled_2,roundness,roundness_shuffled_2,synthetic_target_1,synthetic_target_2"
dry_beans_synthetic_target_1_noise,classification,12.332670450210571,0.8990084465662872,0.8991349555009703,0.8994733733666623,0.8989733032711341,0.9842727876298548,-0.044048129480737,-0.04386764114287933,20,"AspectRation,AspectRation_shuffled_2,Class,Compactness,ConvexArea,EquivDiameter,MajorAxisLength,Perimeter,ShapeFactor1_shuffled_1,ShapeFactor1_shuffled_2,ShapeFactor2,ShapeFactor2_shuffled_1,ShapeFactor2_shuffled_2,ShapeFactor3,ShapeFactor3_shuffled_1,ShapeFactor4,ShapeFactor4_shuffled_2,roundness,roundness_shuffled_2,synthetic_target_1,synthetic_target_2"
dry_beans_synthetic_target_1_noise,classification,12.332670450210571,0.8990084465662872,0.8991522333253039,0.8995225816301285,0.8989770991298522,0.9842756557309242,-0.04395628524855488,-0.043759760586655316,21,"AspectRation,AspectRation_shuffled_2,Class,Compactness,ConvexArea,Eccentricity,EquivDiameter,MajorAxisLength,Perimeter,ShapeFactor1_shuffled_1,ShapeFactor1_shuffled_2,ShapeFactor2,ShapeFactor2_shuffled_1,ShapeFactor2_shuffled_2,ShapeFactor3,ShapeFactor3_shuffled_1,ShapeFactor4,ShapeFactor4_shuffled_2,roundness,roundness_shuffled_2,synthetic_target_1,synthetic_target_2"
dry_beans_synthetic_target_1_noise,classification,12.332670450210571,0.8990084465662872,0.8991270808020548,0.8994485129248159,0.8989742066786273,0.9836225598886063,-0.1009915534337128,-0.10087291919794517,22,"AspectRation,AspectRation_shuffled_2,Class,Compactness,ConvexArea,Eccentricity,EquivDiameter,MajorAxisLength,Perimeter,ShapeFactor1,ShapeFactor1_shuffled_1,ShapeFactor1_shuffled_2,ShapeFactor2,ShapeFactor2_shuffled_1,ShapeFactor2_shuffled_2,ShapeFactor3,ShapeFactor3_shuffled_1,ShapeFactor4,ShapeFactor4_shuffled_2,roundness,roundness_shuffled_2,synthetic_target_1,synthetic_target_2"
dry_beans_synthetic_target_1_noise,classification,12.332670450210571,0.8990084465662872,0.8991270808020548,0.8994485129248159,0.8989742066786273,0.9836225598886063,-0.1009915534337128,-0.10087291919794517,23,"Area,AspectRation,AspectRation_shuffled_2,Class,Compactness,ConvexArea,Eccentricity,EquivDiameter,MajorAxisLength,Perimeter,ShapeFactor1,ShapeFactor1_shuffled_1,ShapeFactor1_shuffled_2,ShapeFactor2,ShapeFactor2_shuffled_1,ShapeFactor2_shuffled_2,ShapeFactor3,ShapeFactor3_shuffled_1,ShapeFactor4,ShapeFactor4_shuffled_2,roundness,roundness_shuffled_2,synthetic_target_1,synthetic_target_2"
dry_beans_synthetic_target_1_noise,classification,12.332670450210571,0.8953360264414248,0.8954850450324228,0.8958528049870662,0.895317688940357,0.9831324834436119,-0.10420475239766402,-0.10405560487495213,24,"Area,AspectRation,AspectRation_shuffled_2,Class,Compactness,ConvexArea,Eccentricity,EquivDiameter,MajorAxisLength,Perimeter,Perimeter_shuffled_1,ShapeFactor1,ShapeFactor1_shuffled_1,ShapeFactor1_shuffled_2,ShapeFactor2,ShapeFactor2_shuffled_1,ShapeFactor2_shuffled_2,ShapeFactor3,ShapeFactor3_shuffled_1,ShapeFactor4,ShapeFactor4_shuffled_2,roundness,roundness_shuffled_2,synthetic_target_1,synthetic_target_2"
dry_beans_synthetic_target_1_noise,classification,12.332670450210571,0.8982739625413148,0.8983258520531751,0.8986369106761679,0.8982416402619864,0.9832217497581258,-0.10172603745868525,-0.10167414794682494,25,"Area,AspectRation,AspectRation_shuffled_2,Class,Compactness,ConvexArea,Eccentricity,Eccentricity_shuffled_1,EquivDiameter,MajorAxisLength,Perimeter,Perimeter_shuffled_1,ShapeFactor1,ShapeFactor1_shuffled_1,ShapeFactor1_shuffled_2,ShapeFactor2,ShapeFactor2_shuffled_1,ShapeFactor2_shuffled_2,ShapeFactor3,ShapeFactor3_shuffled_1,ShapeFactor4,ShapeFactor4_shuffled_2,roundness,roundness_shuffled_2,synthetic_target_1,synthetic_target_2"
dry_beans_synthetic_target_1_noise,classification,12.332670450210571,0.9015791406536908,0.9016579969602665,0.9020259333001098,0.9015440416037451,0.9833389561364305,-0.09842085934630918,-0.0983420030397335,26,"Area,AspectRation,AspectRation_shuffled_2,Class,Compactness,ConvexArea,Eccentricity,Eccentricity_shuffled_1,EquivDiameter,EquivDiameter_shuffled_1,MajorAxisLength,Perimeter,Perimeter_shuffled_1,ShapeFactor1,ShapeFactor1_shuffled_1,ShapeFactor1_shuffled_2,ShapeFactor2,ShapeFactor2_shuffled_1,ShapeFactor2_shuffled_2,ShapeFactor3,ShapeFactor3_shuffled_1,ShapeFactor4,ShapeFactor4_shuffled_2,roundness,roundness_shuffled_2,synthetic_target_1,synthetic_target_2"
dry_beans_synthetic_target_1_noise,classification,12.332670450210571,0.9008446566287184,0.9009948998731421,0.9014857012628369,0.9008321245981543,0.9846603165695076,-0.07793932573718909,-0.07778524082717186,27,"Area,AspectRation,AspectRation_shuffled_2,Class,Compactness,ConvexArea,Eccentricity,Eccentricity_shuffled_1,EquivDiameter,EquivDiameter_shuffled_1,MajorAxisLength,Perimeter,Perimeter_shuffled_1,ShapeFactor1,ShapeFactor1_shuffled_1,ShapeFactor1_shuffled_2,ShapeFactor2,ShapeFactor2_shuffled_1,ShapeFactor2_shuffled_2,ShapeFactor3,ShapeFactor3_shuffled_1,ShapeFactor4,ShapeFactor4_shuffled_2,Solidity_shuffled_1,roundness,roundness_shuffled_2,synthetic_target_1,synthetic_target_2"
dry_beans_synthetic_target_1_noise,classification,12.332670450210571,0.9012118986412045,0.9013191734216763,0.9016398732188348,0.9011853089816888,0.9835728158645372,-0.06820397204211659,-0.06804396867283391,28,"Area,AspectRation,AspectRation_shuffled_2,Class,Compactness,ConvexArea,Eccentricity,Eccentricity_shuffled_1,EquivDiameter,EquivDiameter_shuffled_1,MajorAxisLength,Perimeter,Perimeter_shuffled_1,Perimeter_shuffled_2,ShapeFactor1,ShapeFactor1_shuffled_1,ShapeFactor1_shuffled_2,ShapeFactor2,ShapeFactor2_shuffled_1,ShapeFactor2_shuffled_2,ShapeFactor3,ShapeFactor3_shuffled_1,ShapeFactor4,ShapeFactor4_shuffled_2,Solidity_shuffled_1,roundness,roundness_shuffled_2,synthetic_target_1,synthetic_target_2"
dry_beans_synthetic_target_1_noise,classification,12.332670450210571,0.9008446566287184,0.900981292448306,0.9014035078186861,0.9008152558492091,0.9845851788289552,-0.09061382977833521,-0.09049861243744006,29,"Area,AspectRation,AspectRation_shuffled_2,Class,Compactness,ConvexArea,Eccentricity,Eccentricity_shuffled_1,EquivDiameter,EquivDiameter_shuffled_1,MajorAxisLength,Perimeter,Perimeter_shuffled_1,Perimeter_shuffled_2,ShapeFactor1,ShapeFactor1_shuffled_1,ShapeFactor1_shuffled_2,ShapeFactor2,ShapeFactor2_shuffled_1,ShapeFactor2_shuffled_2,ShapeFactor3,ShapeFactor3_shuffled_1,ShapeFactor4,ShapeFactor4_shuffled_2,Solidity,Solidity_shuffled_1,roundness,roundness_shuffled_2,synthetic_target_1,synthetic_target_2"
dry_beans_synthetic_target_1_noise,classification,12.332670450210571,0.9004774146162321,0.9006124196404707,0.9010308398115271,0.9004734599357008,0.9841654752313577,-0.0898789410046349,-0.08974994730792862,30,"Area,AspectRation,AspectRation_shuffled_2,Class,Compactness,ConvexArea,Eccentricity,Eccentricity_shuffled_1,EquivDiameter,EquivDiameter_shuffled_1,MajorAxisLength,MinorAxisLength,Perimeter,Perimeter_shuffled_1,Perimeter_shuffled_2,ShapeFactor1,ShapeFactor1_shuffled_1,ShapeFactor1_shuffled_2,ShapeFactor2,ShapeFactor2_shuffled_1,ShapeFactor2_shuffled_2,ShapeFactor3,ShapeFactor3_shuffled_1,ShapeFactor4,ShapeFactor4_shuffled_2,Solidity,Solidity_shuffled_1,roundness,roundness_shuffled_2,synthetic_target_1,synthetic_target_2"
dry_beans_synthetic_target_1_noise,classification,12.332670450210571,0.901946382666177,0.9020899862884255,0.9025102765866292,0.901921782271948,0.9848280349173388,-0.05828506479892215,-0.05812161931219506,31,"Area,AspectRation,AspectRation_shuffled_2,Class,Compactness,ConvexArea,Eccentricity,Eccentricity_shuffled_1,EquivDiameter,EquivDiameter_shuffled_1,MajorAxisLength,MinorAxisLength,Perimeter,Perimeter_shuffled_1,Perimeter_shuffled_2,ShapeFactor1,ShapeFactor1_shuffled_1,ShapeFactor1_shuffled_2,ShapeFactor2,ShapeFactor2_shuffled_1,ShapeFactor2_shuffled_2,ShapeFactor3,ShapeFactor3_shuffled_1,ShapeFactor4,ShapeFactor4_shuffled_2,Solidity,Solidity_shuffled_1,Solidity_shuffled_2,roundness,roundness_shuffled_2,synthetic_target_1,synthetic_target_2"
dry_beans_synthetic_target_1_noise,classification,12.332670450210571,0.901946382666177,0.9021170254791827,0.9025838588684909,0.9019349419785023,0.9851513044694773,-0.098053617333823,-0.09788297452081729,32,"Area,AspectRation,AspectRation_shuffled_2,Class,Compactness,ConvexArea,Eccentricity,Eccentricity_shuffled_1,EquivDiameter,EquivDiameter_shuffled_1,Extent,MajorAxisLength,MinorAxisLength,Perimeter,Perimeter_shuffled_1,Perimeter_shuffled_2,ShapeFactor1,ShapeFactor1_shuffled_1,ShapeFactor1_shuffled_2,ShapeFactor2,ShapeFactor2_shuffled_1,ShapeFactor2_shuffled_2,ShapeFactor3,ShapeFactor3_shuffled_1,ShapeFactor4,ShapeFactor4_shuffled_2,Solidity,Solidity_shuffled_1,Solidity_shuffled_2,roundness,roundness_shuffled_2,synthetic_target_1,synthetic_target_2"
dry_beans_synthetic_target_1_noise,classification,12.332670450210571,0.8964377524788836,0.8965530717416749,0.8969944674090714,0.8964166529196346,0.9830269912996143,-0.10356224752111642,-0.10344692825832513,33,"Area,AspectRation,AspectRation_shuffled_2,Class,Compactness,ConvexArea,Eccentricity,Eccentricity_shuffled_1,EquivDiameter,EquivDiameter_shuffled_1,Extent,MajorAxisLength,MinorAxisLength,Perimeter,Perimeter_shuffled_1,Perimeter_shuffled_2,ShapeFactor1,ShapeFactor1_shuffled_1,ShapeFactor1_shuffled_2,ShapeFactor2,ShapeFactor2_shuffled_1,ShapeFactor2_shuffled_2,ShapeFactor3,ShapeFactor3_shuffled_1,ShapeFactor3_shuffled_2,ShapeFactor4,ShapeFactor4_shuffled_2,Solidity,Solidity_shuffled_1,Solidity_shuffled_2,roundness,roundness_shuffled_2,synthetic_target_1,synthetic_target_2"
dry_beans_synthetic_target_1_noise,classification,12.332670450210571,0.9030481087036357,0.9031979054473663,0.9036744044320543,0.9030301632345032,0.9842841457698437,-0.04662125206050827,-0.04643278021747255,34,"Area,Area_shuffled_2,AspectRation,AspectRation_shuffled_2,Class,Compactness,ConvexArea,Eccentricity,Eccentricity_shuffled_1,EquivDiameter,EquivDiameter_shuffled_1,Extent,MajorAxisLength,MinorAxisLength,Perimeter,Perimeter_shuffled_1,Perimeter_shuffled_2,ShapeFactor1,ShapeFactor1_shuffled_1,ShapeFactor1_shuffled_2,ShapeFactor2,ShapeFactor2_shuffled_1,ShapeFactor2_shuffled_2,ShapeFactor3,ShapeFactor3_shuffled_1,ShapeFactor3_shuffled_2,ShapeFactor4,ShapeFactor4_shuffled_2,Solidity,Solidity_shuffled_1,Solidity_shuffled_2,roundness,roundness_shuffled_2,synthetic_target_1,synthetic_target_2"
dry_beans_synthetic_target_1_noise,classification,12.332670450210571,0.9004774146162321,0.9006147351274288,0.9010586158766013,0.9004650660769117,0.9845793756067893,-0.041293342180241055,-0.04111317947538917,35,"Area,Area_shuffled_2,AspectRation,AspectRation_shuffled_2,Class,Compactness,ConvexArea,ConvexArea_shuffled_2,Eccentricity,Eccentricity_shuffled_1,EquivDiameter,EquivDiameter_shuffled_1,Extent,MajorAxisLength,MinorAxisLength,Perimeter,Perimeter_shuffled_1,Perimeter_shuffled_2,ShapeFactor1,ShapeFactor1_shuffled_1,ShapeFactor1_shuffled_2,ShapeFactor2,ShapeFactor2_shuffled_1,ShapeFactor2_shuffled_2,ShapeFactor3,ShapeFactor3_shuffled_1,ShapeFactor3_shuffled_2,ShapeFactor4,ShapeFactor4_shuffled_2,Solidity,Solidity_shuffled_1,Solidity_shuffled_2,roundness,roundness_shuffled_2,synthetic_target_1,synthetic_target_2"
dry_beans_synthetic_target_1_noise,classification,12.332670450210571,0.9034153507161219,0.9035344262037431,0.9038942170108449,0.9033804305996126,0.9846649835172522,-0.06875584693266579,-0.06859042629153467,36,"Area,Area_shuffled_2,AspectRation,AspectRation_shuffled_2,Class,Compactness,ConvexArea,ConvexArea_shuffled_2,Eccentricity,Eccentricity_shuffled_1,EquivDiameter,EquivDiameter_shuffled_1,Extent,MajorAxisLength,MinorAxisLength,MinorAxisLength_shuffled_1,Perimeter,Perimeter_shuffled_1,Perimeter_shuffled_2,ShapeFactor1,ShapeFactor1_shuffled_1,ShapeFactor1_shuffled_2,ShapeFactor2,ShapeFactor2_shuffled_1,ShapeFactor2_shuffled_2,ShapeFactor3,ShapeFactor3_shuffled_1,ShapeFactor3_shuffled_2,ShapeFactor4,ShapeFactor4_shuffled_2,Solidity,Solidity_shuffled_1,Solidity_shuffled_2,roundness,roundness_shuffled_2,synthetic_target_1,synthetic_target_2"
dry_beans_synthetic_target_1_noise,classification,12.332670450210571,0.9008446566287184,0.9009741755305113,0.9013825813832346,0.9008180953120636,0.9844324228563679,-0.0798680546130156,-0.0797223968674734,37,"Area,Area_shuffled_2,AspectRation,AspectRation_shuffled_2,Class,Compactness,Compactness_shuffled_1,ConvexArea,ConvexArea_shuffled_2,Eccentricity,Eccentricity_shuffled_1,EquivDiameter,EquivDiameter_shuffled_1,Extent,MajorAxisLength,MinorAxisLength,MinorAxisLength_shuffled_1,Perimeter,Perimeter_shuffled_1,Perimeter_shuffled_2,ShapeFactor1,ShapeFactor1_shuffled_1,ShapeFactor1_shuffled_2,ShapeFactor2,ShapeFactor2_shuffled_1,ShapeFactor2_shuffled_2,ShapeFactor3,ShapeFactor3_shuffled_1,ShapeFactor3_shuffled_2,ShapeFactor4,ShapeFactor4_shuffled_2,Solidity,Solidity_shuffled_1,Solidity_shuffled_2,roundness,roundness_shuffled_2,synthetic_target_1,synthetic_target_2"
dry_beans_synthetic_target_1_noise,classification,12.332670450210571,0.9034153507161219,0.9035416001273149,0.9039504702011768,0.9033936674148013,0.9845426799039999,-0.0750930989532389,-0.07495708524068823,38,"Area,Area_shuffled_2,AspectRation,AspectRation_shuffled_2,Class,Compactness,Compactness_shuffled_1,ConvexArea,ConvexArea_shuffled_2,Eccentricity,Eccentricity_shuffled_1,EquivDiameter,EquivDiameter_shuffled_1,Extent,Extent_shuffled_2,MajorAxisLength,MinorAxisLength,MinorAxisLength_shuffled_1,Perimeter,Perimeter_shuffled_1,Perimeter_shuffled_2,ShapeFactor1,ShapeFactor1_shuffled_1,ShapeFactor1_shuffled_2,ShapeFactor2,ShapeFactor2_shuffled_1,ShapeFactor2_shuffled_2,ShapeFactor3,ShapeFactor3_shuffled_1,ShapeFactor3_shuffled_2,ShapeFactor4,ShapeFactor4_shuffled_2,Solidity,Solidity_shuffled_1,Solidity_shuffled_2,roundness,roundness_shuffled_2,synthetic_target_1,synthetic_target_2"
dry_beans_synthetic_target_1_noise,classification,12.332670450210571,0.9012118986412045,0.9013367796347165,0.9017694527448489,0.9011891331832679,0.9844057806244739,-0.08225613956599609,-0.08214771498500917,39,"Area,Area_shuffled_2,AspectRation,AspectRation_shuffled_2,Class,Compactness,Compactness_shuffled_1,Compactness_shuffled_2,ConvexArea,ConvexArea_shuffled_2,Eccentricity,Eccentricity_shuffled_1,EquivDiameter,EquivDiameter_shuffled_1,Extent,Extent_shuffled_2,MajorAxisLength,MinorAxisLength,MinorAxisLength_shuffled_1,Perimeter,Perimeter_shuffled_1,Perimeter_shuffled_2,ShapeFactor1,ShapeFactor1_shuffled_1,ShapeFactor1_shuffled_2,ShapeFactor2,ShapeFactor2_shuffled_1,ShapeFactor2_shuffled_2,ShapeFactor3,ShapeFactor3_shuffled_1,ShapeFactor3_shuffled_2,ShapeFactor4,ShapeFactor4_shuffled_2,Solidity,Solidity_shuffled_1,Solidity_shuffled_2,roundness,roundness_shuffled_2,synthetic_target_1,synthetic_target_2"
dry_beans_synthetic_target_1_noise,classification,12.332670450210571,0.8993756885787734,0.8994973547286454,0.8998714203074086,0.899338638018056,0.9840921018252031,-0.08115333419859616,-0.08103974167607397,40,"Area,Area_shuffled_2,AspectRation,AspectRation_shuffled_2,Class,Compactness,Compactness_shuffled_1,Compactness_shuffled_2,ConvexArea,ConvexArea_shuffled_2,Eccentricity,Eccentricity_shuffled_1,EquivDiameter,EquivDiameter_shuffled_1,Extent,Extent_shuffled_2,MajorAxisLength,MinorAxisLength,MinorAxisLength_shuffled_1,MinorAxisLength_shuffled_2,Perimeter,Perimeter_shuffled_1,Perimeter_shuffled_2,ShapeFactor1,ShapeFactor1_shuffled_1,ShapeFactor1_shuffled_2,ShapeFactor2,ShapeFactor2_shuffled_1,ShapeFactor2_shuffled_2,ShapeFactor3,ShapeFactor3_shuffled_1,ShapeFactor3_shuffled_2,ShapeFactor4,ShapeFactor4_shuffled_2,Solidity,Solidity_shuffled_1,Solidity_shuffled_2,roundness,roundness_shuffled_2,synthetic_target_1,synthetic_target_2"
dry_beans_synthetic_target_1_clean,classification,5.97205924987793,0.49981637899375686,0.48998807871266764,0.4921352844684073,0.49960914781603716,0.8617885379872695,-0.03049221762637544,-0.03318276308879736,1,"ConvexArea,synthetic_target_1"
dry_beans_synthetic_target_1_clean,classification,5.97205924987793,0.8655894234300404,0.8659246935410617,0.8671544149211398,0.8655140826950426,0.980655745166957,-0.017033647841083743,-0.01684530708129295,2,"ConvexArea,ShapeFactor2,synthetic_target_1"
dry_beans_synthetic_target_1_clean,classification,5.97205924987793,0.901946382666177,0.9020384194431891,0.9024257321750521,0.9019313933480337,0.9839596701074854,-0.04184494723830501,-0.0416994146868348,3,"ConvexArea,Perimeter,ShapeFactor2,synthetic_target_1"
dry_beans_synthetic_target_1_clean,classification,5.97205924987793,0.9008446566287184,0.900947788054535,0.9013084945266837,0.9008192648828394,0.9832599621754,-0.027241309572604178,-0.027105547791249296,4,"ConvexArea,MajorAxisLength,Perimeter,ShapeFactor2,synthetic_target_1"
dry_beans_synthetic_target_1_clean,classification,5.97205924987793,0.9037825927286082,0.9038759333116022,0.9041676843039432,0.9037496289022338,0.9849052731968745,-0.04120271219424265,-0.04109537146997,5,"ConvexArea,MajorAxisLength,Perimeter,ShapeFactor2,roundness,synthetic_target_1"
dry_beans_synthetic_target_1_clean,classification,5.97205924987793,0.9034153507161219,0.9034652742956019,0.9037131912311798,0.9033908719011153,0.9846121376502269,-0.02917098286212938,-0.02908827301996153,6,"ConvexArea,MajorAxisLength,Perimeter,ShapeFactor2,roundness,synthetic_target_1,synthetic_target_2"
dry_beans_synthetic_target_1_clean,classification,5.97205924987793,0.9052515607785531,0.9053496372139055,0.9056721578028678,0.9052206106003517,0.985026729858477,-0.03697841717883121,-0.03687308128468825,7,"ConvexArea,MajorAxisLength,Perimeter,ShapeFactor2,ShapeFactor3,roundness,synthetic_target_1,synthetic_target_2"
dry_beans_synthetic_target_1_clean,classification,5.97205924987793,0.9078222548659567,0.9079112848459874,0.9081798091872104,0.9077980420595105,0.9850936550863789,-0.0400102212545429,-0.03991436297201156,8,"ConvexArea,MajorAxisLength,Perimeter,ShapeFactor2,ShapeFactor3,ShapeFactor4,roundness,synthetic_target_1,synthetic_target_2"
dry_beans_synthetic_target_1_clean,classification,5.97205924987793,0.9001101726037458,0.9002135569220311,0.9005385104154433,0.9000695486199793,0.9842004461257429,-0.03155771865268331,-0.03140838223687281,9,"ConvexArea,MajorAxisLength,Perimeter,ShapeFactor1,ShapeFactor2,ShapeFactor3,ShapeFactor4,roundness,synthetic_target_1,synthetic_target_2"
dry_beans_synthetic_target_1_clean,classification,5.97205924987793,0.9030481087036357,0.9031433418778404,0.9034090429181071,0.903014173735545,0.9847912977522046,-0.03256908453662877,-0.0324408007813769,10,"ConvexArea,MajorAxisLength,Perimeter,ShapeFactor1,ShapeFactor2,ShapeFactor3,ShapeFactor4,Solidity,roundness,synthetic_target_1,synthetic_target_2"
dry_beans_synthetic_target_1_clean,classification,5.97205924987793,0.8993756885787734,0.8994532848196394,0.899707886156807,0.8993284287892565,0.9832967316949409,-0.025495729496171515,-0.025383746002727747,11,"Compactness,ConvexArea,MajorAxisLength,Perimeter,ShapeFactor1,ShapeFactor2,ShapeFactor3,ShapeFactor4,Solidity,roundness,synthetic_target_1,synthetic_target_2"
dry_beans_synthetic_target_1_clean,classification,5.97205924987793,0.9056188027910393,0.9057165290398588,0.9060032472882222,0.9055746153507137,0.9854119487246384,-0.042397361793824695,-0.042284446600229786,12,"Compactness,ConvexArea,EquivDiameter,MajorAxisLength,Perimeter,ShapeFactor1,ShapeFactor2,ShapeFactor3,ShapeFactor4,Solidity,roundness,synthetic_target_1,synthetic_target_2"
dry_beans_synthetic_target_2_noise,classification,36.24454355239868,0.48733015056922513,0.4860943802589784,0.5069037408457524,0.4873038395071249,0.8415343495997728,-0.04104971717508055,-0.0365489249909689,1,"ConvexArea,synthetic_target_2"
dry_beans_synthetic_target_2_noise,classification,36.24454355239868,0.4924715387440323,0.4877713468881867,0.501676815285619,0.49235461775130424,0.8432296292607487,-0.04141898293120644,-0.04051543255735712,2,"ConvexArea,ShapeFactor4_shuffled_2,synthetic_target_2"
dry_beans_synthetic_target_2_noise,classification,36.24454355239868,0.4884318766066838,0.4852937020046512,0.5016414315910035,0.4883742880155464,0.8432899023430013,-0.027640864025204548,-0.026925843050639664,3,"ConvexArea,ShapeFactor3_shuffled_1,ShapeFactor4_shuffled_2,synthetic_target_2"
dry_beans_synthetic_target_2_noise,classification,36.24454355239868,0.4884318766066838,0.48624749948513213,0.5063775427914594,0.4882998933558815,0.841265882314641,-0.025252913988466796,-0.022976662292647276,4,"ConvexArea,ShapeFactor1_shuffled_1,ShapeFactor3_shuffled_1,ShapeFactor4_shuffled_2,synthetic_target_2"
dry_beans_synthetic_target_2_noise,classification,36.24454355239868,0.4921042967315461,0.4885994633790695,0.509958196114643,0.4920414401390506,0.8428559196725622,-0.021672338095786725,-0.020465807324343055,5,"ConvexArea,ShapeFactor1_shuffled_1,ShapeFactor2_shuffled_1,ShapeFactor3_shuffled_1,ShapeFactor4_shuffled_2,synthetic_target_2"
dry_beans_synthetic_target_2_noise,classification,36.24454355239868,0.4884318766066838,0.48730166217022364,0.5069817278777154,0.4883846212165754,0.839630528928371,-0.049132414355843756,-0.04628315835547314,6,"Compactness_shuffled_2,ConvexArea,ShapeFactor1_shuffled_1,ShapeFactor2_shuffled_1,ShapeFactor3_shuffled_1,ShapeFactor4_shuffled_2,synthetic_target_2"
dry_beans_synthetic_target_2_noise,classification,36.24454355239868,0.48622842453176646,0.4834757168238668,0.49853361754770364,0.4861367015926538,0.8390117598228655,-0.04977451448366338,-0.0496441322902883,7,"Compactness_shuffled_2,ConvexArea,ShapeFactor1_shuffled_1,ShapeFactor2_shuffled_1,ShapeFactor3_shuffled_1,ShapeFactor3_shuffled_2,ShapeFactor4_shuffled_2,synthetic_target_2"
dry_beans_synthetic_target_2_noise,classification,36.24454355239868,0.6367976496511201,0.6338278338896722,0.632364301109846,0.6368634271398166,0.9308282370631663,-0.1604102856905405,-0.16164652008200708,8,"Compactness_shuffled_2,ConvexArea,ShapeFactor1_shuffled_1,ShapeFactor2_shuffled_1,ShapeFactor3_shuffled_1,ShapeFactor3_shuffled_2,ShapeFactor4,ShapeFactor4_shuffled_2,synthetic_target_2"
dry_beans_synthetic_target_2_noise,classification,36.24454355239868,0.6375321336760925,0.6342665629600938,0.6333430949764111,0.6375111921769664,0.9303587060054179,-0.12569343575814707,-0.12645333520847157,9,"Compactness_shuffled_2,ConvexArea,ShapeFactor1_shuffled_1,ShapeFactor2_shuffled_1,ShapeFactor3_shuffled_1,ShapeFactor3_shuffled_2,ShapeFactor4,ShapeFactor4_shuffled_2,roundness_shuffled_2,synthetic_target_2"
dry_beans_synthetic_target_2_noise,classification,36.24454355239868,0.6390011017260374,0.6357425760405383,0.6347325439218379,0.639031771074403,0.9311358026965746,-0.13533761980225056,-0.13642742624447213,10,"Compactness_shuffled_2,ConvexArea,Extent_shuffled_1,ShapeFactor1_shuffled_1,ShapeFactor2_shuffled_1,ShapeFactor3_shuffled_1,ShapeFactor3_shuffled_2,ShapeFactor4,ShapeFactor4_shuffled_2,roundness_shuffled_2,synthetic_target_2"
dry_beans_synthetic_target_2_noise,classification,36.24454355239868,0.651120088138083,0.6484936808655749,0.6481836173614981,0.6511692008534044,0.9345218838339877,-0.17713119768116758,-0.178776838025814,11,"Compactness_shuffled_2,ConvexArea,Extent_shuffled_1,ShapeFactor1_shuffled_1,ShapeFactor2_shuffled_1,ShapeFactor3_shuffled_1,ShapeFactor3_shuffled_2,ShapeFactor4,ShapeFactor4_shuffled_2,roundness_shuffled_2,synthetic_target_1,synthetic_target_2"
dry_beans_synthetic_target_2_noise,classification,36.24454355239868,0.6459786999632758,0.6438124004031843,0.6433152472139232,0.6460806866351858,0.9365436344820467,-0.23453195396765725,-0.23620638223616663,12,"Compactness_shuffled_2,ConvexArea,EquivDiameter,Extent_shuffled_1,ShapeFactor1_shuffled_1,ShapeFactor2_shuffled_1,ShapeFactor3_shuffled_1,ShapeFactor3_shuffled_2,ShapeFactor4,ShapeFactor4_shuffled_2,roundness_shuffled_2,synthetic_target_1,synthetic_target_2"
dry_beans_synthetic_target_2_noise,classification,36.24454355239868,0.6386338597135512,0.6353504790355607,0.6343678053042859,0.638714753492651,0.9359276571745285,-0.2077107398455964,-0.20980632179740744,13,"Compactness_shuffled_2,ConvexArea,EquivDiameter,Extent_shuffled_1,ShapeFactor1_shuffled_1,ShapeFactor2,ShapeFactor2_shuffled_1,ShapeFactor3_shuffled_1,ShapeFactor3_shuffled_2,ShapeFactor4,ShapeFactor4_shuffled_2,roundness_shuffled_2,synthetic_target_1,synthetic_target_2"
dry_beans_synthetic_target_2_noise,classification,36.24454355239868,0.7822254865956666,0.7820078017145973,0.7819565541802023,0.7822694139834198,0.9656088412117996,-0.21382521142049804,-0.2140482438042549,14,"Compactness_shuffled_2,ConvexArea,EquivDiameter,Extent,Extent_shuffled_1,ShapeFactor1_shuffled_1,ShapeFactor2,ShapeFactor2_shuffled_1,ShapeFactor3_shuffled_1,ShapeFactor3_shuffled_2,ShapeFactor4,ShapeFactor4_shuffled_2,roundness_shuffled_2,synthetic_target_1,synthetic_target_2"
dry_beans_synthetic_target_2_noise,classification,36.24454355239868,0.770106500183621,0.7698975126585251,0.7702512138803641,0.7701904958149086,0.9609967562687391,-0.17588909129323427,-0.17604936640143998,15,"Compactness_shuffled_2,ConvexArea,EquivDiameter,Extent,Extent_shuffled_1,ShapeFactor1,ShapeFactor1_shuffled_1,ShapeFactor2,ShapeFactor2_shuffled_1,ShapeFactor3_shuffled_1,ShapeFactor3_shuffled_2,ShapeFactor4,ShapeFactor4_shuffled_2,roundness_shuffled_2,synthetic_target_1,synthetic_target_2"
dry_beans_synthetic_target_2_noise,classification,36.24454355239868,0.7836944546456115,0.7839553333862334,0.7845479043345333,0.7837232797369802,0.966752605176369,-0.2163055453543885,-0.21604466661376664,16,"Compactness_shuffled_2,ConvexArea,EquivDiameter,Extent,Extent_shuffled_1,ShapeFactor1,ShapeFactor1_shuffled_1,ShapeFactor2,ShapeFactor2_shuffled_1,ShapeFactor3_shuffled_1,ShapeFactor3_shuffled_2,ShapeFactor4,ShapeFactor4_shuffled_2,Solidity,roundness_shuffled_2,synthetic_target_1,synthetic_target_2"
dry_beans_synthetic_target_2_noise,classification,36.24454355239868,0.7690047741461623,0.7690163662849683,0.7691814709702782,0.7690406690249201,0.9627974084871616,-0.22603563731599785,-0.22602180038439756,17,"Compactness_shuffled_2,ConvexArea,EquivDiameter,Extent,Extent_shuffled_1,ShapeFactor1,ShapeFactor1_shuffled_1,ShapeFactor2,ShapeFactor2_shuffled_1,ShapeFactor2_shuffled_2,ShapeFactor3_shuffled_1,ShapeFactor3_shuffled_2,ShapeFactor4,ShapeFactor4_shuffled_2,Solidity,roundness_shuffled_2,synthetic_target_1,synthetic_target_2"
dry_beans_synthetic_target_2_noise,classification,36.24454355239868,0.7719427102460521,0.7716799802552582,0.7721094424173088,0.771972173905926,0.9623894775604016,-0.12757969974660033,-0.12763537337742747,18,"Compactness_shuffled_2,ConvexArea,EquivDiameter,Extent,Extent_shuffled_1,ShapeFactor1,ShapeFactor1_shuffled_1,ShapeFactor2,ShapeFactor2_shuffled_1,ShapeFactor2_shuffled_2,ShapeFactor3_shuffled_1,ShapeFactor3_shuffled_2,ShapeFactor4,ShapeFactor4_shuffled_2,Solidity,roundness_shuffled_1,roundness_shuffled_2,synthetic_target_1,synthetic_target_2"
dry_beans_synthetic_target_2_noise,classification,36.24454355239868,0.7822254865956666,0.7820404973258877,0.7823084483793006,0.7822542839097595,0.9660851211723551,-0.20574291898846275,-0.2059137811111671,19,"Compactness_shuffled_2,ConvexArea,EquivDiameter,Extent,Extent_shuffled_1,MajorAxisLength_shuffled_2,ShapeFactor1,ShapeFactor1_shuffled_1,ShapeFactor2,ShapeFactor2_shuffled_1,ShapeFactor2_shuffled_2,ShapeFactor3_shuffled_1,ShapeFactor3_shuffled_2,ShapeFactor4,ShapeFactor4_shuffled_2,Solidity,roundness_shuffled_1,roundness_shuffled_2,synthetic_target_1,synthetic_target_2"
dry_beans_synthetic_target_2_noise,classification,36.24454355239868,0.7818582445831803,0.7817715438408521,0.782073983374696,0.7818972746891812,0.9648718449244919,-0.205283562911309,-0.20535846041565942,20,"Compactness_shuffled_2,ConvexArea,EquivDiameter,Extent,Extent_shuffled_1,MajorAxisLength_shuffled_2,ShapeFactor1,ShapeFactor1_shuffled_1,ShapeFactor2,ShapeFactor2_shuffled_1,ShapeFactor2_shuffled_2,ShapeFactor3_shuffled_1,ShapeFactor3_shuffled_2,ShapeFactor4,ShapeFactor4_shuffled_2,Solidity,Solidity_shuffled_1,roundness_shuffled_1,roundness_shuffled_2,synthetic_target_1,synthetic_target_2"
dry_beans_synthetic_target_2_noise,classification,36.24454355239868,0.7840616966580977,0.7839299606986879,0.7841817143216068,0.7841223672164227,0.9654626584903981,-0.21006027248224035,-0.21019105823513462,21,"Class,Compactness_shuffled_2,ConvexArea,EquivDiameter,Extent,Extent_shuffled_1,MajorAxisLength_shuffled_2,ShapeFactor1,ShapeFactor1_shuffled_1,ShapeFactor2,ShapeFactor2_shuffled_1,ShapeFactor2_shuffled_2,ShapeFactor3_shuffled_1,ShapeFactor3_shuffled_2,ShapeFactor4,ShapeFactor4_shuffled_2,Solidity,Solidity_shuffled_1,roundness_shuffled_1,roundness_shuffled_2,synthetic_target_1,synthetic_target_2"
dry_beans_synthetic_target_2_noise,classification,36.24454355239868,0.7770840984208593,0.7770419707789237,0.7776596755660589,0.7771210616749108,0.963671165729375,-0.17938173552476888,-0.1793432033149176,22,"AspectRation_shuffled_2,Class,Compactness_shuffled_2,ConvexArea,EquivDiameter,Extent,Extent_shuffled_1,MajorAxisLength_shuffled_2,ShapeFactor1,ShapeFactor1_shuffled_1,ShapeFactor2,ShapeFactor2_shuffled_1,ShapeFactor2_shuffled_2,ShapeFactor3_shuffled_1,ShapeFactor3_shuffled_2,ShapeFactor4,ShapeFactor4_shuffled_2,Solidity,Solidity_shuffled_1,roundness_shuffled_1,roundness_shuffled_2,synthetic_target_1,synthetic_target_2"
dry_beans_synthetic_target_2_noise,classification,36.24454355239868,0.7873668747704737,0.7871870523812212,0.7873619599571161,0.7873958368968654,0.9644989755323449,-0.19766251538382462,-0.19782205110478246,23,"AspectRation_shuffled_2,Class,Compactness_shuffled_2,ConvexArea,ConvexArea_shuffled_1,EquivDiameter,Extent,Extent_shuffled_1,MajorAxisLength_shuffled_2,ShapeFactor1,ShapeFactor1_shuffled_1,ShapeFactor2,ShapeFactor2_shuffled_1,ShapeFactor2_shuffled_2,ShapeFactor3_shuffled_1,ShapeFactor3_shuffled_2,ShapeFactor4,ShapeFactor4_shuffled_2,Solidity,Solidity_shuffled_1,roundness_shuffled_1,roundness_shuffled_2,synthetic_target_1,synthetic_target_2"
dry_beans_synthetic_target_2_noise,classification,36.24454355239868,0.7763496143958869,0.7759083235145142,0.776272549509908,0.7763677972715245,0.9619014419710474,-0.12629549949096097,-0.1265374290125223,24,"AspectRation_shuffled_2,Class,Compactness_shuffled_2,ConvexArea,ConvexArea_shuffled_1,EquivDiameter,Extent,Extent_shuffled_1,MajorAxisLength_shuffled_2,MinorAxisLength_shuffled_2,ShapeFactor1,ShapeFactor1_shuffled_1,ShapeFactor2,ShapeFactor2_shuffled_1,ShapeFactor2_shuffled_2,ShapeFactor3_shuffled_1,ShapeFactor3_shuffled_2,ShapeFactor4,ShapeFactor4_shuffled_2,Solidity,Solidity_shuffled_1,roundness_shuffled_1,roundness_shuffled_2,synthetic_target_1,synthetic_target_2"
dry_beans_synthetic_target_2_noise,classification,36.24454355239868,0.781491002570694,0.7814651153320483,0.7820254983475922,0.7815085431121448,0.9642447265954177,-0.20509973953070204,-0.20512027829763824,25,"AspectRation_shuffled_2,Class,Compactness_shuffled_2,ConvexArea,ConvexArea_shuffled_1,Eccentricity_shuffled_1,EquivDiameter,Extent,Extent_shuffled_1,MajorAxisLength_shuffled_2,MinorAxisLength_shuffled_2,ShapeFactor1,ShapeFactor1_shuffled_1,ShapeFactor2,ShapeFactor2_shuffled_1,ShapeFactor2_shuffled_2,ShapeFactor3_shuffled_1,ShapeFactor3_shuffled_2,ShapeFactor4,ShapeFactor4_shuffled_2,Solidity,Solidity_shuffled_1,roundness_shuffled_1,roundness_shuffled_2,synthetic_target_1,synthetic_target_2"
dry_beans_synthetic_target_2_noise,classification,36.24454355239868,0.779654792508263,0.7795642939715355,0.7799103397754646,0.7796871297146465,0.9637467384894137,-0.17194329713170764,-0.17193953241577575,26,"AspectRation_shuffled_2,Class,Compactness_shuffled_2,ConvexArea,ConvexArea_shuffled_1,Eccentricity_shuffled_1,EquivDiameter,Extent,Extent_shuffled_1,MajorAxisLength_shuffled_2,MinorAxisLength_shuffled_2,ShapeFactor1,ShapeFactor1_shuffled_1,ShapeFactor2,ShapeFactor2_shuffled_1,ShapeFactor2_shuffled_2,ShapeFactor3_shuffled_1,ShapeFactor3_shuffled_2,ShapeFactor4,ShapeFactor4_shuffled_2,Solidity,Solidity_shuffled_1,Solidity_shuffled_2,roundness_shuffled_1,roundness_shuffled_2,synthetic_target_1,synthetic_target_2"
dry_beans_synthetic_target_2_noise,classification,36.24454355239868,0.7866323907455013,0.7864440986339561,0.7866604327901758,0.7867072936800846,0.965874233365643,-0.21208179000394767,-0.21226917541461554,27,"AspectRation_shuffled_2,Class,Compactness_shuffled_2,ConvexArea,ConvexArea_shuffled_1,Eccentricity_shuffled_1,EquivDiameter,Extent,Extent_shuffled_1,MajorAxisLength_shuffled_2,MinorAxisLength_shuffled_2,ShapeFactor1,ShapeFactor1_shuffled_1,ShapeFactor2,ShapeFactor2_shuffled_1,ShapeFactor2_shuffled_2,ShapeFactor3_shuffled_1,ShapeFactor3_shuffled_2,ShapeFactor4,ShapeFactor4_shuffled_2,Solidity,Solidity_shuffled_1,Solidity_shuffled_2,roundness,roundness_shuffled_1,roundness_shuffled_2,synthetic_target_1,synthetic_target_2"
dry_beans_synthetic_target_2_noise,classification,36.24454355239868,0.7939772309952259,0.7941458725140127,0.7947128960080818,0.7939778836176846,0.9677944319729235,-0.20602276900477412,-0.2058541274859873,28,"AspectRation_shuffled_2,Class,Compactness_shuffled_2,ConvexArea,ConvexArea_shuffled_1,Eccentricity_shuffled_1,EquivDiameter,Extent,Extent_shuffled_1,MajorAxisLength_shuffled_2,MinorAxisLength_shuffled_2,Perimeter,ShapeFactor1,ShapeFactor1_shuffled_1,ShapeFactor2,ShapeFactor2_shuffled_1,ShapeFactor2_shuffled_2,ShapeFactor3_shuffled_1,ShapeFactor3_shuffled_2,ShapeFactor4,ShapeFactor4_shuffled_2,Solidity,Solidity_shuffled_1,Solidity_shuffled_2,roundness,roundness_shuffled_1,roundness_shuffled_2,synthetic_target_1,synthetic_target_2"
dry_beans_synthetic_target_2_noise,classification,36.24454355239868,0.8071979434447301,0.8070882337879188,0.8074463481908986,0.8072264042626348,0.9689029351018369,-0.1926183680909055,-0.1927270769517616,29,"AspectRation_shuffled_2,Class,Compactness_shuffled_2,ConvexArea,ConvexArea_shuffled_1,Eccentricity_shuffled_1,EquivDiameter,EquivDiameter_shuffled_1,Extent,Extent_shuffled_1,MajorAxisLength_shuffled_2,MinorAxisLength_shuffled_2,Perimeter,ShapeFactor1,ShapeFactor1_shuffled_1,ShapeFactor2,ShapeFactor2_shuffled_1,ShapeFactor2_shuffled_2,ShapeFactor3_shuffled_1,ShapeFactor3_shuffled_2,ShapeFactor4,ShapeFactor4_shuffled_2,Solidity,Solidity_shuffled_1,Solidity_shuffled_2,roundness,roundness_shuffled_1,roundness_shuffled_2,synthetic_target_1,synthetic_target_2"
dry_beans_synthetic_target_2_noise,classification,36.24454355239868,0.8049944913698127,0.8048250817880472,0.8051808482955719,0.8050745813324974,0.969006980659179,-0.19307677975436066,-0.19324487123316136,30,"AspectRation_shuffled_2,Class,Compactness_shuffled_2,ConvexArea,ConvexArea_shuffled_1,Eccentricity_shuffled_1,EquivDiameter,EquivDiameter_shuffled_1,Extent,Extent_shuffled_1,MajorAxisLength_shuffled_2,MinorAxisLength_shuffled_2,Perimeter,ShapeFactor1,ShapeFactor1_shuffled_1,ShapeFactor2,ShapeFactor2_shuffled_1,ShapeFactor2_shuffled_2,ShapeFactor3,ShapeFactor3_shuffled_1,ShapeFactor3_shuffled_2,ShapeFactor4,ShapeFactor4_shuffled_2,Solidity,Solidity_shuffled_1,Solidity_shuffled_2,roundness,roundness_shuffled_1,roundness_shuffled_2,synthetic_target_1,synthetic_target_2"
dry_beans_synthetic_target_2_noise,classification,36.24454355239868,0.8049944913698127,0.8049290200810167,0.8053563498078642,0.8050558001300907,0.9691879028356903,-0.1931686239865429,-0.19323273911555094,31,"Area,AspectRation_shuffled_2,Class,Compactness_shuffled_2,ConvexArea,ConvexArea_shuffled_1,Eccentricity_shuffled_1,EquivDiameter,EquivDiameter_shuffled_1,Extent,Extent_shuffled_1,MajorAxisLength_shuffled_2,MinorAxisLength_shuffled_2,Perimeter,ShapeFactor1,ShapeFactor1_shuffled_1,ShapeFactor2,ShapeFactor2_shuffled_1,ShapeFactor2_shuffled_2,ShapeFactor3,ShapeFactor3_shuffled_1,ShapeFactor3_shuffled_2,ShapeFactor4,ShapeFactor4_shuffled_2,Solidity,Solidity_shuffled_1,Solidity_shuffled_2,roundness,roundness_shuffled_1,roundness_shuffled_2,synthetic_target_1,synthetic_target_2"
dry_beans_synthetic_target_2_noise,classification,36.24454355239868,0.8005875872199779,0.8007349053850666,0.8012408257866308,0.8006120100697027,0.9694498494114739,-0.19867765892256428,-0.19852898844502387,32,"Area,AspectRation_shuffled_2,Class,Compactness_shuffled_2,ConvexArea,ConvexArea_shuffled_1,Eccentricity_shuffled_1,EquivDiameter,EquivDiameter_shuffled_1,Extent,Extent_shuffled_1,MajorAxisLength_shuffled_2,MinorAxisLength,MinorAxisLength_shuffled_2,Perimeter,ShapeFactor1,ShapeFactor1_shuffled_1,ShapeFactor2,ShapeFactor2_shuffled_1,ShapeFactor2_shuffled_2,ShapeFactor3,ShapeFactor3_shuffled_1,ShapeFactor3_shuffled_2,ShapeFactor4,ShapeFactor4_shuffled_2,Solidity,Solidity_shuffled_1,Solidity_shuffled_2,roundness,roundness_shuffled_1,roundness_shuffled_2,synthetic_target_1,synthetic_target_2"
dry_beans_synthetic_target_2_noise,classification,36.24454355239868,0.8035255233198678,0.8035513241978579,0.8040651358229717,0.8035876917638508,0.9690474632546727,-0.19463759203648778,-0.19461027410359455,33,"Area,AspectRation_shuffled_2,Class,Compactness,Compactness_shuffled_2,ConvexArea,ConvexArea_shuffled_1,Eccentricity_shuffled_1,EquivDiameter,EquivDiameter_shuffled_1,Extent,Extent_shuffled_1,MajorAxisLength_shuffled_2,MinorAxisLength,MinorAxisLength_shuffled_2,Perimeter,ShapeFactor1,ShapeFactor1_shuffled_1,ShapeFactor2,ShapeFactor2_shuffled_1,ShapeFactor2_shuffled_2,ShapeFactor3,ShapeFactor3_shuffled_1,ShapeFactor3_shuffled_2,ShapeFactor4,ShapeFactor4_shuffled_2,Solidity,Solidity_shuffled_1,Solidity_shuffled_2,roundness,roundness_shuffled_1,roundness_shuffled_2,synthetic_target_1,synthetic_target_2"
dry_beans_synthetic_target_2_noise,classification,36.24454355239868,0.7903048108703635,0.7904906780366435,0.7910503026833089,0.7903420931466736,0.9677336514854634,-0.20960334489745425,-0.20941697732355025,34,"Area,Area_shuffled_1,AspectRation_shuffled_2,Class,Compactness,Compactness_shuffled_2,ConvexArea,ConvexArea_shuffled_1,Eccentricity_shuffled_1,EquivDiameter,EquivDiameter_shuffled_1,Extent,Extent_shuffled_1,MajorAxisLength_shuffled_2,MinorAxisLength,MinorAxisLength_shuffled_2,Perimeter,ShapeFactor1,ShapeFactor1_shuffled_1,ShapeFactor2,ShapeFactor2_shuffled_1,ShapeFactor2_shuffled_2,ShapeFactor3,ShapeFactor3_shuffled_1,ShapeFactor3_shuffled_2,ShapeFactor4,ShapeFactor4_shuffled_2,Solidity,Solidity_shuffled_1,Solidity_shuffled_2,roundness,roundness_shuffled_1,roundness_shuffled_2,synthetic_target_1,synthetic_target_2"
dry_beans_synthetic_target_2_noise,classification,36.24454355239868,0.7976496511200881,0.7974288826362442,0.7976038343926698,0.79764864848804,0.967756769400804,-0.20235034887991188,-0.20257111736375577,35,"Area,Area_shuffled_1,AspectRation_shuffled_2,Class,Compactness,Compactness_shuffled_2,ConvexArea,ConvexArea_shuffled_1,Eccentricity_shuffled_1,EquivDiameter,EquivDiameter_shuffled_1,Extent,Extent_shuffled_1,MajorAxisLength,MajorAxisLength_shuffled_2,MinorAxisLength,MinorAxisLength_shuffled_2,Perimeter,ShapeFactor1,ShapeFactor1_shuffled_1,ShapeFactor2,ShapeFactor2_shuffled_1,ShapeFactor2_shuffled_2,ShapeFactor3,ShapeFactor3_shuffled_1,ShapeFactor3_shuffled_2,ShapeFactor4,ShapeFactor4_shuffled_2,Solidity,Solidity_shuffled_1,Solidity_shuffled_2,roundness,roundness_shuffled_1,roundness_shuffled_2,synthetic_target_1,synthetic_target_2"
dry_beans_synthetic_target_2_noise,classification,36.24454355239868,0.8024237972824091,0.802441427274471,0.8027953510741891,0.8024407694484817,0.9686031200798136,-0.1975762027175909,-0.197558572725529,36,"Area,Area_shuffled_1,AspectRation_shuffled_2,Class,Compactness,Compactness_shuffled_2,ConvexArea,ConvexArea_shuffled_1,Eccentricity_shuffled_1,EquivDiameter,EquivDiameter_shuffled_1,Extent,Extent_shuffled_1,Extent_shuffled_2,MajorAxisLength,MajorAxisLength_shuffled_2,MinorAxisLength,MinorAxisLength_shuffled_2,Perimeter,ShapeFactor1,ShapeFactor1_shuffled_1,ShapeFactor2,ShapeFactor2_shuffled_1,ShapeFactor2_shuffled_2,ShapeFactor3,ShapeFactor3_shuffled_1,ShapeFactor3_shuffled_2,ShapeFactor4,ShapeFactor4_shuffled_2,Solidity,Solidity_shuffled_1,Solidity_shuffled_2,roundness,roundness_shuffled_1,roundness_shuffled_2,synthetic_target_1,synthetic_target_2"
dry_beans_synthetic_target_2_noise,classification,36.24454355239868,0.8071979434447301,0.8072284614389617,0.8077530129938086,0.8072075751126834,0.9686361409311591,-0.17480058704755508,-0.17474227597917846,37,"Area,Area_shuffled_1,AspectRation,AspectRation_shuffled_2,Class,Compactness,Compactness_shuffled_2,ConvexArea,ConvexArea_shuffled_1,Eccentricity_shuffled_1,EquivDiameter,EquivDiameter_shuffled_1,Extent,Extent_shuffled_1,Extent_shuffled_2,MajorAxisLength,MajorAxisLength_shuffled_2,MinorAxisLength,MinorAxisLength_shuffled_2,Perimeter,ShapeFactor1,ShapeFactor1_shuffled_1,ShapeFactor2,ShapeFactor2_shuffled_1,ShapeFactor2_shuffled_2,ShapeFactor3,ShapeFactor3_shuffled_1,ShapeFactor3_shuffled_2,ShapeFactor4,ShapeFactor4_shuffled_2,Solidity,Solidity_shuffled_1,Solidity_shuffled_2,roundness,roundness_shuffled_1,roundness_shuffled_2,synthetic_target_1,synthetic_target_2"
dry_beans_synthetic_target_2_noise,classification,36.24454355239868,0.8053617333822989,0.8054191084583776,0.805728455686732,0.805371427899536,0.969503400891771,-0.19463826661770112,-0.1945808915416224,38,"Area,Area_shuffled_1,AspectRation,AspectRation_shuffled_2,Class,Compactness,Compactness_shuffled_2,ConvexArea,ConvexArea_shuffled_1,Eccentricity,Eccentricity_shuffled_1,EquivDiameter,EquivDiameter_shuffled_1,Extent,Extent_shuffled_1,Extent_shuffled_2,MajorAxisLength,MajorAxisLength_shuffled_2,MinorAxisLength,MinorAxisLength_shuffled_2,Perimeter,ShapeFactor1,ShapeFactor1_shuffled_1,ShapeFactor2,ShapeFactor2_shuffled_1,ShapeFactor2_shuffled_2,ShapeFactor3,ShapeFactor3_shuffled_1,ShapeFactor3_shuffled_2,ShapeFactor4,ShapeFactor4_shuffled_2,Solidity,Solidity_shuffled_1,Solidity_shuffled_2,roundness,roundness_shuffled_1,roundness_shuffled_2,synthetic_target_1,synthetic_target_2"
dry_beans_synthetic_target_2_noise,classification,36.24454355239868,0.8049944913698127,0.8050255611295546,0.8053570487984683,0.8050115457947902,0.9689756444553312,-0.19500550863018729,-0.1949744388704454,39,"Area,Area_shuffled_1,Area_shuffled_2,AspectRation,AspectRation_shuffled_2,Class,Compactness,Compactness_shuffled_2,ConvexArea,ConvexArea_shuffled_1,Eccentricity,Eccentricity_shuffled_1,EquivDiameter,EquivDiameter_shuffled_1,Extent,Extent_shuffled_1,Extent_shuffled_2,MajorAxisLength,MajorAxisLength_shuffled_2,MinorAxisLength,MinorAxisLength_shuffled_2,Perimeter,ShapeFactor1,ShapeFactor1_shuffled_1,ShapeFactor2,ShapeFactor2_shuffled_1,ShapeFactor2_shuffled_2,ShapeFactor3,ShapeFactor3_shuffled_1,ShapeFactor3_shuffled_2,ShapeFactor4,ShapeFactor4_shuffled_2,Solidity,Solidity_shuffled_1,Solidity_shuffled_2,roundness,roundness_shuffled_1,roundness_shuffled_2,synthetic_target_1,synthetic_target_2"
dry_beans_synthetic_target_2_noise,classification,36.24454355239868,0.8060962174072714,0.8060507243270045,0.8063878253476559,0.8061273639987158,0.9688067804629547,-0.19390378259272856,-0.19394927567299547,40,"Area,Area_shuffled_1,Area_shuffled_2,AspectRation,AspectRation_shuffled_2,Class,Compactness,Compactness_shuffled_2,ConvexArea,ConvexArea_shuffled_1,Eccentricity,Eccentricity_shuffled_1,EquivDiameter,EquivDiameter_shuffled_1,Extent,Extent_shuffled_1,Extent_shuffled_2,MajorAxisLength,MajorAxisLength_shuffled_2,MinorAxisLength,MinorAxisLength_shuffled_2,Perimeter,Perimeter_shuffled_2,ShapeFactor1,ShapeFactor1_shuffled_1,ShapeFactor2,ShapeFactor2_shuffled_1,ShapeFactor2_shuffled_2,ShapeFactor3,ShapeFactor3_shuffled_1,ShapeFactor3_shuffled_2,ShapeFactor4,ShapeFactor4_shuffled_2,Solidity,Solidity_shuffled_1,Solidity_shuffled_2,roundness,roundness_shuffled_1,roundness_shuffled_2,synthetic_target_1,synthetic_target_2"
dry_beans_synthetic_target_2_clean,classification,13.887987852096558,0.48733015056922513,0.4860943802589784,0.5069037408457524,0.4873038395071249,0.8415343495997728,-0.04104971717508055,-0.0365489249909689,1,"ConvexArea,synthetic_target_2"
dry_beans_synthetic_target_2_clean,classification,13.887987852096558,0.6437752478883584,0.6425709442698355,0.6421964863437577,0.6438600816613659,0.9324641239276232,-0.0017060158882764576,-0.0016173559054468711,2,"ConvexArea,ShapeFactor4,synthetic_target_2"
dry_beans_synthetic_target_2_clean,classification,13.887987852096558,0.6606683804627249,0.660088313084423,0.6605477878443645,0.6607605068778296,0.9399848285078359,-0.013100906826033376,-0.013038439936685298,3,"ConvexArea,Perimeter,ShapeFactor4,synthetic_target_2"
dry_beans_synthetic_target_2_clean,classification,13.887987852096558,0.6628718325376423,0.6621336895217499,0.6627108043279826,0.6629516927943219,0.9420200686528705,-0.030460276205928616,-0.030266230802853067,4,"ConvexArea,Perimeter,ShapeFactor1,ShapeFactor4,synthetic_target_2"
dry_beans_synthetic_target_2_clean,classification,13.887987852096558,0.6573632023503488,0.6560951952133023,0.656084668828498,0.6574307144227781,0.9416850857792031,-0.07123709155119418,-0.0718578707996933,5,"ConvexArea,Perimeter,ShapeFactor1,ShapeFactor4,roundness,synthetic_target_2"
dry_beans_synthetic_target_2_clean,classification,13.887987852096558,0.6562614763128902,0.6548268036733967,0.6549670421344352,0.656278417160566,0.9404955892400695,-0.12827195498762411,-0.12906090477843846,6,"ConvexArea,Perimeter,ShapeFactor1,ShapeFactor4,Solidity,roundness,synthetic_target_2"
dry_beans_synthetic_target_2_clean,classification,13.887987852096558,0.6569959603378627,0.655007471890056,0.6555453161397222,0.6570173286206028,0.9395033450704174,-0.180531592931792,-0.1813620137872971,7,"ConvexArea,EquivDiameter,Perimeter,ShapeFactor1,ShapeFactor4,Solidity,roundness,synthetic_target_2"
dry_beans_synthetic_target_2_clean,classification,13.887987852096558,0.821520381931693,0.8214888302316978,0.8218417659937689,0.8215215196190967,0.9724932967206641,-0.13568020587139296,-0.13567269197836074,8,"ConvexArea,EquivDiameter,Extent,Perimeter,ShapeFactor1,ShapeFactor4,Solidity,roundness,synthetic_target_2"
dry_beans_synthetic_target_2_clean,classification,13.887987852096558,0.8281307381564451,0.8284379530231671,0.8290780308517165,0.8281360101467449,0.9746440979211715,-0.1349478805063029,-0.1346258730881965,9,"ConvexArea,EquivDiameter,Extent,Perimeter,ShapeFactor1,ShapeFactor2,ShapeFactor4,Solidity,roundness,synthetic_target_2"
dry_beans_synthetic_target_2_clean,classification,13.887987852096558,0.824825560044069,0.8249594004206324,0.8255784662110927,0.8248240473182811,0.9744015703101755,-0.1217210968258795,-0.12155962709840151,10,"Area,ConvexArea,EquivDiameter,Extent,Perimeter,ShapeFactor1,ShapeFactor2,ShapeFactor4,Solidity,roundness,synthetic_target_2"
dry_beans_synthetic_target_2_clean,classification,13.887987852096558,0.8211531399192068,0.8211377711006227,0.8214960424256798,0.8211477302548084,0.9735177572367515,-0.09471754340188066,-0.09467885171697421,11,"Area,ConvexArea,EquivDiameter,Extent,MajorAxisLength,Perimeter,ShapeFactor1,ShapeFactor2,ShapeFactor4,Solidity,roundness,synthetic_target_2"
dry_beans_synthetic_target_2_clean,classification,13.887987852096558,0.8193169298567756,0.8192907448203913,0.819725214270596,0.8193066279541593,0.9727160833293577,-0.11005485559509798,-0.11003481684782579,12,"Area,ConvexArea,EquivDiameter,Extent,MajorAxisLength,MinorAxisLength,Perimeter,ShapeFactor1,ShapeFactor2,ShapeFactor4,Solidity,roundness,synthetic_target_2"
dry_beans_synthetic_target_2_clean,classification,13.887987852096558,0.8138082996694822,0.8138769544716418,0.814332464464613,0.8138223466631265,0.9722044766923956,-0.10389926829524965,-0.10374635246764508,13,"Area,ConvexArea,EquivDiameter,Extent,MajorAxisLength,MinorAxisLength,Perimeter,ShapeFactor1,ShapeFactor2,ShapeFactor4,Solidity,roundness,synthetic_target_1,synthetic_target_2"
dry_beans_synthetic_target_2_clean,classification,13.887987852096558,0.8101358795446199,0.8101158599540234,0.8107043291809559,0.8101470918171454,0.9706105734257059,-0.09508087284333022,-0.09500821200311926,14,"Area,ConvexArea,EquivDiameter,Extent,MajorAxisLength,MinorAxisLength,Perimeter,ShapeFactor1,ShapeFactor2,ShapeFactor3,ShapeFactor4,Solidity,roundness,synthetic_target_1,synthetic_target_2"
dry_beans_synthetic_target_2_clean,classification,13.887987852096558,0.8251928020565553,0.8253807632724318,0.8257997546746706,0.8252090989403074,0.9733300743355141,-0.12631344335123307,-0.1260997454934455,15,"Area,Compactness,ConvexArea,EquivDiameter,Extent,MajorAxisLength,MinorAxisLength,Perimeter,ShapeFactor1,ShapeFactor2,ShapeFactor3,ShapeFactor4,Solidity,roundness,synthetic_target_1,synthetic_target_2"
dry_beans_synthetic_target_2_clean,classification,13.887987852096558,0.8237238340066103,0.8240454140864667,0.8248629336357177,0.8237326650841906,0.9736697803710842,-0.13577285960103114,-0.13543496488005402,16,"Area,Compactness,ConvexArea,Eccentricity,EquivDiameter,Extent,MajorAxisLength,MinorAxisLength,Perimeter,ShapeFactor1,ShapeFactor2,ShapeFactor3,ShapeFactor4,Solidity,roundness,synthetic_target_1,synthetic_target_2"
dry_beans_synthetic_target_2_clean,classification,13.887987852096558,0.8079324274697025,0.8080831760960712,0.8085524541921849,0.807936863318152,0.9724254588382182,-0.13742025438187722,-0.13722710432104213,17,"Area,AspectRation,Compactness,ConvexArea,Eccentricity,EquivDiameter,Extent,MajorAxisLength,MinorAxisLength,Perimeter,ShapeFactor1,ShapeFactor2,ShapeFactor3,ShapeFactor4,Solidity,roundness,synthetic_target_1,synthetic_target_2"
mice_protein_synthetic_target_1_noise,classification,4.2103540897369385,0.125,0.1264297625548333,0.13629362422967073,0.12578042328042327,0.5370585550558136,-0.22106481481481483,-0.21542265356063683,1,"RSK_N,synthetic_target_1"
mice_protein_synthetic_target_1_noise,classification,4.2103540897369385,0.19907407407407407,0.19296196181406397,0.19180399384918834,0.19869708994708993,0.6209530784380799,-0.5983796296296297,-0.6042525439588502,2,"APP_N,RSK_N,synthetic_target_1"
mice_protein_synthetic_target_1_noise,classification,4.2103540897369385,0.25,0.24409570608660064,0.24234708944229183,0.24962301587301586,0.6674976519607307,-0.7083333333333334,-0.7141422630841805,3,"APP_N,RSK_N,pNR2A_N,synthetic_target_1"
mice_protein_synthetic_target_1_noise,classification,4.2103540897369385,0.2824074074074074,0.28557083921403137,0.29355248917748916,0.28194444444444444,0.7098626434103453,-0.4074074074074074,-0.4035293113586581,4,"APP_N,RSK_N,pBRAF_N,pNR2A_N,synthetic_target_1"
mice_protein_synthetic_target_1_noise,classification,4.2103540897369385,0.3101851851851852,0.3079927992752507,0.30797366426676775,0.3100925925925926,0.7231026579323461,-0.681712962962963,-0.6838830695430513,5,"APP_N,RSK_N,pBRAF_N,pMEK_N,pNR2A_N,synthetic_target_1"
mice_protein_synthetic_target_1_noise,classification,4.2103540897369385,0.3287037037037037,0.32202249869961025,0.3190829971346744,0.32787037037037037,0.7484055932951632,-0.6712962962962963,-0.6779775013003897,6,"APP_N,DYRK1A_N,RSK_N,pBRAF_N,pMEK_N,pNR2A_N,synthetic_target_1"
mice_protein_synthetic_target_1_noise,classification,4.2103540897369385,0.3333333333333333,0.3228256779679827,0.31884203189865884,0.33233465608465607,0.7630006518648339,-0.4293981481481482,-0.4392881634707973,7,"APP_N,DYRK1A_N,MTOR_N,RSK_N,pBRAF_N,pMEK_N,pNR2A_N,synthetic_target_1"
mice_protein_synthetic_target_1_noise,classification,4.2103540897369385,0.3287037037037037,0.31031867414345754,0.30148248270920047,0.32679894179894176,0.7567301810876298,-0.599537037037037,-0.6182564004094031,8,"APP_N,CAMKII_N,DYRK1A_N,MTOR_N,RSK_N,pBRAF_N,pMEK_N,pNR2A_N,synthetic_target_1"
mice_protein_synthetic_target_1_noise,classification,4.2103540897369385,0.33796296296296297,0.33692351397561293,0.3373713738368911,0.3377050264550264,0.7727109692896784,-0.662037037037037,-0.6630764860243871,9,"APP_N,CAMKII_N,DYRK1A_N,MTOR_N,RSK_N,pBRAF_N,pMEK_N,pNR2A_N,pRSK_N,synthetic_target_1"
mice_protein_synthetic_target_1_noise,classification,4.2103540897369385,0.3287037037037037,0.32205491876544506,0.31962301587301584,0.32733465608465606,0.7326287712293513,-0.6712962962962963,-0.6779450812345549,10,"APP_N,CAMKII_N,DYRK1A_N,MTOR_N,RSK_N,pBRAF_N,pMEK_N,pNR2A_N,pNUMB_N,pRSK_N,synthetic_target_1"
mice_protein_synthetic_target_1_noise,classification,4.2103540897369385,0.4027777777777778,0.3968226583358162,0.3937233169129721,0.4016534391534391,0.7896184564128557,-0.5972222222222222,-0.6031773416641838,11,"APP_N,BRAF_N,CAMKII_N,DYRK1A_N,MTOR_N,RSK_N,pBRAF_N,pMEK_N,pNR2A_N,pNUMB_N,pRSK_N,synthetic_target_1"
mice_protein_synthetic_target_1_noise,classification,4.2103540897369385,0.375,0.36854596992508726,0.3661300294468039,0.37350529100529095,0.7850825160747856,-0.6215277777777778,-0.6280187058431784,12,"APP_N,BRAF_N,CAMKII_N,CaNA_N,DYRK1A_N,MTOR_N,RSK_N,pBRAF_N,pMEK_N,pNR2A_N,pNUMB_N,pRSK_N,synthetic_target_1"
mice_protein_synthetic_target_1_noise,classification,4.2103540897369385,0.41203703703703703,0.4054272196513576,0.40342126640096604,0.41111772486772485,0.7973194343333063,-0.587962962962963,-0.5945727803486425,13,"APP_N,BRAF_N,CAMKII_N,CaNA_N,DYRK1A_N,MTOR_N,RSK_N,pBRAF_N,pCREB_N,pMEK_N,pNR2A_N,pNUMB_N,pRSK_N,synthetic_target_1"
mice_protein_synthetic_target_1_noise,classification,4.2103540897369385,0.41203703703703703,0.40560820249997076,0.40554728835978837,0.41107804232804235,0.7912181528009361,-0.587962962962963,-0.5943917975000292,14,"APP_N,BRAF_N,CAMKII_N,CaNA_N,DYRK1A_N,MTOR_N,PKCA_N,RSK_N,pBRAF_N,pCREB_N,pMEK_N,pNR2A_N,pNUMB_N,pRSK_N,synthetic_target_1"
mice_protein_synthetic_target_1_noise,classification,4.2103540897369385,0.3611111111111111,0.3534853915138643,0.3508522727272727,0.35937169312169315,0.7875191938759558,-0.619212962962963,-0.6268632320925125,15,"APP_N,BRAF_N,CAMKII_N,CREB_N,CaNA_N,DYRK1A_N,MTOR_N,PKCA_N,RSK_N,pBRAF_N,pCREB_N,pMEK_N,pNR2A_N,pNUMB_N,pRSK_N,synthetic_target_1"
mice_protein_synthetic_target_1_noise,classification,4.2103540897369385,0.4074074074074074,0.3871877992568316,0.3779549009724593,0.40541666666666665,0.8001182231608677,-0.5925925925925926,-0.6128122007431684,16,"APP_N,BRAF_N,CAMKII_N,CREB_N,CaNA_N,DYRK1A_N,MTOR_N,P38_N,PKCA_N,RSK_N,pBRAF_N,pCREB_N,pMEK_N,pNR2A_N,pNUMB_N,pRSK_N,synthetic_target_1"
mice_protein_synthetic_target_1_noise,classification,4.2103540897369385,0.36574074074074076,0.3607509264220382,0.360223063973064,0.3653571428571428,0.7876321404444406,-0.6087962962962963,-0.6138092619394774,17,"APP_N,BRAF_N,CAMKII_N,CREB_N,CaNA_N,DYRK1A_N,MTOR_N,P38_N,PKCA_N,RSK_N,pBRAF_N,pCREB_N,pMEK_N,pNR2A_N,pNUMB_N,pPKCAB_N,pRSK_N,synthetic_target_1"
mice_protein_synthetic_target_1_noise,classification,4.2103540897369385,0.375,0.3693152045488368,0.371399303097718,0.3733399470899471,0.789675428821125,-0.625,-0.6306847954511632,18,"ADARB1_N,APP_N,BRAF_N,CAMKII_N,CREB_N,CaNA_N,DYRK1A_N,MTOR_N,P38_N,PKCA_N,RSK_N,pBRAF_N,pCREB_N,pMEK_N,pNR2A_N,pNUMB_N,pPKCAB_N,pRSK_N,synthetic_target_1"
mice_protein_synthetic_target_1_noise,classification,4.2103540897369385,0.36574074074074076,0.3608240604306529,0.3616845538720539,0.36502645502645503,0.7898605540230175,-0.6342592592592593,-0.639175939569347,19,"ADARB1_N,AMPKA_N,APP_N,BRAF_N,CAMKII_N,CREB_N,CaNA_N,DYRK1A_N,MTOR_N,P38_N,PKCA_N,RSK_N,pBRAF_N,pCREB_N,pMEK_N,pNR2A_N,pNUMB_N,pPKCAB_N,pRSK_N,synthetic_target_1"
mice_protein_synthetic_target_1_noise,classification,4.2103540897369385,0.3148148148148148,0.3068894737287308,0.30433340106992,0.3131547619047619,0.7819914675870779,-0.6851851851851851,-0.6931105262712691,20,"ADARB1_N,AMPKA_N,APP_N,BRAF_N,CAMKII_N,CREB_N,CaNA_N,DYRK1A_N,MTOR_N,NR2B_N,P38_N,PKCA_N,RSK_N,pBRAF_N,pCREB_N,pMEK_N,pNR2A_N,pNUMB_N,pPKCAB_N,pRSK_N,synthetic_target_1"
mice_protein_synthetic_target_1_noise,classification,4.2103540897369385,0.36574074074074076,0.3612452089863169,0.362341369665442,0.36441137566137566,0.7681995101027446,-0.6342592592592593,-0.638754791013683,21,"ADARB1_N,AKT_N,AMPKA_N,APP_N,BRAF_N,CAMKII_N,CREB_N,CaNA_N,DYRK1A_N,MTOR_N,NR2B_N,P38_N,PKCA_N,RSK_N,pBRAF_N,pCREB_N,pMEK_N,pNR2A_N,pNUMB_N,pPKCAB_N,pRSK_N,synthetic_target_1"
mice_protein_synthetic_target_1_noise,classification,4.2103540897369385,0.3333333333333333,0.3230873316364855,0.31901893633418243,0.33212962962962966,0.7751949599924195,-0.6666666666666667,-0.6769126683635145,22,"ADARB1_N,AKT_N,AMPKA_N,APP_N,BRAF_N,CAMKII_N,CREB_N,CaNA_N,DYRK1A_N,MTOR_N,NR2B_N,P38_N,PKCA_N,RSK_N,pBRAF_N,pCREB_N,pELK_N,pMEK_N,pNR2A_N,pNUMB_N,pPKCAB_N,pRSK_N,synthetic_target_1"
mice_protein_synthetic_target_1_noise,classification,4.2103540897369385,0.3194444444444444,0.31056022876813316,0.3089433778681744,0.318776455026455,0.7309675426249341,-0.6805555555555556,-0.6894397712318668,23,"ADARB1_N,AKT_N,AMPKA_N,APP_N,BRAF_N,CAMKII_N,CREB_N,CaNA_N,DYRK1A_N,H3MeK4_N,MTOR_N,NR2B_N,P38_N,PKCA_N,RSK_N,pBRAF_N,pCREB_N,pELK_N,pMEK_N,pNR2A_N,pNUMB_N,pPKCAB_N,pRSK_N,synthetic_target_1"
mice_protein_synthetic_target_1_noise,classification,4.2103540897369385,0.3472222222222222,0.34225345532756546,0.34107277056361723,0.3459325396825397,0.7736511697725748,-0.6527777777777778,-0.6577465446724345,24,"ADARB1_N,AKT_N,AMPKA_N,APP_N,BRAF_N,CAMKII_N,CREB_N,CaNA_N,DYRK1A_N,H3MeK4_N,IL1B_N,MTOR_N,NR2B_N,P38_N,PKCA_N,RSK_N,pBRAF_N,pCREB_N,pELK_N,pMEK_N,pNR2A_N,pNUMB_N,pPKCAB_N,pRSK_N,synthetic_target_1"
mice_protein_synthetic_target_1_noise,classification,4.2103540897369385,0.375,0.36518192011883,0.3608014453695828,0.37441137566137567,0.7891757461165754,-0.625,-0.63481807988117,25,"ADARB1_N,AKT_N,AMPKA_N,APP_N,BRAF_N,CAMKII_N,CREB_N,CaNA_N,DYRK1A_N,H3MeK4_N,IL1B_N,MTOR_N,NR2B_N,P38_N,PKCA_N,RSK_N,SOD1_N,pBRAF_N,pCREB_N,pELK_N,pMEK_N,pNR2A_N,pNUMB_N,pPKCAB_N,pRSK_N,synthetic_target_1"
mice_protein_synthetic_target_1_noise,classification,4.2103540897369385,0.37962962962962965,0.37649126496109253,0.37728857569423174,0.3792460317460317,0.7877835771041246,-0.6203703703703703,-0.6235087350389075,26,"ADARB1_N,AKT_N,AMPKA_N,APP_N,BRAF_N,CAMKII_N,CREB_N,CaNA_N,DYRK1A_N,H3MeK4_N,IL1B_N,MEK_N,MTOR_N,NR2B_N,P38_N,PKCA_N,RSK_N,SOD1_N,pBRAF_N,pCREB_N,pELK_N,pMEK_N,pNR2A_N,pNUMB_N,pPKCAB_N,pRSK_N,synthetic_target_1"
mice_protein_synthetic_target_1_noise,classification,4.2103540897369385,0.38425925925925924,0.37645570442678833,0.37361801681623413,0.38276455026455025,0.7777775949627819,-0.613425925925926,-0.6212344932528651,27,"ADARB1_N,AKT_N,AMPKA_N,APP_N,BRAF_N,Bcatenin_N,CAMKII_N,CREB_N,CaNA_N,DYRK1A_N,H3MeK4_N,IL1B_N,MEK_N,MTOR_N,NR2B_N,P38_N,PKCA_N,RSK_N,SOD1_N,pBRAF_N,pCREB_N,pELK_N,pMEK_N,pNR2A_N,pNUMB_N,pPKCAB_N,pRSK_N,synthetic_target_1"
mice_protein_synthetic_target_1_noise,classification,4.2103540897369385,0.37037037037037035,0.3600634447930591,0.3539985520402358,0.36924603174603177,0.7921848701422634,-0.6296296296296297,-0.6399365552069409,28,"ADARB1_N,AKT_N,AMPKA_N,APP_N,BRAF_N,Bcatenin_N,CAMKII_N,CREB_N,CaNA_N,DYRK1A_N,GSK3B_N,H3MeK4_N,IL1B_N,MEK_N,MTOR_N,NR2B_N,P38_N,PKCA_N,RSK_N,SOD1_N,pBRAF_N,pCREB_N,pELK_N,pMEK_N,pNR2A_N,pNUMB_N,pPKCAB_N,pRSK_N,synthetic_target_1"
mice_protein_synthetic_target_1_noise,classification,4.2103540897369385,0.39814814814814814,0.39022788479582826,0.39000971356284453,0.3975595238095238,0.7857514985358647,-0.5868055555555556,-0.5946478800959356,29,"ADARB1_N,AKT_N,AMPKA_N,APP_N,BRAF_N,Bcatenin_N,CAMKII_N,CREB_N,CaNA_N,DYRK1A_N,GSK3B_N,H3MeK4_N,IL1B_N,MEK_N,MTOR_N,NR2B_N,P38_N,PKCA_N,RSK_N,SOD1_N,pBRAF_N,pCASP9_N,pCREB_N,pELK_N,pMEK_N,pNR2A_N,pNUMB_N,pPKCAB_N,pRSK_N,synthetic_target_1"
mice_protein_synthetic_target_1_noise,classification,4.2103540897369385,0.375,0.3635854046899254,0.3582049361645079,0.37457671957671956,0.7872921617454198,-0.5636574074074074,-0.5749298630305721,30,"ADARB1_N,AKT_N,AMPKA_N,APP_N,BRAF_N,Bcatenin_N,CAMKII_N,CREB_N,CaNA_N,DYRK1A_N,GSK3B_N,H3MeK4_N,IL1B_N,MEK_N,MTOR_N,NR2B_N,P38_N,PKCA_N,RSK_N,SOD1_N,Ubiquitin_N,pBRAF_N,pCASP9_N,pCREB_N,pELK_N,pMEK_N,pNR2A_N,pNUMB_N,pPKCAB_N,pRSK_N,synthetic_target_1"
mice_protein_synthetic_target_1_noise,classification,4.2103540897369385,0.375,0.3651227506471272,0.36156702026509857,0.37350529100529095,0.7762074770982657,-0.5034722222222222,-0.5131824296855647,31,"ADARB1_N,AKT_N,AMPKA_N,APP_N,BRAF_N,Bcatenin_N,CAMKII_N,CREB_N,CaNA_N,DYRK1A_N,GSK3B_N,H3MeK4_N,IL1B_N,MEK_N,MTOR_N,NR1_N,NR2B_N,P38_N,PKCA_N,RSK_N,SOD1_N,Ubiquitin_N,pBRAF_N,pCASP9_N,pCREB_N,pELK_N,pMEK_N,pNR2A_N,pNUMB_N,pPKCAB_N,pRSK_N,synthetic_target_1"
mice_protein_synthetic_target_1_noise,classification,4.2103540897369385,0.39351851851851855,0.3844974406207242,0.38096913167477686,0.3936706349206349,0.793870418925935,-0.6041666666666667,-0.6131355166717818,32,"ADARB1_N,AKT_N,AMPKA_N,APP_N,BRAF_N,Bcatenin_N,CAMKII_N,CREB_N,CaNA_N,DYRK1A_N,GSK3B_N,H3MeK4_N,IL1B_N,MEK_N,MTOR_N,NR1_N,NR2B_N,P38_N,PKCA_N,RSK_N,S6_N,SOD1_N,Ubiquitin_N,pBRAF_N,pCASP9_N,pCREB_N,pELK_N,pMEK_N,pNR2A_N,pNUMB_N,pPKCAB_N,pRSK_N,synthetic_target_1"
mice_protein_synthetic_target_1_noise,classification,4.2103540897369385,0.37962962962962965,0.3753545305269443,0.37544531305775686,0.37887566137566137,0.7810890458070379,-0.6203703703703703,-0.6246454694730557,33,"ADARB1_N,AKT_N,AMPKA_N,APP_N,BRAF_N,Bcatenin_N,CAMKII_N,CREB_N,CaNA_N,DYRK1A_N,ELK_N,GSK3B_N,H3MeK4_N,IL1B_N,MEK_N,MTOR_N,NR1_N,NR2B_N,P38_N,PKCA_N,RSK_N,S6_N,SOD1_N,Ubiquitin_N,pBRAF_N,pCASP9_N,pCREB_N,pELK_N,pMEK_N,pNR2A_N,pNUMB_N,pPKCAB_N,pRSK_N,synthetic_target_1"
mice_protein_synthetic_target_1_noise,classification,4.2103540897369385,0.39351851851851855,0.382918073175632,0.3783399470899471,0.3929298941798942,0.784049357915042,-0.5960648148148149,-0.6066774853160423,34,"ADARB1_N,AKT_N,AMPKA_N,APP_N,BRAF_N,Bcatenin_N,CAMKII_N,CREB_N,CaNA_N,DSCR1_N,DYRK1A_N,ELK_N,GSK3B_N,H3MeK4_N,IL1B_N,MEK_N,MTOR_N,NR1_N,NR2B_N,P38_N,PKCA_N,RSK_N,S6_N,SOD1_N,Ubiquitin_N,pBRAF_N,pCASP9_N,pCREB_N,pELK_N,pMEK_N,pNR2A_N,pNUMB_N,pPKCAB_N,pRSK_N,synthetic_target_1"
mice_protein_synthetic_target_1_noise,classification,4.2103540897369385,0.39351851851851855,0.38777500207341786,0.388833259418632,0.39330026455026457,0.7956466980300496,-0.6064814814814814,-0.6122249979265821,35,"ADARB1_N,AKT_N,AMPKA_N,APP_N,BRAF_N,Bcatenin_N,CAMKII_N,CREB_N,CaNA_N,DSCR1_N,DYRK1A_N,ELK_N,GSK3B_N,H3MeK4_N,IL1B_N,MEK_N,MTOR_N,NR1_N,NR2B_N,P38_N,PKCA_N,RSK_N,S6_N,SOD1_N,Ubiquitin_N,pBRAF_N,pCASP9_N,pCREB_N,pELK_N,pMEK_N,pNR2A_N,pNR2B_N,pNUMB_N,pPKCAB_N,pRSK_N,synthetic_target_1"
mice_protein_synthetic_target_1_noise,classification,4.2103540897369385,0.38425925925925924,0.3777848977714885,0.3762834393814998,0.38474206349206347,0.7761304975298208,-0.6157407407407407,-0.6222151022285115,36,"ADARB1_N,AKT_N,AMPKA_N,APP_N,BRAF_N,Bcatenin_N,CAMKII_N,CREB_N,CaNA_N,DSCR1_N,DYRK1A_N,ELK_N,GSK3B_N,H3MeK4_N,IL1B_N,MEK_N,MTOR_N,NR1_N,NR2B_N,P38_N,PKCA_N,PSD95_N,RSK_N,S6_N,SOD1_N,Ubiquitin_N,pBRAF_N,pCASP9_N,pCREB_N,pELK_N,pMEK_N,pNR2A_N,pNR2B_N,pNUMB_N,pPKCAB_N,pRSK_N,synthetic_target_1"
mice_protein_synthetic_target_1_noise,classification,4.2103540897369385,0.375,0.36169326969176524,0.363132066394934,0.37457671957671956,0.7701121859683284,-0.5983796296296297,-0.6116638803190784,37,"ADARB1_N,AKT_N,AMPKA_N,APP_N,BRAF_N,Bcatenin_N,CAMKII_N,CREB_N,CaNA_N,DSCR1_N,DYRK1A_N,ELK_N,GSK3B_N,H3MeK4_N,IL1B_N,MEK_N,MTOR_N,NR1_N,NR2B_N,P38_N,PKCA_N,PSD95_N,RSK_N,S6_N,SOD1_N,Ubiquitin_N,pBRAF_N,pCASP9_N,pCREB_N,pELK_N,pMEK_N,pNR2A_N,pNR2B_N,pNUMB_N,pPKCAB_N,pPKCG_N,pRSK_N,synthetic_target_1"
mice_protein_synthetic_target_1_noise,classification,4.2103540897369385,0.3425925925925926,0.3298662743113516,0.3230586124524819,0.3414285714285714,0.7749432500613245,-0.6574074074074074,-0.6701337256886484,38,"ADARB1_N,AKT_N,AMPKA_N,APP_N,BRAF_N,Bcatenin_N,CAMKII_N,CREB_N,CaNA_N,DSCR1_N,DYRK1A_N,ELK_N,GSK3B_N,H3MeK4_N,IL1B_N,MEK_N,MTOR_N,NR1_N,NR2B_N,P38_N,PKCA_N,PSD95_N,RSK_N,S6_N,SOD1_N,Ubiquitin_N,pBRAF_N,pCAMKII_N,pCASP9_N,pCREB_N,pELK_N,pMEK_N,pNR2A_N,pNR2B_N,pNUMB_N,pPKCAB_N,pPKCG_N,pRSK_N,synthetic_target_1"
mice_protein_synthetic_target_1_noise,classification,4.2103540897369385,0.375,0.3680799673274299,0.3683489995310647,0.37404100529100526,0.7825856819551766,-0.6122685185185185,-0.6191035499037549,39,"ADARB1_N,AKT_N,AMPKA_N,APP_N,BRAF_N,Bcatenin_N,CAMKII_N,CREB_N,CaNA_N,DSCR1_N,DYRK1A_N,ELK_N,GSK3B_N,H3MeK4_N,IL1B_N,MEK_N,MTOR_N,NR1_N,NR2B_N,P38_N,PKCA_N,PSD95_N,RSK_N,S6_N,SOD1_N,Ubiquitin_N,pBRAF_N,pCAMKII_N,pCASP9_N,pCREB_N,pELK_N,pMEK_N,pNR2A_N,pNR2B_N,pNUMB_N,pP70S6_N,pPKCAB_N,pPKCG_N,pRSK_N,synthetic_target_1"
mice_protein_synthetic_target_1_noise,classification,4.2103540897369385,0.35648148148148145,0.34625154042723705,0.3408112610361486,0.35638888888888887,0.7747264326427886,-0.6435185185185186,-0.653748459572763,40,"ADARB1_N,AKT_N,AMPKA_N,APP_N,BDNF_N,BRAF_N,Bcatenin_N,CAMKII_N,CREB_N,CaNA_N,DSCR1_N,DYRK1A_N,ELK_N,GSK3B_N,H3MeK4_N,IL1B_N,MEK_N,MTOR_N,NR1_N,NR2B_N,P38_N,PKCA_N,PSD95_N,RSK_N,S6_N,SOD1_N,Ubiquitin_N,pBRAF_N,pCAMKII_N,pCASP9_N,pCREB_N,pELK_N,pMEK_N,pNR2A_N,pNR2B_N,pNUMB_N,pP70S6_N,pPKCAB_N,pPKCG_N,pRSK_N,synthetic_target_1"
mice_protein_synthetic_target_1_clean,classification,3.983494997024536,0.125,0.1264297625548333,0.13629362422967073,0.12578042328042327,0.5370585550558136,-0.22106481481481483,-0.21542265356063683,1,"RSK_N,synthetic_target_1"
mice_protein_synthetic_target_1_clean,classification,3.983494997024536,0.19907407407407407,0.19296196181406397,0.19180399384918834,0.19869708994708993,0.6209530784380799,-0.5983796296296297,-0.6042525439588502,2,"APP_N,RSK_N,synthetic_target_1"
mice_protein_synthetic_target_1_clean,classification,3.983494997024536,0.25,0.24409570608660064,0.24234708944229183,0.24962301587301586,0.6674976519607307,-0.7083333333333334,-0.7141422630841805,3,"APP_N,RSK_N,pNR2A_N,synthetic_target_1"
mice_protein_synthetic_target_1_clean,classification,3.983494997024536,0.2824074074074074,0.28557083921403137,0.29355248917748916,0.28194444444444444,0.7098626434103453,-0.4074074074074074,-0.4035293113586581,4,"APP_N,RSK_N,pBRAF_N,pNR2A_N,synthetic_target_1"
mice_protein_synthetic_target_1_clean,classification,3.983494997024536,0.2916666666666667,0.2849572507391654,0.2847902009044087,0.2911640211640212,0.7273966906244016,-0.7060185185185186,-0.7127198458219652,5,"APP_N,RSK_N,pBRAF_N,pNR2A_N,pNUMB_N,synthetic_target_1"
mice_protein_synthetic_target_1_clean,classification,3.983494997024536,0.2962962962962963,0.28051352538781815,0.2761676731319536,0.29468253968253966,0.7247125578175363,-0.3217592592592593,-0.3341195199518322,6,"APP_N,RSK_N,pBRAF_N,pNR2A_N,pNUMB_N,pRSK_N,synthetic_target_1"
mice_protein_synthetic_target_1_clean,classification,3.983494997024536,0.3472222222222222,0.34181841485595343,0.3393752145112352,0.34589285714285717,0.7566355558506901,-0.6527777777777778,-0.6581815851440466,7,"APP_N,CAMKII_N,RSK_N,pBRAF_N,pNR2A_N,pNUMB_N,pRSK_N,synthetic_target_1"
mice_protein_synthetic_target_1_clean,classification,3.983494997024536,0.36574074074074076,0.3490457777591992,0.3417906594821002,0.3630092592592593,0.7669287283851948,-0.6342592592592593,-0.6509542222408008,8,"APP_N,CAMKII_N,P38_N,RSK_N,pBRAF_N,pNR2A_N,pNUMB_N,pRSK_N,synthetic_target_1"
mice_protein_synthetic_target_1_clean,classification,3.983494997024536,0.38425925925925924,0.380862642485102,0.3826397743210506,0.38296957671957677,0.783446225662405,-0.6157407407407407,-0.619137357514898,9,"APP_N,CAMKII_N,DYRK1A_N,P38_N,RSK_N,pBRAF_N,pNR2A_N,pNUMB_N,pRSK_N,synthetic_target_1"
mice_protein_synthetic_target_1_clean,classification,3.983494997024536,0.38425925925925924,0.3787551985610657,0.3787945228217739,0.38243386243386246,0.7903491417762676,-0.6076388888888888,-0.6132216688645173,10,"APP_N,CAMKII_N,CaNA_N,DYRK1A_N,P38_N,RSK_N,pBRAF_N,pNR2A_N,pNUMB_N,pRSK_N,synthetic_target_1"
mice_protein_synthetic_target_1_clean,classification,3.983494997024536,0.37962962962962965,0.37192008167027124,0.372660311637572,0.37743386243386245,0.7969291414874636,-0.6203703703703703,-0.6280799183297288,11,"APP_N,CAMKII_N,CaNA_N,DYRK1A_N,MTOR_N,P38_N,RSK_N,pBRAF_N,pNR2A_N,pNUMB_N,pRSK_N,synthetic_target_1"
mice_protein_synthetic_target_1_clean,classification,3.983494997024536,0.37962962962962965,0.3705006110993068,0.37159763360421255,0.37763888888888886,0.79605901501777,-0.6203703703703703,-0.6294993889006932,12,"APP_N,CAMKII_N,CaNA_N,DYRK1A_N,MTOR_N,P38_N,RSK_N,pBRAF_N,pCREB_N,pNR2A_N,pNUMB_N,pRSK_N,synthetic_target_1"
mice_protein_synthetic_target_1_clean,classification,3.983494997024536,0.3333333333333333,0.3287018763168872,0.32949585137085136,0.3320039682539683,0.7738534517173911,-0.662037037037037,-0.6666759659335952,13,"APP_N,CAMKII_N,CaNA_N,DYRK1A_N,JNK_N,MTOR_N,P38_N,RSK_N,pBRAF_N,pCREB_N,pNR2A_N,pNUMB_N,pRSK_N,synthetic_target_1"
mice_protein_synthetic_target_1_clean,classification,3.983494997024536,0.3611111111111111,0.35604255409215624,0.36014987337567983,0.3596560846560847,0.7799355606575396,-0.6388888888888888,-0.6439574459078438,14,"APP_N,CAMKII_N,CaNA_N,DYRK1A_N,JNK_N,MTOR_N,P38_N,RSK_N,pBRAF_N,pCREB_N,pMEK_N,pNR2A_N,pNUMB_N,pRSK_N,synthetic_target_1"
mice_protein_synthetic_target_1_clean,classification,3.983494997024536,0.36574074074074076,0.35623681556477615,0.35674470763910415,0.36284391534391536,0.7868449852008195,-0.6342592592592593,-0.6437631844352238,15,"APP_N,CAMKII_N,CaNA_N,DYRK1A_N,JNK_N,MTOR_N,P38_N,PKCA_N,RSK_N,pBRAF_N,pCREB_N,pMEK_N,pNR2A_N,pNUMB_N,pRSK_N,synthetic_target_1"
mice_protein_synthetic_target_1_clean,classification,3.983494997024536,0.41203703703703703,0.3974436903958327,0.3902434680768859,0.4093055555555556,0.792022107670983,-0.587962962962963,-0.6025563096041673,16,"APP_N,BRAF_N,CAMKII_N,CaNA_N,DYRK1A_N,JNK_N,MTOR_N,P38_N,PKCA_N,RSK_N,pBRAF_N,pCREB_N,pMEK_N,pNR2A_N,pNUMB_N,pRSK_N,synthetic_target_1"
mice_protein_synthetic_target_1_clean,classification,3.983494997024536,0.37962962962962965,0.3674647041644183,0.36800002375387936,0.3772685185185185,0.7940070691616682,-0.6203703703703703,-0.6325352958355817,17,"AMPKA_N,APP_N,BRAF_N,CAMKII_N,CaNA_N,DYRK1A_N,JNK_N,MTOR_N,P38_N,PKCA_N,RSK_N,pBRAF_N,pCREB_N,pMEK_N,pNR2A_N,pNUMB_N,pRSK_N,synthetic_target_1"
mice_protein_synthetic_target_1_clean,classification,3.983494997024536,0.3472222222222222,0.3415646171596796,0.3446508737094291,0.34572751322751316,0.7705886462977076,-0.650462962962963,-0.6561522302131311,18,"AMPKA_N,APP_N,BRAF_N,CAMKII_N,CaNA_N,DYRK1A_N,JNK_N,MTOR_N,P38_N,PKCA_N,RSK_N,pAKT_N,pBRAF_N,pCREB_N,pMEK_N,pNR2A_N,pNUMB_N,pRSK_N,synthetic_target_1"
mice_protein_synthetic_target_1_clean,classification,3.983494997024536,0.3425925925925926,0.33777011435887483,0.33930946698216435,0.34052248677248675,0.7838995127602097,-0.6574074074074074,-0.6622298856411252,19,"AMPKA_N,APP_N,BRAF_N,CAMKII_N,CaNA_N,DYRK1A_N,JNK_N,MTOR_N,NR2B_N,P38_N,PKCA_N,RSK_N,pAKT_N,pBRAF_N,pCREB_N,pMEK_N,pNR2A_N,pNUMB_N,pRSK_N,synthetic_target_1"
mice_protein_synthetic_target_1_clean,classification,3.983494997024536,0.35185185185185186,0.34424713091017944,0.3436833949583496,0.3494510582010582,0.7856423121210035,-0.6446759259259259,-0.6522943253741001,20,"AMPKA_N,APP_N,BRAF_N,CAMKII_N,CaNA_N,DYRK1A_N,JNK_N,MTOR_N,NR2B_N,P38_N,PKCA_N,RSK_N,pAKT_N,pBRAF_N,pCREB_N,pJNK_N,pMEK_N,pNR2A_N,pNUMB_N,pRSK_N,synthetic_target_1"
mice_protein_synthetic_target_1_clean,classification,3.983494997024536,0.35648148148148145,0.34944214583178124,0.34869904401154406,0.3546164021164021,0.7789026717165655,-0.6435185185185186,-0.6505578541682188,21,"AMPKA_N,APP_N,BRAF_N,CAMKII_N,CREB_N,CaNA_N,DYRK1A_N,JNK_N,MTOR_N,NR2B_N,P38_N,PKCA_N,RSK_N,pAKT_N,pBRAF_N,pCREB_N,pJNK_N,pMEK_N,pNR2A_N,pNUMB_N,pRSK_N,synthetic_target_1"
mice_protein_synthetic_target_1_clean,classification,3.983494997024536,0.3333333333333333,0.32934327398466745,0.33058417422782116,0.3316732804232804,0.7735087800232444,-0.6666666666666667,-0.6706567260153325,22,"AMPKA_N,APP_N,BRAF_N,CAMKII_N,CREB_N,CaNA_N,DYRK1A_N,JNK_N,MTOR_N,NR2B_N,P38_N,PKCA_N,RSK_N,pAKT_N,pBRAF_N,pCREB_N,pJNK_N,pMEK_N,pMTOR_N,pNR2A_N,pNUMB_N,pRSK_N,synthetic_target_1"
mice_protein_synthetic_target_1_clean,classification,3.983494997024536,0.35648148148148145,0.35560594588563016,0.36133958633958635,0.35572751322751317,0.7736844594903525,-0.6435185185185186,-0.6443940541143698,23,"AMPKA_N,APP_N,BRAF_N,CAMKII_N,CREB_N,CaNA_N,DYRK1A_N,JNK_N,MEK_N,MTOR_N,NR2B_N,P38_N,PKCA_N,RSK_N,pAKT_N,pBRAF_N,pCREB_N,pJNK_N,pMEK_N,pMTOR_N,pNR2A_N,pNUMB_N,pRSK_N,synthetic_target_1"
mice_protein_synthetic_target_1_clean,classification,3.983494997024536,0.35185185185185186,0.3423793578160751,0.3398139799918303,0.3524603174603175,0.7749629309800596,-0.6481481481481481,-0.6576206421839249,24,"AMPKA_N,APP_N,BRAF_N,CAMKII_N,CREB_N,CaNA_N,DYRK1A_N,JNK_N,MEK_N,MTOR_N,NR2B_N,P38_N,PKCA_N,RSK_N,pAKT_N,pBRAF_N,pCREB_N,pGSK3B_N,pJNK_N,pMEK_N,pMTOR_N,pNR2A_N,pNUMB_N,pRSK_N,synthetic_target_1"
mice_protein_synthetic_target_1_clean,classification,3.983494997024536,0.37962962962962965,0.36944621686557166,0.3753705997949419,0.37883597883597886,0.7853518394076892,-0.6203703703703703,-0.6305537831344283,25,"AMPKA_N,APP_N,BRAF_N,CAMKII_N,CREB_N,CaNA_N,DYRK1A_N,JNK_N,MEK_N,MTOR_N,NR2B_N,P38_N,PKCA_N,RSK_N,pAKT_N,pBRAF_N,pCREB_N,pGSK3B_N,pJNK_N,pMEK_N,pMTOR_N,pNR2A_N,pNUMB_N,pPKCAB_N,pRSK_N,synthetic_target_1"
mice_protein_synthetic_target_1_clean,classification,3.983494997024536,0.4074074074074074,0.3974808115281222,0.39556907287184995,0.4064484126984127,0.7911705508362423,-0.5428240740740742,-0.5527897534289997,26,"ADARB1_N,AMPKA_N,APP_N,BRAF_N,CAMKII_N,CREB_N,CaNA_N,DYRK1A_N,JNK_N,MEK_N,MTOR_N,NR2B_N,P38_N,PKCA_N,RSK_N,pAKT_N,pBRAF_N,pCREB_N,pGSK3B_N,pJNK_N,pMEK_N,pMTOR_N,pNR2A_N,pNUMB_N,pPKCAB_N,pRSK_N,synthetic_target_1"
mice_protein_synthetic_target_1_clean,classification,3.983494997024536,0.39814814814814814,0.3924388949759843,0.3902498984691063,0.39821428571428574,0.7935658119509301,-0.6018518518518519,-0.6075611050240157,27,"ADARB1_N,AKT_N,AMPKA_N,APP_N,BRAF_N,CAMKII_N,CREB_N,CaNA_N,DYRK1A_N,JNK_N,MEK_N,MTOR_N,NR2B_N,P38_N,PKCA_N,RSK_N,pAKT_N,pBRAF_N,pCREB_N,pGSK3B_N,pJNK_N,pMEK_N,pMTOR_N,pNR2A_N,pNUMB_N,pPKCAB_N,pRSK_N,synthetic_target_1"
mice_protein_synthetic_target_1_clean,classification,3.983494997024536,0.375,0.36310175205736134,0.3619694261590367,0.37437169312169305,0.7933940472446722,-0.6168981481481481,-0.628846704357986,28,"ADARB1_N,AKT_N,AMPKA_N,APP_N,BRAF_N,CAMKII_N,CREB_N,CaNA_N,DYRK1A_N,JNK_N,MEK_N,MTOR_N,NR2B_N,P38_N,PKCA_N,RSK_N,pAKT_N,pBRAF_N,pCREB_N,pGSK3B_N,pJNK_N,pMEK_N,pMTOR_N,pNR2A_N,pNUMB_N,pPKCAB_N,pPKCG_N,pRSK_N,synthetic_target_1"
mice_protein_synthetic_target_1_clean,classification,3.983494997024536,0.3472222222222222,0.3436440307850578,0.34396554622682873,0.3479960317460317,0.7564125015477094,-0.619212962962963,-0.6227354385137011,29,"ADARB1_N,AKT_N,AMPKA_N,APP_N,BRAF_N,CAMKII_N,CREB_N,CaNA_N,DYRK1A_N,JNK_N,MEK_N,MTOR_N,NR2B_N,P38_N,PKCA_N,RSK_N,pAKT_N,pBRAF_N,pCREB_N,pELK_N,pGSK3B_N,pJNK_N,pMEK_N,pMTOR_N,pNR2A_N,pNUMB_N,pPKCAB_N,pPKCG_N,pRSK_N,synthetic_target_1"
mice_protein_synthetic_target_1_clean,classification,3.983494997024536,0.38425925925925924,0.3639078705450677,0.35332182799806144,0.3821891534391534,0.7937252712480919,-0.6157407407407407,-0.6360921294549323,30,"ADARB1_N,AKT_N,AMPKA_N,APP_N,BRAF_N,CAMKII_N,CREB_N,CaNA_N,DYRK1A_N,JNK_N,MEK_N,MTOR_N,NR2B_N,P38_N,PKCA_N,RSK_N,SOD1_N,pAKT_N,pBRAF_N,pCREB_N,pELK_N,pGSK3B_N,pJNK_N,pMEK_N,pMTOR_N,pNR2A_N,pNUMB_N,pPKCAB_N,pPKCG_N,pRSK_N,synthetic_target_1"
mice_protein_synthetic_target_1_clean,classification,3.983494997024536,0.42592592592592593,0.4107472057095498,0.40903621817668473,0.42500661375661375,0.7980715606642848,-0.5740740740740741,-0.5892527942904502,31,"ADARB1_N,AKT_N,AMPKA_N,APP_N,BRAF_N,CAMKII_N,CREB_N,CaNA_N,DYRK1A_N,JNK_N,MEK_N,MTOR_N,NR2B_N,P38_N,PKCA_N,RSK_N,SOD1_N,pAKT_N,pBRAF_N,pCASP9_N,pCREB_N,pELK_N,pGSK3B_N,pJNK_N,pMEK_N,pMTOR_N,pNR2A_N,pNUMB_N,pPKCAB_N,pPKCG_N,pRSK_N,synthetic_target_1"
mice_protein_synthetic_target_1_clean,classification,3.983494997024536,0.4074074074074074,0.39786712410908787,0.39549478614247213,0.4077248677248677,0.7743279711066653,-0.5914351851851851,-0.6009754436757155,32,"ADARB1_N,AKT_N,AMPKA_N,APP_N,BRAF_N,CAMKII_N,CREB_N,CaNA_N,DYRK1A_N,IL1B_N,JNK_N,MEK_N,MTOR_N,NR2B_N,P38_N,PKCA_N,RSK_N,SOD1_N,pAKT_N,pBRAF_N,pCASP9_N,pCREB_N,pELK_N,pGSK3B_N,pJNK_N,pMEK_N,pMTOR_N,pNR2A_N,pNUMB_N,pPKCAB_N,pPKCG_N,pRSK_N,synthetic_target_1"
mice_protein_synthetic_target_1_clean,classification,3.983494997024536,0.3611111111111111,0.350966558619222,0.3466114096554169,0.36118386243386247,0.7627435851658029,-0.6261574074074074,-0.6362824250171836,33,"ADARB1_N,AKT_N,AMPKA_N,APP_N,BRAF_N,CAMKII_N,CREB_N,CaNA_N,DYRK1A_N,IL1B_N,JNK_N,MEK_N,MTOR_N,NR2B_N,P38_N,P70S6_N,PKCA_N,RSK_N,SOD1_N,pAKT_N,pBRAF_N,pCASP9_N,pCREB_N,pELK_N,pGSK3B_N,pJNK_N,pMEK_N,pMTOR_N,pNR2A_N,pNUMB_N,pPKCAB_N,pPKCG_N,pRSK_N,synthetic_target_1"
mice_protein_synthetic_target_1_clean,classification,3.983494997024536,0.37962962962962965,0.3743473063862409,0.3733525559065907,0.3793716931216931,0.7676107221658803,-0.6192129629629629,-0.6245002282939367,34,"ADARB1_N,AKT_N,AMPKA_N,APP_N,BRAF_N,CAMKII_N,CREB_N,CaNA_N,DYRK1A_N,IL1B_N,JNK_N,MEK_N,MTOR_N,NR2B_N,P38_N,P70S6_N,PKCA_N,RSK_N,SOD1_N,pAKT_N,pBRAF_N,pCASP9_N,pCREB_N,pELK_N,pGSK3B_N,pJNK_N,pMEK_N,pMTOR_N,pNR2A_N,pNUMB_N,pP70S6_N,pPKCAB_N,pPKCG_N,pRSK_N,synthetic_target_1"
mice_protein_synthetic_target_1_clean,classification,3.983494997024536,0.39814814814814814,0.38197354668417305,0.38117517785388133,0.39789021164021166,0.7894545505275408,-0.5844907407407407,-0.6007502111889113,35,"ADARB1_N,AKT_N,AMPKA_N,APP_N,BRAF_N,CAMKII_N,CREB_N,CaNA_N,DYRK1A_N,IL1B_N,JNK_N,MEK_N,MTOR_N,NR2B_N,P38_N,P70S6_N,PKCA_N,RSK_N,S6_N,SOD1_N,pAKT_N,pBRAF_N,pCASP9_N,pCREB_N,pELK_N,pGSK3B_N,pJNK_N,pMEK_N,pMTOR_N,pNR2A_N,pNUMB_N,pP70S6_N,pPKCAB_N,pPKCG_N,pRSK_N,synthetic_target_1"
mice_protein_synthetic_target_1_clean,classification,3.983494997024536,0.3888888888888889,0.3723172838134856,0.36885899521098764,0.38846560846560846,0.7861353440611648,-0.6111111111111112,-0.6276827161865144,36,"ADARB1_N,AKT_N,AMPKA_N,APP_N,BRAF_N,CAMKII_N,CREB_N,CaNA_N,DYRK1A_N,IL1B_N,JNK_N,MEK_N,MTOR_N,NR2B_N,P38_N,P70S6_N,PKCA_N,RSK_N,S6_N,SOD1_N,pAKT_N,pBRAF_N,pCAMKII_N,pCASP9_N,pCREB_N,pELK_N,pGSK3B_N,pJNK_N,pMEK_N,pMTOR_N,pNR2A_N,pNUMB_N,pP70S6_N,pPKCAB_N,pPKCG_N,pRSK_N,synthetic_target_1"
mice_protein_synthetic_target_1_clean,classification,3.983494997024536,0.35648148148148145,0.3484509361073209,0.3552678378789994,0.3560185185185185,0.781263614617961,-0.5729166666666667,-0.5808427315160816,37,"ADARB1_N,AKT_N,AMPKA_N,APP_N,BRAF_N,CAMKII_N,CREB_N,CaNA_N,DYRK1A_N,IL1B_N,JNK_N,MEK_N,MTOR_N,NR2B_N,P38_N,P70S6_N,PKCA_N,RSK_N,S6_N,SOD1_N,pAKT_N,pBRAF_N,pCAMKII_N,pCASP9_N,pCREB_N,pELK_N,pGSK3B_N,pGSK3B_Tyr216_N,pJNK_N,pMEK_N,pMTOR_N,pNR2A_N,pNUMB_N,pP70S6_N,pPKCAB_N,pPKCG_N,pRSK_N,synthetic_target_1"
mice_protein_synthetic_target_1_clean,classification,3.983494997024536,0.3472222222222222,0.3374253761543923,0.33486641597074596,0.3465542328042328,0.7643741206884531,-0.6319444444444444,-0.641702526178571,38,"ADARB1_N,AKT_N,AMPKA_N,APP_N,BRAF_N,CAMKII_N,CREB_N,CaNA_N,DSCR1_N,DYRK1A_N,IL1B_N,JNK_N,MEK_N,MTOR_N,NR2B_N,P38_N,P70S6_N,PKCA_N,RSK_N,S6_N,SOD1_N,pAKT_N,pBRAF_N,pCAMKII_N,pCASP9_N,pCREB_N,pELK_N,pGSK3B_N,pGSK3B_Tyr216_N,pJNK_N,pMEK_N,pMTOR_N,pNR2A_N,pNUMB_N,pP70S6_N,pPKCAB_N,pPKCG_N,pRSK_N,synthetic_target_1"
mice_protein_synthetic_target_1_clean,classification,3.983494997024536,0.3888888888888889,0.3781323231545255,0.3773857782081466,0.3877248677248677,0.7730264374632815,-0.6111111111111112,-0.6218676768454745,39,"ADARB1_N,AKT_N,AMPKA_N,APP_N,BRAF_N,CAMKII_N,CREB_N,CaNA_N,DSCR1_N,DYRK1A_N,IL1B_N,JNK_N,MEK_N,MTOR_N,NR2B_N,P38_N,P70S6_N,PKCA_N,RSK_N,S6_N,SHH_N,SOD1_N,pAKT_N,pBRAF_N,pCAMKII_N,pCASP9_N,pCREB_N,pELK_N,pGSK3B_N,pGSK3B_Tyr216_N,pJNK_N,pMEK_N,pMTOR_N,pNR2A_N,pNUMB_N,pP70S6_N,pPKCAB_N,pPKCG_N,pRSK_N,synthetic_target_1"
mice_protein_synthetic_target_1_clean,classification,3.983494997024536,0.39351851851851855,0.3849374018135029,0.3826669291044332,0.39251984126984124,0.7871407253313173,-0.605324074074074,-0.6138820658332284,40,"ADARB1_N,AKT_N,AMPKA_N,APP_N,BRAF_N,CAMKII_N,CREB_N,CaNA_N,DSCR1_N,DYRK1A_N,IL1B_N,JNK_N,MEK_N,MTOR_N,NR2B_N,P38_N,P70S6_N,PKCA_N,PSD95_N,RSK_N,S6_N,SHH_N,SOD1_N,pAKT_N,pBRAF_N,pCAMKII_N,pCASP9_N,pCREB_N,pELK_N,pGSK3B_N,pGSK3B_Tyr216_N,pJNK_N,pMEK_N,pMTOR_N,pNR2A_N,pNUMB_N,pP70S6_N,pPKCAB_N,pPKCG_N,pRSK_N,synthetic_target_1"
mice_protein_synthetic_target_2_noise,classification,7.0332465171813965,0.20833333333333334,0.11654610609963593,0.11761263702098175,0.20535714285714285,0.6003909491607016,0.00810185185185186,0.020270133441278274,1,"GluR4_N,synthetic_target_2"
mice_protein_synthetic_target_2_noise,classification,7.0332465171813965,0.33796296296296297,0.31748893856428645,0.34176609813533576,0.3381919006919007,0.7295926702587563,-0.08449074074074076,-0.09281272437147609,2,"GluR4_N,Tau_N,synthetic_target_2"
mice_protein_synthetic_target_2_noise,classification,7.0332465171813965,0.38425925925925924,0.3718239085631303,0.3846602009102009,0.384004884004884,0.7860742251958268,-0.2048611111111111,-0.21330226642929795,3,"GluR4_N,TIAM1_N,Tau_N,synthetic_target_2"
mice_protein_synthetic_target_2_noise,classification,7.0332465171813965,0.4212962962962963,0.4138640799649299,0.4255507376395534,0.42157610907610904,0.8192664099617228,-0.5011574074074074,-0.5093113739312894,4,"AMPKA_N,GluR4_N,TIAM1_N,Tau_N,synthetic_target_2"
mice_protein_synthetic_target_2_noise,classification,7.0332465171813965,0.5,0.5004719554053695,0.5114169657097288,0.49978378103378096,0.8585197624051778,-0.4131944444444444,-0.4121585986275482,5,"AMPKA_N,GluR4_N,TIAM1_N,Tau_N,pGSK3B_N,synthetic_target_2"
mice_protein_synthetic_target_2_noise,classification,7.0332465171813965,0.4861111111111111,0.47154900394178745,0.48235794378035757,0.4862128612128612,0.8635953041752003,-0.4976851851851852,-0.5124319175908056,6,"AMPKA_N,GluR4_N,NUMB_N,TIAM1_N,Tau_N,pGSK3B_N,synthetic_target_2"
mice_protein_synthetic_target_2_noise,classification,7.0332465171813965,0.5185185185185185,0.5165494565438767,0.5267827964519141,0.5181242368742368,0.8647546747854311,-0.4814814814814815,-0.48345054345612326,7,"AMPKA_N,BRAF_N,GluR4_N,NUMB_N,TIAM1_N,Tau_N,pGSK3B_N,synthetic_target_2"
mice_protein_synthetic_target_2_noise,classification,7.0332465171813965,0.5509259259259259,0.5516409394619686,0.5584751374312844,0.5509004884004884,0.8807884012537102,-0.44907407407407407,-0.44835906053803143,8,"AMPKA_N,BRAF_N,GluR4_N,H3AcK18_N,NUMB_N,TIAM1_N,Tau_N,pGSK3B_N,synthetic_target_2"
mice_protein_synthetic_target_2_noise,classification,7.0332465171813965,0.5601851851851852,0.5594435088608818,0.5638773148148148,0.560681216931217,0.8869683233293204,-0.43981481481481477,-0.4405564911391182,9,"AMPKA_N,BRAF_N,GluR4_N,H3AcK18_N,H3MeK4_N,NUMB_N,TIAM1_N,Tau_N,pGSK3B_N,synthetic_target_2"
mice_protein_synthetic_target_2_noise,classification,7.0332465171813965,0.5787037037037037,0.5788837125601718,0.5891399855544716,0.5790216727716728,0.8872997071550117,-0.4212962962962963,-0.4211162874398282,10,"AMPKA_N,BRAF_N,EGR1_N,GluR4_N,H3AcK18_N,H3MeK4_N,NUMB_N,TIAM1_N,Tau_N,pGSK3B_N,synthetic_target_2"
mice_protein_synthetic_target_2_noise,classification,7.0332465171813965,0.5694444444444444,0.5685749545495309,0.5805051596901765,0.5699404761904762,0.8909147887873237,-0.4305555555555556,-0.4314250454504691,11,"AMPKA_N,BRAF_N,EGR1_N,GluR4_N,H3AcK18_N,H3MeK4_N,NUMB_N,TIAM1_N,Tau_N,pGSK3B_N,pS6_N,synthetic_target_2"
mice_protein_synthetic_target_2_noise,classification,7.0332465171813965,0.5648148148148148,0.5649679120589259,0.5708418211529156,0.5648020960520961,0.8870883246788566,-0.431712962962963,-0.4315290582358793,12,"AMPKA_N,BRAF_N,EGR1_N,GluR4_N,H3AcK18_N,H3MeK4_N,MTOR_N,NUMB_N,TIAM1_N,Tau_N,pGSK3B_N,pS6_N,synthetic_target_2"
mice_protein_synthetic_target_2_noise,classification,7.0332465171813965,0.5555555555555556,0.5541809056768204,0.5610922735418703,0.5555428367928368,0.8895239137489822,-0.4444444444444444,-0.44581909432317957,13,"AMPKA_N,BRAF_N,CaNA_N,EGR1_N,GluR4_N,H3AcK18_N,H3MeK4_N,MTOR_N,NUMB_N,TIAM1_N,Tau_N,pGSK3B_N,pS6_N,synthetic_target_2"
mice_protein_synthetic_target_2_noise,classification,7.0332465171813965,0.5833333333333334,0.5817790440435098,0.5874072747525134,0.582977207977208,0.8942493570554934,-0.41666666666666663,-0.4182209559564902,14,"AMPKA_N,BRAF_N,CaNA_N,EGR1_N,GluR4_N,H3AcK18_N,H3MeK4_N,MTOR_N,NUMB_N,TIAM1_N,Tau_N,pGSK3B_N,pPKCG_N,pS6_N,synthetic_target_2"
mice_protein_synthetic_target_2_noise,classification,7.0332465171813965,0.5601851851851852,0.5552814415036957,0.5618020180250785,0.5604777167277167,0.8560516537940613,-0.43981481481481477,-0.44471855849630426,15,"AMPKA_N,BRAF_N,CaNA_N,EGR1_N,GluR4_N,H3AcK18_N,H3MeK4_N,MTOR_N,NUMB_N,P38_N,TIAM1_N,Tau_N,pGSK3B_N,pPKCG_N,pS6_N,synthetic_target_2"
mice_protein_synthetic_target_2_noise,classification,7.0332465171813965,0.5601851851851852,0.5624255486054679,0.5741393026227585,0.5603378103378103,0.8565847131442192,-0.43981481481481477,-0.4375744513945321,16,"AMPKA_N,BRAF_N,CaNA_N,EGR1_N,GluR4_N,H3AcK18_N,H3MeK4_N,MTOR_N,NUMB_N,P38_N,TIAM1_N,Tau_N,Ubiquitin_N,pGSK3B_N,pPKCG_N,pS6_N,synthetic_target_2"
mice_protein_synthetic_target_2_noise,classification,7.0332465171813965,0.5648148148148148,0.5666337578641127,0.5753357919254658,0.5644459706959707,0.8876561047320115,-0.43287037037037046,-0.43105098070428394,17,"AMPKA_N,BRAF_N,CaNA_N,EGR1_N,GluR4_N,H3AcK18_N,H3MeK4_N,MTOR_N,NUMB_N,P38_N,TIAM1_N,Tau_N,Ubiquitin_N,pCREB_N,pGSK3B_N,pPKCG_N,pS6_N,synthetic_target_2"
mice_protein_synthetic_target_2_noise,classification,7.0332465171813965,0.5231481481481481,0.5222026288147678,0.5272677234615015,0.5227665852665853,0.8732030898956135,-0.40393518518518523,-0.4045589177721167,18,"AMPKA_N,BRAF_N,CaNA_N,EGR1_N,GluR4_N,H3AcK18_N,H3MeK4_N,MTOR_N,NUMB_N,P38_N,S6_N,TIAM1_N,Tau_N,Ubiquitin_N,pCREB_N,pGSK3B_N,pPKCG_N,pS6_N,synthetic_target_2"
mice_protein_synthetic_target_2_noise,classification,7.0332465171813965,0.5277777777777778,0.5278255813004259,0.5356869268055308,0.5275615588115588,0.8846890498628165,-0.44907407407407407,-0.4490037918847445,19,"AMPKA_N,BRAF_N,CaNA_N,EGR1_N,GluR4_N,H3AcK18_N,H3MeK4_N,MTOR_N,NUMB_N,P38_N,S6_N,SHH_N,TIAM1_N,Tau_N,Ubiquitin_N,pCREB_N,pGSK3B_N,pPKCG_N,pS6_N,synthetic_target_2"
mice_protein_synthetic_target_2_noise,classification,7.0332465171813965,0.5462962962962963,0.5417316203519448,0.5448992958777115,0.5452279202279202,0.8866547457714353,-0.4212962962962963,-0.4258992835134384,20,"AMPKA_N,BRAF_N,CaNA_N,EGR1_N,GluR4_N,H3AcK18_N,H3MeK4_N,MTOR_N,NUMB_N,P38_N,PKCA_N,S6_N,SHH_N,TIAM1_N,Tau_N,Ubiquitin_N,pCREB_N,pGSK3B_N,pPKCG_N,pS6_N,synthetic_target_2"
mice_protein_synthetic_target_2_noise,classification,7.0332465171813965,0.5509259259259259,0.5523656352244479,0.5571246704716638,0.5507224257224257,0.8773513604606,-0.44907407407407407,-0.4476343647755521,21,"AKT_N,AMPKA_N,BRAF_N,CaNA_N,EGR1_N,GluR4_N,H3AcK18_N,H3MeK4_N,MTOR_N,NUMB_N,P38_N,PKCA_N,S6_N,SHH_N,TIAM1_N,Tau_N,Ubiquitin_N,pCREB_N,pGSK3B_N,pPKCG_N,pS6_N,synthetic_target_2"
mice_protein_synthetic_target_2_noise,classification,7.0332465171813965,0.5833333333333334,0.5838832937893851,0.5915832589570318,0.582977207977208,0.8969295350778064,-0.41666666666666663,-0.4161167062106149,22,"AKT_N,AMPKA_N,BRAF_N,CaNA_N,EGR1_N,GluR4_N,H3AcK18_N,H3MeK4_N,MTOR_N,NUMB_N,P38_N,PKCA_N,S6_N,SHH_N,TIAM1_N,Tau_N,Ubiquitin_N,pCREB_N,pGSK3B_N,pMEK_N,pPKCG_N,pS6_N,synthetic_target_2"
mice_protein_synthetic_target_2_noise,classification,7.0332465171813965,0.5833333333333334,0.5829670025291196,0.589595475286889,0.5827991452991453,0.8903047222637478,-0.3912037037037037,-0.39178787031066986,23,"AKT_N,AMPKA_N,BRAF_N,CaNA_N,EGR1_N,GluR4_N,H3AcK18_N,H3MeK4_N,MTOR_N,NUMB_N,P38_N,PKCA_N,PSD95_N,S6_N,SHH_N,TIAM1_N,Tau_N,Ubiquitin_N,pCREB_N,pGSK3B_N,pMEK_N,pPKCG_N,pS6_N,synthetic_target_2"
mice_protein_synthetic_target_2_noise,classification,7.0332465171813965,0.5833333333333334,0.5823852462353544,0.5853266570386135,0.5829517704517705,0.8973837952942407,-0.41666666666666663,-0.41761475376464563,24,"AKT_N,AMPKA_N,BRAF_N,CaNA_N,EGR1_N,GluR4_N,H3AcK18_N,H3MeK4_N,MTOR_N,NUMB_N,P38_N,PKCA_N,PSD95_N,S6_N,SHH_N,TIAM1_N,Tau_N,Ubiquitin_N,pCREB_N,pGSK3B_N,pGSK3B_Tyr216_N,pMEK_N,pPKCG_N,pS6_N,synthetic_target_2"
mice_protein_synthetic_target_2_noise,classification,7.0332465171813965,0.5462962962962963,0.543611295108447,0.5451707801606995,0.5455713268213269,0.8792594335586902,-0.43287037037037035,-0.4356591880944407,25,"AKT_N,AMPKA_N,BRAF_N,CaNA_N,EGR1_N,GluR4_N,H3AcK18_N,H3MeK4_N,MTOR_N,NUMB_N,P38_N,PKCA_N,PSD95_N,S6_N,SHH_N,TIAM1_N,Tau_N,Ubiquitin_N,nNOS_N,pCREB_N,pGSK3B_N,pGSK3B_Tyr216_N,pMEK_N,pPKCG_N,pS6_N,synthetic_target_2"
mice_protein_synthetic_target_2_noise,classification,7.0332465171813965,0.5601851851851852,0.5612452836045736,0.5677093784838351,0.5608592796092795,0.8731351646815543,-0.43981481481481477,-0.4387547163954264,26,"AKT_N,AMPKA_N,BRAF_N,CaNA_N,EGR1_N,GluR4_N,H3AcK18_N,H3MeK4_N,ITSN1_N,MTOR_N,NUMB_N,P38_N,PKCA_N,PSD95_N,S6_N,SHH_N,TIAM1_N,Tau_N,Ubiquitin_N,nNOS_N,pCREB_N,pGSK3B_N,pGSK3B_Tyr216_N,pMEK_N,pPKCG_N,pS6_N,synthetic_target_2"
mice_protein_synthetic_target_2_noise,classification,7.0332465171813965,0.5324074074074074,0.532083602671838,0.5403202542611127,0.5316697191697192,0.8698821624754032,-0.46759259259259256,-0.46791639732816204,27,"AKT_N,AMPKA_N,BRAF_N,CaNA_N,EGR1_N,GluR4_N,H3AcK18_N,H3MeK4_N,ITSN1_N,MTOR_N,NUMB_N,P38_N,PKCA_N,PSD95_N,RRP1_N,S6_N,SHH_N,TIAM1_N,Tau_N,Ubiquitin_N,nNOS_N,pCREB_N,pGSK3B_N,pGSK3B_Tyr216_N,pMEK_N,pPKCG_N,pS6_N,synthetic_target_2"
mice_protein_synthetic_target_2_noise,classification,7.0332465171813965,0.5046296296296297,0.5040217153463615,0.5137066671670226,0.5044006919006918,0.8663246506653691,-0.49537037037037035,-0.49597828465363847,28,"AKT_N,AMPKA_N,BRAF_N,CaNA_N,EGR1_N,GluR4_N,H3AcK18_N,H3MeK4_N,ITSN1_N,MTOR_N,NUMB_N,P38_N,PKCA_N,PSD95_N,RRP1_N,S6_N,SHH_N,TIAM1_N,Tau_N,Ubiquitin_N,nNOS_N,pCREB_N,pGSK3B_N,pGSK3B_Tyr216_N,pMEK_N,pPKCAB_N,pPKCG_N,pS6_N,synthetic_target_2"
mice_protein_synthetic_target_2_noise,classification,7.0332465171813965,0.5324074074074074,0.5280340895671809,0.5353564263393984,0.5318223443223442,0.8717587298251337,-0.46759259259259256,-0.4719659104328191,29,"AKT_N,AMPKA_N,APP_N,BRAF_N,CaNA_N,EGR1_N,GluR4_N,H3AcK18_N,H3MeK4_N,ITSN1_N,MTOR_N,NUMB_N,P38_N,PKCA_N,PSD95_N,RRP1_N,S6_N,SHH_N,TIAM1_N,Tau_N,Ubiquitin_N,nNOS_N,pCREB_N,pGSK3B_N,pGSK3B_Tyr216_N,pMEK_N,pPKCAB_N,pPKCG_N,pS6_N,synthetic_target_2"
mice_protein_synthetic_target_2_noise,classification,7.0332465171813965,0.5138888888888888,0.5097774139659513,0.5114756750898055,0.5135200447700448,0.8663091289850731,-0.31712962962962965,-0.3202212889960503,30,"AKT_N,AMPKA_N,APP_N,BRAF_N,CaNA_N,EGR1_N,GluR4_N,H3AcK18_N,H3MeK4_N,ITSN1_N,MTOR_N,NUMB_N,P38_N,P70S6_N,PKCA_N,PSD95_N,RRP1_N,S6_N,SHH_N,TIAM1_N,Tau_N,Ubiquitin_N,nNOS_N,pCREB_N,pGSK3B_N,pGSK3B_Tyr216_N,pMEK_N,pPKCAB_N,pPKCG_N,pS6_N,synthetic_target_2"
mice_protein_synthetic_target_2_noise,classification,7.0332465171813965,0.5,0.49693428638846426,0.49821245998157543,0.4995929995929996,0.8727157951446141,-0.4930555555555556,-0.4961091161432586,31,"AKT_N,AMPKA_N,APP_N,BRAF_N,CaNA_N,DSCR1_N,EGR1_N,GluR4_N,H3AcK18_N,H3MeK4_N,ITSN1_N,MTOR_N,NUMB_N,P38_N,P70S6_N,PKCA_N,PSD95_N,RRP1_N,S6_N,SHH_N,TIAM1_N,Tau_N,Ubiquitin_N,nNOS_N,pCREB_N,pGSK3B_N,pGSK3B_Tyr216_N,pMEK_N,pPKCAB_N,pPKCG_N,pS6_N,synthetic_target_2"
mice_protein_synthetic_target_2_noise,classification,7.0332465171813965,0.5185185185185185,0.5144997715616206,0.5217415835359385,0.5182768620268621,0.8613239676576301,-0.4756944444444444,-0.47970275183928723,32,"AKT_N,AMPKA_N,APP_N,BRAF_N,CaNA_N,DSCR1_N,EGR1_N,GluR4_N,H3AcK18_N,H3MeK4_N,ITSN1_N,MTOR_N,NUMB_N,P38_N,P70S6_N,PKCA_N,PSD95_N,RRP1_N,S6_N,SHH_N,TIAM1_N,Tau_N,Ubiquitin_N,nNOS_N,pCREB_N,pGSK3B_N,pGSK3B_Tyr216_N,pMEK_N,pPKCAB_N,pPKCG_N,pRSK_N,pS6_N,synthetic_target_2"
mice_protein_synthetic_target_2_noise,classification,7.0332465171813965,0.5277777777777778,0.5296795091499993,0.53853007200129,0.5273834961334962,0.8685934229894325,-0.4722222222222222,-0.4703204908500007,33,"AKT_N,AMPKA_N,APP_N,BAD_N,BRAF_N,CaNA_N,DSCR1_N,EGR1_N,GluR4_N,H3AcK18_N,H3MeK4_N,ITSN1_N,MTOR_N,NUMB_N,P38_N,P70S6_N,PKCA_N,PSD95_N,RRP1_N,S6_N,SHH_N,TIAM1_N,Tau_N,Ubiquitin_N,nNOS_N,pCREB_N,pGSK3B_N,pGSK3B_Tyr216_N,pMEK_N,pPKCAB_N,pPKCG_N,pRSK_N,pS6_N,synthetic_target_2"
mice_protein_synthetic_target_2_noise,classification,7.0332465171813965,0.5555555555555556,0.5544681685773778,0.5585734609935928,0.5553393365893365,0.8651303759901107,-0.4444444444444444,-0.4455318314226222,34,"AKT_N,AMPKA_N,APP_N,BAD_N,BRAF_N,CaNA_N,DSCR1_N,EGR1_N,GluR4_N,H3AcK18_N,H3MeK4_N,ITSN1_N,MTOR_N,NUMB_N,P38_N,P70S6_N,PKCA_N,PSD95_N,RRP1_N,S6_N,SHH_N,TIAM1_N,Tau_N,Ubiquitin_N,nNOS_N,pCREB_N,pGSK3B_N,pGSK3B_Tyr216_N,pMEK_N,pP70S6_N,pPKCAB_N,pPKCG_N,pRSK_N,pS6_N,synthetic_target_2"
mice_protein_synthetic_target_2_noise,classification,7.0332465171813965,0.5138888888888888,0.5107585727077422,0.5140644454729549,0.5134946072446072,0.8714214361082622,-0.48611111111111116,-0.48924142729225784,35,"AKT_N,AMPKA_N,APP_N,BAD_N,BRAF_N,CaNA_N,DSCR1_N,EGR1_N,GluR4_N,H3AcK18_N,H3MeK4_N,ITSN1_N,MTOR_N,NUMB_N,P38_N,P70S6_N,PKCA_N,PSD95_N,RRP1_N,S6_N,SHH_N,TIAM1_N,Tau_N,Ubiquitin_N,nNOS_N,pCREB_N,pERK_N,pGSK3B_N,pGSK3B_Tyr216_N,pMEK_N,pP70S6_N,pPKCAB_N,pPKCG_N,pRSK_N,pS6_N,synthetic_target_2"
mice_protein_synthetic_target_2_noise,classification,7.0332465171813965,0.5694444444444444,0.5657364072131816,0.5698784200449698,0.5692409442409443,0.8672719214139624,-0.4305555555555556,-0.43426359278681836,36,"AKT_N,AMPKA_N,APP_N,BAD_N,BRAF_N,CaNA_N,DSCR1_N,EGR1_N,GluR4_N,H3AcK18_N,H3MeK4_N,IL1B_N,ITSN1_N,MTOR_N,NUMB_N,P38_N,P70S6_N,PKCA_N,PSD95_N,RRP1_N,S6_N,SHH_N,TIAM1_N,Tau_N,Ubiquitin_N,nNOS_N,pCREB_N,pERK_N,pGSK3B_N,pGSK3B_Tyr216_N,pMEK_N,pP70S6_N,pPKCAB_N,pPKCG_N,pRSK_N,pS6_N,synthetic_target_2"
mice_protein_synthetic_target_2_noise,classification,7.0332465171813965,0.5740740740740741,0.5719287242802166,0.5768424721738186,0.5736925111925112,0.8700930929029618,-0.42592592592592593,-0.42807127571978343,37,"AKT_N,AMPKA_N,APP_N,BAD_N,BRAF_N,CaNA_N,DSCR1_N,EGR1_N,GFAP_N,GluR4_N,H3AcK18_N,H3MeK4_N,IL1B_N,ITSN1_N,MTOR_N,NUMB_N,P38_N,P70S6_N,PKCA_N,PSD95_N,RRP1_N,S6_N,SHH_N,TIAM1_N,Tau_N,Ubiquitin_N,nNOS_N,pCREB_N,pERK_N,pGSK3B_N,pGSK3B_Tyr216_N,pMEK_N,pP70S6_N,pPKCAB_N,pPKCG_N,pRSK_N,pS6_N,synthetic_target_2"
mice_protein_synthetic_target_2_noise,classification,7.0332465171813965,0.5509259259259259,0.5476670642669628,0.5474088134282734,0.5507097069597069,0.8497967211391582,-0.44907407407407407,-0.45233293573303723,38,"AKT_N,AMPKA_N,APP_N,ARC_N,BAD_N,BRAF_N,CaNA_N,DSCR1_N,EGR1_N,GFAP_N,GluR4_N,H3AcK18_N,H3MeK4_N,IL1B_N,ITSN1_N,MTOR_N,NUMB_N,P38_N,P70S6_N,PKCA_N,PSD95_N,RRP1_N,S6_N,SHH_N,TIAM1_N,Tau_N,Ubiquitin_N,nNOS_N,pCREB_N,pERK_N,pGSK3B_N,pGSK3B_Tyr216_N,pMEK_N,pP70S6_N,pPKCAB_N,pPKCG_N,pRSK_N,pS6_N,synthetic_target_2"
mice_protein_synthetic_target_2_noise,classification,7.0332465171813965,0.5509259259259259,0.5506458274840628,0.5578747215260373,0.5503790191290192,0.8921150612367148,-0.44907407407407407,-0.44935417251593723,39,"AKT_N,AMPKA_N,APP_N,ARC_N,BAD_N,BRAF_N,CaNA_N,DSCR1_N,EGR1_N,GFAP_N,GluR4_N,H3AcK18_N,H3MeK4_N,IL1B_N,ITSN1_N,MTOR_N,NUMB_N,P38_N,P70S6_N,PKCA_N,PSD95_N,RRP1_N,S6_N,SHH_N,SOD1_N,TIAM1_N,Tau_N,Ubiquitin_N,nNOS_N,pCREB_N,pERK_N,pGSK3B_N,pGSK3B_Tyr216_N,pMEK_N,pP70S6_N,pPKCAB_N,pPKCG_N,pRSK_N,pS6_N,synthetic_target_2"
mice_protein_synthetic_target_2_noise,classification,7.0332465171813965,0.5462962962962963,0.5444672282484665,0.5506256600216015,0.5457493894993894,0.875884201647922,-0.4224537037037037,-0.42432275129761177,40,"AKT_N,AMPKA_N,APP_N,ARC_N,BAD_N,BCL2_N,BRAF_N,CaNA_N,DSCR1_N,EGR1_N,GFAP_N,GluR4_N,H3AcK18_N,H3MeK4_N,IL1B_N,ITSN1_N,MTOR_N,NUMB_N,P38_N,P70S6_N,PKCA_N,PSD95_N,RRP1_N,S6_N,SHH_N,SOD1_N,TIAM1_N,Tau_N,Ubiquitin_N,nNOS_N,pCREB_N,pERK_N,pGSK3B_N,pGSK3B_Tyr216_N,pMEK_N,pP70S6_N,pPKCAB_N,pPKCG_N,pRSK_N,pS6_N,synthetic_target_2"
mice_protein_synthetic_target_2_clean,classification,2.5046896934509277,0.20833333333333334,0.11654610609963593,0.11761263702098175,0.20535714285714285,0.6003909491607016,0.00810185185185186,0.020270133441278274,1,"GluR4_N,synthetic_target_2"
mice_protein_synthetic_target_2_clean,classification,2.5046896934509277,0.33796296296296297,0.31748893856428645,0.34176609813533576,0.3381919006919007,0.7295926702587563,-0.08449074074074076,-0.09281272437147609,2,"GluR4_N,Tau_N,synthetic_target_2"
mice_protein_synthetic_target_2_clean,classification,2.5046896934509277,0.38425925925925924,0.3718239085631303,0.3846602009102009,0.384004884004884,0.7860742251958268,-0.2048611111111111,-0.21330226642929795,3,"GluR4_N,TIAM1_N,Tau_N,synthetic_target_2"
mice_protein_synthetic_target_2_clean,classification,2.5046896934509277,0.4675925925925926,0.45151491413717126,0.4545950577529576,0.46769434269434274,0.8272265865814324,-0.17245370370370366,-0.1829473984169343,4,"GluR4_N,TIAM1_N,Tau_N,pGSK3B_N,synthetic_target_2"
mice_protein_synthetic_target_2_clean,classification,2.5046896934509277,0.48148148148148145,0.4737117208665947,0.48278235034066674,0.48126526251526247,0.8450364050752618,-0.4386574074074074,-0.44664831009977907,5,"GluR4_N,NUMB_N,TIAM1_N,Tau_N,pGSK3B_N,synthetic_target_2"
mice_protein_synthetic_target_2_clean,classification,2.5046896934509277,0.5046296296296297,0.4977105389080116,0.5031887477112273,0.504769536019536,0.8539013563939298,-0.3055555555555556,-0.3109676224704328,6,"AMPKA_N,GluR4_N,NUMB_N,TIAM1_N,Tau_N,pGSK3B_N,synthetic_target_2"
mice_protein_synthetic_target_2_clean,classification,2.5046896934509277,0.5231481481481481,0.5239235091370495,0.5317949682112988,0.5232880545380545,0.8590344686983669,-0.3680555555555556,-0.36613774310701575,7,"AMPKA_N,BRAF_N,GluR4_N,NUMB_N,TIAM1_N,Tau_N,pGSK3B_N,synthetic_target_2"
mice_protein_synthetic_target_2_clean,classification,2.5046896934509277,0.5462962962962963,0.5472823675020194,0.5589310080757449,0.54625814000814,0.8855260386100174,-0.4537037037037037,-0.4527176324979806,8,"AMPKA_N,BRAF_N,EGR1_N,GluR4_N,NUMB_N,TIAM1_N,Tau_N,pGSK3B_N,synthetic_target_2"
mice_protein_synthetic_target_2_clean,classification,2.5046896934509277,0.5555555555555556,0.5525983968983428,0.5575820153287259,0.5558735246235246,0.8881255983320394,-0.4409722222222222,-0.44389857339646244,9,"AMPKA_N,BRAF_N,EGR1_N,GluR4_N,H3AcK18_N,NUMB_N,TIAM1_N,Tau_N,pGSK3B_N,synthetic_target_2"
mice_protein_synthetic_target_2_clean,classification,2.5046896934509277,0.5648148148148148,0.5668513233933137,0.5763658310029278,0.5646240333740333,0.8592401371737048,-0.43518518518518523,-0.4331486766066863,10,"AMPKA_N,BRAF_N,EGR1_N,GluR4_N,H3AcK18_N,NUMB_N,TIAM1_N,Tau_N,pGSK3B_N,pPKCG_N,synthetic_target_2"
mice_protein_synthetic_target_2_clean,classification,2.5046896934509277,0.5694444444444444,0.5695591375888123,0.5796000772103713,0.5701058201058201,0.8813241065612261,-0.4305555555555556,-0.43044086241118773,11,"AMPKA_N,BRAF_N,EGR1_N,GluR4_N,H3AcK18_N,NUMB_N,TIAM1_N,Tau_N,Ubiquitin_N,pGSK3B_N,pPKCG_N,synthetic_target_2"
mice_protein_synthetic_target_2_clean,classification,2.5046896934509277,0.5694444444444444,0.5687926952751751,0.5711151874944979,0.57010582010582,0.8614483203474613,-0.4305555555555556,-0.43120730472482494,12,"AMPKA_N,BRAF_N,CaNA_N,EGR1_N,GluR4_N,H3AcK18_N,NUMB_N,TIAM1_N,Tau_N,Ubiquitin_N,pGSK3B_N,pPKCG_N,synthetic_target_2"
mice_protein_synthetic_target_2_clean,classification,2.5046896934509277,0.5972222222222222,0.5947201975680994,0.5961493726579934,0.5984050671550671,0.8543969271764678,-0.4027777777777778,-0.40527980243190065,13,"AMPKA_N,BRAF_N,CaNA_N,EGR1_N,GluR4_N,H3AcK18_N,MTOR_N,NUMB_N,TIAM1_N,Tau_N,Ubiquitin_N,pGSK3B_N,pPKCG_N,synthetic_target_2"
mice_protein_synthetic_target_2_clean,classification,2.5046896934509277,0.5509259259259259,0.5478035301565864,0.5533979123946229,0.551243894993895,0.8863726093684671,-0.44791666666666663,-0.45103844192207365,14,"AMPKA_N,BRAF_N,CaNA_N,EGR1_N,GluR4_N,H3AcK18_N,MTOR_N,NUMB_N,TIAM1_N,Tau_N,Ubiquitin_N,pGSK3B_N,pPKCG_N,pS6_N,synthetic_target_2"
mice_protein_synthetic_target_2_clean,classification,2.5046896934509277,0.5370370370370371,0.5368281287025207,0.54284671947525,0.5371896621896621,0.8774744003394827,-0.4571759259259258,-0.4573918915904652,15,"AMPKA_N,BRAF_N,CaNA_N,EGR1_N,GluR4_N,H3AcK18_N,MTOR_N,NUMB_N,SHH_N,TIAM1_N,Tau_N,Ubiquitin_N,pGSK3B_N,pPKCG_N,pS6_N,synthetic_target_2"
mice_protein_synthetic_target_2_clean,classification,2.5046896934509277,0.5277777777777778,0.5256531298846759,0.5309763389769226,0.5282610907610907,0.8686372460663758,-0.46875,-0.4708846203357929,16,"AMPKA_N,BRAF_N,CaNA_N,EGR1_N,GluR4_N,H3AcK18_N,MTOR_N,NUMB_N,SHH_N,TIAM1_N,Tau_N,Ubiquitin_N,pGSK3B_N,pGSK3B_Tyr216_N,pPKCG_N,pS6_N,synthetic_target_2"
mice_protein_synthetic_target_2_clean,classification,2.5046896934509277,0.5787037037037037,0.5776289295317398,0.5852495116820675,0.5788436100936101,0.8594708683795356,-0.4212962962962963,-0.42237107046826017,17,"AKT_N,AMPKA_N,BRAF_N,CaNA_N,EGR1_N,GluR4_N,H3AcK18_N,MTOR_N,NUMB_N,SHH_N,TIAM1_N,Tau_N,Ubiquitin_N,pGSK3B_N,pGSK3B_Tyr216_N,pPKCG_N,pS6_N,synthetic_target_2"
mice_protein_synthetic_target_2_clean,classification,2.5046896934509277,0.5092592592592593,0.5062619267859563,0.5100919674607576,0.5090557590557591,0.8670371353804875,-0.474537037037037,-0.4775815106236656,18,"AKT_N,AMPKA_N,BRAF_N,CaNA_N,EGR1_N,GluR4_N,H3AcK18_N,MTOR_N,NUMB_N,P38_N,SHH_N,TIAM1_N,Tau_N,Ubiquitin_N,pGSK3B_N,pGSK3B_Tyr216_N,pPKCG_N,pS6_N,synthetic_target_2"
mice_protein_synthetic_target_2_clean,classification,2.5046896934509277,0.5416666666666666,0.5409176250417287,0.5463222481541448,0.5416412291412291,0.8843416508196718,-0.45833333333333337,-0.4590823749582713,19,"AKT_N,AMPKA_N,BRAF_N,CaNA_N,EGR1_N,GluR4_N,H3AcK18_N,MTOR_N,NUMB_N,P38_N,PKCA_N,SHH_N,TIAM1_N,Tau_N,Ubiquitin_N,pGSK3B_N,pGSK3B_Tyr216_N,pPKCG_N,pS6_N,synthetic_target_2"
mice_protein_synthetic_target_2_clean,classification,2.5046896934509277,0.5416666666666666,0.5409176250417287,0.5463222481541448,0.5416412291412291,0.8843416508196718,-0.45833333333333337,-0.4590823749582713,20,"AKT_N,AMPKA_N,ARC_N,BRAF_N,CaNA_N,EGR1_N,GluR4_N,H3AcK18_N,MTOR_N,NUMB_N,P38_N,PKCA_N,SHH_N,TIAM1_N,Tau_N,Ubiquitin_N,pGSK3B_N,pGSK3B_Tyr216_N,pPKCG_N,pS6_N,synthetic_target_2"
mice_protein_synthetic_target_2_clean,classification,2.5046896934509277,0.5694444444444444,0.5677688445184474,0.570172377753431,0.5694062881562881,0.8930555899227486,-0.4247685185185185,-0.4264754856329037,21,"AKT_N,AMPKA_N,APP_N,ARC_N,BRAF_N,CaNA_N,EGR1_N,GluR4_N,H3AcK18_N,MTOR_N,NUMB_N,P38_N,PKCA_N,SHH_N,TIAM1_N,Tau_N,Ubiquitin_N,pGSK3B_N,pGSK3B_Tyr216_N,pPKCG_N,pS6_N,synthetic_target_2"
mice_protein_synthetic_target_2_clean,classification,2.5046896934509277,0.5787037037037037,0.5769339340089528,0.5808035966050078,0.5781695156695157,0.897890607050197,-0.4212962962962963,-0.42306606599104724,22,"AKT_N,AMPKA_N,APP_N,ARC_N,BRAF_N,CaNA_N,EGR1_N,GluR4_N,H3AcK18_N,MTOR_N,NUMB_N,P38_N,PKCA_N,SHH_N,TIAM1_N,Tau_N,Ubiquitin_N,pCREB_N,pGSK3B_N,pGSK3B_Tyr216_N,pPKCG_N,pS6_N,synthetic_target_2"
mice_protein_synthetic_target_2_clean,classification,2.5046896934509277,0.5601851851851852,0.560318590213736,0.5637049987049987,0.5601597476597476,0.8898925932323551,-0.41782407407407407,-0.41784156410621276,23,"AKT_N,AMPKA_N,APP_N,ARC_N,BRAF_N,CaNA_N,EGR1_N,GluR4_N,H3AcK18_N,MTOR_N,NUMB_N,P38_N,PKCA_N,SHH_N,TIAM1_N,Tau_N,Ubiquitin_N,pCREB_N,pGSK3B_N,pGSK3B_Tyr216_N,pP70S6_N,pPKCG_N,pS6_N,synthetic_target_2"
mice_protein_synthetic_target_2_clean,classification,2.5046896934509277,0.5509259259259259,0.5510846787753081,0.5554950378624101,0.5503663003663004,0.892046844732341,-0.44907407407407407,-0.4489153212246919,24,"AKT_N,AMPKA_N,APP_N,ARC_N,BRAF_N,CaNA_N,EGR1_N,GluR4_N,H3AcK18_N,ITSN1_N,MTOR_N,NUMB_N,P38_N,PKCA_N,SHH_N,TIAM1_N,Tau_N,Ubiquitin_N,pCREB_N,pGSK3B_N,pGSK3B_Tyr216_N,pP70S6_N,pPKCG_N,pS6_N,synthetic_target_2"
mice_protein_synthetic_target_2_clean,classification,2.5046896934509277,0.5787037037037037,0.5768303505919605,0.5832938876257842,0.5776480463980465,0.890780940070165,-0.41782407407407407,-0.4196815914278632,25,"AKT_N,AMPKA_N,APP_N,ARC_N,BRAF_N,CaNA_N,EGR1_N,GluR4_N,H3AcK18_N,H3MeK4_N,ITSN1_N,MTOR_N,NUMB_N,P38_N,PKCA_N,SHH_N,TIAM1_N,Tau_N,Ubiquitin_N,pCREB_N,pGSK3B_N,pGSK3B_Tyr216_N,pP70S6_N,pPKCG_N,pS6_N,synthetic_target_2"
mice_protein_synthetic_target_2_clean,classification,2.5046896934509277,0.5370370370370371,0.5362043673229356,0.543013406430526,0.5364774114774115,0.8760680546836891,-0.4629629629629629,-0.46379563267706436,26,"AKT_N,AMPKA_N,APP_N,ARC_N,BRAF_N,CaNA_N,EGR1_N,GluR4_N,H3AcK18_N,H3MeK4_N,ITSN1_N,MTOR_N,NUMB_N,P38_N,P70S6_N,PKCA_N,SHH_N,TIAM1_N,Tau_N,Ubiquitin_N,pCREB_N,pGSK3B_N,pGSK3B_Tyr216_N,pP70S6_N,pPKCG_N,pS6_N,synthetic_target_2"
mice_protein_synthetic_target_2_clean,classification,2.5046896934509277,0.5740740740740741,0.573665265769236,0.5784023190558079,0.5738705738705738,0.8885989608920144,-0.42592592592592593,-0.42633473423076396,27,"AKT_N,AMPKA_N,APP_N,ARC_N,BRAF_N,CaNA_N,EGR1_N,GluR4_N,H3AcK18_N,H3MeK4_N,ITSN1_N,MTOR_N,NUMB_N,P38_N,P70S6_N,PKCA_N,PSD95_N,SHH_N,TIAM1_N,Tau_N,Ubiquitin_N,pCREB_N,pGSK3B_N,pGSK3B_Tyr216_N,pP70S6_N,pPKCG_N,pS6_N,synthetic_target_2"
mice_protein_synthetic_target_2_clean,classification,2.5046896934509277,0.5694444444444444,0.566617137290527,0.569744063237272,0.5685541310541311,0.8837670443553132,-0.375,-0.37765508541770665,28,"AKT_N,AMPKA_N,APP_N,ARC_N,BRAF_N,CaNA_N,EGR1_N,GluR4_N,H3AcK18_N,H3MeK4_N,ITSN1_N,MTOR_N,NUMB_N,P38_N,P70S6_N,PKCA_N,PSD95_N,SHH_N,SOD1_N,TIAM1_N,Tau_N,Ubiquitin_N,pCREB_N,pGSK3B_N,pGSK3B_Tyr216_N,pP70S6_N,pPKCG_N,pS6_N,synthetic_target_2"
mice_protein_synthetic_target_2_clean,classification,2.5046896934509277,0.5648148148148148,0.5638945637052638,0.5673133635202601,0.564267908017908,0.8801795104151912,-0.37615740740740744,-0.376953496661239,29,"AKT_N,AMPKA_N,APP_N,ARC_N,BRAF_N,CaNA_N,EGR1_N,GluR4_N,H3AcK18_N,H3MeK4_N,ITSN1_N,MTOR_N,NUMB_N,P38_N,P70S6_N,PKCA_N,PSD95_N,S6_N,SHH_N,SOD1_N,TIAM1_N,Tau_N,Ubiquitin_N,pCREB_N,pGSK3B_N,pGSK3B_Tyr216_N,pP70S6_N,pPKCG_N,pS6_N,synthetic_target_2"
mice_protein_synthetic_target_2_clean,classification,2.5046896934509277,0.5787037037037037,0.5756398919268074,0.5794306427927117,0.5783221408221408,0.8910891415229425,-0.4212962962962963,-0.4243601080731926,30,"AKT_N,AMPKA_N,APP_N,ARC_N,AcetylH3K9_N,BRAF_N,CaNA_N,EGR1_N,GluR4_N,H3AcK18_N,H3MeK4_N,ITSN1_N,MTOR_N,NUMB_N,P38_N,P70S6_N,PKCA_N,PSD95_N,S6_N,SHH_N,SOD1_N,TIAM1_N,Tau_N,Ubiquitin_N,pCREB_N,pGSK3B_N,pGSK3B_Tyr216_N,pP70S6_N,pPKCG_N,pS6_N,synthetic_target_2"
mice_protein_synthetic_target_2_clean,classification,2.5046896934509277,0.5231481481481481,0.5197113968993332,0.5252776557443771,0.5219144281644281,0.8688878101230089,-0.3194444444444444,-0.32264394031274013,31,"AKT_N,AMPKA_N,APP_N,ARC_N,AcetylH3K9_N,BRAF_N,CaNA_N,EGR1_N,GluR4_N,H3AcK18_N,H3MeK4_N,ITSN1_N,MTOR_N,NUMB_N,P38_N,P70S6_N,PKCA_N,PSD95_N,RRP1_N,S6_N,SHH_N,SOD1_N,TIAM1_N,Tau_N,Ubiquitin_N,pCREB_N,pGSK3B_N,pGSK3B_Tyr216_N,pP70S6_N,pPKCG_N,pS6_N,synthetic_target_2"
mice_protein_synthetic_target_2_clean,classification,2.5046896934509277,0.5601851851851852,0.5573881136118018,0.5577876234915154,0.5601597476597476,0.8691461450688308,-0.43981481481481477,-0.44261188638819815,32,"AKT_N,AMPKA_N,APP_N,ARC_N,AcetylH3K9_N,BRAF_N,CaNA_N,EGR1_N,GluR4_N,H3AcK18_N,H3MeK4_N,ITSN1_N,MTOR_N,NUMB_N,P38_N,P70S6_N,PKCA_N,PSD95_N,RRP1_N,S6_N,SHH_N,SOD1_N,TIAM1_N,Tau_N,Ubiquitin_N,pCASP9_N,pCREB_N,pGSK3B_N,pGSK3B_Tyr216_N,pP70S6_N,pPKCG_N,pS6_N,synthetic_target_2"
mice_protein_synthetic_target_2_clean,classification,2.5046896934509277,0.5416666666666666,0.5349962040623937,0.5360313150898328,0.5409162596662597,0.8669702349048654,-0.45833333333333337,-0.4650037959376063,33,"AKT_N,AMPKA_N,APP_N,ARC_N,AcetylH3K9_N,BRAF_N,CaNA_N,EGR1_N,GFAP_N,GluR4_N,H3AcK18_N,H3MeK4_N,ITSN1_N,MTOR_N,NUMB_N,P38_N,P70S6_N,PKCA_N,PSD95_N,RRP1_N,S6_N,SHH_N,SOD1_N,TIAM1_N,Tau_N,Ubiquitin_N,pCASP9_N,pCREB_N,pGSK3B_N,pGSK3B_Tyr216_N,pP70S6_N,pPKCG_N,pS6_N,synthetic_target_2"
mice_protein_synthetic_target_2_clean,classification,2.5046896934509277,0.5092592592592593,0.5050785553274167,0.5052825087099281,0.5090303215303216,0.8722434627300404,-0.4907407407407407,-0.49492144467258326,34,"AKT_N,AMPKA_N,APP_N,ARC_N,AcetylH3K9_N,BRAF_N,CaNA_N,EGR1_N,GFAP_N,GluR4_N,H3AcK18_N,H3MeK4_N,ITSN1_N,MTOR_N,NUMB_N,P38_N,P70S6_N,PKCA_N,PSD95_N,RRP1_N,S6_N,SHH_N,SOD1_N,TIAM1_N,Tau_N,Ubiquitin_N,pCASP9_N,pCREB_N,pERK_N,pGSK3B_N,pGSK3B_Tyr216_N,pP70S6_N,pPKCG_N,pS6_N,synthetic_target_2"
mice_protein_synthetic_target_2_clean,classification,2.5046896934509277,0.5787037037037037,0.576173126320499,0.5776385188885189,0.5783348595848595,0.8968347113633497,-0.4212962962962963,-0.423826873679501,35,"AKT_N,AMPKA_N,APP_N,ARC_N,AcetylH3K9_N,BRAF_N,CaNA_N,EGR1_N,ELK_N,GFAP_N,GluR4_N,H3AcK18_N,H3MeK4_N,ITSN1_N,MTOR_N,NUMB_N,P38_N,P70S6_N,PKCA_N,PSD95_N,RRP1_N,S6_N,SHH_N,SOD1_N,TIAM1_N,Tau_N,Ubiquitin_N,pCASP9_N,pCREB_N,pERK_N,pGSK3B_N,pGSK3B_Tyr216_N,pP70S6_N,pPKCG_N,pS6_N,synthetic_target_2"
mice_protein_synthetic_target_2_clean,classification,2.5046896934509277,0.5555555555555556,0.5542929676188197,0.5642641763694396,0.5551612739112739,0.8747142184590341,-0.4444444444444444,-0.44570703238118026,36,"AKT_N,AMPKA_N,APP_N,ARC_N,AcetylH3K9_N,BRAF_N,CaNA_N,EGR1_N,ELK_N,GFAP_N,GluR4_N,H3AcK18_N,H3MeK4_N,ITSN1_N,MTOR_N,NUMB_N,P38_N,P70S6_N,PKCA_N,PSD95_N,RRP1_N,S6_N,SHH_N,SOD1_N,TIAM1_N,Tau_N,Ubiquitin_N,nNOS_N,pCASP9_N,pCREB_N,pERK_N,pGSK3B_N,pGSK3B_Tyr216_N,pP70S6_N,pPKCG_N,pS6_N,synthetic_target_2"
mice_protein_synthetic_target_2_clean,classification,2.5046896934509277,0.5740740740740741,0.56979360285744,0.5738850229558504,0.5735144485144485,0.8784832769586874,-0.42592592592592593,-0.43020639714256004,37,"AKT_N,AMPKA_N,APP_N,ARC_N,AcetylH3K9_N,BRAF_N,CaNA_N,EGR1_N,ELK_N,GFAP_N,GluR4_N,H3AcK18_N,H3MeK4_N,IL1B_N,ITSN1_N,MTOR_N,NUMB_N,P38_N,P70S6_N,PKCA_N,PSD95_N,RRP1_N,S6_N,SHH_N,SOD1_N,TIAM1_N,Tau_N,Ubiquitin_N,nNOS_N,pCASP9_N,pCREB_N,pERK_N,pGSK3B_N,pGSK3B_Tyr216_N,pP70S6_N,pPKCG_N,pS6_N,synthetic_target_2"
mice_protein_synthetic_target_2_clean,classification,2.5046896934509277,0.5509259259259259,0.5453881895279528,0.5476912007318301,0.5496794871794872,0.8758079928325744,-0.3819444444444444,-0.387164906383343,38,"AKT_N,AMPKA_N,APP_N,ARC_N,AcetylH3K9_N,BRAF_N,CaNA_N,EGR1_N,ELK_N,GFAP_N,GluR4_N,H3AcK18_N,H3MeK4_N,IL1B_N,ITSN1_N,MTOR_N,NUMB_N,P38_N,P70S6_N,PKCA_N,PSD95_N,RRP1_N,S6_N,SHH_N,SOD1_N,TIAM1_N,Tau_N,Ubiquitin_N,nNOS_N,pCASP9_N,pCREB_N,pERK_N,pGSK3B_N,pGSK3B_Tyr216_N,pMEK_N,pP70S6_N,pPKCG_N,pS6_N,synthetic_target_2"
mice_protein_synthetic_target_2_clean,classification,2.5046896934509277,0.5601851851851852,0.5613805985949336,0.5720874033374033,0.5599944037444037,0.884581891899934,-0.43055555555555547,-0.4293231070202741,39,"AKT_N,AMPKA_N,APP_N,ARC_N,AcetylH3K9_N,BRAF_N,CaNA_N,EGR1_N,ELK_N,GFAP_N,GluR4_N,H3AcK18_N,H3MeK4_N,IL1B_N,ITSN1_N,MTOR_N,NUMB_N,P38_N,P70S6_N,PKCA_N,PSD95_N,RRP1_N,S6_N,SHH_N,SOD1_N,TIAM1_N,Tau_N,Ubiquitin_N,nNOS_N,pCASP9_N,pCREB_N,pERK_N,pGSK3B_N,pGSK3B_Tyr216_N,pMEK_N,pP70S6_N,pPKCG_N,pRSK_N,pS6_N,synthetic_target_2"
mice_protein_synthetic_target_2_clean,classification,2.5046896934509277,0.49537037037037035,0.48756795190393726,0.489968210968598,0.4944546194546194,0.8733010077256479,-0.2939814814814815,-0.3006443884003687,40,"AKT_N,AMPKA_N,APP_N,ARC_N,AcetylH3K9_N,BRAF_N,CaNA_N,EGR1_N,ELK_N,GFAP_N,GluR4_N,H3AcK18_N,H3MeK4_N,IL1B_N,ITSN1_N,MTOR_N,NUMB_N,P38_N,P70S6_N,PKCA_N,PSD95_N,RRP1_N,S6_N,SHH_N,SOD1_N,TIAM1_N,Tau_N,Ubiquitin_N,nNOS_N,pCASP9_N,pCREB_N,pERK_N,pGSK3B_N,pGSK3B_Tyr216_N,pMEK_N,pP70S6_N,pPKCAB_N,pPKCG_N,pRSK_N,pS6_N,synthetic_target_2"
jannis_synthetic_target_1_base,classification,25.005366802215576,0.683310177144842,0.6788908096075896,0.6831113330011815,0.6785632074940227,0.7441412664941855,-0.0003690517540811955,-0.0006174305893447141,1,"V13,synthetic_target_1"
jannis_synthetic_target_1_base,classification,25.005366802215576,0.6849600555748524,0.6793142878476558,0.6859705700770011,0.6792228537644269,0.7491049842834634,-0.004558874609239316,-0.005139753787471002,2,"V13,V15,synthetic_target_1"
jannis_synthetic_target_1_base,classification,25.005366802215576,0.7333275442862105,0.7306930840844226,0.7331617908403709,0.7299845409129706,0.7996721910287622,-0.000868357068426584,-0.0009463038088936004,3,"V10,V13,V15,synthetic_target_1"
jannis_synthetic_target_1_base,classification,25.005366802215576,0.7414901007294199,0.739268547927771,0.7410855644611852,0.7386094636023912,0.8122248848897723,-0.037469607502605085,-0.03805044506661992,4,"V10,V11,V13,V15,synthetic_target_1"
jannis_synthetic_target_1_base,classification,25.005366802215576,0.7446161861757554,0.7427647175747958,0.7439148935547266,0.7422331414476175,0.8167601763741292,0.0025616533518582063,0.0025956807078936217,5,"Unnamed: 0,V10,V11,V13,V15,synthetic_target_1"
jannis_synthetic_target_1_base,classification,25.005366802215576,0.7519103855505384,0.7503203351776695,0.751107833106658,0.7498846626108775,0.8272414616106405,-0.031239145536644752,-0.031554771777744905,6,"Unnamed: 0,V10,V11,V13,V15,V22,synthetic_target_1"
jannis_synthetic_target_1_base,classification,25.005366802215576,0.7628516846127128,0.7608445248843372,0.7627164493473537,0.7601056512291853,0.8399885298662656,-0.02203456061132336,-0.022370076376040604,7,"Unnamed: 0,V10,V11,V13,V15,V22,V25,synthetic_target_1"
jannis_synthetic_target_1_base,classification,25.005366802215576,0.7634595345606113,0.7613291705301877,0.7635173777219151,0.7605301400707168,0.8412459890877746,-0.00933483848558525,-0.009616804021323366,8,"Unnamed: 0,V10,V11,V13,V15,V16,V22,V25,synthetic_target_1"
jannis_synthetic_target_1_base,classification,25.005366802215576,0.7616359847169156,0.7595011256416575,0.761647919458914,0.7587158478055305,0.8405857370537717,-0.023163424800277888,-0.023489917746424505,9,"Unnamed: 0,V10,V11,V13,V15,V16,V22,V25,V53,synthetic_target_1"
jannis_synthetic_target_1_base,classification,25.005366802215576,0.7616359847169156,0.7595327681296294,0.7616025965704274,0.7587609166172464,0.8395896951131233,-0.010311740187565088,-0.01054063671243266,10,"Unnamed: 0,V10,V11,V13,V15,V16,V17,V22,V25,V53,synthetic_target_1"
jannis_synthetic_target_1_base,classification,25.005366802215576,0.7682354984369573,0.7661828434833275,0.7683143613410804,0.7653768243327969,0.8458644064819127,-0.03727422716220907,-0.03762442315445891,11,"Unnamed: 0,V10,V11,V13,V15,V16,V17,V21,V22,V25,V53,synthetic_target_1"
jannis_synthetic_target_1_base,classification,25.005366802215576,0.7692775269190691,0.7672417358544354,0.7693604377231242,0.7664344875754857,0.8496336341757285,-0.1482068426536992,-0.14977688974144887,12,"Unnamed: 0,V10,V11,V13,V15,V16,V17,V21,V22,V23,V25,V53,synthetic_target_1"
jannis_synthetic_target_1_base,classification,25.005366802215576,0.8535949982632859,0.8529062773641936,0.8531042910469709,0.8527334779492963,0.9340192142155754,-0.02761375477596384,-0.027742229953107267,13,"Unnamed: 0,V10,V11,V13,V15,V16,V17,V21,V22,V23,V25,V53,V6,synthetic_target_1"
jannis_synthetic_target_1_base,classification,25.005366802215576,0.9029176797499132,0.902378305063361,0.9030501780238508,0.901879805598346,0.9686245501448077,-0.01990708579367828,-0.020078068410897876,14,"Unnamed: 0,V10,V11,V13,V15,V16,V17,V21,V22,V23,V25,V5,V53,V6,synthetic_target_1"
jannis_synthetic_target_1_base,classification,25.005366802215576,0.9032650225772838,0.902769638293848,0.9032031498846325,0.9024201467280588,0.9702673053030364,-0.03777353247655435,-0.03799331469517708,15,"Unnamed: 0,V10,V11,V13,V15,V16,V17,V21,V22,V23,V24,V25,V5,V53,V6,synthetic_target_1"
jannis_synthetic_target_1_base,classification,25.005366802215576,0.9025703369225425,0.9020640467283192,0.9025367330459433,0.901688747759432,0.9701999595349915,-0.026267801319902806,-0.026442736420019153,16,"Unnamed: 0,V10,V11,V13,V15,V16,V17,V21,V22,V23,V24,V25,V5,V53,V54,V6,synthetic_target_1"
jannis_synthetic_target_1_base,classification,25.005366802215576,0.9029176797499132,0.9024229453632859,0.9028430053414076,0.9020826152510678,0.9701346279309114,-0.02637634595345606,-0.02653740301779972,17,"Unnamed: 0,V10,V11,V13,V15,V16,V17,V21,V22,V23,V24,V25,V5,V52,V53,V54,V6,synthetic_target_1"
jannis_synthetic_target_1_base,classification,25.005366802215576,0.904480722473081,0.9039574859406394,0.904587305868175,0.9034832012667728,0.9697218606150075,-0.02965439388676616,-0.029851781264810917,18,"Unnamed: 0,V10,V11,V13,V15,V16,V17,V21,V22,V23,V24,V25,V5,V51,V52,V53,V54,V6,synthetic_target_1"
jannis_synthetic_target_1_base,classification,25.005366802215576,0.905696422368878,0.9051992113563474,0.9057165026568617,0.9047941342699246,0.9710741218396555,-0.01209187217783958,-0.012199624628160044,19,"Unnamed: 0,V10,V11,V13,V15,V16,V17,V2,V21,V22,V23,V24,V25,V5,V51,V52,V53,V54,V6,synthetic_target_1"
jannis_synthetic_target_1_base,classification,25.005366802215576,0.9185481069815908,0.9181289453754788,0.9185917804593955,0.9177560214416083,0.9797208823067962,-0.04265804098645365,-0.04288730376548455,20,"Unnamed: 0,V1,V10,V11,V13,V15,V16,V17,V2,V21,V22,V23,V24,V25,V5,V51,V52,V53,V54,V6,synthetic_target_1"
jannis_synthetic_target_1_base,classification,25.005366802215576,0.9540639110802361,0.9538592325786159,0.9539843718535539,0.953741801746901,0.9916394022567117,-0.015065995137200527,-0.015134920390463824,21,"Unnamed: 0,V1,V10,V11,V13,V15,V16,V17,V2,V21,V22,V23,V24,V25,V4,V5,V51,V52,V53,V54,V6,synthetic_target_1"
jannis_synthetic_target_1_base,classification,25.005366802215576,0.9499826328586315,0.9497413015277328,0.95005617914828,0.9494687756124421,0.9912248479381927,-0.04139892323723515,-0.04160478640248011,22,"Unnamed: 0,V1,V10,V11,V13,V14,V15,V16,V17,V2,V21,V22,V23,V24,V25,V4,V5,V51,V52,V53,V54,V6,synthetic_target_1"
jannis_synthetic_target_1_base,classification,25.005366802215576,0.9514588398749566,0.9512287414651923,0.9514990037752202,0.9509906052123535,0.9909319006620391,-0.032454845432441815,-0.032615733273063885,23,"Unnamed: 0,V1,V10,V11,V13,V14,V15,V16,V17,V19,V2,V21,V22,V23,V24,V25,V4,V5,V51,V52,V53,V54,V6,synthetic_target_1"
jannis_synthetic_target_1_base,classification,25.005366802215576,0.9505036470996874,0.9502660309563296,0.9505681128260779,0.950003240835251,0.9909955664162237,-0.02040639110802367,-0.020515744786539836,24,"Unnamed: 0,V1,V10,V11,V13,V14,V15,V16,V17,V19,V2,V21,V22,V23,V24,V25,V4,V5,V51,V52,V53,V54,V6,V8,synthetic_target_1"
jannis_synthetic_target_1_base,classification,25.005366802215576,0.9539770753733935,0.9537638731939823,0.9539786986565156,0.9535700980549536,0.991660694847193,-0.0128516846127128,-0.012921312170712906,25,"Unnamed: 0,V1,V10,V11,V13,V14,V15,V16,V17,V19,V2,V21,V22,V23,V24,V25,V4,V42,V5,V51,V52,V53,V54,V6,V8,synthetic_target_1"
jannis_synthetic_target_1_base,classification,25.005366802215576,0.951111497047586,0.95088327087937,0.9511153667104303,0.9506756081412204,0.9914001256353703,-0.010724209795067718,-0.010781494470144648,26,"Unnamed: 0,V1,V10,V11,V13,V14,V15,V16,V17,V19,V2,V20,V21,V22,V23,V24,V25,V4,V42,V5,V51,V52,V53,V54,V6,V8,synthetic_target_1"
jannis_synthetic_target_1_base,classification,25.005366802215576,0.9623133032302883,0.9621396147875504,0.9623457549843731,0.9619525335759618,0.9950344649199272,-0.024900138937130945,-0.025019033529367518,27,"Unnamed: 0,V1,V10,V11,V13,V14,V15,V16,V17,V19,V2,V20,V21,V22,V23,V24,V25,V27,V4,V42,V5,V51,V52,V53,V54,V6,V8,synthetic_target_1"
jannis_synthetic_target_1_base,classification,25.005366802215576,0.9610976033344911,0.9609155301428495,0.9611590372398431,0.960697936587455,0.9950483369063289,-0.03618878082667598,-0.0363594263757524,28,"Unnamed: 0,V1,V10,V11,V13,V14,V15,V16,V17,V18,V19,V2,V20,V21,V22,V23,V24,V25,V27,V4,V42,V5,V51,V52,V53,V54,V6,V8,synthetic_target_1"
jannis_synthetic_target_1_base,classification,25.005366802215576,0.9619659604029177,0.961787040026997,0.9620438822870077,0.9615586660843259,0.9949225500951352,-0.0315213615838833,-0.03167280019172014,29,"Unnamed: 0,V1,V10,V11,V13,V14,V15,V16,V17,V18,V19,V2,V20,V21,V22,V23,V24,V25,V27,V39,V4,V42,V5,V51,V52,V53,V54,V6,V8,synthetic_target_1"
jannis_synthetic_target_1_base,classification,25.005366802215576,0.9617054532823898,0.9615285084925913,0.9617406350198652,0.9613365022846374,0.994594513962548,-0.016998089614449374,-0.017081196587964587,30,"Unnamed: 0,V1,V10,V11,V13,V14,V15,V16,V17,V18,V19,V2,V20,V21,V22,V23,V24,V25,V27,V39,V4,V42,V46,V5,V51,V52,V53,V54,V6,V8,synthetic_target_1"
jannis_synthetic_target_1_base,classification,25.005366802215576,0.9670024313997916,0.9668503539614497,0.9670585453542337,0.9666613157548813,0.9960160139664855,-0.032997568600208416,-0.03314964603855031,31,"Unnamed: 0,V1,V10,V11,V13,V14,V15,V16,V17,V18,V19,V2,V20,V21,V22,V23,V24,V25,V26,V27,V39,V4,V42,V46,V5,V51,V52,V53,V54,V6,V8,synthetic_target_1"
jannis_synthetic_target_1_base,classification,25.005366802215576,0.9682181312955888,0.9680805702708859,0.9681459520779585,0.9680173175697491,0.9963546963943133,-0.024270580062521696,-0.024376317402867054,32,"Unnamed: 0,V1,V10,V11,V13,V14,V15,V16,V17,V18,V19,V2,V20,V21,V22,V23,V24,V25,V26,V27,V39,V4,V40,V42,V46,V5,V51,V52,V53,V54,V6,V8,synthetic_target_1"
jannis_synthetic_target_1_base,classification,25.005366802215576,0.9652657172629385,0.9651113560021661,0.9652336556671699,0.9649961927757844,0.9956131205972344,-0.034647447030218825,-0.034801444818934324,33,"Unnamed: 0,V1,V10,V11,V13,V14,V15,V16,V17,V18,V19,V2,V20,V21,V22,V23,V24,V25,V26,V27,V39,V4,V40,V42,V46,V48,V5,V51,V52,V53,V54,V6,V8,synthetic_target_1"
jannis_synthetic_target_1_base,classification,25.005366802215576,0.9655262243834665,0.9653677524780717,0.9655690252316573,0.965184554966686,0.9958199888660649,-0.030197117054532874,-0.03033762746585489,34,"Unnamed: 0,V1,V10,V11,V13,V14,V15,V16,V17,V18,V19,V2,V20,V21,V22,V23,V24,V25,V26,V27,V31,V39,V4,V40,V42,V46,V48,V5,V51,V52,V53,V54,V6,V8,synthetic_target_1"
jannis_synthetic_target_1_base,classification,25.005366802215576,0.9668287599861063,0.9666844213959118,0.9667608810731572,0.9666108556471402,0.9960868883074905,-0.02123133032302882,-0.021323920888613346,35,"Unnamed: 0,V1,V10,V11,V13,V14,V15,V16,V17,V18,V19,V2,V20,V21,V22,V23,V24,V25,V26,V27,V31,V37,V39,V4,V40,V42,V46,V48,V5,V51,V52,V53,V54,V6,V8,synthetic_target_1"
jannis_synthetic_target_1_base,classification,25.005366802215576,0.9697811740187565,0.9696426196661947,0.9698393997064784,0.9694629723971702,0.9966794765475593,-0.02961097603334495,-0.02974699294958394,36,"Unnamed: 0,V1,V10,V11,V13,V14,V15,V16,V17,V18,V19,V2,V20,V21,V22,V23,V24,V25,V26,V27,V31,V37,V39,V4,V40,V42,V46,V48,V5,V51,V52,V53,V54,V6,V7,V8,synthetic_target_1"
jannis_synthetic_target_1_base,classification,25.005366802215576,0.9696075026050712,0.9694766532671704,0.9695310076392121,0.969423779492358,0.9968804689094861,-0.030392497394928775,-0.030523346732829637,37,"Unnamed: 0,V1,V10,V11,V13,V14,V15,V16,V17,V18,V19,V2,V20,V21,V22,V23,V24,V25,V26,V27,V31,V37,V39,V4,V40,V42,V43,V46,V48,V5,V51,V52,V53,V54,V6,V7,V8,synthetic_target_1"
jannis_synthetic_target_1_base,classification,25.005366802215576,0.9697811740187565,0.9696489844764176,0.9697373835066152,0.969564377223531,0.996909999884905,-0.03021882598124348,-0.030351015523582436,38,"Unnamed: 0,V1,V10,V11,V13,V14,V15,V16,V17,V18,V19,V2,V20,V21,V22,V23,V24,V25,V26,V27,V31,V37,V39,V4,V40,V42,V43,V46,V47,V48,V5,V51,V52,V53,V54,V6,V7,V8,synthetic_target_1"
jannis_synthetic_target_1_base,classification,25.005366802215576,0.971170545328239,0.9710490562974561,0.9710597295361385,0.9710384423637137,0.9971691455522718,-0.028720910038207648,-0.028841945035687266,39,"Unnamed: 0,V1,V10,V11,V13,V14,V15,V16,V17,V18,V19,V2,V20,V21,V22,V23,V24,V25,V26,V27,V31,V37,V39,V4,V40,V42,V43,V45,V46,V47,V48,V5,V51,V52,V53,V54,V6,V7,V8,synthetic_target_1"
jannis_synthetic_target_1_base,classification,25.005366802215576,0.97316776658562,0.9730537788325223,0.973080795160975,0.9730271339688601,0.9972301156584439,-0.026810524487669296,-0.026924421311378288,40,"Unnamed: 0,V1,V10,V11,V13,V14,V15,V16,V17,V18,V19,V2,V20,V21,V22,V23,V24,V25,V26,V27,V31,V37,V39,V4,V40,V41,V42,V43,V45,V46,V47,V48,V5,V51,V52,V53,V54,V6,V7,V8,synthetic_target_1"
jannis_synthetic_target_2_base,classification,39.61722731590271,0.5884855852726641,0.5718649960447524,0.5955087027983084,0.5829797874513163,0.6326865718279027,-0.005166724557137847,-0.005801218043802958,1,"V50,synthetic_target_2"
jannis_synthetic_target_2_base,classification,39.61722731590271,0.6908648836401529,0.6898274783298165,0.6909366828208874,0.6897388796716263,0.7608047945799981,-0.005883119138589743,-0.0060268167949019125,2,"V50,V51,synthetic_target_2"
jannis_synthetic_target_2_base,classification,39.61722731590271,0.7433136505731157,0.7428249611539957,0.7432209850972826,0.74267543614022,0.8293447031970156,-0.03866359847169154,-0.03874586038551153,3,"V42,V50,V51,synthetic_target_2"
jannis_synthetic_target_2_base,classification,39.61722731590271,0.7544286210489753,0.7540083485608764,0.754316257264481,0.7538703873579982,0.8426383171812777,-0.030414206321639492,-0.03046509412679388,4,"V41,V42,V50,V51,synthetic_target_2"
jannis_synthetic_target_2_base,classification,39.61722731590271,0.7864709968739145,0.7860431016498595,0.7865561834752206,0.7858388680936509,0.8723767772079026,-0.01504428621048981,-0.015077908531116457,5,"V40,V41,V42,V50,V51,synthetic_target_2"
jannis_synthetic_target_2_base,classification,39.61722731590271,0.7908127822160472,0.7904033173370868,0.7908936598521865,0.7902007910761132,0.8777763101943393,-0.049561479680444664,-0.049622118870707776,6,"V33,V40,V41,V42,V50,V51,synthetic_target_2"
jannis_synthetic_target_2_base,classification,39.61722731590271,0.8048801667245571,0.8045160668464504,0.8049678986223111,0.8043135430461428,0.8896864240464435,-0.059591003820771205,-0.059688511250574505,7,"V28,V33,V40,V41,V42,V50,V51,synthetic_target_2"
jannis_synthetic_target_2_base,classification,39.61722731590271,0.8180791941646405,0.8177314623981324,0.8182290713515932,0.8175090234996671,0.9018795416570876,-0.01552188259812437,-0.015554396339912291,8,"V28,V33,V40,V41,V42,V44,V50,V51,synthetic_target_2"
jannis_synthetic_target_2_base,classification,39.61722731590271,0.8163424800277874,0.8160025269761679,0.8164588617705146,0.8157920414476424,0.9001826663367876,-0.05583535949982632,-0.055920162815138785,9,"V28,V33,V40,V41,V42,V44,V45,V50,V51,synthetic_target_2"
jannis_synthetic_target_2_base,classification,39.61722731590271,0.8205974296630775,0.8203156974471477,0.8206054148713583,0.8201552173270514,0.9049317042855263,-0.043982285515804076,-0.04401182826771999,10,"V28,V33,V39,V40,V41,V42,V44,V45,V50,V51,synthetic_target_2"
jannis_synthetic_target_2_base,classification,39.61722731590271,0.8224209795067732,0.8220975783778435,0.8225419990726032,0.8218869775249911,0.9050260489351356,-0.0652136158388329,-0.06531577114526099,11,"V28,V33,V39,V40,V41,V42,V44,V45,V50,V51,V52,synthetic_target_2"
jannis_synthetic_target_2_base,classification,39.61722731590271,0.8246787078846822,0.8244165274111326,0.8246666690848461,0.8242697459955224,0.9081039789742757,-0.028612365404654394,-0.028604083399643154,12,"V28,V31,V33,V39,V40,V41,V42,V44,V45,V50,V51,V52,synthetic_target_2"
jannis_synthetic_target_2_base,classification,39.61722731590271,0.8238971865230983,0.8236302691957331,0.8238912566541348,0.8234794699249635,0.9063315222682808,-0.060263980548801666,-0.06031123884566281,13,"V28,V31,V33,V39,V40,V41,V42,V44,V45,V49,V50,V51,V52,synthetic_target_2"
jannis_synthetic_target_2_base,classification,39.61722731590271,0.8230288294546717,0.8227410625865161,0.8230653574702254,0.8225675420894125,0.9072367780502116,-0.03076154914901008,-0.03079193230879962,14,"V28,V30,V31,V33,V39,V40,V41,V42,V44,V45,V49,V50,V51,V52,synthetic_target_2"
jannis_synthetic_target_2_base,classification,39.61722731590271,0.8280653004515457,0.8278139382140438,0.8280476627224792,0.8276729009107957,0.913445969272023,-0.02238190343869395,-0.02238876874267226,15,"V28,V30,V31,V33,V39,V40,V41,V42,V44,V45,V48,V49,V50,V51,V52,synthetic_target_2"
jannis_synthetic_target_2_base,classification,39.61722731590271,0.910211879124696,0.9101220840639779,0.9101453082382197,0.910100236284288,0.9737408951752449,-0.024292288989232413,-0.024306977063416113,16,"V28,V30,V31,V33,V34,V39,V40,V41,V42,V44,V45,V48,V49,V50,V51,V52,synthetic_target_2"
jannis_synthetic_target_2_base,classification,39.61722731590271,0.9111670718999653,0.9110747787515932,0.9111159102680055,0.9110376296276617,0.9749183465926562,-0.040769364362625904,-0.04080199065157375,17,"V28,V30,V31,V33,V34,V39,V40,V41,V42,V44,V45,V47,V48,V49,V50,V51,V52,synthetic_target_2"
jannis_synthetic_target_2_base,classification,39.61722731590271,0.9215873567210837,0.9215185434028437,0.9214915157927808,0.9215479254970114,0.9802799454823782,-0.04194164640500175,-0.041968043847686265,18,"V28,V30,V31,V33,V34,V39,V40,V41,V42,V44,V45,V46,V47,V48,V49,V50,V51,V52,synthetic_target_2"
jannis_synthetic_target_2_base,classification,39.61722731590271,0.9165508857242098,0.9164776525029155,0.9164509557388706,0.9165066908470745,0.9787927719016576,-0.02507381035081624,-0.02507941243080347,19,"V28,V30,V31,V33,V34,V37,V39,V40,V41,V42,V44,V45,V46,V47,V48,V49,V50,V51,V52,synthetic_target_2"
jannis_synthetic_target_2_base,classification,39.61722731590271,0.9208926710663424,0.9208296151028803,0.9207756032869079,0.9208953322343062,0.9800023759756556,-0.033822507815213676,-0.033831952822094724,20,"V28,V30,V31,V33,V34,V35,V37,V39,V40,V41,V42,V44,V45,V46,V47,V48,V49,V50,V51,V52,synthetic_target_2"
jannis_synthetic_target_2_base,classification,39.61722731590271,0.9202848211184439,0.9202144534560464,0.920189424209412,0.9202414860746542,0.9805849579607789,-0.04068252865578326,-0.040707501232318366,21,"V28,V30,V31,V33,V34,V35,V37,V39,V40,V41,V42,V44,V45,V46,V47,V48,V49,V50,V51,V52,V54,synthetic_target_2"
jannis_synthetic_target_2_base,classification,39.61722731590271,0.9359152483501215,0.9358378386017705,0.9359739143844095,0.9357317303095546,0.9877000238654225,-0.06382424452935054,-0.06390140298081004,22,"V28,V30,V31,V32,V33,V34,V35,V37,V39,V40,V41,V42,V44,V45,V46,V47,V48,V49,V50,V51,V52,V54,synthetic_target_2"
jannis_synthetic_target_2_base,classification,39.61722731590271,0.9472038902396666,0.9471420174475865,0.9472598861737418,0.9470470803953781,0.9919510277302322,-0.05279610976033344,-0.052857982552413474,23,"V28,V30,V31,V32,V33,V34,V35,V37,V38,V39,V40,V41,V42,V44,V45,V46,V47,V48,V49,V50,V51,V52,V54,synthetic_target_2"
jannis_synthetic_target_2_base,classification,39.61722731590271,0.9492011114970476,0.9491412763537102,0.9492631778618686,0.9490435188471174,0.992509306533616,-0.04665248350121576,-0.0467082117349813,24,"Unnamed: 0,V28,V30,V31,V32,V33,V34,V35,V37,V38,V39,V40,V41,V42,V44,V45,V46,V47,V48,V49,V50,V51,V52,V54,synthetic_target_2"
jannis_synthetic_target_2_base,classification,39.61722731590271,0.9733414379993053,0.9733119183228202,0.973397481430369,0.9732387401170206,0.9975682326922476,-0.02665856200069472,-0.026688081677179842,25,"Unnamed: 0,V28,V29,V30,V31,V32,V33,V34,V35,V37,V38,V39,V40,V41,V42,V44,V45,V46,V47,V48,V49,V50,V51,V52,V54,synthetic_target_2"
jannis_synthetic_target_2_base,classification,39.61722731590271,0.9725599166377215,0.9725312536533852,0.9725814041135156,0.9724858698131387,0.9974906738426969,-0.027353247655435897,-0.02738182804270306,26,"Unnamed: 0,V28,V29,V30,V31,V32,V33,V34,V35,V37,V38,V39,V40,V41,V42,V44,V45,V46,V47,V48,V49,V50,V51,V52,V53,V54,synthetic_target_2"
jannis_synthetic_target_2_base,classification,39.61722731590271,0.9738624522403613,0.973833811310893,0.9739127727316819,0.9737655908307266,0.9976084763459848,-0.026137547759638724,-0.02616618868910703,27,"Unnamed: 0,V28,V29,V30,V31,V32,V33,V34,V35,V36,V37,V38,V39,V40,V41,V42,V44,V45,V46,V47,V48,V49,V50,V51,V52,V53,V54,synthetic_target_2"
jannis_synthetic_target_2_base,classification,39.61722731590271,0.973688780826676,0.9736620316087957,0.973697391279982,0.9736291609198195,0.9977203615528495,-0.02631121917332402,-0.02633796839120428,28,"Unnamed: 0,V28,V29,V30,V31,V32,V33,V34,V35,V36,V37,V38,V39,V40,V41,V42,V43,V44,V45,V46,V47,V48,V49,V50,V51,V52,V53,V54,synthetic_target_2"
jannis_synthetic_target_2_base,classification,39.61722731590271,0.973688780826676,0.9736596457713829,0.9737452694070281,0.9735864114721886,0.9975691685911717,-0.02631121917332402,-0.026340354228617135,29,"Unnamed: 0,V26,V28,V29,V30,V31,V32,V33,V34,V35,V36,V37,V38,V39,V40,V41,V42,V43,V44,V45,V46,V47,V48,V49,V50,V51,V52,V53,V54,synthetic_target_2"
jannis_synthetic_target_2_base,classification,39.61722731590271,0.9696943383119139,0.9696597192348415,0.9697652525157341,0.9695721598448943,0.9970482351738892,-0.029828065300451567,-0.029862232651802323,30,"Unnamed: 0,V12,V26,V28,V29,V30,V31,V32,V33,V34,V35,V36,V37,V38,V39,V40,V41,V42,V43,V44,V45,V46,V47,V48,V49,V50,V51,V52,V53,V54,synthetic_target_2"
jannis_synthetic_target_2_base,classification,39.61722731590271,0.9738624522403613,0.973831037825236,0.9739744234152377,0.9737174977021417,0.997631873819088,-0.0260941299062174,-0.026125503139170503,31,"Unnamed: 0,V12,V26,V27,V28,V29,V30,V31,V32,V33,V34,V35,V36,V37,V38,V39,V40,V41,V42,V43,V44,V45,V46,V47,V48,V49,V50,V51,V52,V53,V54,synthetic_target_2"
jannis_synthetic_target_2_base,classification,39.61722731590271,0.9690864883640152,0.9690506275065566,0.9691667105377892,0.9689557194519195,0.9969852280430943,-0.030544459881903463,-0.030579972171892456,32,"Unnamed: 0,V12,V20,V26,V27,V28,V29,V30,V31,V32,V33,V34,V35,V36,V37,V38,V39,V40,V41,V42,V43,V44,V45,V46,V47,V48,V49,V50,V51,V52,V53,V54,synthetic_target_2"
jannis_synthetic_target_2_base,classification,39.61722731590271,0.9732546022924626,0.9732232588385801,0.9733476503418035,0.9731224320329823,0.9974984025563929,-0.026745397707537366,-0.026776741161419926,33,"Unnamed: 0,V12,V20,V21,V26,V27,V28,V29,V30,V31,V32,V33,V34,V35,V36,V37,V38,V39,V40,V41,V42,V43,V44,V45,V46,V47,V48,V49,V50,V51,V52,V53,V54,synthetic_target_2"
jannis_synthetic_target_2_base,classification,39.61722731590271,0.9724730809308788,0.9724422801712789,0.9725344821858399,0.9723642180481465,0.997339480881019,-0.02733153872872518,-0.02736215443008705,34,"Unnamed: 0,V12,V20,V21,V26,V27,V28,V29,V30,V31,V32,V33,V34,V35,V36,V37,V38,V39,V40,V41,V42,V43,V44,V45,V46,V47,V48,V49,V50,V51,V52,V53,V54,V9,synthetic_target_2"
jannis_synthetic_target_2_base,classification,39.61722731590271,0.970910038207711,0.9708736574735746,0.9710476790532343,0.9707409164593978,0.9967323994772854,-0.028872872525182336,-0.02890904734845723,35,"Unnamed: 0,V12,V20,V21,V26,V27,V28,V29,V30,V31,V32,V33,V34,V35,V36,V37,V38,V39,V40,V41,V42,V43,V44,V45,V46,V47,V48,V49,V50,V51,V52,V53,V54,V9,synthetic_target_1,synthetic_target_2"
jannis_synthetic_target_2_base,classification,39.61722731590271,0.9741229593608892,0.9740950491537401,0.9741642269502628,0.9740343598685334,0.9976254432877706,-0.025877040639110782,-0.025904950846259878,36,"Unnamed: 0,V12,V20,V21,V26,V27,V28,V29,V30,V31,V32,V33,V34,V35,V36,V37,V38,V39,V4,V40,V41,V42,V43,V44,V45,V46,V47,V48,V49,V50,V51,V52,V53,V54,V9,synthetic_target_1,synthetic_target_2"
jannis_synthetic_target_2_base,classification,39.61722731590271,0.9742097950677319,0.9741824187662294,0.9742420435713216,0.9741292932287562,0.9976453084971925,-0.025790204932268135,-0.025817581233770648,37,"Unnamed: 0,V12,V20,V21,V25,V26,V27,V28,V29,V30,V31,V32,V33,V34,V35,V36,V37,V38,V39,V4,V40,V41,V42,V43,V44,V45,V46,V47,V48,V49,V50,V51,V52,V53,V54,V9,synthetic_target_1,synthetic_target_2"
jannis_synthetic_target_2_base,classification,39.61722731590271,0.9727335880514068,0.9727051064783637,0.9727552749398118,0.9726597054907227,0.9974662197095182,-0.02726641194859325,-0.027294893521636276,38,"Unnamed: 0,V12,V20,V21,V24,V25,V26,V27,V28,V29,V30,V31,V32,V33,V34,V35,V36,V37,V38,V39,V4,V40,V41,V42,V43,V44,V45,V46,V47,V48,V49,V50,V51,V52,V53,V54,V9,synthetic_target_1,synthetic_target_2"
jannis_synthetic_target_2_base,classification,39.61722731590271,0.9720389023966655,0.9720093799456183,0.9720656225412949,0.9719590190994327,0.997554616872416,-0.02796109760333454,-0.027990620054381687,39,"Unnamed: 0,V12,V20,V21,V22,V24,V25,V26,V27,V28,V29,V30,V31,V32,V33,V34,V35,V36,V37,V38,V39,V4,V40,V41,V42,V43,V44,V45,V46,V47,V48,V49,V50,V51,V52,V53,V54,V9,synthetic_target_1,synthetic_target_2"
jannis_synthetic_target_2_base,classification,39.61722731590271,0.9726467523445641,0.972616463425695,0.9727019054770506,0.9725433974066844,0.9974549285418529,-0.02733153872872518,-0.027361807027427965,40,"Unnamed: 0,V12,V20,V21,V22,V23,V24,V25,V26,V27,V28,V29,V30,V31,V32,V33,V34,V35,V36,V37,V38,V39,V4,V40,V41,V42,V43,V44,V45,V46,V47,V48,V49,V50,V51,V52,V53,V54,V9,synthetic_target_1,synthetic_target_2"
miniboone_synthetic_target_1_base,classification,41.121447801589966,0.7534931506849315,0.740111027858575,0.7979840863881784,0.7462865527221851,0.8109165657334437,0.0024057846792463478,0.002174672160901947,1,"ParticleID_11,synthetic_target_1"
miniboone_synthetic_target_1_base,classification,41.121447801589966,0.965,0.9649332473204728,0.9652984252680201,0.9646802489799531,0.9948982570377376,-0.0008207472858660081,-0.0008184587593599302,2,"ParticleID_11,ParticleID_15,synthetic_target_1"
miniboone_synthetic_target_1_base,classification,41.121447801589966,0.963904109589041,0.963827705714245,0.9643478175097381,0.9634989258247395,0.9946363107332916,-0.004536590434932375,-0.0045403275081390415,3,"ParticleID_11,ParticleID_15,ParticleID_33,synthetic_target_1"
miniboone_synthetic_target_1_base,classification,41.121447801589966,0.9629452054794521,0.9628648864238212,0.9634236111173866,0.9625190087693294,0.9932741561288285,-0.006420183746206343,-0.006427004448616214,4,"ParticleID_11,ParticleID_15,ParticleID_33,ParticleID_42,synthetic_target_1"
miniboone_synthetic_target_1_base,classification,41.121447801589966,0.9673972602739725,0.9673421052631579,0.967562114125335,0.9671720458479875,0.9957032801686242,-0.0017455185883172852,-0.0017401399270420281,5,"ParticleID_11,ParticleID_15,ParticleID_33,ParticleID_42,Unnamed: 0,synthetic_target_1"
miniboone_synthetic_target_1_base,classification,41.121447801589966,0.9675342465753425,0.9674778463623461,0.9677275995033005,0.9672894434887722,0.9954247426162888,-0.004588086381265621,-0.004589713159524278,6,"ParticleID_11,ParticleID_15,ParticleID_33,ParticleID_40,ParticleID_42,Unnamed: 0,synthetic_target_1"
miniboone_synthetic_target_1_base,classification,41.121447801589966,0.9695205479452055,0.9694722040094654,0.9696270137387374,0.9693450389754343,0.9963137366269235,-0.006386161188668971,-0.006392266689857928,7,"ParticleID_11,ParticleID_15,ParticleID_2,ParticleID_33,ParticleID_40,ParticleID_42,Unnamed: 0,synthetic_target_1"
miniboone_synthetic_target_1_base,classification,41.121447801589966,0.9693835616438357,0.9693414657042776,0.9693782779289071,0.9693067081196083,0.9961861550038554,-0.0009236406576130785,-0.0009190422499779638,8,"ParticleID_11,ParticleID_15,ParticleID_2,ParticleID_33,ParticleID_40,ParticleID_42,ParticleID_47,Unnamed: 0,synthetic_target_1"
miniboone_synthetic_target_1_base,classification,41.121447801589966,0.9704109589041096,0.9703638653120377,0.9705222803108785,0.9702341363290625,0.9963180394533862,-0.005119024999448829,-0.0051218008533253645,9,"ParticleID_11,ParticleID_15,ParticleID_2,ParticleID_33,ParticleID_38,ParticleID_40,ParticleID_42,ParticleID_47,Unnamed: 0,synthetic_target_1"
miniboone_synthetic_target_1_base,classification,41.121447801589966,0.9704794520547945,0.9704339115957982,0.9705630720815732,0.9703249560308443,0.9966010677285365,-0.004827921485395237,-0.004830562433251306,10,"ParticleID_11,ParticleID_15,ParticleID_2,ParticleID_33,ParticleID_38,ParticleID_40,ParticleID_42,ParticleID_47,ParticleID_48,Unnamed: 0,synthetic_target_1"
miniboone_synthetic_target_1_base,classification,41.121447801589966,0.9733561643835617,0.9733144849792158,0.9734573090042895,0.9731955237602359,0.9971148515136864,-0.008132927708633275,-0.00814305379515079,11,"ParticleID_11,ParticleID_15,ParticleID_2,ParticleID_33,ParticleID_38,ParticleID_40,ParticleID_42,ParticleID_46,ParticleID_47,ParticleID_48,Unnamed: 0,synthetic_target_1"
miniboone_synthetic_target_1_base,classification,41.121447801589966,0.9741095890410959,0.9740686653171923,0.9742215904184568,0.97394251510278,0.9972615515905793,-0.013389982862051508,-0.01341031892484934,12,"ParticleID_11,ParticleID_15,ParticleID_2,ParticleID_33,ParticleID_38,ParticleID_40,ParticleID_42,ParticleID_43,ParticleID_46,ParticleID_47,ParticleID_48,Unnamed: 0,synthetic_target_1"
miniboone_synthetic_target_1_base,classification,41.121447801589966,0.9771917808219178,0.9771558533751235,0.9773063972152435,0.9770311835228578,0.9976930367735145,-0.005461734709436006,-0.005466901521529288,13,"ParticleID_11,ParticleID_15,ParticleID_2,ParticleID_22,ParticleID_33,ParticleID_38,ParticleID_40,ParticleID_42,ParticleID_43,ParticleID_46,ParticleID_47,ParticleID_48,Unnamed: 0,synthetic_target_1"
miniboone_synthetic_target_1_base,classification,41.121447801589966,0.9760958904109589,0.9760602920562619,0.9761597744360903,0.9759734022191424,0.9974989304469898,-0.004365769234919381,-0.004369052534642814,14,"ParticleID_11,ParticleID_15,ParticleID_2,ParticleID_22,ParticleID_33,ParticleID_37,ParticleID_38,ParticleID_40,ParticleID_42,ParticleID_43,ParticleID_46,ParticleID_47,ParticleID_48,Unnamed: 0,synthetic_target_1"
miniboone_synthetic_target_1_base,classification,41.121447801589966,0.9797260273972602,0.9796957275856731,0.9797990011127757,0.9796057863132577,0.9980028590684727,-0.006232395836412108,-0.006238179912666286,15,"ParticleID_11,ParticleID_15,ParticleID_2,ParticleID_22,ParticleID_33,ParticleID_37,ParticleID_38,ParticleID_40,ParticleID_42,ParticleID_43,ParticleID_45,ParticleID_46,ParticleID_47,ParticleID_48,Unnamed: 0,synthetic_target_1"
miniboone_synthetic_target_1_base,classification,41.121447801589966,0.9782876712328767,0.978252995084661,0.9784173378757455,0.9781186148709328,0.9980062505976278,-0.015325123725854706,-0.015348785241163343,16,"ParticleID_11,ParticleID_15,ParticleID_19,ParticleID_2,ParticleID_22,ParticleID_33,ParticleID_37,ParticleID_38,ParticleID_40,ParticleID_42,ParticleID_43,ParticleID_45,ParticleID_46,ParticleID_47,ParticleID_48,Unnamed: 0,synthetic_target_1"
miniboone_synthetic_target_1_base,classification,41.121447801589966,0.9807534246575342,0.9807241472632863,0.9808432207885487,0.9806221646557904,0.9983193422891123,-0.008458534656140881,-0.008469712388664452,17,"ParticleID_11,ParticleID_15,ParticleID_16,ParticleID_19,ParticleID_2,ParticleID_22,ParticleID_33,ParticleID_37,ParticleID_38,ParticleID_40,ParticleID_42,ParticleID_43,ParticleID_45,ParticleID_46,ParticleID_47,ParticleID_48,Unnamed: 0,synthetic_target_1"
miniboone_synthetic_target_1_base,classification,41.121447801589966,0.9796575342465753,0.9796268072933474,0.9797393430498649,0.9795297916336556,0.9980354496907423,-0.0060440308755178584,-0.006050018787165823,18,"ParticleID_11,ParticleID_15,ParticleID_16,ParticleID_19,ParticleID_2,ParticleID_22,ParticleID_33,ParticleID_37,ParticleID_38,ParticleID_40,ParticleID_42,ParticleID_43,ParticleID_44,ParticleID_45,ParticleID_46,ParticleID_47,ParticleID_48,Unnamed: 0,synthetic_target_1"
miniboone_synthetic_target_1_base,classification,41.121447801589966,0.9818493150684932,0.9818236142764427,0.981883226128061,0.9817688960925846,0.9986952101518295,-0.008013351461182538,-0.00802384693239655,19,"ParticleID_11,ParticleID_15,ParticleID_16,ParticleID_19,ParticleID_2,ParticleID_22,ParticleID_29,ParticleID_33,ParticleID_37,ParticleID_38,ParticleID_40,ParticleID_42,ParticleID_43,ParticleID_44,ParticleID_45,ParticleID_46,ParticleID_47,ParticleID_48,Unnamed: 0,synthetic_target_1"
miniboone_synthetic_target_1_base,classification,41.121447801589966,0.9821232876712329,0.9820945407403118,0.982267036506157,0.9819542746335547,0.9986435668394581,-0.011232649175919374,-0.011250911564983812,20,"ParticleID_11,ParticleID_14,ParticleID_15,ParticleID_16,ParticleID_19,ParticleID_2,ParticleID_22,ParticleID_29,ParticleID_33,ParticleID_37,ParticleID_38,ParticleID_40,ParticleID_42,ParticleID_43,ParticleID_44,ParticleID_45,ParticleID_46,ParticleID_47,ParticleID_48,Unnamed: 0,synthetic_target_1"
miniboone_synthetic_target_1_base,classification,41.121447801589966,0.9818493150684932,0.9818218987634244,0.9819349314810989,0.9817244210260452,0.9985556407414984,-0.009537376256552266,-0.009550905246381913,21,"ParticleID_11,ParticleID_14,ParticleID_15,ParticleID_16,ParticleID_19,ParticleID_2,ParticleID_22,ParticleID_29,ParticleID_33,ParticleID_37,ParticleID_38,ParticleID_39,ParticleID_40,ParticleID_42,ParticleID_43,ParticleID_44,ParticleID_45,ParticleID_46,ParticleID_47,ParticleID_48,Unnamed: 0,synthetic_target_1"
miniboone_synthetic_target_1_base,classification,41.121447801589966,0.9826027397260274,0.982578553043129,0.9826244512910187,0.9825356541313682,0.9987530634386375,-0.007910634019648866,-0.007920388901281328,22,"ParticleID_11,ParticleID_14,ParticleID_15,ParticleID_16,ParticleID_19,ParticleID_2,ParticleID_22,ParticleID_29,ParticleID_33,ParticleID_37,ParticleID_38,ParticleID_39,ParticleID_40,ParticleID_41,ParticleID_42,ParticleID_43,ParticleID_44,ParticleID_45,ParticleID_46,ParticleID_47,ParticleID_48,Unnamed: 0,synthetic_target_1"
miniboone_synthetic_target_1_base,classification,41.121447801589966,0.9835616438356164,0.9835382826538881,0.9836009237096085,0.983480979468359,0.9988208752321059,-0.009126461921430074,-0.0091385128951742,23,"ParticleID_11,ParticleID_14,ParticleID_15,ParticleID_16,ParticleID_19,ParticleID_2,ParticleID_22,ParticleID_29,ParticleID_31,ParticleID_33,ParticleID_37,ParticleID_38,ParticleID_39,ParticleID_40,ParticleID_41,ParticleID_42,ParticleID_43,ParticleID_44,ParticleID_45,ParticleID_46,ParticleID_47,ParticleID_48,Unnamed: 0,synthetic_target_1"
miniboone_synthetic_target_1_base,classification,41.121447801589966,0.9817123287671233,0.9816860547509727,0.98175700439237,0.9816218484074404,0.9985265919654656,-0.005393394031602661,-0.005399548415463418,24,"ParticleID_11,ParticleID_14,ParticleID_15,ParticleID_16,ParticleID_19,ParticleID_2,ParticleID_22,ParticleID_26,ParticleID_29,ParticleID_31,ParticleID_33,ParticleID_37,ParticleID_38,ParticleID_39,ParticleID_40,ParticleID_41,ParticleID_42,ParticleID_43,ParticleID_44,ParticleID_45,ParticleID_46,ParticleID_47,ParticleID_48,Unnamed: 0,synthetic_target_1"
miniboone_synthetic_target_1_base,classification,41.121447801589966,0.98,0.9799715772288973,0.9800337662092116,0.9799147067057258,0.9982048006728793,-0.003509709236617753,-0.0035121322900204532,25,"ParticleID_1,ParticleID_11,ParticleID_14,ParticleID_15,ParticleID_16,ParticleID_19,ParticleID_2,ParticleID_22,ParticleID_26,ParticleID_29,ParticleID_31,ParticleID_33,ParticleID_37,ParticleID_38,ParticleID_39,ParticleID_40,ParticleID_41,ParticleID_42,ParticleID_43,ParticleID_44,ParticleID_45,ParticleID_46,ParticleID_47,ParticleID_48,Unnamed: 0,synthetic_target_1"
miniboone_synthetic_target_1_base,classification,41.121447801589966,0.9836986301369863,0.9836752946001399,0.9837436527231956,0.9836132021313233,0.9988916745775728,-0.012037525210799593,-0.012054550005684339,26,"ParticleID_1,ParticleID_11,ParticleID_14,ParticleID_15,ParticleID_16,ParticleID_19,ParticleID_2,ParticleID_22,ParticleID_25,ParticleID_26,ParticleID_29,ParticleID_31,ParticleID_33,ParticleID_37,ParticleID_38,ParticleID_39,ParticleID_40,ParticleID_41,ParticleID_42,ParticleID_43,ParticleID_44,ParticleID_45,ParticleID_46,ParticleID_47,ParticleID_48,Unnamed: 0,synthetic_target_1"
miniboone_synthetic_target_1_base,classification,41.121447801589966,0.9831506849315068,0.9831267397202353,0.9831893286134088,0.9830694864572859,0.9987434149609578,-0.014554715938385976,-0.014575447311545031,27,"ParticleID_1,ParticleID_11,ParticleID_14,ParticleID_15,ParticleID_16,ParticleID_19,ParticleID_2,ParticleID_22,ParticleID_25,ParticleID_26,ParticleID_29,ParticleID_31,ParticleID_33,ParticleID_35,ParticleID_37,ParticleID_38,ParticleID_39,ParticleID_40,ParticleID_41,ParticleID_42,ParticleID_43,ParticleID_44,ParticleID_45,ParticleID_46,ParticleID_47,ParticleID_48,Unnamed: 0,synthetic_target_1"
miniboone_synthetic_target_1_base,classification,41.121447801589966,0.9817123287671233,0.9816877396006154,0.981709904777539,0.9816663234739795,0.9987777718089371,-0.015205373893926732,-0.015225724778346272,28,"ParticleID_1,ParticleID_11,ParticleID_13,ParticleID_14,ParticleID_15,ParticleID_16,ParticleID_19,ParticleID_2,ParticleID_22,ParticleID_25,ParticleID_26,ParticleID_29,ParticleID_31,ParticleID_33,ParticleID_35,ParticleID_37,ParticleID_38,ParticleID_39,ParticleID_40,ParticleID_41,ParticleID_42,ParticleID_43,ParticleID_44,ParticleID_45,ParticleID_46,ParticleID_47,ParticleID_48,Unnamed: 0,synthetic_target_1"
miniboone_synthetic_target_1_base,classification,41.121447801589966,0.9823287671232876,0.9823032867120685,0.9823772130752566,0.9822366170870199,0.9988979691053679,-0.015239642753762883,-0.015261853482657517,29,"ParticleID_1,ParticleID_11,ParticleID_13,ParticleID_14,ParticleID_15,ParticleID_16,ParticleID_19,ParticleID_2,ParticleID_22,ParticleID_25,ParticleID_26,ParticleID_29,ParticleID_30,ParticleID_31,ParticleID_33,ParticleID_35,ParticleID_37,ParticleID_38,ParticleID_39,ParticleID_40,ParticleID_41,ParticleID_42,ParticleID_43,ParticleID_44,ParticleID_45,ParticleID_46,ParticleID_47,ParticleID_48,Unnamed: 0,synthetic_target_1"
miniboone_synthetic_target_1_base,classification,41.121447801589966,0.9834931506849315,0.9834692630876458,0.9835462767825781,0.983400043114697,0.9988240694700915,-0.012962207375276091,-0.012980904710057306,30,"ParticleID_1,ParticleID_10,ParticleID_11,ParticleID_13,ParticleID_14,ParticleID_15,ParticleID_16,ParticleID_19,ParticleID_2,ParticleID_22,ParticleID_25,ParticleID_26,ParticleID_29,ParticleID_30,ParticleID_31,ParticleID_33,ParticleID_35,ParticleID_37,ParticleID_38,ParticleID_39,ParticleID_40,ParticleID_41,ParticleID_42,ParticleID_43,ParticleID_44,ParticleID_45,ParticleID_46,ParticleID_47,ParticleID_48,Unnamed: 0,synthetic_target_1"
miniboone_synthetic_target_1_base,classification,41.121447801589966,0.9895205479452055,0.989507186245739,0.989495323075346,0.989519282402787,0.9995956470503062,-0.010325337187847006,-0.01033849647386842,31,"ParticleID_1,ParticleID_10,ParticleID_11,ParticleID_13,ParticleID_14,ParticleID_15,ParticleID_16,ParticleID_17,ParticleID_19,ParticleID_2,ParticleID_22,ParticleID_25,ParticleID_26,ParticleID_29,ParticleID_30,ParticleID_31,ParticleID_33,ParticleID_35,ParticleID_37,ParticleID_38,ParticleID_39,ParticleID_40,ParticleID_41,ParticleID_42,ParticleID_43,ParticleID_44,ParticleID_45,ParticleID_46,ParticleID_47,ParticleID_48,Unnamed: 0,synthetic_target_1"
miniboone_synthetic_target_1_base,classification,41.121447801589966,0.9905479452054795,0.9905367574827956,0.9904839262967535,0.9905949608340389,0.9996245173248046,-0.009434930920415252,-0.009446096322755948,32,"ParticleID_1,ParticleID_10,ParticleID_11,ParticleID_13,ParticleID_14,ParticleID_15,ParticleID_16,ParticleID_17,ParticleID_19,ParticleID_2,ParticleID_22,ParticleID_25,ParticleID_26,ParticleID_29,ParticleID_30,ParticleID_31,ParticleID_33,ParticleID_35,ParticleID_37,ParticleID_38,ParticleID_39,ParticleID_40,ParticleID_41,ParticleID_42,ParticleID_43,ParticleID_44,ParticleID_45,ParticleID_46,ParticleID_47,ParticleID_48,ParticleID_5,Unnamed: 0,synthetic_target_1"
miniboone_synthetic_target_1_base,classification,41.121447801589966,0.9895890410958904,0.9895751995274491,0.9895900492691906,0.9895606853639696,0.9996860815645663,-0.010222596288951502,-0.010236189994459854,33,"ParticleID_1,ParticleID_10,ParticleID_11,ParticleID_13,ParticleID_14,ParticleID_15,ParticleID_16,ParticleID_17,ParticleID_19,ParticleID_2,ParticleID_22,ParticleID_25,ParticleID_26,ParticleID_29,ParticleID_30,ParticleID_31,ParticleID_33,ParticleID_35,ParticleID_37,ParticleID_38,ParticleID_39,ParticleID_40,ParticleID_41,ParticleID_42,ParticleID_43,ParticleID_44,ParticleID_45,ParticleID_46,ParticleID_47,ParticleID_48,ParticleID_5,ParticleID_7,Unnamed: 0,synthetic_target_1"
miniboone_synthetic_target_1_base,classification,41.121447801589966,0.9891095890410959,0.9890954890418802,0.9890930813562886,0.989097906043594,0.999680388305098,-0.007517007760164396,-0.00752656740475155,34,"ParticleID_1,ParticleID_10,ParticleID_11,ParticleID_13,ParticleID_14,ParticleID_15,ParticleID_16,ParticleID_17,ParticleID_19,ParticleID_2,ParticleID_22,ParticleID_25,ParticleID_26,ParticleID_29,ParticleID_30,ParticleID_31,ParticleID_33,ParticleID_35,ParticleID_36,ParticleID_37,ParticleID_38,ParticleID_39,ParticleID_40,ParticleID_41,ParticleID_42,ParticleID_43,ParticleID_44,ParticleID_45,ParticleID_46,ParticleID_47,ParticleID_48,ParticleID_5,ParticleID_7,Unnamed: 0,synthetic_target_1"
miniboone_synthetic_target_1_base,classification,41.121447801589966,0.9904794520547945,0.990467312994495,0.9904554264403373,0.9904794327619575,0.9996215579572593,-0.00941780470057385,-0.009429809201621175,35,"ParticleID_1,ParticleID_10,ParticleID_11,ParticleID_13,ParticleID_14,ParticleID_15,ParticleID_16,ParticleID_17,ParticleID_19,ParticleID_2,ParticleID_22,ParticleID_25,ParticleID_26,ParticleID_29,ParticleID_30,ParticleID_31,ParticleID_33,ParticleID_35,ParticleID_36,ParticleID_37,ParticleID_38,ParticleID_39,ParticleID_4,ParticleID_40,ParticleID_41,ParticleID_42,ParticleID_43,ParticleID_44,ParticleID_45,ParticleID_46,ParticleID_47,ParticleID_48,ParticleID_5,ParticleID_7,Unnamed: 0,synthetic_target_1"
miniboone_synthetic_target_1_base,classification,41.121447801589966,0.9908219178082192,0.9908103499546878,0.9907915410011936,0.9908297561156082,0.9996261050489798,-0.009143834443570253,-0.009155357613976234,36,"ParticleID_0,ParticleID_1,ParticleID_10,ParticleID_11,ParticleID_13,ParticleID_14,ParticleID_15,ParticleID_16,ParticleID_17,ParticleID_19,ParticleID_2,ParticleID_22,ParticleID_25,ParticleID_26,ParticleID_29,ParticleID_30,ParticleID_31,ParticleID_33,ParticleID_35,ParticleID_36,ParticleID_37,ParticleID_38,ParticleID_39,ParticleID_4,ParticleID_40,ParticleID_41,ParticleID_42,ParticleID_43,ParticleID_44,ParticleID_45,ParticleID_46,ParticleID_47,ParticleID_48,ParticleID_5,ParticleID_7,Unnamed: 0,synthetic_target_1"
miniboone_synthetic_target_1_base,classification,41.121447801589966,0.9921232876712329,0.9921130895585926,0.9921106670036742,0.9921155214581299,0.9997998340161204,-0.007739721335924821,-0.00774974071606338,37,"ParticleID_0,ParticleID_1,ParticleID_10,ParticleID_11,ParticleID_13,ParticleID_14,ParticleID_15,ParticleID_16,ParticleID_17,ParticleID_19,ParticleID_2,ParticleID_22,ParticleID_23,ParticleID_25,ParticleID_26,ParticleID_29,ParticleID_30,ParticleID_31,ParticleID_33,ParticleID_35,ParticleID_36,ParticleID_37,ParticleID_38,ParticleID_39,ParticleID_4,ParticleID_40,ParticleID_41,ParticleID_42,ParticleID_43,ParticleID_44,ParticleID_45,ParticleID_46,ParticleID_47,ParticleID_48,ParticleID_5,ParticleID_7,Unnamed: 0,synthetic_target_1"
miniboone_synthetic_target_1_base,classification,41.121447801589966,0.991986301369863,0.9919760835996827,0.9919641602996093,0.9919882404692253,0.9997976919977067,-0.00796232700782118,-0.007972477816971857,38,"ParticleID_0,ParticleID_1,ParticleID_10,ParticleID_11,ParticleID_13,ParticleID_14,ParticleID_15,ParticleID_16,ParticleID_17,ParticleID_19,ParticleID_2,ParticleID_22,ParticleID_23,ParticleID_25,ParticleID_26,ParticleID_29,ParticleID_30,ParticleID_31,ParticleID_33,ParticleID_35,ParticleID_36,ParticleID_37,ParticleID_38,ParticleID_39,ParticleID_4,ParticleID_40,ParticleID_41,ParticleID_42,ParticleID_43,ParticleID_44,ParticleID_45,ParticleID_46,ParticleID_47,ParticleID_48,ParticleID_49,ParticleID_5,ParticleID_7,Unnamed: 0,synthetic_target_1"
miniboone_synthetic_target_1_base,classification,41.121447801589966,0.9915753424657534,0.9915643515471516,0.9915667899980429,0.9915619224359725,0.9997830924511495,-0.008270542667299097,-0.008281332320769441,39,"ParticleID_0,ParticleID_1,ParticleID_10,ParticleID_11,ParticleID_12,ParticleID_13,ParticleID_14,ParticleID_15,ParticleID_16,ParticleID_17,ParticleID_19,ParticleID_2,ParticleID_22,ParticleID_23,ParticleID_25,ParticleID_26,ParticleID_29,ParticleID_30,ParticleID_31,ParticleID_33,ParticleID_35,ParticleID_36,ParticleID_37,ParticleID_38,ParticleID_39,ParticleID_4,ParticleID_40,ParticleID_41,ParticleID_42,ParticleID_43,ParticleID_44,ParticleID_45,ParticleID_46,ParticleID_47,ParticleID_48,ParticleID_49,ParticleID_5,ParticleID_7,Unnamed: 0,synthetic_target_1"
miniboone_synthetic_target_1_base,classification,41.121447801589966,0.9906164383561644,0.9906041964386973,0.9906066301312371,0.9906017720768021,0.9997692632796359,-0.009195199028677492,-0.009207194020210752,40,"ParticleID_0,ParticleID_1,ParticleID_10,ParticleID_11,ParticleID_12,ParticleID_13,ParticleID_14,ParticleID_15,ParticleID_16,ParticleID_17,ParticleID_19,ParticleID_2,ParticleID_22,ParticleID_23,ParticleID_25,ParticleID_26,ParticleID_29,ParticleID_30,ParticleID_31,ParticleID_32,ParticleID_33,ParticleID_35,ParticleID_36,ParticleID_37,ParticleID_38,ParticleID_39,ParticleID_4,ParticleID_40,ParticleID_41,ParticleID_42,ParticleID_43,ParticleID_44,ParticleID_45,ParticleID_46,ParticleID_47,ParticleID_48,ParticleID_49,ParticleID_5,ParticleID_7,Unnamed: 0,synthetic_target_1"
miniboone_synthetic_target_2_base,classification,32.9577100276947,0.9028767123287671,0.902851328615118,0.9038877978921758,0.9031722448897475,0.9750542459138586,-0.004962597236628952,-0.004971536609721272,1,"ParticleID_33,synthetic_target_2"
miniboone_synthetic_target_2_base,classification,32.9577100276947,0.9046575342465754,0.9046572318835089,0.9048292349070362,0.9047917023720539,0.9741974667623665,-0.047138760147068304,-0.0471386588075553,2,"ParticleID_11,ParticleID_33,synthetic_target_2"
miniboone_synthetic_target_2_base,classification,32.9577100276947,0.9692465753424657,0.9692447329986661,0.9692311865485133,0.9692819375445308,0.996594541221527,-0.0044340301577225905,-0.004434116415927503,3,"ParticleID_11,ParticleID_26,ParticleID_33,synthetic_target_2"
miniboone_synthetic_target_2_base,classification,32.9577100276947,0.9724657534246576,0.9724623630242786,0.9724609448310549,0.9724638177277238,0.997615461932183,-0.007807543606062617,-0.007808837492794263,4,"ParticleID_11,ParticleID_26,ParticleID_33,ParticleID_40,synthetic_target_2"
miniboone_synthetic_target_2_base,classification,32.9577100276947,0.9755479452054795,0.9755447455780138,0.9755470224664538,0.9755425510998985,0.9980116650485229,-0.006917207710716244,-0.006918580736753888,5,"ParticleID_11,ParticleID_23,ParticleID_26,ParticleID_33,ParticleID_40,synthetic_target_2"
miniboone_synthetic_target_2_base,classification,32.9577100276947,0.993013698630137,0.9930127288823947,0.9930193930771988,0.9930066612270612,0.9998156081844517,-0.00489718872901912,-0.0048979168553464625,6,"ParticleID_11,ParticleID_23,ParticleID_26,ParticleID_33,ParticleID_40,ParticleID_41,synthetic_target_2"
miniboone_synthetic_target_2_base,classification,32.9577100276947,0.9918493150684932,0.9918481705005391,0.9918557338587368,0.9918413612556405,0.9997270625777589,-0.006712279506663532,-0.0067132447521545124,7,"ParticleID_11,ParticleID_23,ParticleID_26,ParticleID_33,ParticleID_40,ParticleID_41,ParticleID_42,synthetic_target_2"
miniboone_synthetic_target_2_base,classification,32.9577100276947,0.9920547945205479,0.9920537672809683,0.9920553188652639,0.9920522529433062,0.9997983419788227,-0.006712286543872126,-0.006713163827699931,8,"ParticleID_11,ParticleID_23,ParticleID_26,ParticleID_33,ParticleID_40,ParticleID_41,ParticleID_42,ParticleID_49,synthetic_target_2"
miniboone_synthetic_target_2_base,classification,32.9577100276947,0.993013698630137,0.9930127513065902,0.9930176379919049,0.993008200171476,0.9998062806798892,-0.006780814880599673,-0.006781736743592726,9,"ParticleID_11,ParticleID_19,ParticleID_23,ParticleID_26,ParticleID_33,ParticleID_40,ParticleID_41,ParticleID_42,ParticleID_49,synthetic_target_2"
miniboone_synthetic_target_2_base,classification,32.9577100276947,0.991986301369863,0.9919852274820891,0.9919892450102361,0.9919814427326128,0.9997620078765428,-0.0067807796945570376,-0.00678170362657915,10,"ParticleID_11,ParticleID_19,ParticleID_23,ParticleID_26,ParticleID_33,ParticleID_40,ParticleID_41,ParticleID_42,ParticleID_45,ParticleID_49,synthetic_target_2"
miniboone_synthetic_target_2_base,classification,32.9577100276947,0.9917123287671233,0.9917111917196335,0.9917169429518695,0.9917058966119126,0.9997561711483355,-0.007448601401718102,-0.00744963734469406,11,"ParticleID_11,ParticleID_15,ParticleID_19,ParticleID_23,ParticleID_26,ParticleID_33,ParticleID_40,ParticleID_41,ParticleID_42,ParticleID_45,ParticleID_49,synthetic_target_2"
miniboone_synthetic_target_2_base,classification,32.9577100276947,0.991027397260274,0.9910261948731083,0.9910302046841668,0.9910224176156136,0.9997619140384687,-0.007534197314882696,-0.007535227998780369,12,"ParticleID_11,ParticleID_15,ParticleID_19,ParticleID_23,ParticleID_26,ParticleID_33,ParticleID_37,ParticleID_40,ParticleID_41,ParticleID_42,ParticleID_45,ParticleID_49,synthetic_target_2"
miniboone_synthetic_target_2_base,classification,32.9577100276947,0.993013698630137,0.9930126365613838,0.9930271539273094,0.9930005054494022,0.9998398559427915,-0.006986301369863002,-0.006987363438616168,13,"ParticleID_11,ParticleID_15,ParticleID_19,ParticleID_23,ParticleID_26,ParticleID_33,ParticleID_37,ParticleID_40,ParticleID_41,ParticleID_42,ParticleID_45,ParticleID_47,ParticleID_49,synthetic_target_2"
miniboone_synthetic_target_2_base,classification,32.9577100276947,0.9923287671232877,0.9923275748667193,0.9923442192192192,0.9923139485642738,0.9998009694448968,-0.006695172052711529,-0.00669624299920113,14,"ParticleID_11,ParticleID_15,ParticleID_19,ParticleID_23,ParticleID_26,ParticleID_33,ParticleID_35,ParticleID_37,ParticleID_40,ParticleID_41,ParticleID_42,ParticleID_45,ParticleID_47,ParticleID_49,synthetic_target_2"
miniboone_synthetic_target_2_base,classification,32.9577100276947,0.9931506849315068,0.9931497779101695,0.9931529622688862,0.9931467427040335,0.9998512478849837,-0.006849315068493178,-0.006850222089830549,15,"ParticleID_11,ParticleID_15,ParticleID_19,ParticleID_2,ParticleID_23,ParticleID_26,ParticleID_33,ParticleID_35,ParticleID_37,ParticleID_40,ParticleID_41,ParticleID_42,ParticleID_45,ParticleID_47,ParticleID_49,synthetic_target_2"
miniboone_synthetic_target_2_base,classification,32.9577100276947,0.9935616438356164,0.9935607501465207,0.9935674215821884,0.9935546755796321,0.9998482075313838,-0.006352736793857172,-0.006353619776225394,16,"ParticleID_11,ParticleID_15,ParticleID_19,ParticleID_2,ParticleID_23,ParticleID_26,ParticleID_32,ParticleID_33,ParticleID_35,ParticleID_37,ParticleID_40,ParticleID_41,ParticleID_42,ParticleID_45,ParticleID_47,ParticleID_49,synthetic_target_2"
miniboone_synthetic_target_2_base,classification,32.9577100276947,0.9913698630136987,0.9913687472189827,0.991370296656281,0.9913672350025926,0.9997523800901431,-0.006866377953457792,-0.006867282546662468,17,"ParticleID_11,ParticleID_15,ParticleID_19,ParticleID_2,ParticleID_23,ParticleID_26,ParticleID_32,ParticleID_33,ParticleID_35,ParticleID_37,ParticleID_40,ParticleID_41,ParticleID_42,ParticleID_43,ParticleID_45,ParticleID_47,ParticleID_49,synthetic_target_2"
miniboone_synthetic_target_2_base,classification,32.9577100276947,0.9928082191780822,0.9928073005195939,0.9928080682075789,0.9928065421502987,0.9997766090808681,-0.00676368396928595,-0.006764550397957758,18,"ParticleID_11,ParticleID_15,ParticleID_19,ParticleID_2,ParticleID_23,ParticleID_26,ParticleID_31,ParticleID_32,ParticleID_33,ParticleID_35,ParticleID_37,ParticleID_40,ParticleID_41,ParticleID_42,ParticleID_43,ParticleID_45,ParticleID_47,ParticleID_49,synthetic_target_2"
miniboone_synthetic_target_2_base,classification,32.9577100276947,0.9928082191780822,0.9928073445260718,0.9928051528796983,0.9928096200391282,0.9998218765677996,-0.007054789829075592,-0.0070556474027562155,19,"ParticleID_11,ParticleID_15,ParticleID_19,ParticleID_2,ParticleID_23,ParticleID_26,ParticleID_31,ParticleID_32,ParticleID_33,ParticleID_35,ParticleID_37,ParticleID_40,ParticleID_41,ParticleID_42,ParticleID_43,ParticleID_45,ParticleID_47,ParticleID_49,Unnamed: 0,synthetic_target_2"
miniboone_synthetic_target_2_base,classification,32.9577100276947,0.9924657534246575,0.9924647793181596,0.9924663321906537,0.9924632637077344,0.9998087955402744,-0.00710614972271062,-0.0071070709494913675,20,"ParticleID_11,ParticleID_15,ParticleID_19,ParticleID_2,ParticleID_23,ParticleID_26,ParticleID_29,ParticleID_31,ParticleID_32,ParticleID_33,ParticleID_35,ParticleID_37,ParticleID_40,ParticleID_41,ParticleID_42,ParticleID_43,ParticleID_45,ParticleID_47,ParticleID_49,Unnamed: 0,synthetic_target_2"
miniboone_synthetic_target_2_base,classification,32.9577100276947,0.9932191780821917,0.9932183119184743,0.9932190802447702,0.9932175529147269,0.9998573473597983,-0.0064212205615974405,-0.006422042032127928,21,"ParticleID_11,ParticleID_15,ParticleID_17,ParticleID_19,ParticleID_2,ParticleID_23,ParticleID_26,ParticleID_29,ParticleID_31,ParticleID_32,ParticleID_33,ParticleID_35,ParticleID_37,ParticleID_40,ParticleID_41,ParticleID_42,ParticleID_43,ParticleID_45,ParticleID_47,ParticleID_49,Unnamed: 0,synthetic_target_2"
miniboone_synthetic_target_2_base,classification,32.9577100276947,0.9935616438356164,0.9935608897262673,0.9935566669789542,0.9935654481905354,0.9998516607725095,-0.006438356164383596,-0.006439110273732673,22,"ParticleID_11,ParticleID_15,ParticleID_17,ParticleID_19,ParticleID_2,ParticleID_23,ParticleID_26,ParticleID_29,ParticleID_31,ParticleID_32,ParticleID_33,ParticleID_35,ParticleID_37,ParticleID_40,ParticleID_41,ParticleID_42,ParticleID_43,ParticleID_45,ParticleID_47,ParticleID_48,ParticleID_49,Unnamed: 0,synthetic_target_2"
miniboone_synthetic_target_2_base,classification,32.9577100276947,0.9932876712328768,0.9932868241810058,0.9932868241810058,0.9932868241810058,0.999859993593487,-0.0065924616483863385,-0.006593293802528377,23,"ParticleID_11,ParticleID_14,ParticleID_15,ParticleID_17,ParticleID_19,ParticleID_2,ParticleID_23,ParticleID_26,ParticleID_29,ParticleID_31,ParticleID_32,ParticleID_33,ParticleID_35,ParticleID_37,ParticleID_40,ParticleID_41,ParticleID_42,ParticleID_43,ParticleID_45,ParticleID_47,ParticleID_48,ParticleID_49,Unnamed: 0,synthetic_target_2"
miniboone_synthetic_target_2_base,classification,32.9577100276947,0.9932191780821917,0.9932183938834248,0.9932135358629992,0.993223708692386,0.9998577414797093,-0.006506839932123865,-0.00650759039209714,24,"ParticleID_11,ParticleID_14,ParticleID_15,ParticleID_17,ParticleID_19,ParticleID_2,ParticleID_23,ParticleID_26,ParticleID_28,ParticleID_29,ParticleID_31,ParticleID_32,ParticleID_33,ParticleID_35,ParticleID_37,ParticleID_40,ParticleID_41,ParticleID_42,ParticleID_43,ParticleID_45,ParticleID_47,ParticleID_48,ParticleID_49,Unnamed: 0,synthetic_target_2"
miniboone_synthetic_target_2_base,classification,32.9577100276947,0.9936986301369863,0.9936978542244618,0.9936963718667657,0.9936993738898487,0.999849483729191,-0.006284245988908421,-0.006285019746948728,25,"ParticleID_10,ParticleID_11,ParticleID_14,ParticleID_15,ParticleID_17,ParticleID_19,ParticleID_2,ParticleID_23,ParticleID_26,ParticleID_28,ParticleID_29,ParticleID_31,ParticleID_32,ParticleID_33,ParticleID_35,ParticleID_37,ParticleID_40,ParticleID_41,ParticleID_42,ParticleID_43,ParticleID_45,ParticleID_47,ParticleID_48,ParticleID_49,Unnamed: 0,synthetic_target_2"
miniboone_synthetic_target_2_base,classification,32.9577100276947,0.9929452054794521,0.9929442823376342,0.9929466417618076,0.9929420067940267,0.999839611963799,-0.006952051275916249,-0.00695296160898673,26,"ParticleID_10,ParticleID_11,ParticleID_14,ParticleID_15,ParticleID_17,ParticleID_19,ParticleID_2,ParticleID_23,ParticleID_26,ParticleID_28,ParticleID_29,ParticleID_31,ParticleID_32,ParticleID_33,ParticleID_35,ParticleID_37,ParticleID_39,ParticleID_40,ParticleID_41,ParticleID_42,ParticleID_43,ParticleID_45,ParticleID_47,ParticleID_48,ParticleID_49,Unnamed: 0,synthetic_target_2"
miniboone_synthetic_target_2_base,classification,32.9577100276947,0.9922602739726027,0.9922593091461096,0.9922585608635359,0.9922600667421425,0.9998098840619334,-0.007671230530976181,-0.007672186818304394,27,"ParticleID_10,ParticleID_11,ParticleID_14,ParticleID_15,ParticleID_17,ParticleID_19,ParticleID_2,ParticleID_23,ParticleID_26,ParticleID_28,ParticleID_29,ParticleID_31,ParticleID_32,ParticleID_33,ParticleID_35,ParticleID_37,ParticleID_39,ParticleID_40,ParticleID_41,ParticleID_42,ParticleID_43,ParticleID_45,ParticleID_46,ParticleID_47,ParticleID_48,ParticleID_49,Unnamed: 0,synthetic_target_2"
miniboone_synthetic_target_2_base,classification,32.9577100276947,0.9926027397260274,0.9926018512262684,0.9925989673882077,0.9926048841291215,0.9998461430937543,-0.0073972602739725835,-0.007398148773731572,28,"ParticleID_10,ParticleID_11,ParticleID_14,ParticleID_15,ParticleID_17,ParticleID_19,ParticleID_2,ParticleID_23,ParticleID_26,ParticleID_28,ParticleID_29,ParticleID_30,ParticleID_31,ParticleID_32,ParticleID_33,ParticleID_35,ParticleID_37,ParticleID_39,ParticleID_40,ParticleID_41,ParticleID_42,ParticleID_43,ParticleID_45,ParticleID_46,ParticleID_47,ParticleID_48,ParticleID_49,Unnamed: 0,synthetic_target_2"
miniboone_synthetic_target_2_base,classification,32.9577100276947,0.9925342465753425,0.9925333159019994,0.9925325672016028,0.9925340739184281,0.999798623493045,-0.007174647564867742,-0.0071755422800031665,29,"ParticleID_10,ParticleID_11,ParticleID_14,ParticleID_15,ParticleID_16,ParticleID_17,ParticleID_19,ParticleID_2,ParticleID_23,ParticleID_26,ParticleID_28,ParticleID_29,ParticleID_30,ParticleID_31,ParticleID_32,ParticleID_33,ParticleID_35,ParticleID_37,ParticleID_39,ParticleID_40,ParticleID_41,ParticleID_42,ParticleID_43,ParticleID_45,ParticleID_46,ParticleID_47,ParticleID_48,ParticleID_49,Unnamed: 0,synthetic_target_2"
miniboone_synthetic_target_2_base,classification,32.9577100276947,0.9921232876712329,0.9921223533740648,0.992118798505467,0.9921261410428293,0.9997748636926903,-0.007636978091293156,-0.007637882867016832,30,"ParticleID_10,ParticleID_11,ParticleID_14,ParticleID_15,ParticleID_16,ParticleID_17,ParticleID_19,ParticleID_2,ParticleID_23,ParticleID_26,ParticleID_27,ParticleID_28,ParticleID_29,ParticleID_30,ParticleID_31,ParticleID_32,ParticleID_33,ParticleID_35,ParticleID_37,ParticleID_39,ParticleID_40,ParticleID_41,ParticleID_42,ParticleID_43,ParticleID_45,ParticleID_46,ParticleID_47,ParticleID_48,ParticleID_49,Unnamed: 0,synthetic_target_2"
miniboone_synthetic_target_2_base,classification,32.9577100276947,0.9935616438356164,0.9935608705117522,0.9935579809862323,0.9935639092461207,0.9998107286046001,-0.006438356164383596,-0.006439129488247763,31,"ParticleID_10,ParticleID_11,ParticleID_14,ParticleID_15,ParticleID_16,ParticleID_17,ParticleID_19,ParticleID_2,ParticleID_23,ParticleID_26,ParticleID_27,ParticleID_28,ParticleID_29,ParticleID_30,ParticleID_31,ParticleID_32,ParticleID_33,ParticleID_35,ParticleID_37,ParticleID_39,ParticleID_40,ParticleID_41,ParticleID_42,ParticleID_43,ParticleID_45,ParticleID_46,ParticleID_47,ParticleID_48,ParticleID_49,ParticleID_7,Unnamed: 0,synthetic_target_2"
miniboone_synthetic_target_2_base,classification,32.9577100276947,0.9928082191780822,0.9928073226578894,0.9928065735396696,0.9928080810947135,0.9998318046360363,-0.007191780821917848,-0.007192677342110598,32,"ParticleID_10,ParticleID_11,ParticleID_14,ParticleID_15,ParticleID_16,ParticleID_17,ParticleID_19,ParticleID_2,ParticleID_23,ParticleID_26,ParticleID_27,ParticleID_28,ParticleID_29,ParticleID_30,ParticleID_31,ParticleID_32,ParticleID_33,ParticleID_35,ParticleID_37,ParticleID_38,ParticleID_39,ParticleID_40,ParticleID_41,ParticleID_42,ParticleID_43,ParticleID_45,ParticleID_46,ParticleID_47,ParticleID_48,ParticleID_49,ParticleID_7,Unnamed: 0,synthetic_target_2"
miniboone_synthetic_target_2_base,classification,32.9577100276947,0.9923972602739726,0.9923963584740974,0.9923928015935569,0.9924001482191147,0.9997992803595634,-0.007345881614448269,-0.007346751490618475,33,"ParticleID_10,ParticleID_11,ParticleID_14,ParticleID_15,ParticleID_16,ParticleID_17,ParticleID_19,ParticleID_2,ParticleID_23,ParticleID_26,ParticleID_27,ParticleID_28,ParticleID_29,ParticleID_30,ParticleID_31,ParticleID_32,ParticleID_33,ParticleID_34,ParticleID_35,ParticleID_37,ParticleID_38,ParticleID_39,ParticleID_40,ParticleID_41,ParticleID_42,ParticleID_43,ParticleID_45,ParticleID_46,ParticleID_47,ParticleID_48,ParticleID_49,ParticleID_7,Unnamed: 0,synthetic_target_2"
miniboone_synthetic_target_2_base,classification,32.9577100276947,0.9931506849315068,0.9931499424670236,0.9931421729526642,0.9931590542593515,0.9998526742237095,-0.006849315068493178,-0.006850057532976406,34,"ParticleID_10,ParticleID_11,ParticleID_14,ParticleID_15,ParticleID_16,ParticleID_17,ParticleID_19,ParticleID_2,ParticleID_23,ParticleID_25,ParticleID_26,ParticleID_27,ParticleID_28,ParticleID_29,ParticleID_30,ParticleID_31,ParticleID_32,ParticleID_33,ParticleID_34,ParticleID_35,ParticleID_37,ParticleID_38,ParticleID_39,ParticleID_40,ParticleID_41,ParticleID_42,ParticleID_43,ParticleID_45,ParticleID_46,ParticleID_47,ParticleID_48,ParticleID_49,ParticleID_7,Unnamed: 0,synthetic_target_2"
miniboone_synthetic_target_2_base,classification,32.9577100276947,0.9921917808219178,0.992190866263771,0.992186655472359,0.992195412309108,0.9998217639621106,-0.007808219178082165,-0.007809133736229046,35,"ParticleID_10,ParticleID_11,ParticleID_14,ParticleID_15,ParticleID_16,ParticleID_17,ParticleID_19,ParticleID_2,ParticleID_23,ParticleID_25,ParticleID_26,ParticleID_27,ParticleID_28,ParticleID_29,ParticleID_30,ParticleID_31,ParticleID_32,ParticleID_33,ParticleID_34,ParticleID_35,ParticleID_36,ParticleID_37,ParticleID_38,ParticleID_39,ParticleID_40,ParticleID_41,ParticleID_42,ParticleID_43,ParticleID_45,ParticleID_46,ParticleID_47,ParticleID_48,ParticleID_49,ParticleID_7,Unnamed: 0,synthetic_target_2"
miniboone_synthetic_target_2_base,classification,32.9577100276947,0.9925342465753425,0.9925334266043506,0.9925262117589317,0.9925417686405018,0.999806900011178,-0.007363010180025831,-0.007363817342270318,36,"ParticleID_10,ParticleID_11,ParticleID_14,ParticleID_15,ParticleID_16,ParticleID_17,ParticleID_19,ParticleID_2,ParticleID_23,ParticleID_25,ParticleID_26,ParticleID_27,ParticleID_28,ParticleID_29,ParticleID_30,ParticleID_31,ParticleID_32,ParticleID_33,ParticleID_34,ParticleID_35,ParticleID_36,ParticleID_37,ParticleID_38,ParticleID_39,ParticleID_40,ParticleID_41,ParticleID_42,ParticleID_43,ParticleID_45,ParticleID_46,ParticleID_47,ParticleID_48,ParticleID_49,ParticleID_7,ParticleID_8,Unnamed: 0,synthetic_target_2"
miniboone_synthetic_target_2_base,classification,32.9577100276947,0.9919178082191781,0.9919169089013488,0.9919102657687698,0.991924483021652,0.9998270751971031,-0.007962324662085019,-0.00796320899049574,37,"ParticleID_10,ParticleID_11,ParticleID_14,ParticleID_15,ParticleID_16,ParticleID_17,ParticleID_19,ParticleID_2,ParticleID_20,ParticleID_23,ParticleID_25,ParticleID_26,ParticleID_27,ParticleID_28,ParticleID_29,ParticleID_30,ParticleID_31,ParticleID_32,ParticleID_33,ParticleID_34,ParticleID_35,ParticleID_36,ParticleID_37,ParticleID_38,ParticleID_39,ParticleID_40,ParticleID_41,ParticleID_42,ParticleID_43,ParticleID_45,ParticleID_46,ParticleID_47,ParticleID_48,ParticleID_49,ParticleID_7,ParticleID_8,Unnamed: 0,synthetic_target_2"
miniboone_synthetic_target_2_base,classification,32.9577100276947,0.9928767123287672,0.9928758567364067,0.9928729712733576,0.992878891305407,0.9998269062885697,-0.006660943070390335,-0.006661740135846417,38,"ParticleID_10,ParticleID_11,ParticleID_14,ParticleID_15,ParticleID_16,ParticleID_17,ParticleID_18,ParticleID_19,ParticleID_2,ParticleID_20,ParticleID_23,ParticleID_25,ParticleID_26,ParticleID_27,ParticleID_28,ParticleID_29,ParticleID_30,ParticleID_31,ParticleID_32,ParticleID_33,ParticleID_34,ParticleID_35,ParticleID_36,ParticleID_37,ParticleID_38,ParticleID_39,ParticleID_40,ParticleID_41,ParticleID_42,ParticleID_43,ParticleID_45,ParticleID_46,ParticleID_47,ParticleID_48,ParticleID_49,ParticleID_7,ParticleID_8,Unnamed: 0,synthetic_target_2"
miniboone_synthetic_target_2_base,classification,32.9577100276947,0.9938356164383562,0.9938348385335767,0.9938348385335767,0.9938348385335767,0.9998458615795319,-0.0060616403170121735,-0.00606240525537971,39,"ParticleID_10,ParticleID_11,ParticleID_14,ParticleID_15,ParticleID_16,ParticleID_17,ParticleID_18,ParticleID_19,ParticleID_2,ParticleID_20,ParticleID_23,ParticleID_25,ParticleID_26,ParticleID_27,ParticleID_28,ParticleID_29,ParticleID_30,ParticleID_31,ParticleID_32,ParticleID_33,ParticleID_34,ParticleID_35,ParticleID_36,ParticleID_37,ParticleID_38,ParticleID_39,ParticleID_40,ParticleID_41,ParticleID_42,ParticleID_43,ParticleID_44,ParticleID_45,ParticleID_46,ParticleID_47,ParticleID_48,ParticleID_49,ParticleID_7,ParticleID_8,Unnamed: 0,synthetic_target_2"
miniboone_synthetic_target_2_base,classification,32.9577100276947,0.9927397260273972,0.9927389181656184,0.9927322635401425,0.9927465045505085,0.9997902156016083,-0.006986291986918358,-0.0069870659012921665,40,"ParticleID_10,ParticleID_11,ParticleID_14,ParticleID_15,ParticleID_16,ParticleID_17,ParticleID_18,ParticleID_19,ParticleID_2,ParticleID_20,ParticleID_22,ParticleID_23,ParticleID_25,ParticleID_26,ParticleID_27,ParticleID_28,ParticleID_29,ParticleID_30,ParticleID_31,ParticleID_32,ParticleID_33,ParticleID_34,ParticleID_35,ParticleID_36,ParticleID_37,ParticleID_38,ParticleID_39,ParticleID_40,ParticleID_41,ParticleID_42,ParticleID_43,ParticleID_44,ParticleID_45,ParticleID_46,ParticleID_47,ParticleID_48,ParticleID_49,ParticleID_7,ParticleID_8,Unnamed: 0,synthetic_target_2"
bank_synthetic_target_1_base,classification,6.943382263183594,0.656198164325998,0.6313897895054279,0.6835268992738202,0.6441794812426787,0.6916789465525732,-0.011823291104216538,-0.014847978760554437,1,"V1,synthetic_target_1"
bank_synthetic_target_1_base,classification,6.943382263183594,0.6832909432710383,0.6727228319970384,0.6932086752808571,0.6756204612658714,0.7415807401680791,-0.013623456198105677,-0.015281810991678357,2,"Unnamed: 0,V1,synthetic_target_1"
bank_synthetic_target_1_base,classification,6.943382263183594,0.6894835784584762,0.6819140676046085,0.6953870059748658,0.6831931693093767,0.7454502286903918,-0.025927834945637995,-0.027417131720147925,3,"Unnamed: 0,V1,V6,synthetic_target_1"
bank_synthetic_target_1_base,classification,6.943382263183594,0.6855025986951233,0.678125798794138,0.6907014325468717,0.679354805637694,0.743971736967787,-0.056202776221930484,-0.05798543228877473,4,"Unnamed: 0,V1,V12,V6,synthetic_target_1"
bank_synthetic_target_1_base,classification,6.943382263183594,0.7391352427291827,0.7337507440055238,0.7460989474386945,0.7336325226973497,0.828744106145306,-0.017223969834409436,-0.018314062618347005,5,"Unnamed: 0,V1,V12,V6,V8,synthetic_target_1"
bank_synthetic_target_1_base,classification,6.943382263183594,0.7392458255003871,0.733940207463661,0.746033931349966,0.7337967314246696,0.8290171414780207,-0.011832475760395922,-0.012834598641337513,6,"Unnamed: 0,V1,V12,V14,V6,V8,synthetic_target_1"
bank_synthetic_target_1_base,classification,6.943382263183594,0.7445537985181908,0.7424515795905625,0.7451258061921082,0.7418446023769674,0.8342538669377071,-0.030302427980371416,-0.030930577368981194,7,"Unnamed: 0,V1,V12,V14,V6,V7,V8,synthetic_target_1"
bank_synthetic_target_1_base,classification,6.943382263183594,0.786354086033396,0.7846475458284201,0.7874911000112788,0.7838355577749827,0.8798353154475406,-0.0121971194521161,-0.012605577326156192,8,"Unnamed: 0,V1,V12,V14,V3,V6,V7,V8,synthetic_target_1"
bank_synthetic_target_1_base,classification,6.943382263183594,0.9890523056507796,0.9890267973625249,0.9888080210399501,0.9892993793670446,0.996367639181306,-0.00494791553922258,-0.004959681197214794,9,"Unnamed: 0,V1,V12,V14,V2,V3,V6,V7,V8,synthetic_target_1"
bank_synthetic_target_1_base,classification,6.943382263183594,0.9884993917947584,0.9884709694167209,0.9883022106959367,0.9886678809200986,0.9974626256521747,-0.005086098141096507,-0.0050997767895410995,10,"Unnamed: 0,V1,V11,V12,V14,V2,V3,V6,V7,V8,synthetic_target_1"
bank_synthetic_target_1_base,classification,6.943382263183594,0.9884993917947584,0.988471725774581,0.9882789893429318,0.9887034206431586,0.9969180266108888,-0.00414604063169588,-0.004157113784452049,11,"Unnamed: 0,V1,V11,V12,V14,V16,V2,V3,V6,V7,V8,synthetic_target_1"
bank_synthetic_target_1_base,classification,6.943382263183594,0.9948026097534004,0.9947879249521331,0.9947705605707144,0.9948055101532256,0.9998044702054976,-0.004395576488581465,-0.004407988221328374,12,"Unnamed: 0,V1,V11,V12,V14,V16,V2,V3,V5,V6,V7,V8,synthetic_target_1"
bank_synthetic_target_1_base,classification,6.943382263183594,0.9946920269821962,0.9946772171394824,0.9946429364943045,0.9947123808720256,0.9997154369448298,-0.004146725506191329,-0.004158253611172502,13,"Unnamed: 0,V1,V11,V12,V14,V16,V2,V3,V5,V6,V7,V8,V9,synthetic_target_1"
bank_synthetic_target_1_base,classification,6.943382263183594,0.9961296030078514,0.9961188495205837,0.9960789097164879,0.9961599930146907,0.9998986050965287,-0.003262124486065887,-0.0032711409636493327,14,"Unnamed: 0,V1,V11,V12,V14,V16,V2,V3,V4,V5,V6,V7,V8,V9,synthetic_target_1"
bank_synthetic_target_1_base,classification,6.943382263183594,0.9963507685502598,0.9963407148049237,0.9962897818165517,0.9963936378745037,0.9998821719602622,-0.0029027151922750294,-0.0029106437940091823,15,"Unnamed: 0,V1,V10,V11,V12,V14,V16,V2,V3,V4,V5,V6,V7,V8,V9,synthetic_target_1"
bank_synthetic_target_1_base,classification,6.943382263183594,0.9961296030078514,0.996119029983729,0.9960573457718646,0.9961836861633974,0.9998868321033826,-0.0030685832341305064,-0.0030768831897324267,16,"Unnamed: 0,V1,V10,V11,V12,V13,V14,V16,V2,V3,V4,V5,V6,V7,V8,V9,synthetic_target_1"
bank_synthetic_target_1_base,classification,6.943382263183594,0.9972354307198938,0.9972276847939845,0.9971988465781148,0.9972571378676363,0.9999173437772864,-0.002128648023746904,-0.002134576097289398,17,"Unnamed: 0,V1,V10,V11,V12,V13,V14,V15,V16,V2,V3,V4,V5,V6,V7,V8,V9,synthetic_target_1"
bank_synthetic_target_1_base,classification,6.943382263183594,0.9973460134910981,0.9973385461687043,0.997315372180952,0.9973621137231894,0.999920777566954,-0.0021010115033721632,-0.0021068964422417125,18,"Unnamed: 0,V1,V10,V11,V12,V13,V14,V15,V16,V2,V3,V4,V5,V6,V7,V8,V9,synthetic_target_1,synthetic_target_2"
bank_synthetic_target_1_base,classification,6.943382263183594,0.9957978546942386,0.9957862286190655,0.9957408099486793,0.9958332188736778,0.999878934387147,-0.0035109265488492136,-0.003520588992479423,19,"Class,Unnamed: 0,V1,V10,V11,V12,V13,V14,V15,V16,V2,V3,V4,V5,V6,V7,V8,V9,synthetic_target_1,synthetic_target_2"
bank_synthetic_target_2_base,classification,6.136776924133301,0.8284861218622138,0.8280527288228343,0.8280206885635979,0.828086420207186,0.9139975635557374,-0.0233718741563661,-0.023323125351987772,1,"Unnamed: 0,synthetic_target_2"
bank_synthetic_target_2_base,classification,6.136776924133301,0.8255003870396992,0.8252577077201371,0.8250800476409731,0.8257570117658484,0.9084670361548124,-0.012477936340084095,-0.012422499245616114,2,"Unnamed: 0,V6,synthetic_target_2"
bank_synthetic_target_2_base,classification,6.136776924133301,0.9022448302554462,0.9015549710108519,0.904736592149907,0.9003189495825725,0.9567001726795542,-0.005518938822191455,-0.005515489048307121,3,"Unnamed: 0,V16,V6,synthetic_target_2"
bank_synthetic_target_2_base,classification,6.136776924133301,0.9150724317151387,0.9145471479590903,0.9170198282980038,0.9134527475470038,0.9651770173861485,-0.028164683967232373,-0.028332549056947043,4,"Unnamed: 0,V11,V16,V6,synthetic_target_2"
bank_synthetic_target_2_base,classification,6.136776924133301,0.9196063253345129,0.9190099356474851,0.9226528158704894,0.917618218796422,0.9668209306648188,-0.021335944074909796,-0.021503740942370397,5,"Unnamed: 0,V11,V16,V6,V9,synthetic_target_2"
bank_synthetic_target_2_base,classification,6.136776924133301,0.9207121530465553,0.92013309346523,0.9236727435474283,0.9187610131645478,0.970440752178602,-0.016469886325265137,-0.016588866526477175,6,"Unnamed: 0,V10,V11,V16,V6,V9,synthetic_target_2"
bank_synthetic_target_2_base,classification,6.136776924133301,0.9890523056507796,0.9890297550052508,0.9888034793088414,0.9893243967618046,0.9989903322009361,-0.007685141816594854,-0.007700036450957737,7,"Unnamed: 0,V10,V11,V13,V16,V6,V9,synthetic_target_2"
bank_synthetic_target_2_base,classification,6.136776924133301,0.9878358951675329,0.9878089678386078,0.9876334132424343,0.9880196386823781,0.9991723789220107,-0.011113452321960593,-0.011137700693911956,8,"Unnamed: 0,V10,V11,V13,V15,V16,V6,V9,synthetic_target_2"
bank_synthetic_target_2_base,classification,6.136776924133301,0.9883888090235541,0.9883644217307602,0.9881507973090136,0.9886364494611917,0.9991925354959229,-0.006385577174189749,-0.006398462221970713,9,"Unnamed: 0,V10,V11,V13,V14,V15,V16,V6,V9,synthetic_target_2"
bank_synthetic_target_2_base,classification,6.136776924133301,0.9888311401083711,0.9888076818553027,0.988593850192762,0.9890799431300168,0.9991803483703336,-0.006247382342414065,-0.006259840616382517,10,"Unnamed: 0,V10,V11,V13,V14,V15,V16,V6,V7,V9,synthetic_target_2"
bank_synthetic_target_2_base,classification,6.136776924133301,0.9949131925246046,0.994900508563872,0.9948366039605641,0.9949679432006384,0.9997909307187657,-0.005086807475395361,-0.005099491436127979,11,"Unnamed: 0,V10,V11,V12,V13,V14,V15,V16,V6,V7,V9,synthetic_target_2"
bank_synthetic_target_2_base,classification,6.136776924133301,0.9940285303549707,0.994014552696529,0.9938852250387369,0.9941604296538022,0.9998583154695084,-0.0042295983776104995,-0.004239100364297754,12,"Unnamed: 0,V10,V11,V12,V13,V14,V15,V16,V6,V7,V8,V9,synthetic_target_2"
bank_synthetic_target_2_base,classification,6.136776924133301,0.9940285303549707,0.994014552696529,0.9938852250387369,0.9941604296538022,0.9998583154695084,-0.0042295983776104995,-0.004239100364297754,13,"Unnamed: 0,V10,V11,V12,V13,V14,V15,V16,V4,V6,V7,V8,V9,synthetic_target_2"
bank_synthetic_target_2_base,classification,6.136776924133301,0.9940285303549707,0.994014552696529,0.9938852250387369,0.9941604296538022,0.9998707232875127,-0.004782573383140254,-0.004793449202121658,14,"Unnamed: 0,V1,V10,V11,V12,V13,V14,V15,V16,V4,V6,V7,V8,V9,synthetic_target_2"
bank_synthetic_target_2_base,classification,6.136776924133301,0.994139113126175,0.994125204859209,0.9940090899777407,0.9942542729729769,0.9998688596626741,-0.004671990611936017,-0.004682803778149669,15,"Unnamed: 0,V1,V10,V11,V12,V13,V14,V15,V16,V3,V4,V6,V7,V8,V9,synthetic_target_2"
bank_synthetic_target_2_base,classification,6.136776924133301,0.9940285303549707,0.9940142950287374,0.9939027175982516,0.9941377228564268,0.9998706742447537,-0.004782573383140254,-0.004793706869913317,16,"Unnamed: 0,V1,V10,V11,V12,V13,V14,V15,V16,V2,V3,V4,V6,V7,V8,V9,synthetic_target_2"
bank_synthetic_target_2_base,classification,6.136776924133301,0.9940285303549707,0.9940142950287374,0.9939027175982516,0.9941377228564268,0.9998598357950347,-0.004423139629545991,-0.004433374767127685,17,"Unnamed: 0,V1,V10,V11,V12,V13,V14,V15,V16,V2,V3,V4,V6,V7,V8,V9,synthetic_target_1,synthetic_target_2"
bank_synthetic_target_2_base,classification,6.136776924133301,0.994139113126175,0.9941253313072826,0.9940003391937384,0.9942656263716647,0.9998864660131228,-0.005224965617465771,-0.005237088312925908,18,"Unnamed: 0,V1,V10,V11,V12,V13,V14,V15,V16,V2,V3,V4,V5,V6,V7,V8,V9,synthetic_target_1,synthetic_target_2"
bank_synthetic_target_2_base,classification,6.136776924133301,0.994139113126175,0.9941250778295814,0.9940180352096203,0.9942429195742892,0.9998802375827411,-0.005473804369954149,-0.00548682206739981,19,"Class,Unnamed: 0,V1,V10,V11,V12,V13,V14,V15,V16,V2,V3,V4,V5,V6,V7,V8,V9,synthetic_target_1,synthetic_target_2"
pendigits_synthetic_target_1_base,classification,7.291757822036743,0.3224192814915871,0.28790784878347314,0.30129580663181066,0.32349748889711394,0.8085409198059104,-0.003635534839585397,-0.007048575267842139,1,"input8,synthetic_target_1"
pendigits_synthetic_target_1_base,classification,7.291757822036743,0.4602091859936335,0.45184082868213393,0.454303994246541,0.4609116579418625,0.8889019391569455,-0.06918919908540666,-0.0709800729144956,2,"input3,input8,synthetic_target_1"
pendigits_synthetic_target_1_base,classification,7.291757822036743,0.5934515688949522,0.5923204638539972,0.5929378908071891,0.5939344580445922,0.9410670058416025,-0.11563520467493293,-0.11620464993104618,3,"input1,input3,input8,synthetic_target_1"
pendigits_synthetic_target_1_base,classification,7.291757822036743,0.6557526148249204,0.6556896317848515,0.6564009281756515,0.6561478355734616,0.9574842584902242,-0.2549718250704509,-0.2549365461718569,4,"input1,input3,input6,input8,synthetic_target_1"
pendigits_synthetic_target_1_base,classification,7.291757822036743,0.694406548431105,0.694746276731639,0.6960404011369521,0.6946002171115511,0.9630160163552304,-0.2187061548556003,-0.21827823011394754,5,"input1,input3,input4,input6,input8,synthetic_target_1"
pendigits_synthetic_target_1_base,classification,7.291757822036743,0.7057753524329241,0.706107415327639,0.7071333112837508,0.7059581482420926,0.9650721645150643,-0.26442821858948007,-0.26407403447463484,6,"input1,input3,input4,input5,input6,input8,synthetic_target_1"
pendigits_synthetic_target_1_base,classification,7.291757822036743,0.7321509777171441,0.732657783712082,0.7333105809445547,0.732356197399865,0.9699807159295764,-0.2188327593464292,-0.21831175253835977,7,"input1,input3,input4,input5,input6,input7,input8,synthetic_target_1"
pendigits_synthetic_target_1_base,classification,7.291757822036743,0.7235106866757617,0.7241571071487326,0.7251061186831388,0.7237869746334176,0.9670245850134901,-0.17481752895030456,-0.17414507014137937,8,"input1,input10,input3,input4,input5,input6,input7,input8,synthetic_target_1"
pendigits_synthetic_target_1_base,classification,7.291757822036743,0.7198726693951796,0.7201942696997868,0.7209084730269907,0.720173107996533,0.968253260305398,-0.2294051652460123,-0.22908357295388837,9,"input1,input10,input3,input4,input5,input6,input7,input8,input9,synthetic_target_1"
pendigits_synthetic_target_1_base,classification,7.291757822036743,0.7166894042746703,0.7172798133585626,0.7180974197022296,0.7169052575827409,0.9667211277817597,-0.27842034211450284,-0.2778301481926999,10,"input1,input10,input13,input3,input4,input5,input6,input7,input8,input9,synthetic_target_1"
pendigits_synthetic_target_1_base,classification,7.291757822036743,0.7112323783537972,0.7117240568496784,0.7125886694163784,0.7114681503879879,0.9666064276407432,-0.28274009975378844,-0.2822426131897293,11,"input1,input10,input13,input14,input3,input4,input5,input6,input7,input8,input9,synthetic_target_1"
pendigits_synthetic_target_1_base,classification,7.291757822036743,0.709868121873579,0.710280930683885,0.710868232392184,0.7101314642208851,0.9670561797741541,-0.28148863918635514,-0.28107302789736743,12,"input1,input10,input11,input13,input14,input3,input4,input5,input6,input7,input8,input9,synthetic_target_1"
pendigits_synthetic_target_1_base,classification,7.291757822036743,0.700318326512051,0.7005085558690511,0.7011873390736313,0.7005504765452536,0.9659458315779255,-0.2886501711565491,-0.2884622843803607,13,"Unnamed: 0,input1,input10,input11,input13,input14,input3,input4,input5,input6,input7,input8,input9,synthetic_target_1"
pendigits_synthetic_target_1_base,classification,7.291757822036743,0.6994088221919054,0.6992934066073261,0.6996150108879504,0.6996355121245432,0.9648170346320931,-0.2931989339777751,-0.2933168076817104,14,"Unnamed: 0,input1,input10,input11,input13,input14,input16,input3,input4,input5,input6,input7,input8,input9,synthetic_target_1"
pendigits_synthetic_target_1_base,classification,7.291757822036743,0.6921327876307413,0.6924732294419116,0.6929447615334723,0.6923430475448676,0.9641937731507122,-0.2942199929902072,-0.2938818179312276,15,"Unnamed: 0,input1,input10,input11,input12,input13,input14,input16,input3,input4,input5,input6,input7,input8,input9,synthetic_target_1"
pendigits_synthetic_target_1_base,classification,7.291757822036743,0.7071396089131423,0.7074188881018738,0.7080893663889477,0.707385489201297,0.9654009347704597,-0.286491688709967,-0.28620899770181385,16,"Unnamed: 0,input1,input10,input11,input12,input13,input14,input16,input2,input3,input4,input5,input6,input7,input8,input9,synthetic_target_1"
pendigits_synthetic_target_1_base,classification,7.291757822036743,0.6894042746703046,0.6895697903212897,0.6898174091127599,0.6896833008209831,0.9637767480933433,-0.3011563985925181,-0.30099089625524544,17,"Unnamed: 0,input1,input10,input11,input12,input13,input14,input15,input16,input2,input3,input4,input5,input6,input7,input8,input9,synthetic_target_1"
pendigits_synthetic_target_1_base,classification,7.291757822036743,0.6912232833105957,0.6911918082317098,0.6916378450874621,0.6914424601619837,0.9632159241919007,-0.30832180937676923,-0.30835351048588355,18,"Unnamed: 0,input1,input10,input11,input12,input13,input14,input15,input16,input2,input3,input4,input5,input6,input7,input8,input9,synthetic_target_1,synthetic_target_2"
pendigits_synthetic_target_1_base,classification,7.291757822036743,0.6816734879490678,0.6820190879638681,0.6825243144960258,0.6819597486558321,0.9622441746681973,-0.309796999939025,-0.30945305309740845,19,"Unnamed: 0,class,input1,input10,input11,input12,input13,input14,input15,input16,input2,input3,input4,input5,input6,input7,input8,input9,synthetic_target_1,synthetic_target_2"
pendigits_synthetic_target_2_base,classification,7.570330858230591,0.21282401091405184,0.14460345121695467,0.13568570515551856,0.21259133319358825,0.7014475115326105,-0.008715850339217818,-0.00851368297028085,1,"input10,synthetic_target_2"
pendigits_synthetic_target_2_base,classification,7.570330858230591,0.385175079581628,0.37354586055169375,0.3858996949209362,0.38462829260418124,0.8578116321104146,-0.060975267285197865,-0.06350763546135818,2,"input10,input15,synthetic_target_2"
pendigits_synthetic_target_2_base,classification,7.570330858230591,0.5929968167348795,0.5925721920421625,0.5958118971192852,0.5925234461254427,0.9361997112705988,-0.20604787790858692,-0.207078039325571,3,"input10,input13,input15,synthetic_target_2"
pendigits_synthetic_target_2_base,classification,7.570330858230591,0.6334697589813552,0.6324089723414484,0.6349550008585731,0.6330436215171423,0.9515663150858259,-0.194461550014437,-0.1957570010800982,4,"input10,input11,input13,input15,synthetic_target_2"
pendigits_synthetic_target_2_base,classification,7.570330858230591,0.7535243292405639,0.7533260691512463,0.7539862891452491,0.7534681605605192,0.972734987102576,-0.13320374991330852,-0.13362761093429565,5,"input10,input11,input13,input15,input9,synthetic_target_2"
pendigits_synthetic_target_2_base,classification,7.570330858230591,0.7639836289222374,0.7634677750609451,0.763714517642628,0.7637086524520853,0.9749859995963203,-0.15708995233558132,-0.15757608107147414,6,"input10,input11,input12,input13,input15,input9,synthetic_target_2"
pendigits_synthetic_target_2_base,classification,7.570330858230591,0.7776261937244202,0.7772940242184809,0.777406929722608,0.7774410496918918,0.9750763518139764,-0.17563207990232832,-0.1759361383914767,7,"input10,input11,input12,input13,input14,input15,input9,synthetic_target_2"
pendigits_synthetic_target_2_base,classification,7.570330858230591,0.7594361073215098,0.7590080893853518,0.7594209117338795,0.7592135407597137,0.973295245667986,-0.16095511296735632,-0.1613131910422717,8,"input10,input11,input12,input13,input14,input15,input7,input9,synthetic_target_2"
pendigits_synthetic_target_2_base,classification,7.570330858230591,0.7444292860391087,0.7438945634187768,0.7440889404750529,0.7441668197467731,0.9708789692745381,-0.1783501976410914,-0.17886036646286574,9,"input10,input11,input12,input13,input14,input15,input5,input7,input9,synthetic_target_2"
pendigits_synthetic_target_2_base,classification,7.570330858230591,0.7435197817189632,0.743454631462156,0.7439258966270462,0.7433407389260246,0.9715816803519935,-0.23817019894747604,-0.23821118777382022,10,"input1,input10,input11,input12,input13,input14,input15,input5,input7,input9,synthetic_target_2"
pendigits_synthetic_target_2_base,classification,7.570330858230591,0.7316962255570714,0.7316462064592223,0.7321057344991881,0.7315134294571084,0.971063093727113,-0.2206522334444071,-0.22064113365872695,11,"input1,input10,input11,input12,input13,input14,input15,input5,input7,input8,input9,synthetic_target_2"
pendigits_synthetic_target_2_base,classification,7.570330858230591,0.747612551159618,0.7474723011635082,0.7481158492354874,0.7473832450239071,0.9718709760190555,-0.23885395628948924,-0.23899029365076085,12,"input1,input10,input11,input12,input13,input14,input15,input2,input5,input7,input8,input9,synthetic_target_2"
pendigits_synthetic_target_2_base,classification,7.570330858230591,0.7366984993178718,0.7363740378226453,0.737113590439251,0.7364140057019537,0.9704841892455164,-0.2546582617420623,-0.25497349904322286,13,"Unnamed: 0,input1,input10,input11,input12,input13,input14,input15,input2,input5,input7,input8,input9,synthetic_target_2"
pendigits_synthetic_target_2_base,classification,7.570330858230591,0.7285129604365621,0.72864760811106,0.7298372389031295,0.7282781953293502,0.9703628688916556,-0.24123570327320698,-0.24105881751383818,14,"Unnamed: 0,input1,input10,input11,input12,input13,input14,input15,input2,input5,input6,input7,input8,input9,synthetic_target_2"
pendigits_synthetic_target_2_base,classification,7.570330858230591,0.7335152341973624,0.733708412518611,0.7349067237946,0.7332496196380236,0.9692759698235166,-0.2379393319347881,-0.23772329002491832,15,"Unnamed: 0,input1,input10,input11,input12,input13,input14,input15,input2,input3,input5,input6,input7,input8,input9,synthetic_target_2"
pendigits_synthetic_target_2_base,classification,7.570330858230591,0.7321509777171441,0.7314133445091611,0.7322247436925459,0.7317730217706936,0.968344136376418,-0.24703701272980239,-0.24777161470471554,16,"Unnamed: 0,input1,input10,input11,input12,input13,input14,input15,input16,input2,input3,input5,input6,input7,input8,input9,synthetic_target_2"
pendigits_synthetic_target_2_base,classification,7.570330858230591,0.7294224647567076,0.729210315473759,0.7304910742848704,0.72913494538529,0.9682496939500245,-0.26693827674221204,-0.26714513281303776,17,"Unnamed: 0,input1,input10,input11,input12,input13,input14,input15,input16,input2,input3,input5,input6,input7,input8,input9,synthetic_target_1,synthetic_target_2"
pendigits_synthetic_target_2_base,classification,7.570330858230591,0.7221464301955435,0.7218334773027877,0.7225868234494216,0.7218710879515386,0.9684161004009102,-0.2628416284874998,-0.26314044303884254,18,"Unnamed: 0,input1,input10,input11,input12,input13,input14,input15,input16,input2,input3,input4,input5,input6,input7,input8,input9,synthetic_target_1,synthetic_target_2"
pendigits_synthetic_target_2_base,classification,7.570330858230591,0.732605729877217,0.7323523697870165,0.7331609296218496,0.7323281920777703,0.9683694794455242,-0.26113929457405105,-0.2613833380578714,19,"Unnamed: 0,class,input1,input10,input11,input12,input13,input14,input15,input16,input2,input3,input4,input5,input6,input7,input8,input9,synthetic_target_1,synthetic_target_2"
students_synthetic_target_1_base,classification,2.5158517360687256,0.6056497175141243,0.5968016459997977,0.6008166799287715,0.6052593188591336,0.7699336777939152,-0.017407643322270183,-0.020573095394009755,1,"Admission grade,synthetic_target_1"
students_synthetic_target_1_base,classification,2.5158517360687256,0.6711864406779661,0.6667528702972499,0.6691664043647046,0.6708295945449105,0.8281671102568331,-0.019404121627770055,-0.020826497863091764,2,"Admission grade,Application order,synthetic_target_1"
students_synthetic_target_1_base,classification,2.5158517360687256,0.7197740112994351,0.7184076336126154,0.7182104257282194,0.7195189913571741,0.8670284494009306,-0.025916861828567228,-0.02700833886073961,3,"Admission grade,Application order,Previous qualification (grade),synthetic_target_1"
students_synthetic_target_1_base,classification,2.5158517360687256,0.7254237288135593,0.7239030235547638,0.724124838136207,0.7251917437683234,0.8690979131799668,-0.10192863061000668,-0.10299739316995693,4,"Admission grade,Age at enrollment,Application order,Previous qualification (grade),synthetic_target_1"
students_synthetic_target_1_base,classification,2.5158517360687256,0.711864406779661,0.7105341361528495,0.7100749808306289,0.7116014661569124,0.8739113910920192,-0.10531558756902504,-0.10589773817170323,5,"Admission grade,Age at enrollment,Application order,Curricular units 2nd sem (grade),Previous qualification (grade),synthetic_target_1"
students_synthetic_target_1_base,classification,2.5158517360687256,0.7536723163841808,0.7528333929611534,0.7524416001779963,0.7534185429752426,0.8930420364754346,-0.13867015324000687,-0.13943964453427138,6,"Admission grade,Age at enrollment,Application order,Curricular units 2nd sem (grade),Previous qualification,Previous qualification (grade),synthetic_target_1"
students_synthetic_target_1_base,classification,2.5158517360687256,0.7480225988700565,0.746132369187193,0.7454235906972398,0.7477070181838698,0.889679959282022,-0.15138401316724215,-0.15313962203638343,7,"Admission grade,Age at enrollment,Application order,Curricular units 2nd sem (grade),Previous qualification,Previous qualification (grade),Unnamed: 0,synthetic_target_1"
students_synthetic_target_1_base,classification,2.5158517360687256,0.7661016949152543,0.765989915923309,0.7661971111082022,0.7658637628672915,0.897364931467397,-0.07537894933453382,-0.07538458712951801,8,"Admission grade,Age at enrollment,Application order,Course,Curricular units 2nd sem (grade),Previous qualification,Previous qualification (grade),Unnamed: 0,synthetic_target_1"
students_synthetic_target_1_base,classification,2.5158517360687256,0.7717514124293785,0.7717635280898323,0.7722580318232493,0.7715441243255979,0.9002672398305087,-0.08385751664663166,-0.0838631324143827,9,"Admission grade,Age at enrollment,Application order,Course,Curricular units 2nd sem (grade),Mother's occupation,Previous qualification,Previous qualification (grade),Unnamed: 0,synthetic_target_1"
students_synthetic_target_1_base,classification,2.5158517360687256,0.7627118644067796,0.7613874718578814,0.7609963100322871,0.7624428729035273,0.904553336203056,-0.17568881375089207,-0.17717490795193613,10,"Admission grade,Age at enrollment,Application order,Course,Curricular units 2nd sem (grade),Father's qualification,Mother's occupation,Previous qualification,Previous qualification (grade),Unnamed: 0,synthetic_target_1"
students_synthetic_target_1_base,classification,2.5158517360687256,0.7468926553672316,0.7455052020553801,0.7448612070498192,0.7465925005309129,0.8953870859031173,-0.1796402635364135,-0.18093966426443664,11,"Admission grade,Age at enrollment,Application order,Course,Curricular units 2nd sem (grade),Father's qualification,Mother's occupation,Mother's qualification,Previous qualification,Previous qualification (grade),Unnamed: 0,synthetic_target_1"
students_synthetic_target_1_base,classification,2.5158517360687256,0.7649717514124293,0.7648169250779837,0.7649205154653096,0.7647336116089128,0.9021193007260836,-0.06605396206595437,-0.06630255873323831,12,"Admission grade,Age at enrollment,Application order,Course,Curricular units 1st sem (grade),Curricular units 2nd sem (grade),Father's qualification,Mother's occupation,Mother's qualification,Previous qualification,Previous qualification (grade),Unnamed: 0,synthetic_target_1"
students_synthetic_target_1_base,classification,2.5158517360687256,0.8192090395480226,0.8180936737871923,0.8179022240219872,0.8188431041094892,0.9281558021562094,-0.1398189344559333,-0.14108272393501242,13,"Admission grade,Age at enrollment,Application order,Course,Curricular units 1st sem (grade),Curricular units 2nd sem (grade),Father's qualification,Mother's occupation,Mother's qualification,Previous qualification,Previous qualification (grade),Tuition fees up to date,Unnamed: 0,synthetic_target_1"
students_synthetic_target_1_base,classification,2.5158517360687256,0.8112994350282486,0.8099681658192613,0.8095203734116767,0.8108949349650455,0.9283283945560304,-0.13275255705991185,-0.13406888465191058,14,"Admission grade,Age at enrollment,Application order,Course,Curricular units 1st sem (grade),Curricular units 2nd sem (grade),Father's qualification,Mother's occupation,Mother's qualification,Previous qualification,Previous qualification (grade),Target,Tuition fees up to date,Unnamed: 0,synthetic_target_1"
students_synthetic_target_1_base,classification,2.5158517360687256,0.8158192090395481,0.8149887310153924,0.8146767882130881,0.8154761007424859,0.9276005421641095,-0.17118276892032758,-0.1720235200892155,15,"Admission grade,Age at enrollment,Application order,Course,Curricular units 1st sem (grade),Curricular units 2nd sem (evaluations),Curricular units 2nd sem (grade),Father's qualification,Mother's occupation,Mother's qualification,Previous qualification,Previous qualification (grade),Target,Tuition fees up to date,Unnamed: 0,synthetic_target_1"
students_synthetic_target_1_base,classification,2.5158517360687256,0.8169491525423729,0.8159416631045522,0.8156164726491122,0.8165830093482858,0.9287772635112933,-0.15112092375036523,-0.1521837441605166,16,"Admission grade,Age at enrollment,Application order,Course,Curricular units 1st sem (grade),Curricular units 2nd sem (approved),Curricular units 2nd sem (evaluations),Curricular units 2nd sem (grade),Father's qualification,Mother's occupation,Mother's qualification,Previous qualification,Previous qualification (grade),Target,Tuition fees up to date,Unnamed: 0,synthetic_target_1"
students_synthetic_target_1_base,classification,2.5158517360687256,0.7988700564971751,0.7981636236209635,0.7979379811214532,0.7985033939142036,0.9240468357577791,-0.17117797967123405,-0.17189729069457071,17,"Admission grade,Age at enrollment,Application order,Course,Curricular units 1st sem (grade),Curricular units 2nd sem (approved),Curricular units 2nd sem (evaluations),Curricular units 2nd sem (grade),Father's qualification,GDP,Mother's occupation,Mother's qualification,Previous qualification,Previous qualification (grade),Target,Tuition fees up to date,Unnamed: 0,synthetic_target_1"
students_synthetic_target_1_base,classification,2.5158517360687256,0.8045197740112995,0.8036746811108221,0.8035441387989931,0.8041458140145014,0.9265294369866055,-0.14292300643515432,-0.143730820848869,18,"Admission grade,Age at enrollment,Application order,Course,Curricular units 1st sem (grade),Curricular units 2nd sem (approved),Curricular units 2nd sem (evaluations),Curricular units 2nd sem (grade),Father's qualification,GDP,Inflation rate,Mother's occupation,Mother's qualification,Previous qualification,Previous qualification (grade),Target,Tuition fees up to date,Unnamed: 0,synthetic_target_1"
students_synthetic_target_1_base,classification,2.5158517360687256,0.7988700564971751,0.797449619305258,0.7969868976529518,0.7984573241201535,0.9252036232154301,-0.18502369880093172,-0.18645347688372427,19,"Admission grade,Age at enrollment,Application order,Course,Curricular units 1st sem (evaluations),Curricular units 1st sem (grade),Curricular units 2nd sem (approved),Curricular units 2nd sem (evaluations),Curricular units 2nd sem (grade),Father's qualification,GDP,Inflation rate,Mother's occupation,Mother's qualification,Previous qualification,Previous qualification (grade),Target,Tuition fees up to date,Unnamed: 0,synthetic_target_1"
students_synthetic_target_1_base,classification,2.5158517360687256,0.8056497175141243,0.8049294652625142,0.8047180538003708,0.8052910794894174,0.9270425408676214,-0.14885720534544056,-0.1495588225967195,20,"Admission grade,Age at enrollment,Application order,Course,Curricular units 1st sem (evaluations),Curricular units 1st sem (grade),Curricular units 2nd sem (approved),Curricular units 2nd sem (evaluations),Curricular units 2nd sem (grade),Father's qualification,GDP,Inflation rate,Mother's occupation,Mother's qualification,Previous qualification,Previous qualification (grade),Target,Tuition fees up to date,Unnamed: 0,synthetic_target_1,synthetic_target_2"
students_synthetic_target_1_base,classification,2.5158517360687256,0.8271186440677966,0.8259573506394965,0.8256169986597032,0.8267830409401147,0.9385165500485426,-0.15818793971293243,-0.15933344271337524,21,"Admission grade,Age at enrollment,Application order,Course,Curricular units 1st sem (evaluations),Curricular units 1st sem (grade),Curricular units 2nd sem (approved),Curricular units 2nd sem (evaluations),Curricular units 2nd sem (grade),Father's qualification,GDP,Inflation rate,Marital status,Mother's occupation,Mother's qualification,Previous qualification,Previous qualification (grade),Target,Tuition fees up to date,Unnamed: 0,synthetic_target_1,synthetic_target_2"
students_synthetic_target_1_base,classification,2.5158517360687256,0.8225988700564971,0.8216985151241207,0.8213717585619137,0.8222860940702864,0.9382706734990133,-0.17740112994350288,-0.17830148487587927,22,"Admission grade,Age at enrollment,Application order,Course,Curricular units 1st sem (evaluations),Curricular units 1st sem (grade),Curricular units 2nd sem (approved),Curricular units 2nd sem (enrolled),Curricular units 2nd sem (evaluations),Curricular units 2nd sem (grade),Father's qualification,GDP,Inflation rate,Marital status,Mother's occupation,Mother's qualification,Previous qualification,Previous qualification (grade),Target,Tuition fees up to date,Unnamed: 0,synthetic_target_1,synthetic_target_2"
students_synthetic_target_1_base,classification,2.5158517360687256,0.8225988700564971,0.8214046599788274,0.8210361422105193,0.8222554501261045,0.9375810428896029,-0.17570573576435622,-0.17689896281346018,23,"Admission grade,Age at enrollment,Application order,Course,Curricular units 1st sem (evaluations),Curricular units 1st sem (grade),Curricular units 2nd sem (approved),Curricular units 2nd sem (enrolled),Curricular units 2nd sem (evaluations),Curricular units 2nd sem (grade),Father's occupation,Father's qualification,GDP,Inflation rate,Marital status,Mother's occupation,Mother's qualification,Previous qualification,Previous qualification (grade),Target,Tuition fees up to date,Unnamed: 0,synthetic_target_1,synthetic_target_2"
students_synthetic_target_1_base,classification,2.5158517360687256,0.8395480225988701,0.8382899104492717,0.8379658949584973,0.8392052259351385,0.9425205240342942,-0.07116121729940628,-0.07242879087648113,24,"Admission grade,Age at enrollment,Application order,Course,Curricular units 1st sem (approved),Curricular units 1st sem (evaluations),Curricular units 1st sem (grade),Curricular units 2nd sem (approved),Curricular units 2nd sem (enrolled),Curricular units 2nd sem (evaluations),Curricular units 2nd sem (grade),Father's occupation,Father's qualification,GDP,Inflation rate,Marital status,Mother's occupation,Mother's qualification,Previous qualification,Previous qualification (grade),Target,Tuition fees up to date,Unnamed: 0,synthetic_target_1,synthetic_target_2"
students_synthetic_target_1_base,classification,2.5158517360687256,0.8271186440677966,0.8260493542984079,0.8256820745348071,0.8267907538650486,0.9375366447973649,-0.17288135593220344,-0.17395064570159213,25,"Admission grade,Age at enrollment,Application mode,Application order,Course,Curricular units 1st sem (approved),Curricular units 1st sem (evaluations),Curricular units 1st sem (grade),Curricular units 2nd sem (approved),Curricular units 2nd sem (enrolled),Curricular units 2nd sem (evaluations),Curricular units 2nd sem (grade),Father's occupation,Father's qualification,GDP,Inflation rate,Marital status,Mother's occupation,Mother's qualification,Previous qualification,Previous qualification (grade),Target,Tuition fees up to date,Unnamed: 0,synthetic_target_1,synthetic_target_2"
students_synthetic_target_1_base,classification,2.5158517360687256,0.8135593220338984,0.8129662389158687,0.8127218236039258,0.8132464421699107,0.9342282622261212,-0.16100976527890187,-0.1616072497551183,26,"Admission grade,Age at enrollment,Application mode,Application order,Course,Curricular units 1st sem (approved),Curricular units 1st sem (evaluations),Curricular units 1st sem (grade),Curricular units 2nd sem (approved),Curricular units 2nd sem (enrolled),Curricular units 2nd sem (evaluations),Curricular units 2nd sem (grade),Father's occupation,Father's qualification,GDP,Inflation rate,Marital status,Mother's occupation,Mother's qualification,Previous qualification,Previous qualification (grade),Target,Tuition fees up to date,Unemployment rate,Unnamed: 0,synthetic_target_1,synthetic_target_2"
students_synthetic_target_1_base,classification,2.5158517360687256,0.831638418079096,0.8307883129604191,0.8304202214055517,0.8313336666511498,0.9411629476825182,-0.15508099418425525,-0.15593388253528828,27,"Admission grade,Age at enrollment,Application mode,Application order,Course,Curricular units 1st sem (approved),Curricular units 1st sem (enrolled),Curricular units 1st sem (evaluations),Curricular units 1st sem (grade),Curricular units 2nd sem (approved),Curricular units 2nd sem (enrolled),Curricular units 2nd sem (evaluations),Curricular units 2nd sem (grade),Father's occupation,Father's qualification,GDP,Inflation rate,Marital status,Mother's occupation,Mother's qualification,Previous qualification,Previous qualification (grade),Target,Tuition fees up to date,Unemployment rate,Unnamed: 0,synthetic_target_1,synthetic_target_2"
students_synthetic_target_1_base,classification,2.5158517360687256,0.8259887005649718,0.8244502573457417,0.8241001804283554,0.825645280634579,0.937771983529907,-0.17401129943502824,-0.17554974265425827,28,"Admission grade,Age at enrollment,Application mode,Application order,Course,Curricular units 1st sem (approved),Curricular units 1st sem (credited),Curricular units 1st sem (enrolled),Curricular units 1st sem (evaluations),Curricular units 1st sem (grade),Curricular units 2nd sem (approved),Curricular units 2nd sem (enrolled),Curricular units 2nd sem (evaluations),Curricular units 2nd sem (grade),Father's occupation,Father's qualification,GDP,Inflation rate,Marital status,Mother's occupation,Mother's qualification,Previous qualification,Previous qualification (grade),Target,Tuition fees up to date,Unemployment rate,Unnamed: 0,synthetic_target_1,synthetic_target_2"
students_synthetic_target_1_base,classification,2.5158517360687256,0.8372881355932204,0.8365625143478592,0.8363272428846199,0.8369760867514479,0.9404486778176215,-0.12400036398293113,-0.1247021274953175,29,"Admission grade,Age at enrollment,Application mode,Application order,Course,Curricular units 1st sem (approved),Curricular units 1st sem (credited),Curricular units 1st sem (enrolled),Curricular units 1st sem (evaluations),Curricular units 1st sem (grade),Curricular units 2nd sem (approved),Curricular units 2nd sem (enrolled),Curricular units 2nd sem (evaluations),Curricular units 2nd sem (grade),Father's occupation,Father's qualification,GDP,Gender,Inflation rate,Marital status,Mother's occupation,Mother's qualification,Previous qualification,Previous qualification (grade),Target,Tuition fees up to date,Unemployment rate,Unnamed: 0,synthetic_target_1,synthetic_target_2"
students_synthetic_target_1_base,classification,2.5158517360687256,0.8508474576271187,0.8501120400353718,0.8498210056899215,0.8505588591934786,0.9437028600837726,-0.13587195463623258,-0.13660645124327142,30,"Admission grade,Age at enrollment,Application mode,Application order,Course,Curricular units 1st sem (approved),Curricular units 1st sem (credited),Curricular units 1st sem (enrolled),Curricular units 1st sem (evaluations),Curricular units 1st sem (grade),Curricular units 2nd sem (approved),Curricular units 2nd sem (enrolled),Curricular units 2nd sem (evaluations),Curricular units 2nd sem (grade),Displaced,Father's occupation,Father's qualification,GDP,Gender,Inflation rate,Marital status,Mother's occupation,Mother's qualification,Previous qualification,Previous qualification (grade),Target,Tuition fees up to date,Unemployment rate,Unnamed: 0,synthetic_target_1,synthetic_target_2"
students_synthetic_target_1_base,classification,2.5158517360687256,0.8418079096045198,0.8413062356620787,0.8411079584541298,0.8415419305567973,0.9435367200196888,-0.14236841139011147,-0.14286314552840218,31,"Admission grade,Age at enrollment,Application mode,Application order,Course,Curricular units 1st sem (approved),Curricular units 1st sem (credited),Curricular units 1st sem (enrolled),Curricular units 1st sem (evaluations),Curricular units 1st sem (grade),Curricular units 2nd sem (approved),Curricular units 2nd sem (enrolled),Curricular units 2nd sem (evaluations),Curricular units 2nd sem (grade),Displaced,Father's occupation,Father's qualification,GDP,Gender,Inflation rate,Marital status,Mother's occupation,Mother's qualification,Previous qualification,Previous qualification (grade),Scholarship holder,Target,Tuition fees up to date,Unemployment rate,Unnamed: 0,synthetic_target_1,synthetic_target_2"
students_synthetic_target_1_base,classification,2.5158517360687256,0.8519774011299435,0.8519869349704271,0.8522495097837562,0.8517655164345355,0.9461389252062088,-0.10676800717748802,-0.10673623093719886,32,"Admission grade,Age at enrollment,Application mode,Application order,Course,Curricular units 1st sem (approved),Curricular units 1st sem (credited),Curricular units 1st sem (enrolled),Curricular units 1st sem (evaluations),Curricular units 1st sem (grade),Curricular units 2nd sem (approved),Curricular units 2nd sem (credited),Curricular units 2nd sem (enrolled),Curricular units 2nd sem (evaluations),Curricular units 2nd sem (grade),Displaced,Father's occupation,Father's qualification,GDP,Gender,Inflation rate,Marital status,Mother's occupation,Mother's qualification,Previous qualification,Previous qualification (grade),Scholarship holder,Target,Tuition fees up to date,Unemployment rate,Unnamed: 0,synthetic_target_1,synthetic_target_2"
students_synthetic_target_1_base,classification,2.5158517360687256,0.8531073446327684,0.8524334316340237,0.8522705888696653,0.8528112410297481,0.9455231432134804,-0.11044168051557857,-0.11110908095769678,33,"Admission grade,Age at enrollment,Application mode,Application order,Course,Curricular units 1st sem (approved),Curricular units 1st sem (credited),Curricular units 1st sem (enrolled),Curricular units 1st sem (evaluations),Curricular units 1st sem (grade),Curricular units 2nd sem (approved),Curricular units 2nd sem (credited),Curricular units 2nd sem (enrolled),Curricular units 2nd sem (evaluations),Curricular units 2nd sem (grade),Debtor,Displaced,Father's occupation,Father's qualification,GDP,Gender,Inflation rate,Marital status,Mother's occupation,Mother's qualification,Previous qualification,Previous qualification (grade),Scholarship holder,Target,Tuition fees up to date,Unemployment rate,Unnamed: 0,synthetic_target_1,synthetic_target_2"
students_synthetic_target_1_base,classification,2.5158517360687256,0.8508474576271187,0.8509708513974724,0.851393878144822,0.8506355729317107,0.948403092640752,-0.12598215525787715,-0.12586919406460984,34,"Admission grade,Age at enrollment,Application mode,Application order,Course,Curricular units 1st sem (approved),Curricular units 1st sem (credited),Curricular units 1st sem (enrolled),Curricular units 1st sem (evaluations),Curricular units 1st sem (grade),Curricular units 2nd sem (approved),Curricular units 2nd sem (credited),Curricular units 2nd sem (enrolled),Curricular units 2nd sem (evaluations),Curricular units 2nd sem (grade),Daytime/evening attendance	,Debtor,Displaced,Father's occupation,Father's qualification,GDP,Gender,Inflation rate,Marital status,Mother's occupation,Mother's qualification,Previous qualification,Previous qualification (grade),Scholarship holder,Target,Tuition fees up to date,Unemployment rate,Unnamed: 0,synthetic_target_1,synthetic_target_2"
students_synthetic_target_2_base,classification,2.3300912380218506,0.5672316384180791,0.5570208647892962,0.5621451824711242,0.56656458767395,0.7491603640751539,-0.008072119705684666,-0.014650480086837336,1,"Inflation rate,synthetic_target_2"
students_synthetic_target_2_base,classification,2.3300912380218506,0.6779661016949152,0.6769809195556139,0.693630248330583,0.6772978564034817,0.8382558829746521,0.02015316018601443,0.020847362764103705,2,"Inflation rate,Scholarship holder,synthetic_target_2"
students_synthetic_target_2_base,classification,2.3300912380218506,0.6531073446327683,0.652729960842599,0.655979917668353,0.652572488784322,0.8405166254584192,0.003771374019600704,0.00415359870340648,3,"GDP,Inflation rate,Scholarship holder,synthetic_target_2"
students_synthetic_target_2_base,classification,2.3300912380218506,0.6949152542372882,0.6914482093149495,0.7225356651750917,0.6943637416332026,0.8738750984874692,-0.003869713267656727,-0.00732980080483725,4,"Age at enrollment,GDP,Inflation rate,Scholarship holder,synthetic_target_2"
students_synthetic_target_2_base,classification,2.3300912380218506,0.8,0.8014574322619286,0.8063005271244325,0.7996919087400404,0.9273492587929111,-0.005594800791183907,-0.003710179402350633,5,"Age at enrollment,Curricular units 1st sem (grade),GDP,Inflation rate,Scholarship holder,synthetic_target_2"
students_synthetic_target_2_base,classification,2.3300912380218506,0.7954802259887006,0.7968821085919761,0.8016521106649072,0.7951260644135948,0.9267615545132415,-0.002767866692847898,-0.0008094012208912371,6,"Age at enrollment,Curricular units 1st sem (grade),GDP,Inflation rate,Scholarship holder,Unemployment rate,synthetic_target_2"
students_synthetic_target_2_base,classification,2.3300912380218506,0.807909604519774,0.8086677607814835,0.8108649146774812,0.8076245470968622,0.9295602509386146,-0.06719635761642262,-0.06599178623703439,7,"Age at enrollment,Curricular units 1st sem (grade),Curricular units 2nd sem (grade),GDP,Inflation rate,Scholarship holder,Unemployment rate,synthetic_target_2"
students_synthetic_target_2_base,classification,2.3300912380218506,0.8282485875706215,0.8287448310041085,0.8305799934832194,0.8279493975324131,0.9375453987607979,-0.09263301740253482,-0.09183090233706293,8,"Age at enrollment,Curricular units 1st sem (approved),Curricular units 1st sem (grade),Curricular units 2nd sem (grade),GDP,Inflation rate,Scholarship holder,Unemployment rate,synthetic_target_2"
students_synthetic_target_2_base,classification,2.3300912380218506,0.8180790960451978,0.8187640548462389,0.8207849584661179,0.8177945816223429,0.9354928668498066,-0.08132751599210086,-0.0802945311270361,9,"Admission grade,Age at enrollment,Curricular units 1st sem (approved),Curricular units 1st sem (grade),Curricular units 2nd sem (grade),GDP,Inflation rate,Scholarship holder,Unemployment rate,synthetic_target_2"
students_synthetic_target_2_base,classification,2.3300912380218506,0.8429378531073446,0.8435289879746238,0.84552703076193,0.8426852763843397,0.9464751028015123,-0.06155494146739404,-0.060662238897872034,10,"Admission grade,Age at enrollment,Curricular units 1st sem (approved),Curricular units 1st sem (evaluations),Curricular units 1st sem (grade),Curricular units 2nd sem (grade),GDP,Inflation rate,Scholarship holder,Unemployment rate,synthetic_target_2"
students_synthetic_target_2_base,classification,2.3300912380218506,0.8418079096045198,0.8422440393738588,0.8439991959070757,0.8415094435663875,0.946373588357187,-0.08529014069217422,-0.08477263229502796,11,"Admission grade,Age at enrollment,Curricular units 1st sem (approved),Curricular units 1st sem (evaluations),Curricular units 1st sem (grade),Curricular units 2nd sem (grade),GDP,Inflation rate,Scholarship holder,Unemployment rate,Unnamed: 0,synthetic_target_2"
students_synthetic_target_2_base,classification,2.3300912380218506,0.8497175141242937,0.8504112219733866,0.8523312510356774,0.8494766484370508,0.9486121373074029,-0.12287361331283542,-0.12218733303987772,12,"Admission grade,Age at enrollment,Curricular units 1st sem (approved),Curricular units 1st sem (evaluations),Curricular units 1st sem (grade),Curricular units 2nd sem (enrolled),Curricular units 2nd sem (grade),GDP,Inflation rate,Scholarship holder,Unemployment rate,Unnamed: 0,synthetic_target_2"
students_synthetic_target_2_base,classification,2.3300912380218506,0.848587570621469,0.8489664271505704,0.8501944027115877,0.8483199038141954,0.9478123032580292,-0.1384144073384067,-0.1380074369783464,13,"Admission grade,Age at enrollment,Application mode,Curricular units 1st sem (approved),Curricular units 1st sem (evaluations),Curricular units 1st sem (grade),Curricular units 2nd sem (enrolled),Curricular units 2nd sem (grade),GDP,Inflation rate,Scholarship holder,Unemployment rate,Unnamed: 0,synthetic_target_2"
students_synthetic_target_2_base,classification,2.3300912380218506,0.8519774011299435,0.8523924681769933,0.8539391334698193,0.8516946967072786,0.9480970449386869,-0.09518281361998593,-0.09472328208476855,14,"Admission grade,Age at enrollment,Application mode,Course,Curricular units 1st sem (approved),Curricular units 1st sem (evaluations),Curricular units 1st sem (grade),Curricular units 2nd sem (enrolled),Curricular units 2nd sem (grade),GDP,Inflation rate,Scholarship holder,Unemployment rate,Unnamed: 0,synthetic_target_2"
students_synthetic_target_2_base,classification,2.3300912380218506,0.8451977401129943,0.845375555854838,0.8463454772310696,0.8448612786846877,0.9509923477246905,-0.08698649272113967,-0.08660672821809035,15,"Admission grade,Age at enrollment,Application mode,Course,Curricular units 1st sem (approved),Curricular units 1st sem (evaluations),Curricular units 1st sem (grade),Curricular units 2nd sem (enrolled),Curricular units 2nd sem (grade),Father's occupation,GDP,Inflation rate,Scholarship holder,Unemployment rate,Unnamed: 0,synthetic_target_2"
students_synthetic_target_2_base,classification,2.3300912380218506,0.8497175141242937,0.850214031795599,0.8517390208589708,0.8494575602419543,0.9468459160769255,-0.05505784614696929,-0.05424196261265002,16,"Admission grade,Age at enrollment,Application mode,Course,Curricular units 1st sem (approved),Curricular units 1st sem (evaluations),Curricular units 1st sem (grade),Curricular units 2nd sem (enrolled),Curricular units 2nd sem (grade),Father's occupation,Father's qualification,GDP,Inflation rate,Scholarship holder,Unemployment rate,Unnamed: 0,synthetic_target_2"
students_synthetic_target_2_base,classification,2.3300912380218506,0.8497175141242937,0.849970233437744,0.8508431859988569,0.8494498210825817,0.949932990159314,-0.08303185010288905,-0.08257708724668089,17,"Admission grade,Age at enrollment,Application mode,Course,Curricular units 1st sem (approved),Curricular units 1st sem (evaluations),Curricular units 1st sem (grade),Curricular units 2nd sem (approved),Curricular units 2nd sem (enrolled),Curricular units 2nd sem (grade),Father's occupation,Father's qualification,GDP,Inflation rate,Scholarship holder,Unemployment rate,Unnamed: 0,synthetic_target_2"
students_synthetic_target_2_base,classification,2.3300912380218506,0.8553672316384181,0.8559068775709191,0.8570791408959408,0.8551912385236448,0.9495743037505497,-0.13982915152066644,-0.1392904040693218,18,"Admission grade,Age at enrollment,Application mode,Course,Curricular units 1st sem (approved),Curricular units 1st sem (evaluations),Curricular units 1st sem (grade),Curricular units 2nd sem (approved),Curricular units 2nd sem (enrolled),Curricular units 2nd sem (grade),Father's occupation,Father's qualification,GDP,Inflation rate,Scholarship holder,Target,Unemployment rate,Unnamed: 0,synthetic_target_2"
students_synthetic_target_2_base,classification,2.3300912380218506,0.8542372881355932,0.8544807370184255,0.8554179603281312,0.8539774890188342,0.9487791485936015,-0.07992490457421186,-0.07947560141994214,19,"Admission grade,Age at enrollment,Application mode,Course,Curricular units 1st sem (approved),Curricular units 1st sem (evaluations),Curricular units 1st sem (grade),Curricular units 2nd sem (approved),Curricular units 2nd sem (enrolled),Curricular units 2nd sem (evaluations),Curricular units 2nd sem (grade),Father's occupation,Father's qualification,GDP,Inflation rate,Scholarship holder,Target,Unemployment rate,Unnamed: 0,synthetic_target_2"
students_synthetic_target_2_base,classification,2.3300912380218506,0.8564971751412429,0.8568358856092706,0.857687918984453,0.8562754999458,0.9513834951582103,-0.1322001969977794,-0.13186020610043625,20,"Admission grade,Age at enrollment,Application mode,Course,Curricular units 1st sem (approved),Curricular units 1st sem (enrolled),Curricular units 1st sem (evaluations),Curricular units 1st sem (grade),Curricular units 2nd sem (approved),Curricular units 2nd sem (enrolled),Curricular units 2nd sem (evaluations),Curricular units 2nd sem (grade),Father's occupation,Father's qualification,GDP,Inflation rate,Scholarship holder,Target,Unemployment rate,Unnamed: 0,synthetic_target_2"
students_synthetic_target_2_base,classification,2.3300912380218506,0.8440677966101695,0.8447010267159306,0.8463465594001406,0.84382654268845,0.9492352097465907,-0.14886806097671945,-0.1482139074543597,21,"Admission grade,Age at enrollment,Application mode,Course,Curricular units 1st sem (approved),Curricular units 1st sem (enrolled),Curricular units 1st sem (evaluations),Curricular units 1st sem (grade),Curricular units 2nd sem (approved),Curricular units 2nd sem (enrolled),Curricular units 2nd sem (evaluations),Curricular units 2nd sem (grade),Father's occupation,Father's qualification,GDP,Inflation rate,Previous qualification (grade),Scholarship holder,Target,Unemployment rate,Unnamed: 0,synthetic_target_2"
students_synthetic_target_2_base,classification,2.3300912380218506,0.8508474576271187,0.8513303615033717,0.8525112985966053,0.8506370029362579,0.9484738338721365,-0.09716045421238406,-0.09651326927621562,22,"Admission grade,Age at enrollment,Application mode,Course,Curricular units 1st sem (approved),Curricular units 1st sem (enrolled),Curricular units 1st sem (evaluations),Curricular units 1st sem (grade),Curricular units 2nd sem (approved),Curricular units 2nd sem (enrolled),Curricular units 2nd sem (evaluations),Curricular units 2nd sem (grade),Father's occupation,Father's qualification,GDP,Inflation rate,Previous qualification (grade),Scholarship holder,Target,Unemployment rate,Unnamed: 0,synthetic_target_1,synthetic_target_2"
students_synthetic_target_2_base,classification,2.3300912380218506,0.8519774011299435,0.8521491355162755,0.8528318219267447,0.85169830658363,0.9494542105370547,-0.111854189714928,-0.11152285042612053,23,"Admission grade,Age at enrollment,Application mode,Course,Curricular units 1st sem (approved),Curricular units 1st sem (enrolled),Curricular units 1st sem (evaluations),Curricular units 1st sem (grade),Curricular units 2nd sem (approved),Curricular units 2nd sem (enrolled),Curricular units 2nd sem (evaluations),Curricular units 2nd sem (grade),Father's occupation,Father's qualification,GDP,Gender,Inflation rate,Previous qualification (grade),Scholarship holder,Target,Unemployment rate,Unnamed: 0,synthetic_target_1,synthetic_target_2"
students_synthetic_target_2_base,classification,2.3300912380218506,0.8519774011299435,0.8525251243464873,0.8538385655748536,0.85175557116892,0.9484276048041963,-0.14802259887005653,-0.1474748756535127,24,"Admission grade,Age at enrollment,Application mode,Course,Curricular units 1st sem (approved),Curricular units 1st sem (enrolled),Curricular units 1st sem (evaluations),Curricular units 1st sem (grade),Curricular units 2nd sem (approved),Curricular units 2nd sem (enrolled),Curricular units 2nd sem (evaluations),Curricular units 2nd sem (grade),Father's occupation,Father's qualification,GDP,Gender,Inflation rate,Mother's occupation,Previous qualification (grade),Scholarship holder,Target,Unemployment rate,Unnamed: 0,synthetic_target_1,synthetic_target_2"
students_synthetic_target_2_base,classification,2.3300912380218506,0.8542372881355932,0.8548825082628548,0.8567354200081917,0.8540234045683999,0.9461752591382989,-0.10874660561970495,-0.10804750177108968,25,"Admission grade,Age at enrollment,Application mode,Course,Curricular units 1st sem (approved),Curricular units 1st sem (enrolled),Curricular units 1st sem (evaluations),Curricular units 1st sem (grade),Curricular units 2nd sem (approved),Curricular units 2nd sem (credited),Curricular units 2nd sem (enrolled),Curricular units 2nd sem (evaluations),Curricular units 2nd sem (grade),Father's occupation,Father's qualification,GDP,Gender,Inflation rate,Mother's occupation,Previous qualification (grade),Scholarship holder,Target,Unemployment rate,Unnamed: 0,synthetic_target_1,synthetic_target_2"
students_synthetic_target_2_base,classification,2.3300912380218506,0.8531073446327684,0.8538841700914536,0.8562377433005232,0.8528896177203272,0.9488186114560744,-0.14576239258113388,-0.14498059485109593,26,"Admission grade,Age at enrollment,Application mode,Course,Curricular units 1st sem (approved),Curricular units 1st sem (enrolled),Curricular units 1st sem (evaluations),Curricular units 1st sem (grade),Curricular units 2nd sem (approved),Curricular units 2nd sem (credited),Curricular units 2nd sem (enrolled),Curricular units 2nd sem (evaluations),Curricular units 2nd sem (grade),Father's occupation,Father's qualification,GDP,Gender,Inflation rate,Mother's occupation,Mother's qualification,Previous qualification (grade),Scholarship holder,Target,Unemployment rate,Unnamed: 0,synthetic_target_1,synthetic_target_2"
students_synthetic_target_2_base,classification,2.3300912380218506,0.8598870056497175,0.8603190841554014,0.8615544824639843,0.8596771201933523,0.9509602144500464,-0.0946199172098473,-0.09403317662278843,27,"Admission grade,Age at enrollment,Application mode,Course,Curricular units 1st sem (approved),Curricular units 1st sem (credited),Curricular units 1st sem (enrolled),Curricular units 1st sem (evaluations),Curricular units 1st sem (grade),Curricular units 2nd sem (approved),Curricular units 2nd sem (credited),Curricular units 2nd sem (enrolled),Curricular units 2nd sem (evaluations),Curricular units 2nd sem (grade),Father's occupation,Father's qualification,GDP,Gender,Inflation rate,Mother's occupation,Mother's qualification,Previous qualification (grade),Scholarship holder,Target,Unemployment rate,Unnamed: 0,synthetic_target_1,synthetic_target_2"
students_synthetic_target_2_base,classification,2.3300912380218506,0.8677966101694915,0.8678195092693531,0.8684186304105337,0.8675375350528083,0.9495344004962162,-0.05534552037586027,-0.05505658913771205,28,"Admission grade,Age at enrollment,Application mode,Course,Curricular units 1st sem (approved),Curricular units 1st sem (credited),Curricular units 1st sem (enrolled),Curricular units 1st sem (evaluations),Curricular units 1st sem (grade),Curricular units 2nd sem (approved),Curricular units 2nd sem (credited),Curricular units 2nd sem (enrolled),Curricular units 2nd sem (evaluations),Curricular units 2nd sem (grade),Father's occupation,Father's qualification,GDP,Gender,Inflation rate,Marital status,Mother's occupation,Mother's qualification,Previous qualification (grade),Scholarship holder,Target,Unemployment rate,Unnamed: 0,synthetic_target_1,synthetic_target_2"
students_synthetic_target_2_base,classification,2.3300912380218506,0.8610169491525423,0.8613162429639756,0.8622856549559131,0.8607766002309178,0.9511176423629858,-0.07823142609470268,-0.07776539448763975,29,"Admission grade,Age at enrollment,Application mode,Course,Curricular units 1st sem (approved),Curricular units 1st sem (credited),Curricular units 1st sem (enrolled),Curricular units 1st sem (evaluations),Curricular units 1st sem (grade),Curricular units 2nd sem (approved),Curricular units 2nd sem (credited),Curricular units 2nd sem (enrolled),Curricular units 2nd sem (evaluations),Curricular units 2nd sem (grade),Displaced,Father's occupation,Father's qualification,GDP,Gender,Inflation rate,Marital status,Mother's occupation,Mother's qualification,Previous qualification (grade),Scholarship holder,Target,Unemployment rate,Unnamed: 0,synthetic_target_1,synthetic_target_2"
students_synthetic_target_2_base,classification,2.3300912380218506,0.8576271186440678,0.8583823559071084,0.8604015920080003,0.8574286346923038,0.9476742956646912,-0.14237288135593218,-0.14161764409289157,30,"Admission grade,Age at enrollment,Application mode,Course,Curricular units 1st sem (approved),Curricular units 1st sem (credited),Curricular units 1st sem (enrolled),Curricular units 1st sem (evaluations),Curricular units 1st sem (grade),Curricular units 2nd sem (approved),Curricular units 2nd sem (credited),Curricular units 2nd sem (enrolled),Curricular units 2nd sem (evaluations),Curricular units 2nd sem (grade),Displaced,Father's occupation,Father's qualification,GDP,Gender,Inflation rate,Marital status,Mother's occupation,Mother's qualification,Previous qualification,Previous qualification (grade),Scholarship holder,Target,Unemployment rate,Unnamed: 0,synthetic_target_1,synthetic_target_2"
students_synthetic_target_2_base,classification,2.3300912380218506,0.8587570621468926,0.8590460142601698,0.8600149024795186,0.8585051569550863,0.9527714037370014,-0.11326893389718762,-0.11290769576632254,31,"Admission grade,Age at enrollment,Application mode,Application order,Course,Curricular units 1st sem (approved),Curricular units 1st sem (credited),Curricular units 1st sem (enrolled),Curricular units 1st sem (evaluations),Curricular units 1st sem (grade),Curricular units 2nd sem (approved),Curricular units 2nd sem (credited),Curricular units 2nd sem (enrolled),Curricular units 2nd sem (evaluations),Curricular units 2nd sem (grade),Displaced,Father's occupation,Father's qualification,GDP,Gender,Inflation rate,Marital status,Mother's occupation,Mother's qualification,Previous qualification,Previous qualification (grade),Scholarship holder,Target,Unemployment rate,Unnamed: 0,synthetic_target_1,synthetic_target_2"
students_synthetic_target_2_base,classification,2.3300912380218506,0.8508474576271187,0.8512454230440089,0.8523715811992826,0.8506217843208476,0.9460367887957618,-0.09518249433671289,-0.09470025808565052,32,"Admission grade,Age at enrollment,Application mode,Application order,Course,Curricular units 1st sem (approved),Curricular units 1st sem (credited),Curricular units 1st sem (enrolled),Curricular units 1st sem (evaluations),Curricular units 1st sem (grade),Curricular units 2nd sem (approved),Curricular units 2nd sem (credited),Curricular units 2nd sem (enrolled),Curricular units 2nd sem (evaluations),Curricular units 2nd sem (grade),Daytime/evening attendance	,Displaced,Father's occupation,Father's qualification,GDP,Gender,Inflation rate,Marital status,Mother's occupation,Mother's qualification,Previous qualification,Previous qualification (grade),Scholarship holder,Target,Unemployment rate,Unnamed: 0,synthetic_target_1,synthetic_target_2"
students_synthetic_target_2_base,classification,2.3300912380218506,0.8621468926553673,0.8624569355659162,0.8635225850494938,0.8618990380432662,0.9494356114458524,-0.10959653769218858,-0.10926540918869454,33,"Admission grade,Age at enrollment,Application mode,Application order,Course,Curricular units 1st sem (approved),Curricular units 1st sem (credited),Curricular units 1st sem (enrolled),Curricular units 1st sem (evaluations),Curricular units 1st sem (grade),Curricular units 2nd sem (approved),Curricular units 2nd sem (credited),Curricular units 2nd sem (enrolled),Curricular units 2nd sem (evaluations),Curricular units 2nd sem (grade),Daytime/evening attendance	,Displaced,Father's occupation,Father's qualification,GDP,Gender,Inflation rate,Marital status,Mother's occupation,Mother's qualification,Previous qualification,Previous qualification (grade),Scholarship holder,Target,Tuition fees up to date,Unemployment rate,Unnamed: 0,synthetic_target_1,synthetic_target_2"
students_synthetic_target_2_base,classification,2.3300912380218506,0.8576271186440678,0.8577807662110409,0.8584417137187904,0.857382719142738,0.9503707568901119,-0.0991403297876926,-0.09887489760874857,34,"Admission grade,Age at enrollment,Application mode,Application order,Course,Curricular units 1st sem (approved),Curricular units 1st sem (credited),Curricular units 1st sem (enrolled),Curricular units 1st sem (evaluations),Curricular units 1st sem (grade),Curricular units 2nd sem (approved),Curricular units 2nd sem (credited),Curricular units 2nd sem (enrolled),Curricular units 2nd sem (evaluations),Curricular units 2nd sem (grade),Daytime/evening attendance	,Debtor,Displaced,Father's occupation,Father's qualification,GDP,Gender,Inflation rate,Marital status,Mother's occupation,Mother's qualification,Previous qualification,Previous qualification (grade),Scholarship holder,Target,Tuition fees up to date,Unemployment rate,Unnamed: 0,synthetic_target_1,synthetic_target_2"
drive_diagnosis_synthetic_target_1_base,classification,23.152087926864624,0.14903435310203383,0.0928630685799785,0.10081286932045001,0.1488807263042427,0.628018283699904,-0.008933472223238037,-0.008264769531151281,1,"NUM41,synthetic_target_1"
drive_diagnosis_synthetic_target_1_base,classification,23.152087926864624,0.4419757306443343,0.43739170418416573,0.4392399299027478,0.44203706276180676,0.8860361405399771,-0.19991543947979246,-0.20270014216735355,2,"NUM24,NUM41,synthetic_target_1"
drive_diagnosis_synthetic_target_1_base,classification,23.152087926864624,0.47829430866518546,0.47660608897759427,0.48065387497406675,0.4784247873234429,0.9058935577147633,-0.1291575681908404,-0.13028156381344413,3,"NUM24,NUM40,NUM41,synthetic_target_1"
drive_diagnosis_synthetic_target_1_base,classification,23.152087926864624,0.5125619552213296,0.5117423167587039,0.5146151897919053,0.5126700995170211,0.918609154427698,-0.253285033476942,-0.25456125501322335,4,"NUM17,NUM24,NUM40,NUM41,synthetic_target_1"
drive_diagnosis_synthetic_target_1_base,classification,23.152087926864624,0.5137583319090754,0.5121121800453953,0.5158564600273525,0.5138689431385166,0.9194984485085848,-0.18936299609741936,-0.1910788612540688,5,"NUM17,NUM23,NUM24,NUM40,NUM41,synthetic_target_1"
drive_diagnosis_synthetic_target_1_base,classification,23.152087926864624,0.5324730815245258,0.5305446780916215,0.5325873003212072,0.5325448481378472,0.926946081028617,-0.19378581137610873,-0.19548708397223202,6,"NUM17,NUM18,NUM23,NUM24,NUM40,NUM41,synthetic_target_1"
drive_diagnosis_synthetic_target_1_base,classification,23.152087926864624,0.536233122543155,0.5351927289821685,0.5375705011624794,0.5362897833443978,0.9276266912842259,-0.23053253216661063,-0.2316031257588157,7,"NUM17,NUM18,NUM22,NUM23,NUM24,NUM40,NUM41,synthetic_target_1"
drive_diagnosis_synthetic_target_1_base,classification,23.152087926864624,0.5483678003760041,0.548315930852096,0.5508833632701926,0.5484085710062646,0.9293116914125291,-0.2623870012562304,-0.26251991699502397,8,"NUM17,NUM18,NUM21,NUM22,NUM23,NUM24,NUM40,NUM41,synthetic_target_1"
drive_diagnosis_synthetic_target_1_base,classification,23.152087926864624,0.5565715262348316,0.5569212349329139,0.5598271162169708,0.5565956265142855,0.9321290638415878,-0.2709969998403281,-0.27100707119503753,9,"NUM17,NUM18,NUM21,NUM22,NUM23,NUM24,NUM37,NUM40,NUM41,synthetic_target_1"
drive_diagnosis_synthetic_target_1_base,classification,23.152087926864624,0.5496496325414459,0.5495487062841075,0.5520419209809015,0.5496500738716784,0.93175972218235,-0.2418345471752631,-0.2420656829971649,10,"NUM17,NUM18,NUM19,NUM21,NUM22,NUM23,NUM24,NUM37,NUM40,NUM41,synthetic_target_1"
drive_diagnosis_synthetic_target_1_base,classification,23.152087926864624,0.5872500427277388,0.5865358226988892,0.5869655928301548,0.5872793305789842,0.9448368086654804,-0.2684339361643072,-0.2691690953362643,11,"NUM15,NUM17,NUM18,NUM19,NUM21,NUM22,NUM23,NUM24,NUM37,NUM40,NUM41,synthetic_target_1"
drive_diagnosis_synthetic_target_1_base,classification,23.152087926864624,0.5851136557853358,0.5845819583101141,0.585158040088247,0.5851713511639091,0.9445122420722327,-0.2585635719797421,-0.25919522542855944,12,"NUM15,NUM17,NUM18,NUM19,NUM20,NUM21,NUM22,NUM23,NUM24,NUM37,NUM40,NUM41,synthetic_target_1"
drive_diagnosis_synthetic_target_1_base,classification,23.152087926864624,0.5808408819005298,0.5805139028821021,0.5814952770070906,0.5809205130916967,0.9437496755315492,-0.3090473826752814,-0.3095340321847919,13,"NUM15,NUM17,NUM18,NUM19,NUM20,NUM21,NUM22,NUM23,NUM24,NUM37,NUM40,NUM41,NUM42,synthetic_target_1"
drive_diagnosis_synthetic_target_1_base,classification,23.152087926864624,0.5954537685865664,0.5943588677524058,0.5948902173142164,0.5955239213261864,0.9458469116083617,-0.26725907350970124,-0.2683041925258466,14,"NUM15,NUM16,NUM17,NUM18,NUM19,NUM20,NUM21,NUM22,NUM23,NUM24,NUM37,NUM40,NUM41,NUM42,synthetic_target_1"
drive_diagnosis_synthetic_target_1_base,classification,23.152087926864624,0.5962228678858315,0.5952736321576073,0.5959751858796195,0.5963150702931322,0.9462325411153113,-0.3010147247819319,-0.30193868709431015,15,"NUM15,NUM16,NUM17,NUM18,NUM19,NUM20,NUM21,NUM22,NUM23,NUM24,NUM37,NUM39,NUM40,NUM41,NUM42,synthetic_target_1"
drive_diagnosis_synthetic_target_1_base,classification,23.152087926864624,0.5964792343189198,0.5954842715362744,0.5963050504051371,0.5965699781776417,0.9464334014233837,-0.2961650282913735,-0.2971190153692387,16,"NUM15,NUM16,NUM17,NUM18,NUM19,NUM20,NUM21,NUM22,NUM23,NUM24,NUM29,NUM37,NUM39,NUM40,NUM41,NUM42,synthetic_target_1"
drive_diagnosis_synthetic_target_1_base,classification,23.152087926864624,0.6205776790292258,0.6202684255188777,0.62163353842769,0.620712556359945,0.951962676363079,-0.3093259678611966,-0.30963292519631946,17,"NUM15,NUM16,NUM17,NUM18,NUM19,NUM20,NUM21,NUM22,NUM23,NUM24,NUM29,NUM33,NUM37,NUM39,NUM40,NUM41,NUM42,synthetic_target_1"
drive_diagnosis_synthetic_target_1_base,classification,23.152087926864624,0.6191249359083917,0.6188227162780146,0.6193237231657657,0.6192035476000071,0.9521250115861424,-0.32545600284008613,-0.3256962128723827,18,"NUM13,NUM15,NUM16,NUM17,NUM18,NUM19,NUM20,NUM21,NUM22,NUM23,NUM24,NUM29,NUM33,NUM37,NUM39,NUM40,NUM41,NUM42,synthetic_target_1"
drive_diagnosis_synthetic_target_1_base,classification,23.152087926864624,0.6186976585199111,0.6185807544922547,0.6200576691616921,0.6188338972259507,0.9516853617781978,-0.33073298219622116,-0.33083107466712525,19,"NUM13,NUM15,NUM16,NUM17,NUM18,NUM19,NUM20,NUM21,NUM22,NUM23,NUM24,NUM29,NUM32,NUM33,NUM37,NUM39,NUM40,NUM41,NUM42,synthetic_target_1"
drive_diagnosis_synthetic_target_1_base,classification,23.152087926864624,0.6187831139976072,0.6184541465194303,0.6192301248854869,0.6188716451748856,0.9518433131673709,-0.3304766121117354,-0.33078396053397263,20,"NUM13,NUM15,NUM16,NUM17,NUM18,NUM19,NUM20,NUM21,NUM22,NUM23,NUM24,NUM29,NUM31,NUM32,NUM33,NUM37,NUM39,NUM40,NUM41,NUM42,synthetic_target_1"
drive_diagnosis_synthetic_target_1_base,classification,23.152087926864624,0.6226286104939327,0.6220224221260395,0.623402913296649,0.622764282548449,0.9520002384754025,-0.27298529340932964,-0.27359315533864703,21,"NUM13,NUM15,NUM16,NUM17,NUM18,NUM19,NUM20,NUM21,NUM22,NUM23,NUM24,NUM27,NUM29,NUM31,NUM32,NUM33,NUM37,NUM39,NUM40,NUM41,NUM42,synthetic_target_1"
drive_diagnosis_synthetic_target_1_base,classification,23.152087926864624,0.6311741582635447,0.6305367743797834,0.6316345323659003,0.6312909430369333,0.9532437886408441,-0.29244837682736047,-0.29298878895850566,22,"NUM13,NUM15,NUM16,NUM17,NUM18,NUM19,NUM20,NUM21,NUM22,NUM23,NUM24,NUM27,NUM29,NUM31,NUM32,NUM33,NUM37,NUM38,NUM39,NUM40,NUM41,NUM42,synthetic_target_1"
drive_diagnosis_synthetic_target_1_base,classification,23.152087926864624,0.6398051615108529,0.6397023938095114,0.6413719541870748,0.6399023857754351,0.9549121370498965,-0.30907000673321317,-0.3091241231056805,23,"NUM13,NUM15,NUM16,NUM17,NUM18,NUM19,NUM20,NUM21,NUM22,NUM23,NUM24,NUM27,NUM29,NUM31,NUM32,NUM33,NUM35,NUM37,NUM38,NUM39,NUM40,NUM41,NUM42,synthetic_target_1"
drive_diagnosis_synthetic_target_1_base,classification,23.152087926864624,0.639890616988549,0.6396472925697197,0.6407819606477421,0.6399714195717056,0.9556865388456164,-0.30571580940066634,-0.3058963113991824,24,"NUM13,NUM15,NUM16,NUM17,NUM18,NUM19,NUM20,NUM21,NUM22,NUM23,NUM24,NUM27,NUM29,NUM31,NUM32,NUM33,NUM35,NUM36,NUM37,NUM38,NUM39,NUM40,NUM41,NUM42,synthetic_target_1"
drive_diagnosis_synthetic_target_1_base,classification,23.152087926864624,0.6741582635446932,0.6743999772641396,0.6752751260596498,0.6742240680915068,0.9623993959158791,-0.26933309458550103,-0.2690144111527597,25,"NUM12,NUM13,NUM15,NUM16,NUM17,NUM18,NUM19,NUM20,NUM21,NUM22,NUM23,NUM24,NUM27,NUM29,NUM31,NUM32,NUM33,NUM35,NUM36,NUM37,NUM38,NUM39,NUM40,NUM41,NUM42,synthetic_target_1"
drive_diagnosis_synthetic_target_1_base,classification,23.152087926864624,0.6673218253290036,0.6673564947440677,0.6680008178401537,0.6673605229538917,0.961666283964155,-0.2895649651083241,-0.28942585607947946,26,"NUM12,NUM13,NUM15,NUM16,NUM17,NUM18,NUM19,NUM20,NUM21,NUM22,NUM23,NUM24,NUM27,NUM29,NUM31,NUM32,NUM33,NUM35,NUM36,NUM37,NUM38,NUM39,NUM40,NUM41,NUM42,NUM9,synthetic_target_1"
drive_diagnosis_synthetic_target_1_base,classification,23.152087926864624,0.685352931122885,0.6856611820616231,0.6865394664158518,0.6853928483131239,0.9647470226055337,-0.26529547616662297,-0.2649053311895613,27,"NUM12,NUM13,NUM15,NUM16,NUM17,NUM18,NUM19,NUM20,NUM21,NUM22,NUM23,NUM24,NUM26,NUM27,NUM29,NUM31,NUM32,NUM33,NUM35,NUM36,NUM37,NUM38,NUM39,NUM40,NUM41,NUM42,NUM9,synthetic_target_1"
drive_diagnosis_synthetic_target_1_base,classification,23.152087926864624,0.669030934882926,0.6694578340897785,0.6701653591307405,0.6690574012906609,0.9616339917645444,-0.3182572912370988,-0.3178140492525805,28,"NUM12,NUM13,NUM14,NUM15,NUM16,NUM17,NUM18,NUM19,NUM20,NUM21,NUM22,NUM23,NUM24,NUM26,NUM27,NUM29,NUM31,NUM32,NUM33,NUM35,NUM36,NUM37,NUM38,NUM39,NUM40,NUM41,NUM42,NUM9,synthetic_target_1"
drive_diagnosis_synthetic_target_1_base,classification,23.152087926864624,0.679712869594941,0.6799319278214035,0.6808482908549826,0.6797844264608569,0.9633071626810238,-0.24739205060930192,-0.24704855717430785,29,"NUM12,NUM13,NUM14,NUM15,NUM16,NUM17,NUM18,NUM19,NUM20,NUM21,NUM22,NUM23,NUM24,NUM26,NUM27,NUM29,NUM31,NUM32,NUM33,NUM35,NUM36,NUM37,NUM38,NUM39,NUM40,NUM41,NUM42,NUM7,NUM9,synthetic_target_1"
drive_diagnosis_synthetic_target_1_base,classification,23.152087926864624,0.6803110579388139,0.6806883772878252,0.681920305651354,0.6803533653502915,0.9636234601315489,-0.2511949133902609,-0.2507153549531619,30,"NUM12,NUM13,NUM14,NUM15,NUM16,NUM17,NUM18,NUM19,NUM20,NUM21,NUM22,NUM23,NUM24,NUM26,NUM27,NUM29,NUM31,NUM32,NUM33,NUM35,NUM36,NUM37,NUM38,NUM39,NUM40,NUM41,NUM42,NUM7,NUM8,NUM9,synthetic_target_1"
drive_diagnosis_synthetic_target_1_base,classification,23.152087926864624,0.6807383353272944,0.6811295679580261,0.6821042630604037,0.6807987289292885,0.963402379978503,-0.26839320482695594,-0.2679139725221028,31,"NUM12,NUM13,NUM14,NUM15,NUM16,NUM17,NUM18,NUM19,NUM20,NUM21,NUM22,NUM23,NUM24,NUM26,NUM27,NUM29,NUM31,NUM32,NUM33,NUM34,NUM35,NUM36,NUM37,NUM38,NUM39,NUM40,NUM41,NUM42,NUM7,NUM8,NUM9,synthetic_target_1"
drive_diagnosis_synthetic_target_1_base,classification,23.152087926864624,0.6784310374294993,0.6786515330064284,0.6797048347065257,0.6784691454794903,0.9638094706893573,-0.26749585384744645,-0.26716460787046603,32,"NUM11,NUM12,NUM13,NUM14,NUM15,NUM16,NUM17,NUM18,NUM19,NUM20,NUM21,NUM22,NUM23,NUM24,NUM26,NUM27,NUM29,NUM31,NUM32,NUM33,NUM34,NUM35,NUM36,NUM37,NUM38,NUM39,NUM40,NUM41,NUM42,NUM7,NUM8,NUM9,synthetic_target_1"
drive_diagnosis_synthetic_target_1_base,classification,23.152087926864624,0.6734746197231243,0.6737567048375764,0.6750676633517504,0.6735226413167716,0.9628990044073699,-0.2620478448655056,-0.261640448368323,33,"NUM10,NUM11,NUM12,NUM13,NUM14,NUM15,NUM16,NUM17,NUM18,NUM19,NUM20,NUM21,NUM22,NUM23,NUM24,NUM26,NUM27,NUM29,NUM31,NUM32,NUM33,NUM34,NUM35,NUM36,NUM37,NUM38,NUM39,NUM40,NUM41,NUM42,NUM7,NUM8,NUM9,synthetic_target_1"
drive_diagnosis_synthetic_target_1_base,classification,23.152087926864624,0.6799692360280294,0.6801603508025267,0.6807844566176718,0.6800042182367341,0.9642192641928496,-0.22946738669934041,-0.22914702328893777,34,"NUM10,NUM11,NUM12,NUM13,NUM14,NUM15,NUM16,NUM17,NUM18,NUM19,NUM20,NUM21,NUM22,NUM23,NUM24,NUM26,NUM27,NUM29,NUM31,NUM32,NUM33,NUM34,NUM35,NUM36,NUM37,NUM38,NUM39,NUM40,NUM41,NUM42,NUM48,NUM7,NUM8,NUM9,synthetic_target_1"
drive_diagnosis_synthetic_target_1_base,classification,23.152087926864624,0.6834729106135703,0.6838181231269119,0.6847392390895934,0.6834756868600564,0.9646502778785035,-0.2591425101568273,-0.25869185357936497,35,"NUM10,NUM11,NUM12,NUM13,NUM14,NUM15,NUM16,NUM17,NUM18,NUM19,NUM20,NUM21,NUM22,NUM23,NUM24,NUM26,NUM27,NUM29,NUM31,NUM32,NUM33,NUM34,NUM35,NUM36,NUM37,NUM38,NUM39,NUM40,NUM41,NUM42,NUM48,NUM7,NUM8,NUM9,Unnamed: 0,synthetic_target_1"
drive_diagnosis_synthetic_target_1_base,classification,23.152087926864624,0.6765510169201846,0.6769008521373423,0.677857413279869,0.6765871481541522,0.9633895834294667,-0.26211200356820386,-0.26165008797088785,36,"NUM10,NUM11,NUM12,NUM13,NUM14,NUM15,NUM16,NUM17,NUM18,NUM19,NUM20,NUM21,NUM22,NUM23,NUM24,NUM26,NUM27,NUM29,NUM31,NUM32,NUM33,NUM34,NUM35,NUM36,NUM37,NUM38,NUM39,NUM40,NUM41,NUM42,NUM45,NUM48,NUM7,NUM8,NUM9,Unnamed: 0,synthetic_target_1"
drive_diagnosis_synthetic_target_1_base,classification,23.152087926864624,0.675440095710135,0.6755984166571286,0.6766266116823074,0.6754714768956209,0.963330509556809,-0.1942375166128082,-0.19394584234830547,37,"NUM10,NUM11,NUM12,NUM13,NUM14,NUM15,NUM16,NUM17,NUM18,NUM19,NUM20,NUM21,NUM22,NUM23,NUM24,NUM26,NUM27,NUM29,NUM30,NUM31,NUM32,NUM33,NUM34,NUM35,NUM36,NUM37,NUM38,NUM39,NUM40,NUM41,NUM42,NUM45,NUM48,NUM7,NUM8,NUM9,Unnamed: 0,synthetic_target_1"
drive_diagnosis_synthetic_target_1_base,classification,23.152087926864624,0.6743291745000854,0.6747447841190086,0.6759989954101251,0.6743617084985541,0.9627961054236871,-0.28183122885838663,-0.28134703420886586,38,"NUM10,NUM11,NUM12,NUM13,NUM14,NUM15,NUM16,NUM17,NUM18,NUM19,NUM20,NUM21,NUM22,NUM23,NUM24,NUM26,NUM27,NUM29,NUM30,NUM31,NUM32,NUM33,NUM34,NUM35,NUM36,NUM37,NUM38,NUM39,NUM40,NUM41,NUM42,NUM44,NUM45,NUM48,NUM7,NUM8,NUM9,Unnamed: 0,synthetic_target_1"
drive_diagnosis_synthetic_target_1_base,classification,23.152087926864624,0.6813365236711674,0.681578767795225,0.6825657107122886,0.6813533942330344,0.9636769196309338,-0.2580315195702282,-0.25767459958195593,39,"NUM10,NUM11,NUM12,NUM13,NUM14,NUM15,NUM16,NUM17,NUM18,NUM19,NUM20,NUM21,NUM22,NUM23,NUM24,NUM26,NUM27,NUM29,NUM30,NUM31,NUM32,NUM33,NUM34,NUM35,NUM36,NUM37,NUM38,NUM39,NUM40,NUM41,NUM42,NUM44,NUM45,NUM48,NUM7,NUM8,NUM9,Unnamed: 0,synthetic_target_1,synthetic_target_2"
drive_diagnosis_synthetic_target_1_base,classification,23.152087926864624,0.6832165441804819,0.6836365880050908,0.6847536673079406,0.6832532477378573,0.964167106133105,-0.25431416703792553,-0.25380527489454985,40,"NUM10,NUM11,NUM12,NUM13,NUM14,NUM15,NUM16,NUM17,NUM18,NUM19,NUM20,NUM21,NUM22,NUM23,NUM24,NUM26,NUM27,NUM29,NUM30,NUM31,NUM32,NUM33,NUM34,NUM35,NUM36,NUM37,NUM38,NUM39,NUM40,NUM41,NUM42,NUM44,NUM45,NUM47,NUM48,NUM7,NUM8,NUM9,Unnamed: 0,synthetic_target_1,synthetic_target_2"
drive_diagnosis_synthetic_target_2_base,classification,24.90159320831299,0.15296530507605538,0.09843424721286934,0.08170469686824476,0.15282130377340844,0.5969071200122911,-0.0006869264277795106,-0.0008276271937247837,1,"NUM38,synthetic_target_2"
drive_diagnosis_synthetic_target_2_base,classification,24.90159320831299,0.16552726029738507,0.15662172681448083,0.16203366767932129,0.16540314910475515,0.6246758649527698,-0.06403242094687328,-0.06735940410385396,2,"NUM38,NUM41,synthetic_target_2"
drive_diagnosis_synthetic_target_2_base,classification,24.90159320831299,0.21808237908049907,0.20509378291738445,0.2017782465224159,0.21799395872409633,0.7272308267063123,-0.29417006179372907,-0.30367217475815356,3,"NUM38,NUM41,NUM44,synthetic_target_2"
drive_diagnosis_synthetic_target_2_base,classification,24.90159320831299,0.2220987865322167,0.2083890024280641,0.20431675064915983,0.2220506608237968,0.7301428517623981,-0.027180167470389732,-0.028322669226974823,4,"NUM38,NUM41,NUM43,NUM44,synthetic_target_2"
drive_diagnosis_synthetic_target_2_base,classification,24.90159320831299,0.22406426251922748,0.2086945572679605,0.20564755103898766,0.22400152418105657,0.7304107823363822,-0.1240033342077578,-0.1278886194226137,5,"NUM38,NUM41,NUM43,NUM44,NUM45,synthetic_target_2"
drive_diagnosis_synthetic_target_2_base,classification,24.90159320831299,0.23013160143565203,0.2126728420793538,0.20978729658967235,0.2300606990956745,0.7408257451184365,-0.032115498357114025,-0.03220809587549539,6,"NUM38,NUM41,NUM42,NUM43,NUM44,NUM45,synthetic_target_2"
drive_diagnosis_synthetic_target_2_base,classification,24.90159320831299,0.24320628952315843,0.22986959408866367,0.22559379102854482,0.24313664310966737,0.749359995127053,-0.34318036204605135,-0.3520943043272394,7,"NUM38,NUM41,NUM42,NUM43,NUM44,NUM45,NUM48,synthetic_target_2"
drive_diagnosis_synthetic_target_2_base,classification,24.90159320831299,0.25722098786532216,0.2384837026812585,0.23286867527585245,0.25711759424140507,0.7664875673827743,-0.40552176428713366,-0.42101649317736023,8,"NUM38,NUM39,NUM41,NUM42,NUM43,NUM44,NUM45,NUM48,synthetic_target_2"
drive_diagnosis_synthetic_target_2_base,classification,24.90159320831299,0.26260468296017775,0.24440871502297445,0.23979676257782223,0.2624989815157623,0.7676455754538491,-0.4459859124635836,-0.4618951477146248,9,"NUM38,NUM39,NUM41,NUM42,NUM43,NUM44,NUM45,NUM46,NUM48,synthetic_target_2"
drive_diagnosis_synthetic_target_2_base,classification,24.90159320831299,0.26687745684498376,0.2436647366266701,0.23986623266329551,0.2667710232421017,0.7710127992485117,-0.13235770028963284,-0.13832432574846315,10,"NUM38,NUM39,NUM41,NUM42,NUM43,NUM44,NUM45,NUM46,NUM47,NUM48,synthetic_target_2"
drive_diagnosis_synthetic_target_2_base,classification,24.90159320831299,0.3085797299606905,0.29269002358208324,0.28775460522344404,0.30844832041597764,0.8112095103986772,-0.41302173990492785,-0.42664352938954614,11,"NUM36,NUM38,NUM39,NUM41,NUM42,NUM43,NUM44,NUM45,NUM46,NUM47,NUM48,synthetic_target_2"
drive_diagnosis_synthetic_target_2_base,classification,24.90159320831299,0.33746368142197913,0.32468675658612106,0.319266668123317,0.33735104969006396,0.8352291884947607,-0.17181911815928008,-0.17550064441103203,12,"NUM26,NUM36,NUM38,NUM39,NUM41,NUM42,NUM43,NUM44,NUM45,NUM46,NUM47,NUM48,synthetic_target_2"
drive_diagnosis_synthetic_target_2_base,classification,24.90159320831299,0.33361818492565376,0.3186514485919594,0.3132366949689385,0.3334832416420075,0.8309841310019824,-0.2947493669362472,-0.30481933497121216,13,"NUM26,NUM34,NUM36,NUM38,NUM39,NUM41,NUM42,NUM43,NUM44,NUM45,NUM46,NUM47,NUM48,synthetic_target_2"
drive_diagnosis_synthetic_target_2_base,classification,24.90159320831299,0.33396000683643823,0.32001069500928586,0.314685585373696,0.3338384044895981,0.8330146070824574,-0.23198098489556762,-0.23864348580710787,14,"NUM26,NUM34,NUM35,NUM36,NUM38,NUM39,NUM41,NUM42,NUM43,NUM44,NUM45,NUM46,NUM47,NUM48,synthetic_target_2"
drive_diagnosis_synthetic_target_2_base,classification,24.90159320831299,0.5687916595453768,0.5669773991810977,0.5661864072493189,0.5686539859960306,0.9406207305479529,-0.28928512384172345,-0.2905453215834488,15,"NUM26,NUM27,NUM34,NUM35,NUM36,NUM38,NUM39,NUM41,NUM42,NUM43,NUM44,NUM45,NUM46,NUM47,NUM48,synthetic_target_2"
drive_diagnosis_synthetic_target_2_base,classification,24.90159320831299,0.574517176551017,0.572415636875147,0.5712572799459888,0.5743790708749997,0.9408301390868741,-0.3494471877534674,-0.35132133652541553,16,"NUM26,NUM27,NUM34,NUM35,NUM36,NUM38,NUM39,NUM41,NUM42,NUM43,NUM44,NUM45,NUM46,NUM47,NUM48,Unnamed: 0,synthetic_target_2"
drive_diagnosis_synthetic_target_2_base,classification,24.90159320831299,0.5952828576311742,0.5945844707337475,0.594664694472295,0.5951733527651537,0.945791243834686,-0.3982864802883678,-0.3989795063128453,17,"NUM26,NUM27,NUM30,NUM34,NUM35,NUM36,NUM38,NUM39,NUM41,NUM42,NUM43,NUM44,NUM45,NUM46,NUM47,NUM48,Unnamed: 0,synthetic_target_2"
drive_diagnosis_synthetic_target_2_base,classification,24.90159320831299,0.5779353956588618,0.5757225710005299,0.5747606102914988,0.5778021017492302,0.9414208020976964,-0.3540405908388843,-0.35606240758971075,18,"NUM26,NUM27,NUM29,NUM30,NUM34,NUM35,NUM36,NUM38,NUM39,NUM41,NUM42,NUM43,NUM44,NUM45,NUM46,NUM47,NUM48,Unnamed: 0,synthetic_target_2"
drive_diagnosis_synthetic_target_2_base,classification,24.90159320831299,0.6003247308152453,0.5995695770812685,0.5994909519196595,0.6002330914879315,0.9471636489544075,-0.39535967536331773,-0.39611292410908794,19,"NUM26,NUM27,NUM28,NUM29,NUM30,NUM34,NUM35,NUM36,NUM38,NUM39,NUM41,NUM42,NUM43,NUM44,NUM45,NUM46,NUM47,NUM48,Unnamed: 0,synthetic_target_2"
drive_diagnosis_synthetic_target_2_base,classification,24.90159320831299,0.5896427961032302,0.5880502565340292,0.5873832664019861,0.5895410163794752,0.9442035155235078,-0.37914392383182227,-0.38065670767823445,20,"NUM25,NUM26,NUM27,NUM28,NUM29,NUM30,NUM34,NUM35,NUM36,NUM38,NUM39,NUM41,NUM42,NUM43,NUM44,NUM45,NUM46,NUM47,NUM48,Unnamed: 0,synthetic_target_2"
drive_diagnosis_synthetic_target_2_base,classification,24.90159320831299,0.5822936250213638,0.5802667616340726,0.5791966244547739,0.5821703639249173,0.9418637921155395,-0.3771568845178076,-0.379062271968589,21,"NUM25,NUM26,NUM27,NUM28,NUM29,NUM3,NUM30,NUM34,NUM35,NUM36,NUM38,NUM39,NUM41,NUM42,NUM43,NUM44,NUM45,NUM46,NUM47,NUM48,Unnamed: 0,synthetic_target_2"
drive_diagnosis_synthetic_target_2_base,classification,24.90159320831299,0.5910955392240642,0.5890990025342041,0.5883121161776933,0.5909529450896941,0.9469016667383368,-0.40854126723650797,-0.410537538289799,22,"NUM17,NUM25,NUM26,NUM27,NUM28,NUM29,NUM3,NUM30,NUM34,NUM35,NUM36,NUM38,NUM39,NUM41,NUM42,NUM43,NUM44,NUM45,NUM46,NUM47,NUM48,Unnamed: 0,synthetic_target_2"
drive_diagnosis_synthetic_target_2_base,classification,24.90159320831299,0.5929755597333789,0.5918899172548847,0.5916481290135348,0.5928670776830609,0.9450489251586027,-0.39412038745400757,-0.3951869229364764,23,"NUM14,NUM17,NUM25,NUM26,NUM27,NUM28,NUM29,NUM3,NUM30,NUM34,NUM35,NUM36,NUM38,NUM39,NUM41,NUM42,NUM43,NUM44,NUM45,NUM46,NUM47,NUM48,Unnamed: 0,synthetic_target_2"
drive_diagnosis_synthetic_target_2_base,classification,24.90159320831299,0.5801572380789609,0.5778793115476927,0.5771183486342615,0.5800114188790286,0.9430026818968371,-0.4198427619210391,-0.4221206884523073,24,"NUM14,NUM17,NUM18,NUM25,NUM26,NUM27,NUM28,NUM29,NUM3,NUM30,NUM34,NUM35,NUM36,NUM38,NUM39,NUM41,NUM42,NUM43,NUM44,NUM45,NUM46,NUM47,NUM48,Unnamed: 0,synthetic_target_2"
drive_diagnosis_synthetic_target_2_base,classification,24.90159320831299,0.5740044436848402,0.5719105989607797,0.5710029157000225,0.5738944089492254,0.9401136498589043,-0.3710678745581577,-0.37296423529396394,25,"NUM14,NUM17,NUM18,NUM25,NUM26,NUM27,NUM28,NUM29,NUM3,NUM30,NUM34,NUM35,NUM36,NUM38,NUM39,NUM40,NUM41,NUM42,NUM43,NUM44,NUM45,NUM46,NUM47,NUM48,Unnamed: 0,synthetic_target_2"
drive_diagnosis_synthetic_target_2_base,classification,24.90159320831299,0.5850282003076397,0.5840294316459049,0.5840997262990448,0.584919783390836,0.9434935482637153,-0.3990553769350804,-0.4000222785554256,26,"NUM14,NUM17,NUM18,NUM25,NUM26,NUM27,NUM28,NUM29,NUM3,NUM30,NUM34,NUM35,NUM36,NUM37,NUM38,NUM39,NUM40,NUM41,NUM42,NUM43,NUM44,NUM45,NUM46,NUM47,NUM48,Unnamed: 0,synthetic_target_2"
drive_diagnosis_synthetic_target_2_base,classification,24.90159320831299,0.5883609639377884,0.5872830102062887,0.5872714923819369,0.5882481394218753,0.9451814152948486,-0.4074943568475643,-0.40856940332461833,27,"NUM14,NUM17,NUM18,NUM25,NUM26,NUM27,NUM28,NUM29,NUM3,NUM30,NUM33,NUM34,NUM35,NUM36,NUM37,NUM38,NUM39,NUM40,NUM41,NUM42,NUM43,NUM44,NUM45,NUM46,NUM47,NUM48,Unnamed: 0,synthetic_target_2"
drive_diagnosis_synthetic_target_2_base,classification,24.90159320831299,0.5770808408819005,0.5751163594186999,0.5744225390393701,0.5769440960755889,0.9410480488280121,-0.4227909731630073,-0.42475561471165624,28,"NUM14,NUM17,NUM18,NUM25,NUM26,NUM27,NUM28,NUM29,NUM3,NUM30,NUM32,NUM33,NUM34,NUM35,NUM36,NUM37,NUM38,NUM39,NUM40,NUM41,NUM42,NUM43,NUM44,NUM45,NUM46,NUM47,NUM48,Unnamed: 0,synthetic_target_2"
drive_diagnosis_synthetic_target_2_base,classification,24.90159320831299,0.5975901555289694,0.5956547163154083,0.5949303284004596,0.5974488735424947,0.945965188629411,-0.4023884801451819,-0.40432391779412036,29,"NUM14,NUM17,NUM18,NUM25,NUM26,NUM27,NUM28,NUM29,NUM3,NUM30,NUM32,NUM33,NUM34,NUM35,NUM36,NUM37,NUM38,NUM39,NUM40,NUM41,NUM42,NUM43,NUM44,NUM45,NUM46,NUM47,NUM48,Unnamed: 0,synthetic_target_1,synthetic_target_2"
drive_diagnosis_synthetic_target_2_base,classification,24.90159320831299,0.5910955392240642,0.5903018734396738,0.5905949280831542,0.590968954217128,0.9457753055149639,-0.40719531470803993,-0.4079882102471992,30,"NUM14,NUM17,NUM18,NUM2,NUM25,NUM26,NUM27,NUM28,NUM29,NUM3,NUM30,NUM32,NUM33,NUM34,NUM35,NUM36,NUM37,NUM38,NUM39,NUM40,NUM41,NUM42,NUM43,NUM44,NUM45,NUM46,NUM47,NUM48,Unnamed: 0,synthetic_target_1,synthetic_target_2"
drive_diagnosis_synthetic_target_2_base,classification,24.90159320831299,0.5840027345752863,0.5810766851378586,0.5795257495619783,0.5838609977996865,0.936408173548309,-0.4159972654247137,-0.4189233148621414,31,"NUM14,NUM17,NUM18,NUM2,NUM25,NUM26,NUM27,NUM28,NUM29,NUM3,NUM30,NUM31,NUM32,NUM33,NUM34,NUM35,NUM36,NUM37,NUM38,NUM39,NUM40,NUM41,NUM42,NUM43,NUM44,NUM45,NUM46,NUM47,NUM48,Unnamed: 0,synthetic_target_1,synthetic_target_2"
drive_diagnosis_synthetic_target_2_base,classification,24.90159320831299,0.5850282003076397,0.5819110314534576,0.5805195587273627,0.5848744658835551,0.942746050568834,-0.41031437665734416,-0.41343333386446746,32,"NUM14,NUM15,NUM17,NUM18,NUM2,NUM25,NUM26,NUM27,NUM28,NUM29,NUM3,NUM30,NUM31,NUM32,NUM33,NUM34,NUM35,NUM36,NUM37,NUM38,NUM39,NUM40,NUM41,NUM42,NUM43,NUM44,NUM45,NUM46,NUM47,NUM48,Unnamed: 0,synthetic_target_1,synthetic_target_2"
drive_diagnosis_synthetic_target_2_base,classification,24.90159320831299,0.5810117928559221,0.5782163603069708,0.576705859152213,0.5808730034792828,0.9391958206427611,-0.4165740383231751,-0.4193712913805695,33,"NUM14,NUM15,NUM17,NUM18,NUM2,NUM25,NUM26,NUM27,NUM28,NUM29,NUM3,NUM30,NUM31,NUM32,NUM33,NUM34,NUM35,NUM36,NUM37,NUM38,NUM39,NUM40,NUM41,NUM42,NUM43,NUM44,NUM45,NUM46,NUM47,NUM48,NUM6,Unnamed: 0,synthetic_target_1,synthetic_target_2"
drive_diagnosis_synthetic_target_2_base,classification,24.90159320831299,0.5907537173132797,0.589083835456864,0.5885936709340398,0.590646832690516,0.9442046625895645,-0.4064048273488434,-0.4080731078175429,34,"NUM14,NUM15,NUM17,NUM18,NUM2,NUM25,NUM26,NUM27,NUM28,NUM29,NUM3,NUM30,NUM31,NUM32,NUM33,NUM34,NUM35,NUM36,NUM37,NUM38,NUM39,NUM40,NUM41,NUM42,NUM43,NUM44,NUM45,NUM46,NUM47,NUM48,NUM5,NUM6,Unnamed: 0,synthetic_target_1,synthetic_target_2"
drive_diagnosis_synthetic_target_2_base,classification,24.90159320831299,0.5828063578875405,0.5800179326911642,0.5790034860195493,0.5826477839466051,0.9420143900881008,-0.4071524089635715,-0.4099380813613669,35,"NUM14,NUM15,NUM16,NUM17,NUM18,NUM2,NUM25,NUM26,NUM27,NUM28,NUM29,NUM3,NUM30,NUM31,NUM32,NUM33,NUM34,NUM35,NUM36,NUM37,NUM38,NUM39,NUM40,NUM41,NUM42,NUM43,NUM44,NUM45,NUM46,NUM47,NUM48,NUM5,NUM6,Unnamed: 0,synthetic_target_1,synthetic_target_2"
drive_diagnosis_synthetic_target_2_base,classification,24.90159320831299,0.5853700222184242,0.5837240897346283,0.5832084155126025,0.5852541371257595,0.9431023744271122,-0.4078147578358412,-0.4094528722797559,36,"NUM14,NUM15,NUM16,NUM17,NUM18,NUM2,NUM24,NUM25,NUM26,NUM27,NUM28,NUM29,NUM3,NUM30,NUM31,NUM32,NUM33,NUM34,NUM35,NUM36,NUM37,NUM38,NUM39,NUM40,NUM41,NUM42,NUM43,NUM44,NUM45,NUM46,NUM47,NUM48,NUM5,NUM6,Unnamed: 0,synthetic_target_1,synthetic_target_2"
drive_diagnosis_synthetic_target_2_base,classification,24.90159320831299,0.5938301145103401,0.5928843103999919,0.5927742549557239,0.5937015155239735,0.9447680316163541,-0.40574259897268594,-0.40668855461360043,37,"NUM14,NUM15,NUM16,NUM17,NUM18,NUM2,NUM22,NUM24,NUM25,NUM26,NUM27,NUM28,NUM29,NUM3,NUM30,NUM31,NUM32,NUM33,NUM34,NUM35,NUM36,NUM37,NUM38,NUM39,NUM40,NUM41,NUM42,NUM43,NUM44,NUM45,NUM46,NUM47,NUM48,NUM5,NUM6,Unnamed: 0,synthetic_target_1,synthetic_target_2"
drive_diagnosis_synthetic_target_2_base,classification,24.90159320831299,0.5854554776961203,0.5827623653941666,0.5815607970260424,0.5853098416625523,0.9413506222297702,-0.41298492651692476,-0.4156777058659872,38,"NUM14,NUM15,NUM16,NUM17,NUM18,NUM2,NUM22,NUM24,NUM25,NUM26,NUM27,NUM28,NUM29,NUM3,NUM30,NUM31,NUM32,NUM33,NUM34,NUM35,NUM36,NUM37,NUM38,NUM39,NUM4,NUM40,NUM41,NUM42,NUM43,NUM44,NUM45,NUM46,NUM47,NUM48,NUM5,NUM6,Unnamed: 0,synthetic_target_1,synthetic_target_2"
drive_diagnosis_synthetic_target_2_base,classification,24.90159320831299,0.581695436677491,0.5798560096182404,0.57934190493841,0.5815880189097316,0.9427118794205831,-0.410527948713583,-0.4123602912793831,39,"NUM1,NUM14,NUM15,NUM16,NUM17,NUM18,NUM2,NUM22,NUM24,NUM25,NUM26,NUM27,NUM28,NUM29,NUM3,NUM30,NUM31,NUM32,NUM33,NUM34,NUM35,NUM36,NUM37,NUM38,NUM39,NUM4,NUM40,NUM41,NUM42,NUM43,NUM44,NUM45,NUM46,NUM47,NUM48,NUM5,NUM6,Unnamed: 0,synthetic_target_1,synthetic_target_2"
drive_diagnosis_synthetic_target_2_base,classification,24.90159320831299,0.5836609126645018,0.5809634012560811,0.5799219479156,0.5835429706158355,0.942221460375168,-0.40441779351192475,-0.40710088204044326,40,"NUM1,NUM14,NUM15,NUM16,NUM17,NUM18,NUM2,NUM21,NUM22,NUM24,NUM25,NUM26,NUM27,NUM28,NUM29,NUM3,NUM30,NUM31,NUM32,NUM33,NUM34,NUM35,NUM36,NUM37,NUM38,NUM39,NUM4,NUM40,NUM41,NUM42,NUM43,NUM44,NUM45,NUM46,NUM47,NUM48,NUM5,NUM6,Unnamed: 0,synthetic_target_1,synthetic_target_2"
covertype_synthetic_target_1_base,classification,6.665358066558838,0.29391518131530425,0.23951279603046322,0.20721878127419835,0.29393535716841157,0.7082421893282242,-0.002218332331118178,-0.00197043385600007,1,"Slope,synthetic_target_1"
covertype_synthetic_target_1_base,classification,6.665358066558838,0.34333128457283346,0.28602173681314014,0.30359106862816737,0.34337968501501176,0.7438628878430034,-0.0018863205415014517,-0.0024515086810739106,2,"Slope,Vertical_Distance_To_Hydrology,synthetic_target_1"
covertype_synthetic_target_1_base,classification,6.665358066558838,0.6238475722188076,0.6241956964200261,0.6256135440500709,0.6238830841925648,0.9249477246042144,-0.030781146738654952,-0.030667259675415504,3,"Aspect,Slope,Vertical_Distance_To_Hydrology,synthetic_target_1"
covertype_synthetic_target_1_base,classification,6.665358066558838,0.6247080516287646,0.6257584260327922,0.6277590539813442,0.6247356150158611,0.9251177168223615,-0.02869125990307697,-0.028283728417640597,4,"Aspect,Hillshade_Noon,Slope,Vertical_Distance_To_Hydrology,synthetic_target_1"
covertype_synthetic_target_1_base,classification,6.665358066558838,0.6168408113091579,0.6157760569017411,0.6160493753834538,0.6168755721107804,0.9215823611145855,-0.045932731843042696,-0.04580465613099027,5,"Aspect,Hillshade_3pm,Hillshade_Noon,Slope,Vertical_Distance_To_Hydrology,synthetic_target_1"
covertype_synthetic_target_1_base,classification,6.665358066558838,0.626060233558697,0.62659257339038,0.6277916830026583,0.626082478623891,0.9251643029309842,-0.0638832136997245,-0.06340932988442927,6,"Aspect,Hillshade_3pm,Hillshade_9am,Hillshade_Noon,Slope,Vertical_Distance_To_Hydrology,synthetic_target_1"
covertype_synthetic_target_1_base,classification,6.665358066558838,0.6678549477566073,0.6682889294197156,0.6694465279067957,0.6678916448824229,0.9391088207492263,-0.0880769430720133,-0.08760086815770085,7,"Aspect,Hillshade_3pm,Hillshade_9am,Hillshade_Noon,Slope,Soil_Type,Vertical_Distance_To_Hydrology,synthetic_target_1"
covertype_synthetic_target_1_base,classification,6.665358066558838,0.6721573448063921,0.6728479051590386,0.6739798304288589,0.6721811230579579,0.9400594009067439,-0.10064816293887469,-0.10012957895384578,8,"Aspect,Hillshade_3pm,Hillshade_9am,Hillshade_Noon,Slope,Soil_Type,Vertical_Distance_To_Hydrology,synthetic_target_1,synthetic_target_2"
covertype_synthetic_target_1_base,classification,6.665358066558838,0.667240319606638,0.667659394816943,0.6686451218007586,0.6672689990320314,0.9380696386630705,-0.13617743303658802,-0.1356679178834942,9,"Aspect,Hillshade_3pm,Hillshade_9am,Hillshade_Noon,Slope,Soil_Type,Unnamed: 0,Vertical_Distance_To_Hydrology,synthetic_target_1,synthetic_target_2"
covertype_synthetic_target_1_base,classification,6.665358066558838,0.6751075599262446,0.6758395003171385,0.6770595142138357,0.6751284433555357,0.9404275037181915,-0.1652846210425285,-0.16446195447180123,10,"Aspect,Hillshade_3pm,Hillshade_9am,Hillshade_Noon,Slope,Soil_Type,Unnamed: 0,Vertical_Distance_To_Hydrology,class,synthetic_target_1,synthetic_target_2"
covertype_synthetic_target_1_base,classification,6.665358066558838,0.7060848186846957,0.7064183810271832,0.7074601283390773,0.706106405868924,0.9477441591069963,-0.15871109968265118,-0.1582552337307246,11,"Aspect,Elevation,Hillshade_3pm,Hillshade_9am,Hillshade_Noon,Slope,Soil_Type,Unnamed: 0,Vertical_Distance_To_Hydrology,class,synthetic_target_1,synthetic_target_2"
covertype_synthetic_target_1_base,classification,6.665358066558838,0.7102642901044868,0.7106473700348684,0.7116046737435694,0.7102834401455949,0.94988763086769,-0.196853978889858,-0.19633923543819065,12,"Aspect,Elevation,Hillshade_3pm,Hillshade_9am,Hillshade_Noon,Horizontal_Distance_To_Fire_Points,Slope,Soil_Type,Unnamed: 0,Vertical_Distance_To_Hydrology,class,synthetic_target_1,synthetic_target_2"
covertype_synthetic_target_1_base,classification,6.665358066558838,0.8013521819299324,0.8016620473651512,0.8022343660180101,0.8013714052368662,0.9708057966414525,-0.12340808362207156,-0.12306890822927663,13,"Aspect,Elevation,Hillshade_3pm,Hillshade_9am,Hillshade_Noon,Horizontal_Distance_To_Fire_Points,Horizontal_Distance_To_Hydrology,Slope,Soil_Type,Unnamed: 0,Vertical_Distance_To_Hydrology,class,synthetic_target_1,synthetic_target_2"
covertype_synthetic_target_1_base,classification,6.665358066558838,0.8044253226797787,0.8047041150694838,0.8054354035631981,0.8044489424343414,0.971479753322949,-0.13687047274682562,-0.13653859529369694,14,"Aspect,Elevation,Hillshade_3pm,Hillshade_9am,Hillshade_Noon,Horizontal_Distance_To_Fire_Points,Horizontal_Distance_To_Hydrology,Horizontal_Distance_To_Roadways,Slope,Soil_Type,Unnamed: 0,Vertical_Distance_To_Hydrology,class,synthetic_target_1,synthetic_target_2"
covertype_synthetic_target_1_base,classification,6.665358066558838,0.7993853718500308,0.7997344554737815,0.8004557195234382,0.7994104818218689,0.9700950836562596,-0.13647029571820135,-0.13608182857816897,15,"Aspect,Elevation,Hillshade_3pm,Hillshade_9am,Hillshade_Noon,Horizontal_Distance_To_Fire_Points,Horizontal_Distance_To_Hydrology,Horizontal_Distance_To_Roadways,Slope,Soil_Type,Unnamed: 0,Vertical_Distance_To_Hydrology,Wilderness_Area,class,synthetic_target_1,synthetic_target_2"
covertype_synthetic_target_2_base,classification,6.5925915241241455,0.3295636140135218,0.32653214961291177,0.32790052151769344,0.32906531877867107,0.758069321915038,-0.013717674405460234,-0.014274855963139321,1,"Hillshade_3pm,synthetic_target_2"
covertype_synthetic_target_2_base,classification,6.5925915241241455,0.3564843269821758,0.35233324961007645,0.3602167766157548,0.3562408711361588,0.7800214343222799,-0.038831630726208766,-0.03918587732670853,2,"Aspect,Hillshade_3pm,synthetic_target_2"
covertype_synthetic_target_2_base,classification,6.5925915241241455,0.501659496004917,0.5014367835484647,0.5039747717584993,0.5011691707183371,0.8694826560699357,-0.05311060480649188,-0.05424711680419636,3,"Aspect,Hillshade_3pm,Wilderness_Area,synthetic_target_2"
covertype_synthetic_target_2_base,classification,6.5925915241241455,0.5572218807621389,0.5553087788704935,0.5551856361689202,0.5567527369753037,0.9008634872716499,-0.21085040839448765,-0.21250633485006254,4,"Aspect,Hillshade_3pm,Soil_Type,Wilderness_Area,synthetic_target_2"
covertype_synthetic_target_2_base,classification,6.5925915241241455,0.8303626306084819,0.8303066350026972,0.8305983151015789,0.8302060721931129,0.9748301247589582,-0.10140525726956084,-0.10143409197407549,5,"Aspect,Hillshade_3pm,Horizontal_Distance_To_Fire_Points,Soil_Type,Wilderness_Area,synthetic_target_2"
covertype_synthetic_target_2_base,classification,6.5925915241241455,0.8555623847572219,0.8554754141879409,0.8557238732934167,0.855481103660086,0.9786524714952022,-0.08551826436989884,-0.08557000424864769,6,"Aspect,Hillshade_3pm,Hillshade_9am,Horizontal_Distance_To_Fire_Points,Soil_Type,Wilderness_Area,synthetic_target_2"
covertype_synthetic_target_2_base,classification,6.5925915241241455,0.8500307314074985,0.8498968900561092,0.8501063624744322,0.8499413447513154,0.9778018085528118,-0.10724736055217687,-0.10733871366688452,7,"Aspect,Hillshade_3pm,Hillshade_9am,Horizontal_Distance_To_Fire_Points,Soil_Type,Unnamed: 0,Wilderness_Area,synthetic_target_2"
covertype_synthetic_target_2_base,classification,6.5925915241241455,0.8476951444376153,0.8476145059732841,0.8479513036255325,0.8476214381576196,0.9773338835298284,-0.11769703653115782,-0.11774468899868507,8,"Aspect,Hillshade_3pm,Hillshade_9am,Horizontal_Distance_To_Fire_Points,Horizontal_Distance_To_Roadways,Soil_Type,Unnamed: 0,Wilderness_Area,synthetic_target_2"
covertype_synthetic_target_2_base,classification,6.5925915241241455,0.8464658881376768,0.8463152427302416,0.8465515635014788,0.8463978471905477,0.9775471477041996,-0.11493071869782856,-0.11504147607002346,9,"Aspect,Hillshade_3pm,Hillshade_9am,Horizontal_Distance_To_Fire_Points,Horizontal_Distance_To_Roadways,Soil_Type,Unnamed: 0,Wilderness_Area,synthetic_target_1,synthetic_target_2"
covertype_synthetic_target_2_base,classification,6.5925915241241455,0.844499078057775,0.844426008636382,0.8447442153132643,0.8444196391069358,0.9771944566885311,-0.11674385284952771,-0.11677876574947632,10,"Aspect,Hillshade_3pm,Hillshade_9am,Hillshade_Noon,Horizontal_Distance_To_Fire_Points,Horizontal_Distance_To_Roadways,Soil_Type,Unnamed: 0,Wilderness_Area,synthetic_target_1,synthetic_target_2"
covertype_synthetic_target_2_base,classification,6.5925915241241455,0.8440073755377996,0.8438739075803559,0.8440967461529109,0.8439347430980101,0.9773302984946997,-0.11966363503510424,-0.11971698822292876,11,"Aspect,Elevation,Hillshade_3pm,Hillshade_9am,Hillshade_Noon,Horizontal_Distance_To_Fire_Points,Horizontal_Distance_To_Roadways,Soil_Type,Unnamed: 0,Wilderness_Area,synthetic_target_1,synthetic_target_2"
covertype_synthetic_target_2_base,classification,6.5925915241241455,0.8447449293177628,0.8447112144392036,0.8453411195321793,0.8447174804320301,0.9769950604912153,-0.11975593126743511,-0.11971445577171369,12,"Aspect,Elevation,Hillshade_3pm,Hillshade_9am,Hillshade_Noon,Horizontal_Distance_To_Fire_Points,Horizontal_Distance_To_Roadways,Slope,Soil_Type,Unnamed: 0,Wilderness_Area,synthetic_target_1,synthetic_target_2"
covertype_synthetic_target_2_base,classification,6.5925915241241455,0.8392132759680393,0.8391775879448399,0.8395427515341625,0.839143593107165,0.9763729856472809,-0.12107686418440722,-0.12106717325241612,13,"Aspect,Elevation,Hillshade_3pm,Hillshade_9am,Hillshade_Noon,Horizontal_Distance_To_Fire_Points,Horizontal_Distance_To_Roadways,Slope,Soil_Type,Unnamed: 0,Vertical_Distance_To_Hydrology,Wilderness_Area,synthetic_target_1,synthetic_target_2"
covertype_synthetic_target_2_base,classification,6.5925915241241455,0.8365089121081746,0.8364451787675385,0.8369759109471452,0.8364489035389004,0.9756606372620004,-0.11585155014901749,-0.11586623646582339,14,"Aspect,Elevation,Hillshade_3pm,Hillshade_9am,Hillshade_Noon,Horizontal_Distance_To_Fire_Points,Horizontal_Distance_To_Hydrology,Horizontal_Distance_To_Roadways,Slope,Soil_Type,Unnamed: 0,Vertical_Distance_To_Hydrology,Wilderness_Area,synthetic_target_1,synthetic_target_2"
covertype_synthetic_target_2_base,classification,6.5925915241241455,0.83700061462815,0.8369400111351724,0.8372875983535881,0.8369147731421033,0.9755364262777022,-0.13306331455798226,-0.13308925999299126,15,"Aspect,Elevation,Hillshade_3pm,Hillshade_9am,Hillshade_Noon,Horizontal_Distance_To_Fire_Points,Horizontal_Distance_To_Hydrology,Horizontal_Distance_To_Roadways,Slope,Soil_Type,Unnamed: 0,Vertical_Distance_To_Hydrology,Wilderness_Area,class,synthetic_target_1,synthetic_target_2"
default_payment_synthetic_target_1_base,classification,8.309808492660522,0.8593333333333333,0.8587487256981701,0.8600790712900708,0.8581604323532905,0.9186550599426306,0.007208333333333261,0.007172243619266938,1,"LIMIT_BAL,synthetic_target_1"
default_payment_synthetic_target_1_base,classification,8.309808492660522,0.8843333333333333,0.8837473034902276,0.885918001565134,0.8829165256106672,0.9581785335348879,-0.003958333333333397,-0.004017084754040945,2,"BILL_AMT3,LIMIT_BAL,synthetic_target_1"
default_payment_synthetic_target_1_base,classification,8.309808492660522,0.8896666666666667,0.8892409087197856,0.8904323557392994,0.8886537986487346,0.9603316946902867,-0.0005416666666666625,-0.0005612904271883323,3,"BILL_AMT3,LIMIT_BAL,PAY_AMT1,synthetic_target_1"
default_payment_synthetic_target_1_base,classification,8.309808492660522,0.8993333333333333,0.8990976141486082,0.8992977941704916,0.8989368505881047,0.967291855058295,-0.0032083333333333686,-0.00325104039542512,4,"BILL_AMT2,BILL_AMT3,LIMIT_BAL,PAY_AMT1,synthetic_target_1"
default_payment_synthetic_target_1_base,classification,8.309808492660522,0.9066666666666666,0.90641360906558,0.9068302963710457,0.906123776681292,0.9710075511761929,-0.004291666666666694,-0.004354882840040264,5,"BILL_AMT2,BILL_AMT3,LIMIT_BAL,PAY_AMT1,PAY_AMT2,synthetic_target_1"
default_payment_synthetic_target_1_base,classification,8.309808492660522,0.9093333333333333,0.9091210299616604,0.9093259632975695,0.9089559547933566,0.972484367136047,-0.011750000000000038,-0.011806891594384639,6,"BILL_AMT2,BILL_AMT3,LIMIT_BAL,PAY_AMT1,PAY_AMT2,PAY_AMT4,synthetic_target_1"
default_payment_synthetic_target_1_base,classification,8.309808492660522,0.9095,0.9092895492344892,0.9094859340954176,0.909130231544838,0.9736429652140041,-0.007708333333333317,-0.0077785241821987094,7,"BILL_AMT2,BILL_AMT3,BILL_AMT4,LIMIT_BAL,PAY_AMT1,PAY_AMT2,PAY_AMT4,synthetic_target_1"
default_payment_synthetic_target_1_base,classification,8.309808492660522,0.912,0.9117583256632527,0.9122019701977726,0.9114527155613052,0.9749150574779311,-0.02066666666666661,-0.02078554085998252,8,"BILL_AMT1,BILL_AMT2,BILL_AMT3,BILL_AMT4,LIMIT_BAL,PAY_AMT1,PAY_AMT2,PAY_AMT4,synthetic_target_1"
default_payment_synthetic_target_1_base,classification,8.309808492660522,0.9193333333333333,0.9191146192638227,0.9195432395634822,0.9188146420079443,0.9790240590975748,-0.03629166666666661,-0.036406293416978874,9,"BILL_AMT1,BILL_AMT2,BILL_AMT3,BILL_AMT4,LIMIT_BAL,PAY_3,PAY_AMT1,PAY_AMT2,PAY_AMT4,synthetic_target_1"
default_payment_synthetic_target_1_base,classification,8.309808492660522,0.9143333333333333,0.9140702354899066,0.9147322329939096,0.9136592562774419,0.9773202547657819,-0.006624999999999992,-0.006674133921785286,10,"BILL_AMT1,BILL_AMT2,BILL_AMT3,BILL_AMT4,LIMIT_BAL,PAY_3,PAY_AMT1,PAY_AMT2,PAY_AMT3,PAY_AMT4,synthetic_target_1"
default_payment_synthetic_target_1_base,classification,8.309808492660522,0.9216666666666666,0.9214515398896377,0.9219047408741259,0.921137849626382,0.9803383429225438,-0.014708333333333323,-0.014792675633785501,11,"BILL_AMT1,BILL_AMT2,BILL_AMT3,BILL_AMT4,LIMIT_BAL,PAY_3,PAY_4,PAY_AMT1,PAY_AMT2,PAY_AMT3,PAY_AMT4,synthetic_target_1"
default_payment_synthetic_target_1_base,classification,8.309808492660522,0.919,0.9187359731768516,0.9195397588448369,0.9182619214259545,0.9793888658140261,-0.0063749999999999085,-0.006438316077380879,12,"BILL_AMT1,BILL_AMT2,BILL_AMT3,BILL_AMT4,LIMIT_BAL,PAY_2,PAY_3,PAY_4,PAY_AMT1,PAY_AMT2,PAY_AMT3,PAY_AMT4,synthetic_target_1"
default_payment_synthetic_target_1_base,classification,8.309808492660522,0.918,0.9177295679486883,0.9185597932511123,0.9172454276426416,0.9787938423476141,-0.0038333333333332442,-0.0038884102353862193,13,"BILL_AMT1,BILL_AMT2,BILL_AMT3,BILL_AMT4,BILL_AMT6,LIMIT_BAL,PAY_2,PAY_3,PAY_4,PAY_AMT1,PAY_AMT2,PAY_AMT3,PAY_AMT4,synthetic_target_1"
default_payment_synthetic_target_1_base,classification,8.309808492660522,0.9191666666666667,0.9189707898050774,0.9192259445560867,0.9187716155215517,0.9801036175756908,-0.005708333333333315,-0.005743459301529308,14,"BILL_AMT1,BILL_AMT2,BILL_AMT3,BILL_AMT4,BILL_AMT6,LIMIT_BAL,PAY_2,PAY_3,PAY_4,PAY_5,PAY_AMT1,PAY_AMT2,PAY_AMT3,PAY_AMT4,synthetic_target_1"
default_payment_synthetic_target_1_base,classification,8.309808492660522,0.9178333333333333,0.9176062355199853,0.9180668969849246,0.9172899013329749,0.9803003816499438,-0.01345833333333335,-0.013523709790776883,15,"BILL_AMT1,BILL_AMT2,BILL_AMT3,BILL_AMT4,BILL_AMT6,LIMIT_BAL,PAY_2,PAY_3,PAY_4,PAY_5,PAY_AMT1,PAY_AMT2,PAY_AMT3,PAY_AMT4,PAY_AMT6,synthetic_target_1"
default_payment_synthetic_target_1_base,classification,8.309808492660522,0.9588333333333333,0.9587454048936691,0.9588575564080437,0.9586453124674728,0.9945360258599759,-0.014541666666666675,-0.014583383481551748,16,"AGE,BILL_AMT1,BILL_AMT2,BILL_AMT3,BILL_AMT4,BILL_AMT6,LIMIT_BAL,PAY_2,PAY_3,PAY_4,PAY_5,PAY_AMT1,PAY_AMT2,PAY_AMT3,PAY_AMT4,PAY_AMT6,synthetic_target_1"
default_payment_synthetic_target_1_base,classification,8.309808492660522,0.9586666666666667,0.958576455391742,0.9587138228423248,0.9584564523532038,0.9944510861209913,-0.00954166666666667,-0.00957423727529716,17,"AGE,BILL_AMT1,BILL_AMT2,BILL_AMT3,BILL_AMT4,BILL_AMT5,BILL_AMT6,LIMIT_BAL,PAY_2,PAY_3,PAY_4,PAY_5,PAY_AMT1,PAY_AMT2,PAY_AMT3,PAY_AMT4,PAY_AMT6,synthetic_target_1"
default_payment_synthetic_target_1_base,classification,8.309808492660522,0.961,0.9609160955424417,0.9610371167840652,0.9608088266972168,0.9949637859478501,-0.008416666666666739,-0.00844281245301104,18,"AGE,BILL_AMT1,BILL_AMT2,BILL_AMT3,BILL_AMT4,BILL_AMT5,BILL_AMT6,LIMIT_BAL,PAY_2,PAY_3,PAY_4,PAY_5,PAY_AMT1,PAY_AMT2,PAY_AMT3,PAY_AMT4,PAY_AMT5,PAY_AMT6,synthetic_target_1"
default_payment_synthetic_target_1_base,classification,8.309808492660522,0.9715,0.9714434508936322,0.9714791642914149,0.9714090946080632,0.9973315785800012,-0.015499999999999958,-0.015534030911555141,19,"AGE,BILL_AMT1,BILL_AMT2,BILL_AMT3,BILL_AMT4,BILL_AMT5,BILL_AMT6,EDUCATION,LIMIT_BAL,PAY_2,PAY_3,PAY_4,PAY_5,PAY_AMT1,PAY_AMT2,PAY_AMT3,PAY_AMT4,PAY_AMT5,PAY_AMT6,synthetic_target_1"
default_payment_synthetic_target_1_base,classification,8.309808492660522,0.9733333333333334,0.9732808182660342,0.9733092846347187,0.9732532220604199,0.9979184754396689,-0.025708333333333333,-0.025759042002743482,20,"AGE,BILL_AMT1,BILL_AMT2,BILL_AMT3,BILL_AMT4,BILL_AMT5,BILL_AMT6,EDUCATION,LIMIT_BAL,PAY_0,PAY_2,PAY_3,PAY_4,PAY_5,PAY_AMT1,PAY_AMT2,PAY_AMT3,PAY_AMT4,PAY_AMT5,PAY_AMT6,synthetic_target_1"
default_payment_synthetic_target_1_base,classification,8.309808492660522,0.976,0.9759541499073956,0.9759541499073956,0.9759541499073956,0.9984206552071121,-0.02112500000000006,-0.021165493304061256,21,"AGE,BILL_AMT1,BILL_AMT2,BILL_AMT3,BILL_AMT4,BILL_AMT5,BILL_AMT6,EDUCATION,LIMIT_BAL,PAY_0,PAY_2,PAY_3,PAY_4,PAY_5,PAY_6,PAY_AMT1,PAY_AMT2,PAY_AMT3,PAY_AMT4,PAY_AMT5,PAY_AMT6,synthetic_target_1"
default_payment_synthetic_target_1_base,classification,8.309808492660522,0.9751666666666666,0.9751195867046085,0.9751127116474269,0.9751265162383518,0.998443587823404,-0.020875000000000088,-0.020914733202327618,22,"AGE,BILL_AMT1,BILL_AMT2,BILL_AMT3,BILL_AMT4,BILL_AMT5,BILL_AMT6,EDUCATION,LIMIT_BAL,PAY_0,PAY_2,PAY_3,PAY_4,PAY_5,PAY_6,PAY_AMT1,PAY_AMT2,PAY_AMT3,PAY_AMT4,PAY_AMT5,PAY_AMT6,synthetic_target_1,synthetic_target_2"
default_payment_synthetic_target_1_base,classification,8.309808492660522,0.9785,0.9784586112133059,0.9784656428178287,0.9784516342773149,0.9986162503858746,-0.020499999999999963,-0.0205394929492958,23,"AGE,BILL_AMT1,BILL_AMT2,BILL_AMT3,BILL_AMT4,BILL_AMT5,BILL_AMT6,EDUCATION,LIMIT_BAL,PAY_0,PAY_2,PAY_3,PAY_4,PAY_5,PAY_6,PAY_AMT1,PAY_AMT2,PAY_AMT3,PAY_AMT4,PAY_AMT5,PAY_AMT6,Unnamed: 0,synthetic_target_1,synthetic_target_2"
default_payment_synthetic_target_1_base,classification,8.309808492660522,0.9788333333333333,0.9787894221345073,0.9788727767411343,0.9787126876035516,0.9986375131514659,-0.021041666666666625,-0.02108533677443558,24,"AGE,BILL_AMT1,BILL_AMT2,BILL_AMT3,BILL_AMT4,BILL_AMT5,BILL_AMT6,EDUCATION,LIMIT_BAL,MARRIAGE,PAY_0,PAY_2,PAY_3,PAY_4,PAY_5,PAY_6,PAY_AMT1,PAY_AMT2,PAY_AMT3,PAY_AMT4,PAY_AMT5,PAY_AMT6,Unnamed: 0,synthetic_target_1,synthetic_target_2"
default_payment_synthetic_target_1_base,classification,8.309808492660522,0.9861666666666666,0.9861388052802468,0.9861911137299859,0.9860891974129782,0.999380151419835,-0.012958333333333405,-0.012984519904052028,25,"AGE,BILL_AMT1,BILL_AMT2,BILL_AMT3,BILL_AMT4,BILL_AMT5,BILL_AMT6,EDUCATION,LIMIT_BAL,MARRIAGE,PAY_0,PAY_2,PAY_3,PAY_4,PAY_5,PAY_6,PAY_AMT1,PAY_AMT2,PAY_AMT3,PAY_AMT4,PAY_AMT5,PAY_AMT6,SEX,Unnamed: 0,synthetic_target_1,synthetic_target_2"
default_payment_synthetic_target_1_base,classification,8.309808492660522,0.9866666666666667,0.9866388026318442,0.9867318532964511,0.9865536942162717,0.9994030840361271,-0.013041666666666618,-0.013068970294687787,26,"AGE,BILL_AMT1,BILL_AMT2,BILL_AMT3,BILL_AMT4,BILL_AMT5,BILL_AMT6,EDUCATION,LIMIT_BAL,MARRIAGE,PAY_0,PAY_2,PAY_3,PAY_4,PAY_5,PAY_6,PAY_AMT1,PAY_AMT2,PAY_AMT3,PAY_AMT4,PAY_AMT5,PAY_AMT6,SEX,Unnamed: 0,default,synthetic_target_1,synthetic_target_2"
default_payment_synthetic_target_2_base,classification,14.268792390823364,0.8116666666666666,0.8091573831210007,0.8189914328303101,0.8082921739130435,0.8718203547826087,-0.0007500000000000284,-0.0006783262522064293,1,"BILL_AMT5,synthetic_target_2"
default_payment_synthetic_target_2_base,classification,14.268792390823364,0.9205,0.9204654798089449,0.9205,0.9212313043478262,0.9589792278260868,-0.02429166666666671,-0.024293813405945608,2,"BILL_AMT3,BILL_AMT5,synthetic_target_2"
default_payment_synthetic_target_2_base,classification,14.268792390823364,0.9326666666666666,0.9325154713293204,0.9327781738904584,0.9323130434782608,0.977059784347826,-0.003875000000000073,-0.003865286258023959,3,"BILL_AMT3,BILL_AMT5,PAY_AMT5,synthetic_target_2"
default_payment_synthetic_target_2_base,classification,14.268792390823364,0.937,0.9368832972165534,0.9369351606730161,0.9368347826086956,0.9782505182608696,-0.0055833333333332735,-0.00558309866687412,4,"BILL_AMT3,BILL_AMT5,BILL_AMT6,PAY_AMT5,synthetic_target_2"
default_payment_synthetic_target_2_base,classification,14.268792390823364,0.938,0.9379039304808907,0.9378285539570339,0.9379895652173913,0.9815322713043478,-0.025833333333333375,-0.025872885629779296,5,"BILL_AMT2,BILL_AMT3,BILL_AMT5,BILL_AMT6,PAY_AMT5,synthetic_target_2"
default_payment_synthetic_target_2_base,classification,14.268792390823364,0.9451666666666667,0.9450529124586843,0.9452224614216644,0.9449113043478261,0.9869027617391305,-0.025374999999999925,-0.025417975335518594,6,"BILL_AMT1,BILL_AMT2,BILL_AMT3,BILL_AMT5,BILL_AMT6,PAY_AMT5,synthetic_target_2"
default_payment_synthetic_target_2_base,classification,14.268792390823364,0.9475,0.9473862358885501,0.9476100577922891,0.9472069565217391,0.98790912,-0.02241666666666664,-0.022451465041309238,7,"BILL_AMT1,BILL_AMT2,BILL_AMT3,BILL_AMT5,BILL_AMT6,PAY_AMT1,PAY_AMT5,synthetic_target_2"
default_payment_synthetic_target_2_base,classification,14.268792390823364,0.9485,0.9483700632249512,0.9488225251710777,0.9480556521739131,0.9886590886956522,-0.02241666666666664,-0.022470262604746605,8,"BILL_AMT1,BILL_AMT2,BILL_AMT3,BILL_AMT5,BILL_AMT6,PAY_AMT1,PAY_AMT4,PAY_AMT5,synthetic_target_2"
default_payment_synthetic_target_2_base,classification,14.268792390823364,0.9698333333333333,0.9697716666937126,0.9699324533528522,0.9696347826086957,0.9943726747826087,-0.023791666666666655,-0.02383998644150931,9,"BILL_AMT1,BILL_AMT2,BILL_AMT3,BILL_AMT5,BILL_AMT6,PAY_AMT1,PAY_AMT4,PAY_AMT5,PAY_AMT6,synthetic_target_2"
default_payment_synthetic_target_2_base,classification,14.268792390823364,0.9741666666666666,0.9741122844865081,0.9743107769423559,0.9739478260869565,0.9977942817391304,-0.020166666666666666,-0.020210305768234682,10,"BILL_AMT1,BILL_AMT2,BILL_AMT3,BILL_AMT5,BILL_AMT6,PAY_AMT1,PAY_AMT3,PAY_AMT4,PAY_AMT5,PAY_AMT6,synthetic_target_2"
default_payment_synthetic_target_2_base,classification,14.268792390823364,0.9743333333333334,0.9742804768555466,0.974451658431895,0.9741356521739131,0.9977001182608696,-0.01866666666666661,-0.01870589327503469,11,"BILL_AMT1,BILL_AMT2,BILL_AMT3,BILL_AMT4,BILL_AMT5,BILL_AMT6,PAY_AMT1,PAY_AMT3,PAY_AMT4,PAY_AMT5,PAY_AMT6,synthetic_target_2"
default_payment_synthetic_target_2_base,classification,14.268792390823364,0.9771666666666666,0.977122711133511,0.9772181268898322,0.9770365217391305,0.9981357634782609,-0.02129166666666671,-0.021332805058675408,12,"BILL_AMT1,BILL_AMT2,BILL_AMT3,BILL_AMT4,BILL_AMT5,BILL_AMT6,PAY_AMT1,PAY_AMT2,PAY_AMT3,PAY_AMT4,PAY_AMT5,PAY_AMT6,synthetic_target_2"
default_payment_synthetic_target_2_base,classification,14.268792390823364,0.9773333333333334,0.9772873401972327,0.9774417458562921,0.9771547826086957,0.9979230608695653,-0.019458333333333244,-0.019498325435520436,13,"BILL_AMT1,BILL_AMT2,BILL_AMT3,BILL_AMT4,BILL_AMT5,BILL_AMT6,LIMIT_BAL,PAY_AMT1,PAY_AMT2,PAY_AMT3,PAY_AMT4,PAY_AMT5,PAY_AMT6,synthetic_target_2"
default_payment_synthetic_target_2_base,classification,14.268792390823364,0.9723333333333334,0.9722755154610765,0.9724640749921,0.9721182608695652,0.9973213495652173,-0.02283333333333326,-0.022882023132210327,14,"BILL_AMT1,BILL_AMT2,BILL_AMT3,BILL_AMT4,BILL_AMT5,BILL_AMT6,LIMIT_BAL,PAY_6,PAY_AMT1,PAY_AMT2,PAY_AMT3,PAY_AMT4,PAY_AMT5,PAY_AMT6,synthetic_target_2"
default_payment_synthetic_target_2_base,classification,14.268792390823364,0.977,0.9769580534163527,0.9769998104162838,0.9769182608695652,0.9980531756521739,-0.020666666666666722,-0.020704274124383693,15,"BILL_AMT1,BILL_AMT2,BILL_AMT3,BILL_AMT4,BILL_AMT5,BILL_AMT6,LIMIT_BAL,PAY_5,PAY_6,PAY_AMT1,PAY_AMT2,PAY_AMT3,PAY_AMT4,PAY_AMT5,PAY_AMT6,synthetic_target_2"
default_payment_synthetic_target_2_base,classification,14.268792390823364,0.975,0.9749485164177403,0.9751199296176787,0.9748034782608695,0.9978782052173912,-0.022083333333333344,-0.02212937196644582,16,"BILL_AMT1,BILL_AMT2,BILL_AMT3,BILL_AMT4,BILL_AMT5,BILL_AMT6,LIMIT_BAL,PAY_4,PAY_5,PAY_6,PAY_AMT1,PAY_AMT2,PAY_AMT3,PAY_AMT4,PAY_AMT5,PAY_AMT6,synthetic_target_2"
default_payment_synthetic_target_2_base,classification,14.268792390823364,0.977,0.9769553856265731,0.9770588615849647,0.9768626086956522,0.9977167026086956,-0.018625000000000003,-0.01866133599669273,17,"BILL_AMT1,BILL_AMT2,BILL_AMT3,BILL_AMT4,BILL_AMT5,BILL_AMT6,LIMIT_BAL,PAY_3,PAY_4,PAY_5,PAY_6,PAY_AMT1,PAY_AMT2,PAY_AMT3,PAY_AMT4,PAY_AMT5,PAY_AMT6,synthetic_target_2"
default_payment_synthetic_target_2_base,classification,14.268792390823364,0.9781666666666666,0.9781252742168034,0.97820498660358,0.9780521739130434,0.997966135652174,-0.019500000000000073,-0.01953700272545489,18,"BILL_AMT1,BILL_AMT2,BILL_AMT3,BILL_AMT4,BILL_AMT5,BILL_AMT6,LIMIT_BAL,PAY_3,PAY_4,PAY_5,PAY_6,PAY_AMT1,PAY_AMT2,PAY_AMT3,PAY_AMT4,PAY_AMT5,PAY_AMT6,synthetic_target_1,synthetic_target_2"
default_payment_synthetic_target_2_base,classification,14.268792390823364,0.976,0.9759505757610307,0.9761223363963543,0.9758052173913043,0.9977916104347825,-0.021500000000000075,-0.021544757139700277,19,"BILL_AMT1,BILL_AMT2,BILL_AMT3,BILL_AMT4,BILL_AMT5,BILL_AMT6,LIMIT_BAL,PAY_3,PAY_4,PAY_5,PAY_6,PAY_AMT1,PAY_AMT2,PAY_AMT3,PAY_AMT4,PAY_AMT5,PAY_AMT6,Unnamed: 0,synthetic_target_1,synthetic_target_2"
default_payment_synthetic_target_2_base,classification,14.268792390823364,0.976,0.9759498447373194,0.976139808877432,0.9757913043478261,0.9976051756521739,-0.019458333333333355,-0.019499894852547106,20,"BILL_AMT1,BILL_AMT2,BILL_AMT3,BILL_AMT4,BILL_AMT5,BILL_AMT6,LIMIT_BAL,PAY_2,PAY_3,PAY_4,PAY_5,PAY_6,PAY_AMT1,PAY_AMT2,PAY_AMT3,PAY_AMT4,PAY_AMT5,PAY_AMT6,Unnamed: 0,synthetic_target_1,synthetic_target_2"
default_payment_synthetic_target_2_base,classification,14.268792390823364,0.971,0.9709445978047697,0.9710309199262328,0.9708660869565218,0.9971797704347827,-0.0279166666666667,-0.027970131586030123,21,"AGE,BILL_AMT1,BILL_AMT2,BILL_AMT3,BILL_AMT4,BILL_AMT5,BILL_AMT6,LIMIT_BAL,PAY_2,PAY_3,PAY_4,PAY_5,PAY_6,PAY_AMT1,PAY_AMT2,PAY_AMT3,PAY_AMT4,PAY_AMT5,PAY_AMT6,Unnamed: 0,synthetic_target_1,synthetic_target_2"
default_payment_synthetic_target_2_base,classification,14.268792390823364,0.9703333333333334,0.9702783780543558,0.9703341378404733,0.9702260869565218,0.9968767999999999,-0.029166666666666674,-0.029220738387046863,22,"AGE,BILL_AMT1,BILL_AMT2,BILL_AMT3,BILL_AMT4,BILL_AMT5,BILL_AMT6,LIMIT_BAL,PAY_0,PAY_2,PAY_3,PAY_4,PAY_5,PAY_6,PAY_AMT1,PAY_AMT2,PAY_AMT3,PAY_AMT4,PAY_AMT5,PAY_AMT6,Unnamed: 0,synthetic_target_1,synthetic_target_2"
default_payment_synthetic_target_2_base,classification,14.268792390823364,0.9743333333333334,0.9742796950663,0.9744690207477356,0.9741217391304348,0.9974395547826088,-0.022666666666666613,-0.02271472605750402,23,"AGE,BILL_AMT1,BILL_AMT2,BILL_AMT3,BILL_AMT4,BILL_AMT5,BILL_AMT6,LIMIT_BAL,MARRIAGE,PAY_0,PAY_2,PAY_3,PAY_4,PAY_5,PAY_6,PAY_AMT1,PAY_AMT2,PAY_AMT3,PAY_AMT4,PAY_AMT5,PAY_AMT6,Unnamed: 0,synthetic_target_1,synthetic_target_2"
default_payment_synthetic_target_2_base,classification,14.268792390823364,0.9745,0.9744501600691906,0.974561266758719,0.974351304347826,0.9975613217391304,-0.023041666666666627,-0.023086996819608352,24,"AGE,BILL_AMT1,BILL_AMT2,BILL_AMT3,BILL_AMT4,BILL_AMT5,BILL_AMT6,EDUCATION,LIMIT_BAL,MARRIAGE,PAY_0,PAY_2,PAY_3,PAY_4,PAY_5,PAY_6,PAY_AMT1,PAY_AMT2,PAY_AMT3,PAY_AMT4,PAY_AMT5,PAY_AMT6,Unnamed: 0,synthetic_target_1,synthetic_target_2"
default_payment_synthetic_target_2_base,classification,14.268792390823364,0.9711666666666666,0.9711068506241713,0.9712858940247464,0.9709565217391305,0.9961988452173914,-0.025416666666666754,-0.025469930454194767,25,"AGE,BILL_AMT1,BILL_AMT2,BILL_AMT3,BILL_AMT4,BILL_AMT5,BILL_AMT6,EDUCATION,LIMIT_BAL,MARRIAGE,PAY_0,PAY_2,PAY_3,PAY_4,PAY_5,PAY_6,PAY_AMT1,PAY_AMT2,PAY_AMT3,PAY_AMT4,PAY_AMT5,PAY_AMT6,SEX,Unnamed: 0,synthetic_target_1,synthetic_target_2"
default_payment_synthetic_target_2_base,classification,14.268792390823364,0.9725,0.9724454350728029,0.9725726616833537,0.9723339130434783,0.9974290921739131,-0.024708333333333332,-0.024757716861562473,26,"AGE,BILL_AMT1,BILL_AMT2,BILL_AMT3,BILL_AMT4,BILL_AMT5,BILL_AMT6,EDUCATION,LIMIT_BAL,MARRIAGE,PAY_0,PAY_2,PAY_3,PAY_4,PAY_5,PAY_6,PAY_AMT1,PAY_AMT2,PAY_AMT3,PAY_AMT4,PAY_AMT5,PAY_AMT6,SEX,Unnamed: 0,default,synthetic_target_1,synthetic_target_2"
dry_beans_synthetic_target_1_base,classification,6.75147271156311,0.49981637899375686,0.48998807871266764,0.4921352844684073,0.49960914781603716,0.8617885379872695,-0.03049221762637544,-0.03318276308879736,1,"ConvexArea,synthetic_target_1"
dry_beans_synthetic_target_1_base,classification,6.75147271156311,0.8655894234300404,0.8659246935410617,0.8671544149211398,0.8655140826950426,0.980655745166957,-0.017033647841083743,-0.01684530708129295,2,"ConvexArea,ShapeFactor2,synthetic_target_1"
dry_beans_synthetic_target_1_base,classification,6.75147271156311,0.8696290855673889,0.8700679268168586,0.8714078161194848,0.8695510269821757,0.981519423588327,-0.02208656468977488,-0.021815465172458803,3,"ConvexArea,ShapeFactor2,ShapeFactor3,synthetic_target_1"
dry_beans_synthetic_target_1_base,classification,6.75147271156311,0.8688946015424165,0.869337280671164,0.8707437045815386,0.8688193918689534,0.9810137856898986,-0.019055435195276416,-0.01879965394324512,4,"Compactness,ConvexArea,ShapeFactor2,ShapeFactor3,synthetic_target_1"
dry_beans_synthetic_target_1_base,classification,6.75147271156311,0.8608152772677194,0.8610856801384689,0.8618707505860084,0.8606810562902091,0.9806273322439338,-0.011153863070267334,-0.011083496945096138,5,"Compactness,ConvexArea,MajorAxisLength,ShapeFactor2,ShapeFactor3,synthetic_target_1"
dry_beans_synthetic_target_1_base,classification,6.75147271156311,0.9015791406536908,0.9015509606451934,0.9016971101788904,0.901515712502438,0.983992786198076,-0.03394620835439144,-0.03392763155509704,6,"Compactness,ConvexArea,MajorAxisLength,ShapeFactor2,ShapeFactor3,roundness,synthetic_target_1"
dry_beans_synthetic_target_1_base,classification,6.75147271156311,0.897172236503856,0.8972469152258725,0.8974809776826936,0.8971068370539937,0.9838802222399715,-0.03109741816183098,-0.03099622309500849,7,"Compactness,ConvexArea,Eccentricity,MajorAxisLength,ShapeFactor2,ShapeFactor3,roundness,synthetic_target_1"
dry_beans_synthetic_target_1_base,classification,6.75147271156311,0.8993756885787734,0.8994099425068777,0.8995939097214948,0.8993075079141419,0.9845462155911907,-0.02880212185473141,-0.028730138486642742,8,"Compactness,ConvexArea,Eccentricity,MajorAxisLength,ShapeFactor1,ShapeFactor2,ShapeFactor3,roundness,synthetic_target_1"
dry_beans_synthetic_target_1_base,classification,6.75147271156311,0.9034153507161219,0.9035119876066492,0.9038245669114667,0.9033758379003238,0.9849089969189412,-0.025680902039205034,-0.0255621864113853,9,"Compactness,ConvexArea,Eccentricity,MajorAxisLength,Perimeter,ShapeFactor1,ShapeFactor2,ShapeFactor3,roundness,synthetic_target_1"
dry_beans_synthetic_target_1_base,classification,6.75147271156311,0.9041498347410943,0.9042145603472311,0.9044649227110538,0.9041065260665782,0.9849617697570174,-0.0349574393220945,-0.034868111173135596,10,"Compactness,ConvexArea,Eccentricity,EquivDiameter,MajorAxisLength,Perimeter,ShapeFactor1,ShapeFactor2,ShapeFactor3,roundness,synthetic_target_1"
dry_beans_synthetic_target_1_base,classification,6.75147271156311,0.9052515607785531,0.9053764952943126,0.9057339484842168,0.9052308771871902,0.985070723484019,-0.02898796897897815,-0.028835650318972728,11,"Compactness,ConvexArea,Eccentricity,EquivDiameter,MajorAxisLength,Perimeter,ShapeFactor1,ShapeFactor2,ShapeFactor3,ShapeFactor4,roundness,synthetic_target_1"
dry_beans_synthetic_target_1_base,classification,6.75147271156311,0.9063532868160118,0.9064235337285458,0.9066728726975158,0.9063203858700135,0.985559134648662,-0.04193841046539892,-0.0418636193658356,12,"Class,Compactness,ConvexArea,Eccentricity,EquivDiameter,MajorAxisLength,Perimeter,ShapeFactor1,ShapeFactor2,ShapeFactor3,ShapeFactor4,roundness,synthetic_target_1"
dry_beans_synthetic_target_1_base,classification,6.75147271156311,0.9030481087036357,0.9031579516357903,0.903505197514268,0.9030433572197756,0.9828822488000962,-0.034222280715908715,-0.03407479809866898,13,"AspectRation,Class,Compactness,ConvexArea,Eccentricity,EquivDiameter,MajorAxisLength,Perimeter,ShapeFactor1,ShapeFactor2,ShapeFactor3,ShapeFactor4,roundness,synthetic_target_1"
dry_beans_synthetic_target_1_base,classification,6.75147271156311,0.8986412045538009,0.8987659312895501,0.8992028172222136,0.898644797792434,0.9840970145553463,-0.06305975062621383,-0.0628859764252786,14,"AspectRation,Class,Compactness,ConvexArea,Eccentricity,EquivDiameter,MajorAxisLength,Perimeter,ShapeFactor1,ShapeFactor2,ShapeFactor3,ShapeFactor4,roundness,synthetic_target_1,synthetic_target_2"
dry_beans_synthetic_target_1_base,classification,6.75147271156311,0.9034153507161219,0.9035322050077917,0.9038535398281644,0.9033983713133038,0.985227144587118,-0.05984695641099058,-0.05971951304356138,15,"AspectRation,Class,Compactness,ConvexArea,Eccentricity,EquivDiameter,MajorAxisLength,Perimeter,ShapeFactor1,ShapeFactor2,ShapeFactor3,ShapeFactor4,Solidity,roundness,synthetic_target_1,synthetic_target_2"
dry_beans_synthetic_target_1_base,classification,6.75147271156311,0.9041498347410943,0.9042601957998392,0.9045634103825676,0.9041254425170344,0.9853568978751959,-0.05249968766889834,-0.052344484425351445,16,"AspectRation,Class,Compactness,ConvexArea,Eccentricity,EquivDiameter,Extent,MajorAxisLength,Perimeter,ShapeFactor1,ShapeFactor2,ShapeFactor3,ShapeFactor4,Solidity,roundness,synthetic_target_1,synthetic_target_2"
dry_beans_synthetic_target_1_base,classification,6.75147271156311,0.9048843187660668,0.9049357426921176,0.905143927407206,0.9048391608525163,0.9854054915782607,-0.048550655517548225,-0.048483111200953166,17,"Area,AspectRation,Class,Compactness,ConvexArea,Eccentricity,EquivDiameter,Extent,MajorAxisLength,Perimeter,ShapeFactor1,ShapeFactor2,ShapeFactor3,ShapeFactor4,Solidity,roundness,synthetic_target_1,synthetic_target_2"
dry_beans_synthetic_target_1_base,classification,6.75147271156311,0.9030481087036357,0.9030806391920615,0.9032700645094065,0.9029972375111744,0.9854619387242814,-0.04239641738012623,-0.042343616113794336,18,"Area,AspectRation,Class,Compactness,ConvexArea,Eccentricity,EquivDiameter,Extent,MajorAxisLength,MinorAxisLength,Perimeter,ShapeFactor1,ShapeFactor2,ShapeFactor3,ShapeFactor4,Solidity,roundness,synthetic_target_1,synthetic_target_2"
dry_beans_synthetic_target_1_base,classification,6.75147271156311,0.9034153507161219,0.9034571537662719,0.9037129235645293,0.9033653967869598,0.9856133201777901,-0.07151117389813233,-0.07147552577124683,19,"Area,AspectRation,Class,Compactness,ConvexArea,Eccentricity,EquivDiameter,Extent,MajorAxisLength,MinorAxisLength,Perimeter,ShapeFactor1,ShapeFactor2,ShapeFactor3,ShapeFactor4,Solidity,Unnamed: 0,roundness,synthetic_target_1,synthetic_target_2"
dry_beans_synthetic_target_2_base,classification,16.946953535079956,0.48733015056922513,0.4860943802589784,0.5069037408457524,0.4873038395071249,0.8415343495997728,-0.04104971717508055,-0.0365489249909689,1,"ConvexArea,synthetic_target_2"
dry_beans_synthetic_target_2_base,classification,16.946953535079956,0.6437752478883584,0.6425709442698355,0.6421964863437577,0.6438600816613659,0.9324641239276232,-0.0017060158882764576,-0.0016173559054468711,2,"ConvexArea,ShapeFactor4,synthetic_target_2"
dry_beans_synthetic_target_2_base,classification,16.946953535079956,0.7458685273595299,0.7451666727978997,0.7449857247407058,0.7458846908629582,0.9553645564578473,-0.21996541826868465,-0.22064565186308427,3,"ConvexArea,Extent,ShapeFactor4,synthetic_target_2"
dry_beans_synthetic_target_2_base,classification,16.946953535079956,0.7906720528828498,0.7905227690115753,0.7910298413574294,0.7906938089413281,0.9664844387344438,-0.12822949010025086,-0.1282298718210555,4,"ConvexArea,Extent,ShapeFactor1,ShapeFactor4,synthetic_target_2"
dry_beans_synthetic_target_2_base,classification,16.946953535079956,0.7976496511200881,0.7974518976170273,0.7973874661493848,0.797678323892292,0.9671200449067582,-0.09819898958527562,-0.09831769684137648,5,"ConvexArea,EquivDiameter,Extent,ShapeFactor1,ShapeFactor4,synthetic_target_2"
dry_beans_synthetic_target_2_base,classification,16.946953535079956,0.7903048108703635,0.790359302004744,0.7905781909757723,0.790303937406141,0.9674070335677564,-0.1298825513632882,-0.1297244603118557,6,"ConvexArea,EquivDiameter,Extent,ShapeFactor1,ShapeFactor4,Solidity,synthetic_target_2"
dry_beans_synthetic_target_2_base,classification,16.946953535079956,0.8193169298567756,0.8192832421225029,0.8196382480801896,0.8192999970778986,0.9731669171761558,-0.11749423840185769,-0.11745209462949646,7,"ConvexArea,EquivDiameter,Extent,Perimeter,ShapeFactor1,ShapeFactor4,Solidity,synthetic_target_2"
dry_beans_synthetic_target_2_base,classification,16.946953535079956,0.8185824458318032,0.8186863157075265,0.8188790741297725,0.8186071260868247,0.9734921668616313,-0.12263724557157674,-0.12250644138969302,8,"ConvexArea,EquivDiameter,Extent,Perimeter,ShapeFactor1,ShapeFactor2,ShapeFactor4,Solidity,synthetic_target_2"
dry_beans_synthetic_target_2_base,classification,16.946953535079956,0.8207858979067205,0.8205872179919904,0.8210313673913381,0.8207833376382497,0.9732978187552928,-0.10546318365095764,-0.1056312744586122,9,"ConvexArea,EquivDiameter,Extent,Perimeter,ShapeFactor1,ShapeFactor2,ShapeFactor4,Solidity,roundness,synthetic_target_2"
dry_beans_synthetic_target_2_base,classification,16.946953535079956,0.8222548659566654,0.8224255396399138,0.8230545493293552,0.8222617365265038,0.9742220136885306,-0.12070986585817667,-0.12050397109670741,10,"Area,ConvexArea,EquivDiameter,Extent,Perimeter,ShapeFactor1,ShapeFactor2,ShapeFactor4,Solidity,roundness,synthetic_target_2"
dry_beans_synthetic_target_2_base,classification,16.946953535079956,0.8174807197943444,0.8177128297618647,0.8180341448108998,0.8175051875859465,0.9735007304968112,-0.13393368138126172,-0.13367981824444264,11,"Area,ConvexArea,EquivDiameter,Extent,Perimeter,ShapeFactor1,ShapeFactor2,ShapeFactor4,Solidity,roundness,synthetic_target_1,synthetic_target_2"
dry_beans_synthetic_target_2_base,classification,16.946953535079956,0.8226221079691517,0.8227487346488672,0.8233849090442833,0.8226174506731861,0.9740638754480947,-0.1403646664614141,-0.140223621954071,12,"Area,Class,ConvexArea,EquivDiameter,Extent,Perimeter,ShapeFactor1,ShapeFactor2,ShapeFactor4,Solidity,roundness,synthetic_target_1,synthetic_target_2"
dry_beans_synthetic_target_2_base,classification,16.946953535079956,0.8193169298567756,0.8194189855196752,0.819675609571903,0.8193592955275523,0.9725732080376538,-0.1145552229720267,-0.11440317109036557,13,"Area,Class,ConvexArea,EquivDiameter,Extent,MajorAxisLength,Perimeter,ShapeFactor1,ShapeFactor2,ShapeFactor4,Solidity,roundness,synthetic_target_1,synthetic_target_2"
dry_beans_synthetic_target_2_base,classification,16.946953535079956,0.8193169298567756,0.8192806485151473,0.8194225641780705,0.819334874156883,0.9738785883501736,-0.12474993274425306,-0.12474960868612717,14,"Area,Class,ConvexArea,EquivDiameter,Extent,MajorAxisLength,MinorAxisLength,Perimeter,ShapeFactor1,ShapeFactor2,ShapeFactor4,Solidity,roundness,synthetic_target_1,synthetic_target_2"
dry_beans_synthetic_target_2_base,classification,16.946953535079956,0.8218876239441792,0.8221034721939221,0.8227787699328113,0.8218707390310543,0.9739400758819146,-0.13228210419689346,-0.13204861497295295,15,"Area,Class,ConvexArea,EquivDiameter,Extent,MajorAxisLength,MinorAxisLength,Perimeter,ShapeFactor1,ShapeFactor2,ShapeFactor3,ShapeFactor4,Solidity,roundness,synthetic_target_1,synthetic_target_2"
dry_beans_synthetic_target_2_base,classification,16.946953535079956,0.8204186558942343,0.8204889267290192,0.8208059535607156,0.8204262219978208,0.9734621322779139,-0.1465174205201668,-0.1464261973446438,16,"Area,Class,ConvexArea,EquivDiameter,Extent,MajorAxisLength,MinorAxisLength,Perimeter,ShapeFactor1,ShapeFactor2,ShapeFactor3,ShapeFactor4,Solidity,Unnamed: 0,roundness,synthetic_target_1,synthetic_target_2"
dry_beans_synthetic_target_2_base,classification,16.946953535079956,0.8189496878442893,0.8190496878744159,0.8194430168225478,0.8189629854154046,0.9735565274225987,-0.14100622692426323,-0.14088623201196526,17,"Area,Class,Compactness,ConvexArea,EquivDiameter,Extent,MajorAxisLength,MinorAxisLength,Perimeter,ShapeFactor1,ShapeFactor2,ShapeFactor3,ShapeFactor4,Solidity,Unnamed: 0,roundness,synthetic_target_1,synthetic_target_2"
dry_beans_synthetic_target_2_base,classification,16.946953535079956,0.8163789937568858,0.8164732554017018,0.8169248961660868,0.8163957832788963,0.9726918348995357,-0.135310940115267,-0.13517735692348154,18,"Area,Class,Compactness,ConvexArea,Eccentricity,EquivDiameter,Extent,MajorAxisLength,MinorAxisLength,Perimeter,ShapeFactor1,ShapeFactor2,ShapeFactor3,ShapeFactor4,Solidity,Unnamed: 0,roundness,synthetic_target_1,synthetic_target_2"
dry_beans_synthetic_target_2_base,classification,16.946953535079956,0.8156445097319134,0.8157319463092446,0.816286887299577,0.8156631097693132,0.972932829083676,-0.1306266144414885,-0.13050703567591704,19,"Area,AspectRation,Class,Compactness,ConvexArea,Eccentricity,EquivDiameter,Extent,MajorAxisLength,MinorAxisLength,Perimeter,ShapeFactor1,ShapeFactor2,ShapeFactor3,ShapeFactor4,Solidity,Unnamed: 0,roundness,synthetic_target_1,synthetic_target_2"
mice_protein_synthetic_target_1_base,classification,2.1124978065490723,0.2175925925925926,0.17941769627776297,0.16905987427118502,0.21693121693121692,0.6071743052548546,-0.0011574074074074125,-0.0007332004162309003,1,"CaNA_N,synthetic_target_1"
mice_protein_synthetic_target_1_base,classification,2.1124978065490723,0.2361111111111111,0.20661483580014245,0.24244198067159184,0.2349537037037037,0.6397600413130102,-0.04745370370370372,-0.03785299542868864,2,"CaNA_N,pNR2A_N,synthetic_target_1"
mice_protein_synthetic_target_1_base,classification,2.1124978065490723,0.32407407407407407,0.32325640439804837,0.3341163167776071,0.32406746031746025,0.7346892198212096,-0.4120370370370371,-0.41157207526031114,3,"CaNA_N,Unnamed: 0,pNR2A_N,synthetic_target_1"
mice_protein_synthetic_target_1_base,classification,2.1124978065490723,0.3333333333333333,0.3252371450456981,0.3211334325396825,0.33171957671957675,0.7543958206831549,-0.556712962962963,-0.5646085962532195,4,"ADARB1_N,CaNA_N,Unnamed: 0,pNR2A_N,synthetic_target_1"
mice_protein_synthetic_target_1_base,classification,2.1124978065490723,0.37037037037037035,0.36081054855959976,0.3564029431216931,0.3680952380952381,0.789173482530071,-0.6296296296296297,-0.6391894514404002,5,"ADARB1_N,CaNA_N,Unnamed: 0,pERK_N,pNR2A_N,synthetic_target_1"
mice_protein_synthetic_target_1_base,classification,2.1124978065490723,0.3611111111111111,0.35602132489402794,0.35846121732210445,0.36040343915343914,0.7469974197060767,-0.6388888888888888,-0.6439786751059721,6,"ADARB1_N,CaNA_N,Unnamed: 0,pCAMKII_N,pERK_N,pNR2A_N,synthetic_target_1"
mice_protein_synthetic_target_1_base,classification,2.1124978065490723,0.37962962962962965,0.36967775629976407,0.36838412158651024,0.37743386243386245,0.7774597619480388,-0.5856481481481481,-0.5957674264450461,7,"ADARB1_N,CaNA_N,GluR4_N,Unnamed: 0,pCAMKII_N,pERK_N,pNR2A_N,synthetic_target_1"
mice_protein_synthetic_target_1_base,classification,2.1124978065490723,0.4305555555555556,0.4214469620441125,0.4268395228466979,0.43013227513227514,0.7820162075061247,-0.33333333333333326,-0.34142198539006013,8,"ADARB1_N,CaNA_N,GluR4_N,Unnamed: 0,pCAMKII_N,pERK_N,pGSK3B_N,pNR2A_N,synthetic_target_1"
mice_protein_synthetic_target_1_base,classification,2.1124978065490723,0.375,0.36580677858466104,0.3624079665236506,0.3740013227513227,0.7868622683363788,-0.625,-0.634193221415339,9,"ADARB1_N,CaNA_N,GluR3_N,GluR4_N,Unnamed: 0,pCAMKII_N,pERK_N,pGSK3B_N,pNR2A_N,synthetic_target_1"
mice_protein_synthetic_target_1_base,classification,2.1124978065490723,0.39814814814814814,0.3898986101617681,0.3870859448095501,0.39735449735449735,0.78151961879479,-0.6018518518518519,-0.6101013898382319,10,"ADARB1_N,CaNA_N,GluR3_N,GluR4_N,Unnamed: 0,pCAMKII_N,pCASP9_N,pERK_N,pGSK3B_N,pNR2A_N,synthetic_target_1"
mice_protein_synthetic_target_1_base,classification,2.1124978065490723,0.38425925925925924,0.37508066035056364,0.3720784640266765,0.3829298941798942,0.7803024389606521,-0.6157407407407407,-0.6249193396494364,11,"ADARB1_N,CaNA_N,GluR3_N,GluR4_N,TIAM1_N,Unnamed: 0,pCAMKII_N,pCASP9_N,pERK_N,pGSK3B_N,pNR2A_N,synthetic_target_1"
mice_protein_synthetic_target_1_base,classification,2.1124978065490723,0.39351851851851855,0.3884208420043395,0.38742555102849224,0.3934259259259259,0.7744246436341629,-0.6064814814814814,-0.6115791579956604,12,"ADARB1_N,CaNA_N,GluR3_N,GluR4_N,SYP_N,TIAM1_N,Unnamed: 0,pCAMKII_N,pCASP9_N,pERK_N,pGSK3B_N,pNR2A_N,synthetic_target_1"
mice_protein_synthetic_target_1_base,classification,2.1124978065490723,0.38425925925925924,0.3712689946894263,0.3653712326684467,0.38346560846560845,0.7857384729111331,-0.6157407407407407,-0.6287310053105737,13,"ADARB1_N,CaNA_N,GluR3_N,GluR4_N,SYP_N,TIAM1_N,Unnamed: 0,pCAMKII_N,pCASP9_N,pERK_N,pGSK3B_N,pNR2A_N,pPKCG_N,synthetic_target_1"
mice_protein_synthetic_target_1_base,classification,2.1124978065490723,0.37037037037037035,0.3593446667785031,0.3559123407427487,0.37044312169312166,0.7510688466293802,-0.6296296296296297,-0.6406553332214969,14,"ADARB1_N,CaNA_N,GluR3_N,GluR4_N,P70S6_N,SYP_N,TIAM1_N,Unnamed: 0,pCAMKII_N,pCASP9_N,pERK_N,pGSK3B_N,pNR2A_N,pPKCG_N,synthetic_target_1"
mice_protein_synthetic_target_1_base,classification,2.1124978065490723,0.35185185185185186,0.3376511671706236,0.3302248570240784,0.3510185185185185,0.752798094657213,-0.6481481481481481,-0.6623488328293764,15,"ADARB1_N,CaNA_N,GluR3_N,GluR4_N,P70S6_N,SYP_N,TIAM1_N,Tau_N,Unnamed: 0,pCAMKII_N,pCASP9_N,pERK_N,pGSK3B_N,pNR2A_N,pPKCG_N,synthetic_target_1"
mice_protein_synthetic_target_1_base,classification,2.1124978065490723,0.3425925925925926,0.3335159027461839,0.3307734002186171,0.3424206349206349,0.7590104109807716,-0.44675925925925924,-0.4550372704271838,16,"ADARB1_N,CaNA_N,GluR3_N,GluR4_N,P70S6_N,PSD95_N,SYP_N,TIAM1_N,Tau_N,Unnamed: 0,pCAMKII_N,pCASP9_N,pERK_N,pGSK3B_N,pNR2A_N,pPKCG_N,synthetic_target_1"
mice_protein_synthetic_target_1_base,classification,2.1124978065490723,0.37037037037037035,0.3589077924923225,0.359364619349161,0.36957671957671956,0.7831542275261396,-0.5555555555555556,-0.5667172962925049,17,"ADARB1_N,CaNA_N,GluR3_N,GluR4_N,P70S6_N,PSD95_N,RSK_N,SYP_N,TIAM1_N,Tau_N,Unnamed: 0,pCAMKII_N,pCASP9_N,pERK_N,pGSK3B_N,pNR2A_N,pPKCG_N,synthetic_target_1"
mice_protein_synthetic_target_1_base,classification,2.1124978065490723,0.37037037037037035,0.3634805225906019,0.3618839438754933,0.3697420634920635,0.7757882944281957,-0.6296296296296297,-0.6365194774093981,18,"ADARB1_N,CaNA_N,GluR3_N,GluR4_N,H3MeK4_N,P70S6_N,PSD95_N,RSK_N,SYP_N,TIAM1_N,Tau_N,Unnamed: 0,pCAMKII_N,pCASP9_N,pERK_N,pGSK3B_N,pNR2A_N,pPKCG_N,synthetic_target_1"
mice_protein_synthetic_target_1_base,classification,2.1124978065490723,0.37962962962962965,0.37113962459936867,0.3710886963850326,0.37863095238095235,0.7631912133348662,-0.6203703703703703,-0.6288603754006313,19,"ADARB1_N,APP_N,CaNA_N,GluR3_N,GluR4_N,H3MeK4_N,P70S6_N,PSD95_N,RSK_N,SYP_N,TIAM1_N,Tau_N,Unnamed: 0,pCAMKII_N,pCASP9_N,pERK_N,pGSK3B_N,pNR2A_N,pPKCG_N,synthetic_target_1"
mice_protein_synthetic_target_1_base,classification,2.1124978065490723,0.35648148148148145,0.34585568544372036,0.3403149801587302,0.3554828042328042,0.7656321849383594,-0.6435185185185186,-0.6541443145562796,20,"ADARB1_N,APP_N,CaNA_N,GluR3_N,GluR4_N,H3MeK4_N,P70S6_N,PSD95_N,RSK_N,SYP_N,TIAM1_N,Tau_N,Unnamed: 0,nNOS_N,pCAMKII_N,pCASP9_N,pERK_N,pGSK3B_N,pNR2A_N,pPKCG_N,synthetic_target_1"
mice_protein_synthetic_target_1_base,classification,2.1124978065490723,0.37962962962962965,0.36588737332271815,0.35849641614139954,0.378260582010582,0.7592277372920226,-0.6203703703703703,-0.6341126266772819,21,"ADARB1_N,APP_N,CaNA_N,GluR3_N,GluR4_N,H3MeK4_N,P70S6_N,PSD95_N,RSK_N,SHH_N,SYP_N,TIAM1_N,Tau_N,Unnamed: 0,nNOS_N,pCAMKII_N,pCASP9_N,pERK_N,pGSK3B_N,pNR2A_N,pPKCG_N,synthetic_target_1"
mice_protein_synthetic_target_1_base,classification,2.1124978065490723,0.3888888888888889,0.3773602607594042,0.3749331072807321,0.388260582010582,0.7579986384031341,-0.6111111111111112,-0.6226397392405958,22,"ADARB1_N,APP_N,CaNA_N,GluR3_N,GluR4_N,H3MeK4_N,P3525_N,P70S6_N,PSD95_N,RSK_N,SHH_N,SYP_N,TIAM1_N,Tau_N,Unnamed: 0,nNOS_N,pCAMKII_N,pCASP9_N,pERK_N,pGSK3B_N,pNR2A_N,pPKCG_N,synthetic_target_1"
mice_protein_synthetic_target_1_base,classification,2.1124978065490723,0.35648148148148145,0.3478280763882443,0.3447874860069476,0.35552248677248677,0.7854372018067008,-0.6435185185185186,-0.6521719236117557,23,"ADARB1_N,APP_N,CaNA_N,GluR3_N,GluR4_N,H3MeK4_N,P3525_N,P70S6_N,PSD95_N,RSK_N,SHH_N,SYP_N,TIAM1_N,Tau_N,Unnamed: 0,nNOS_N,pCAMKII_N,pCASP9_N,pERK_N,pGSK3B_N,pGSK3B_Tyr216_N,pNR2A_N,pPKCG_N,synthetic_target_1"
mice_protein_synthetic_target_1_base,classification,2.1124978065490723,0.3888888888888889,0.3797797640797588,0.3770256059729744,0.38809523809523805,0.7602141257902186,-0.6111111111111112,-0.6202202359202412,24,"ADARB1_N,APP_N,CaNA_N,GluR3_N,GluR4_N,H3MeK4_N,P3525_N,P38_N,P70S6_N,PSD95_N,RSK_N,SHH_N,SYP_N,TIAM1_N,Tau_N,Unnamed: 0,nNOS_N,pCAMKII_N,pCASP9_N,pERK_N,pGSK3B_N,pGSK3B_Tyr216_N,pNR2A_N,pPKCG_N,synthetic_target_1"
mice_protein_synthetic_target_1_base,classification,2.1124978065490723,0.36574074074074076,0.35727203647416417,0.35983355724735033,0.36424603174603176,0.7774650721441633,-0.5335648148148149,-0.5418263769862708,25,"ADARB1_N,APP_N,CaNA_N,GluR3_N,GluR4_N,H3MeK4_N,P3525_N,P38_N,P70S6_N,PSD95_N,RSK_N,SHH_N,SYP_N,TIAM1_N,Tau_N,Unnamed: 0,nNOS_N,pCAMKII_N,pCASP9_N,pERK_N,pGSK3B_N,pGSK3B_Tyr216_N,pMTOR_N,pNR2A_N,pPKCG_N,synthetic_target_1"
mice_protein_synthetic_target_1_base,classification,2.1124978065490723,0.3472222222222222,0.33466404774430314,0.3284275042087542,0.3456878306878307,0.7873096529158354,-0.6527777777777778,-0.6653359522556969,26,"ADARB1_N,APP_N,AcetylH3K9_N,CaNA_N,GluR3_N,GluR4_N,H3MeK4_N,P3525_N,P38_N,P70S6_N,PSD95_N,RSK_N,SHH_N,SYP_N,TIAM1_N,Tau_N,Unnamed: 0,nNOS_N,pCAMKII_N,pCASP9_N,pERK_N,pGSK3B_N,pGSK3B_Tyr216_N,pMTOR_N,pNR2A_N,pPKCG_N,synthetic_target_1"
mice_protein_synthetic_target_1_base,classification,2.1124978065490723,0.375,0.3583708940572553,0.3520061283922171,0.3736309523809524,0.7856870940386969,-0.6064814814814815,-0.6230835295053913,27,"ADARB1_N,APP_N,AcetylH3K9_N,CaNA_N,GluR3_N,GluR4_N,H3MeK4_N,P3525_N,P38_N,P70S6_N,PSD95_N,RSK_N,SHH_N,SYP_N,TIAM1_N,Tau_N,Ubiquitin_N,Unnamed: 0,nNOS_N,pCAMKII_N,pCASP9_N,pERK_N,pGSK3B_N,pGSK3B_Tyr216_N,pMTOR_N,pNR2A_N,pPKCG_N,synthetic_target_1"
mice_protein_synthetic_target_1_base,classification,2.1124978065490723,0.3888888888888889,0.37866907384121984,0.3751166684983924,0.38706349206349205,0.7459972102127388,-0.6041666666666667,-0.6143430173697878,28,"ADARB1_N,APP_N,AcetylH3K9_N,CaNA_N,GluR3_N,GluR4_N,H3MeK4_N,JNK_N,P3525_N,P38_N,P70S6_N,PSD95_N,RSK_N,SHH_N,SYP_N,TIAM1_N,Tau_N,Ubiquitin_N,Unnamed: 0,nNOS_N,pCAMKII_N,pCASP9_N,pERK_N,pGSK3B_N,pGSK3B_Tyr216_N,pMTOR_N,pNR2A_N,pPKCG_N,synthetic_target_1"
mice_protein_synthetic_target_1_base,classification,2.1124978065490723,0.37037037037037035,0.3679774351264499,0.3684650603845543,0.36941137566137566,0.7539671648140978,-0.6296296296296297,-0.63202256487355,29,"ADARB1_N,APP_N,AcetylH3K9_N,CaNA_N,GluR3_N,GluR4_N,H3MeK4_N,JNK_N,P3525_N,P38_N,P70S6_N,PSD95_N,RSK_N,SHH_N,SYP_N,TIAM1_N,Tau_N,Ubiquitin_N,Unnamed: 0,nNOS_N,pCAMKII_N,pCASP9_N,pERK_N,pGSK3B_N,pGSK3B_Tyr216_N,pMTOR_N,pNR2A_N,pPKCG_N,synthetic_target_1,synthetic_target_2"
mice_protein_synthetic_target_1_base,classification,2.1124978065490723,0.36574074074074076,0.36049595246805854,0.3585876795412626,0.3651521164021164,0.7619568787770306,-0.6238425925925926,-0.6290092796984655,30,"ADARB1_N,APP_N,AcetylH3K9_N,CaNA_N,GluR3_N,GluR4_N,H3MeK4_N,JNK_N,P3525_N,P38_N,P70S6_N,PSD95_N,RSK_N,SHH_N,SYP_N,TIAM1_N,Tau_N,Ubiquitin_N,Unnamed: 0,nNOS_N,pCAMKII_N,pCASP9_N,pERK_N,pGSK3B_N,pGSK3B_Tyr216_N,pMTOR_N,pNR2A_N,pPKCG_N,pRSK_N,synthetic_target_1,synthetic_target_2"
mice_protein_synthetic_target_1_base,classification,2.1124978065490723,0.375,0.3683113984464898,0.36707240501141625,0.37404100529100526,0.7560430426737119,-0.625,-0.6316886015535101,31,"ADARB1_N,APP_N,AcetylH3K9_N,CaNA_N,EGR1_N,GluR3_N,GluR4_N,H3MeK4_N,JNK_N,P3525_N,P38_N,P70S6_N,PSD95_N,RSK_N,SHH_N,SYP_N,TIAM1_N,Tau_N,Ubiquitin_N,Unnamed: 0,nNOS_N,pCAMKII_N,pCASP9_N,pERK_N,pGSK3B_N,pGSK3B_Tyr216_N,pMTOR_N,pNR2A_N,pPKCG_N,pRSK_N,synthetic_target_1,synthetic_target_2"
mice_protein_synthetic_target_1_base,classification,2.1124978065490723,0.37037037037037035,0.3595369754101943,0.35652158979554,0.36883597883597885,0.7555365168530281,-0.6296296296296297,-0.6404630245898058,32,"ADARB1_N,APP_N,AcetylH3K9_N,CaNA_N,EGR1_N,GluR3_N,GluR4_N,H3MeK4_N,JNK_N,P3525_N,P38_N,P70S6_N,PSD95_N,RSK_N,SHH_N,SYP_N,TIAM1_N,Tau_N,Ubiquitin_N,Unnamed: 0,nNOS_N,pCAMKII_N,pCASP9_N,pERK_N,pGSK3B_N,pGSK3B_Tyr216_N,pMTOR_N,pNR2A_N,pP70S6_N,pPKCG_N,pRSK_N,synthetic_target_1,synthetic_target_2"
mice_protein_synthetic_target_1_base,classification,2.1124978065490723,0.36574074074074076,0.35499333583188897,0.35020547521937956,0.3640410052910053,0.7504509140910783,-0.6226851851851851,-0.6333839898265449,33,"ADARB1_N,APP_N,AcetylH3K9_N,CAMKII_N,CaNA_N,EGR1_N,GluR3_N,GluR4_N,H3MeK4_N,JNK_N,P3525_N,P38_N,P70S6_N,PSD95_N,RSK_N,SHH_N,SYP_N,TIAM1_N,Tau_N,Ubiquitin_N,Unnamed: 0,nNOS_N,pCAMKII_N,pCASP9_N,pERK_N,pGSK3B_N,pGSK3B_Tyr216_N,pMTOR_N,pNR2A_N,pP70S6_N,pPKCG_N,pRSK_N,synthetic_target_1,synthetic_target_2"
mice_protein_synthetic_target_1_base,classification,2.1124978065490723,0.375,0.3682424335843389,0.36624387254901963,0.37387566137566136,0.788388125768793,-0.625,-0.6317575664156612,34,"ADARB1_N,APP_N,AcetylH3K9_N,CAMKII_N,CaNA_N,EGR1_N,GluR3_N,GluR4_N,H3MeK4_N,JNK_N,MTOR_N,P3525_N,P38_N,P70S6_N,PSD95_N,RSK_N,SHH_N,SYP_N,TIAM1_N,Tau_N,Ubiquitin_N,Unnamed: 0,nNOS_N,pCAMKII_N,pCASP9_N,pERK_N,pGSK3B_N,pGSK3B_Tyr216_N,pMTOR_N,pNR2A_N,pP70S6_N,pPKCG_N,pRSK_N,synthetic_target_1,synthetic_target_2"
mice_protein_synthetic_target_1_base,classification,2.1124978065490723,0.35648148148148145,0.34739086999862384,0.3440986615229066,0.3551521164021164,0.7570301318501671,-0.6435185185185186,-0.6526091300013761,35,"ADARB1_N,APP_N,AcetylH3K9_N,BRAF_N,CAMKII_N,CaNA_N,EGR1_N,GluR3_N,GluR4_N,H3MeK4_N,JNK_N,MTOR_N,P3525_N,P38_N,P70S6_N,PSD95_N,RSK_N,SHH_N,SYP_N,TIAM1_N,Tau_N,Ubiquitin_N,Unnamed: 0,nNOS_N,pCAMKII_N,pCASP9_N,pERK_N,pGSK3B_N,pGSK3B_Tyr216_N,pMTOR_N,pNR2A_N,pP70S6_N,pPKCG_N,pRSK_N,synthetic_target_1,synthetic_target_2"
mice_protein_synthetic_target_1_base,classification,2.1124978065490723,0.35185185185185186,0.3410357566869455,0.3367481401162616,0.35031746031746036,0.7583989071124586,-0.6481481481481481,-0.6589642433130545,36,"ADARB1_N,APP_N,AcetylH3K9_N,BRAF_N,CAMKII_N,CaNA_N,EGR1_N,GluR3_N,GluR4_N,H3AcK18_N,H3MeK4_N,JNK_N,MTOR_N,P3525_N,P38_N,P70S6_N,PSD95_N,RSK_N,SHH_N,SYP_N,TIAM1_N,Tau_N,Ubiquitin_N,Unnamed: 0,nNOS_N,pCAMKII_N,pCASP9_N,pERK_N,pGSK3B_N,pGSK3B_Tyr216_N,pMTOR_N,pNR2A_N,pP70S6_N,pPKCG_N,pRSK_N,synthetic_target_1,synthetic_target_2"
mice_protein_synthetic_target_1_base,classification,2.1124978065490723,0.35185185185185186,0.3418874625193475,0.3382716740475361,0.3506878306878307,0.7493818485393933,-0.642361111111111,-0.6523330488212651,37,"ADARB1_N,APP_N,AcetylH3K9_N,BRAF_N,CAMKII_N,CaNA_N,EGR1_N,GluR3_N,GluR4_N,H3AcK18_N,H3MeK4_N,JNK_N,MTOR_N,P3525_N,P38_N,P70S6_N,PSD95_N,RSK_N,S6_N,SHH_N,SYP_N,TIAM1_N,Tau_N,Ubiquitin_N,Unnamed: 0,nNOS_N,pCAMKII_N,pCASP9_N,pERK_N,pGSK3B_N,pGSK3B_Tyr216_N,pMTOR_N,pNR2A_N,pP70S6_N,pPKCG_N,pRSK_N,synthetic_target_1,synthetic_target_2"
mice_protein_synthetic_target_1_base,classification,2.1124978065490723,0.37962962962962965,0.3639639629924235,0.35765515566422823,0.3773941798941799,0.7819478559200248,-0.6203703703703703,-0.6360360370075765,38,"ADARB1_N,AMPKA_N,APP_N,AcetylH3K9_N,BRAF_N,CAMKII_N,CaNA_N,EGR1_N,GluR3_N,GluR4_N,H3AcK18_N,H3MeK4_N,JNK_N,MTOR_N,P3525_N,P38_N,P70S6_N,PSD95_N,RSK_N,S6_N,SHH_N,SYP_N,TIAM1_N,Tau_N,Ubiquitin_N,Unnamed: 0,nNOS_N,pCAMKII_N,pCASP9_N,pERK_N,pGSK3B_N,pGSK3B_Tyr216_N,pMTOR_N,pNR2A_N,pP70S6_N,pPKCG_N,pRSK_N,synthetic_target_1,synthetic_target_2"
mice_protein_synthetic_target_1_base,classification,2.1124978065490723,0.4027777777777778,0.3931357088837654,0.3934932504436815,0.40165343915343915,0.7752468905365119,-0.5972222222222222,-0.6068642911162345,39,"ADARB1_N,AMPKA_N,APP_N,AcetylH3K9_N,BRAF_N,CAMKII_N,CaNA_N,EGR1_N,GluR3_N,GluR4_N,H3AcK18_N,H3MeK4_N,JNK_N,MTOR_N,P3525_N,P38_N,P70S6_N,PSD95_N,RSK_N,S6_N,SHH_N,SYP_N,TIAM1_N,Tau_N,Ubiquitin_N,Unnamed: 0,nNOS_N,pCAMKII_N,pCASP9_N,pERK_N,pGSK3B_N,pGSK3B_Tyr216_N,pMTOR_N,pNR2A_N,pP70S6_N,pPKCG_N,pRSK_N,pS6_N,synthetic_target_1,synthetic_target_2"
mice_protein_synthetic_target_1_base,classification,2.1124978065490723,0.3472222222222222,0.33473135694424416,0.32860164226981114,0.34585317460317455,0.7623213720876729,-0.650462962962963,-0.662974823725123,40,"ADARB1_N,AMPKA_N,APP_N,AcetylH3K9_N,BRAF_N,CAMKII_N,CaNA_N,EGR1_N,GluR3_N,GluR4_N,H3AcK18_N,H3MeK4_N,JNK_N,MTOR_N,P3525_N,P38_N,P70S6_N,PSD95_N,RSK_N,S6_N,SHH_N,SYP_N,TIAM1_N,Tau_N,Ubiquitin_N,Unnamed: 0,nNOS_N,pCAMKII_N,pCASP9_N,pCFOS_N,pERK_N,pGSK3B_N,pGSK3B_Tyr216_N,pMTOR_N,pNR2A_N,pP70S6_N,pPKCG_N,pRSK_N,pS6_N,synthetic_target_1,synthetic_target_2"
mice_protein_synthetic_target_2_base,classification,2.048815965652466,0.22685185185185186,0.1989078216150622,0.20359385594856097,0.22743691493691495,0.6516997436841466,-0.03009259259259256,-0.03913948441914983,1,"AcetylH3K9_N,synthetic_target_2"
mice_protein_synthetic_target_2_base,classification,2.048815965652466,0.375,0.37268059524177705,0.3755390017688405,0.37558506308506306,0.7464369748798407,-0.29282407407407407,-0.29186312019808763,2,"AcetylH3K9_N,pPKCG_N,synthetic_target_2"
mice_protein_synthetic_target_2_base,classification,2.048815965652466,0.4212962962962963,0.42133752368754107,0.4261538037149726,0.4216142653642654,0.8103671501089951,-0.2847222222222222,-0.28298222128637496,3,"AcetylH3K9_N,ELK_N,pPKCG_N,synthetic_target_2"
mice_protein_synthetic_target_2_base,classification,2.048815965652466,0.4861111111111111,0.4816124746066329,0.48232781426746946,0.4858948921448921,0.8526659872597022,-0.45023148148148145,-0.45481723487269654,4,"AcetylH3K9_N,CaNA_N,ELK_N,pPKCG_N,synthetic_target_2"
mice_protein_synthetic_target_2_base,classification,2.048815965652466,0.5370370370370371,0.5400309226509961,0.5482445204252269,0.5364774114774115,0.8685887998502703,-0.4629629629629629,-0.45996907734900394,5,"AcetylH3K9_N,CaNA_N,ELK_N,Unnamed: 0,pPKCG_N,synthetic_target_2"
mice_protein_synthetic_target_2_base,classification,2.048815965652466,0.5277777777777778,0.5271918046430948,0.5325903546761588,0.5272435897435898,0.864098560891648,-0.2974537037037037,-0.296897816739927,6,"AcetylH3K9_N,CaNA_N,ELK_N,Ubiquitin_N,Unnamed: 0,pPKCG_N,synthetic_target_2"
mice_protein_synthetic_target_2_base,classification,2.048815965652466,0.5092592592592593,0.5139321929724198,0.5251385326727193,0.5093991656491657,0.8701958203728661,-0.3726851851851851,-0.3677029935687327,7,"AcetylH3K9_N,CaNA_N,ELK_N,PSD95_N,Ubiquitin_N,Unnamed: 0,pPKCG_N,synthetic_target_2"
mice_protein_synthetic_target_2_base,classification,2.048815965652466,0.5231481481481481,0.5208339411321217,0.5332358094846531,0.5232880545380545,0.8764682591431145,-0.47685185185185186,-0.47916605886787833,8,"AcetylH3K9_N,CaNA_N,ELK_N,NR2A_N,PSD95_N,Ubiquitin_N,Unnamed: 0,pPKCG_N,synthetic_target_2"
mice_protein_synthetic_target_2_base,classification,2.048815965652466,0.5509259259259259,0.5499066864508041,0.5561691946858738,0.5514346764346765,0.8798438421109349,-0.44907407407407407,-0.4500933135491959,9,"AcetylH3K9_N,CaNA_N,ELK_N,H3AcK18_N,NR2A_N,PSD95_N,Ubiquitin_N,Unnamed: 0,pPKCG_N,synthetic_target_2"
mice_protein_synthetic_target_2_base,classification,2.048815965652466,0.5370370370370371,0.5377964474275685,0.542824074074074,0.5375330687830688,0.8248730800834871,-0.4629629629629629,-0.4622035525724315,10,"AcetylH3K9_N,CaNA_N,ELK_N,H3AcK18_N,NR2A_N,PSD95_N,Tau_N,Ubiquitin_N,Unnamed: 0,pPKCG_N,synthetic_target_2"
mice_protein_synthetic_target_2_base,classification,2.048815965652466,0.5277777777777778,0.5285739600226371,0.5391116670262883,0.5279176841676841,0.8661459136465357,-0.4722222222222222,-0.4714260399773629,11,"AcetylH3K9_N,CaNA_N,ELK_N,GluR3_N,H3AcK18_N,NR2A_N,PSD95_N,Tau_N,Ubiquitin_N,Unnamed: 0,pPKCG_N,synthetic_target_2"
mice_protein_synthetic_target_2_base,classification,2.048815965652466,0.5231481481481481,0.5225974596082371,0.5342760183158513,0.522944647944648,0.8712024351665619,-0.47685185185185186,-0.4774025403917629,12,"AcetylH3K9_N,CaNA_N,ELK_N,GluR3_N,H3AcK18_N,H3MeK4_N,NR2A_N,PSD95_N,Tau_N,Ubiquitin_N,Unnamed: 0,pPKCG_N,synthetic_target_2"
mice_protein_synthetic_target_2_base,classification,2.048815965652466,0.5324074074074074,0.527986929564004,0.5360458581544341,0.5320385632885632,0.861497186935265,-0.46759259259259256,-0.47201307043599605,13,"AcetylH3K9_N,CaNA_N,ELK_N,GluR3_N,H3AcK18_N,H3MeK4_N,NR2A_N,PSD95_N,TIAM1_N,Tau_N,Ubiquitin_N,Unnamed: 0,pPKCG_N,synthetic_target_2"
mice_protein_synthetic_target_2_base,classification,2.048815965652466,0.5694444444444444,0.5701772293382679,0.5849247995050094,0.5695970695970696,0.8756376898077651,-0.4305555555555556,-0.42982277066173213,14,"AcetylH3K9_N,CaNA_N,EGR1_N,ELK_N,GluR3_N,H3AcK18_N,H3MeK4_N,NR2A_N,PSD95_N,TIAM1_N,Tau_N,Ubiquitin_N,Unnamed: 0,pPKCG_N,synthetic_target_2"
mice_protein_synthetic_target_2_base,classification,2.048815965652466,0.5555555555555556,0.5561960243109392,0.5687746661940211,0.5555173992673993,0.8797178647733762,-0.4444444444444444,-0.4438039756890608,15,"AcetylH3K9_N,CaNA_N,EGR1_N,ELK_N,GluR3_N,H3AcK18_N,H3MeK4_N,NR2A_N,PSD95_N,TIAM1_N,Tau_N,Ubiquitin_N,Unnamed: 0,pPKCG_N,pS6_N,synthetic_target_2"
mice_protein_synthetic_target_2_base,classification,2.048815965652466,0.5416666666666666,0.5387462297246206,0.542281100630434,0.5411197598697599,0.8864975056824083,-0.3969907407407408,-0.3999968994391425,16,"AcetylH3K9_N,CaNA_N,EGR1_N,ELK_N,GluR3_N,H3AcK18_N,H3MeK4_N,NR2A_N,PSD95_N,TIAM1_N,Tau_N,Ubiquitin_N,Unnamed: 0,pCASP9_N,pPKCG_N,pS6_N,synthetic_target_2"
mice_protein_synthetic_target_2_base,classification,2.048815965652466,0.5509259259259259,0.5506341985556389,0.5552855705291988,0.5505570818070817,0.885873866966133,-0.44907407407407407,-0.4493658014443611,17,"AcetylH3K9_N,CaNA_N,EGR1_N,ELK_N,GluR3_N,GluR4_N,H3AcK18_N,H3MeK4_N,NR2A_N,PSD95_N,TIAM1_N,Tau_N,Ubiquitin_N,Unnamed: 0,pCASP9_N,pPKCG_N,pS6_N,synthetic_target_2"
mice_protein_synthetic_target_2_base,classification,2.048815965652466,0.5601851851851852,0.5607533396970255,0.5684404853313656,0.5596382783882783,0.8868650420807631,-0.43865740740740733,-0.43808863238163465,18,"AcetylH3K9_N,CaNA_N,EGR1_N,ELK_N,GluR3_N,GluR4_N,H3AcK18_N,H3MeK4_N,NR2A_N,PSD95_N,TIAM1_N,Tau_N,Ubiquitin_N,Unnamed: 0,pCASP9_N,pGSK3B_N,pPKCG_N,pS6_N,synthetic_target_2"
mice_protein_synthetic_target_2_base,classification,2.048815965652466,0.5601851851851852,0.5619699972158989,0.5677359933001414,0.5601724664224663,0.8849076664880395,-0.42939814814814814,-0.42766403514108053,19,"AcetylH3K9_N,CaNA_N,EGR1_N,ELK_N,GluR3_N,GluR4_N,H3AcK18_N,H3MeK4_N,NR2A_N,PSD95_N,SYP_N,TIAM1_N,Tau_N,Ubiquitin_N,Unnamed: 0,pCASP9_N,pGSK3B_N,pPKCG_N,pS6_N,synthetic_target_2"
mice_protein_synthetic_target_2_base,classification,2.048815965652466,0.5231481481481481,0.5230418912848158,0.5261972160772761,0.5234533984533984,0.880487638069499,-0.47106481481481477,-0.471222772185661,20,"AcetylH3K9_N,CaNA_N,EGR1_N,ELK_N,GluR3_N,GluR4_N,H3AcK18_N,H3MeK4_N,NR2A_N,PSD95_N,SHH_N,SYP_N,TIAM1_N,Tau_N,Ubiquitin_N,Unnamed: 0,pCASP9_N,pGSK3B_N,pPKCG_N,pS6_N,synthetic_target_2"
mice_protein_synthetic_target_2_base,classification,2.048815965652466,0.5694444444444444,0.5700305189149275,0.5763024838812083,0.5695970695970696,0.8853303425815064,-0.4305555555555556,-0.4299694810850725,21,"AcetylH3K9_N,CaNA_N,EGR1_N,ELK_N,GluR3_N,GluR4_N,H3AcK18_N,H3MeK4_N,NR2A_N,PSD95_N,SHH_N,SYP_N,TIAM1_N,Tau_N,Ubiquitin_N,Unnamed: 0,pCASP9_N,pGSK3B_N,pGSK3B_Tyr216_N,pPKCG_N,pS6_N,synthetic_target_2"
mice_protein_synthetic_target_2_base,classification,2.048815965652466,0.5277777777777778,0.5256716547258822,0.5309890518570186,0.5277396214896215,0.8866563022914118,-0.36458333333333337,-0.36678984684348737,22,"AMPKA_N,AcetylH3K9_N,CaNA_N,EGR1_N,ELK_N,GluR3_N,GluR4_N,H3AcK18_N,H3MeK4_N,NR2A_N,PSD95_N,SHH_N,SYP_N,TIAM1_N,Tau_N,Ubiquitin_N,Unnamed: 0,pCASP9_N,pGSK3B_N,pGSK3B_Tyr216_N,pPKCG_N,pS6_N,synthetic_target_2"
mice_protein_synthetic_target_2_base,classification,2.048815965652466,0.5416666666666666,0.541928057561762,0.545290750915751,0.5418192918192918,0.8831136361328753,-0.45833333333333337,-0.458071942438238,23,"AMPKA_N,AcetylH3K9_N,CaNA_N,EGR1_N,ELK_N,GluR3_N,GluR4_N,H3AcK18_N,H3MeK4_N,NR2A_N,NR2B_N,PSD95_N,SHH_N,SYP_N,TIAM1_N,Tau_N,Ubiquitin_N,Unnamed: 0,pCASP9_N,pGSK3B_N,pGSK3B_Tyr216_N,pPKCG_N,pS6_N,synthetic_target_2"
mice_protein_synthetic_target_2_base,classification,2.048815965652466,0.5740740740740741,0.5751825457094456,0.5796124708624709,0.5737052299552299,0.9019233861750633,-0.42592592592592593,-0.4248174542905544,24,"AMPKA_N,AcetylH3K9_N,CaNA_N,EGR1_N,ELK_N,GluR3_N,GluR4_N,H3AcK18_N,H3MeK4_N,NR2A_N,NR2B_N,PSD95_N,SHH_N,SOD1_N,SYP_N,TIAM1_N,Tau_N,Ubiquitin_N,Unnamed: 0,pCASP9_N,pGSK3B_N,pGSK3B_Tyr216_N,pPKCG_N,pS6_N,synthetic_target_2"
mice_protein_synthetic_target_2_base,classification,2.048815965652466,0.5740740740740741,0.5751825457094456,0.5796124708624709,0.5737052299552299,0.9019233861750633,-0.42592592592592593,-0.4248174542905544,25,"AMPKA_N,ARC_N,AcetylH3K9_N,CaNA_N,EGR1_N,ELK_N,GluR3_N,GluR4_N,H3AcK18_N,H3MeK4_N,NR2A_N,NR2B_N,PSD95_N,SHH_N,SOD1_N,SYP_N,TIAM1_N,Tau_N,Ubiquitin_N,Unnamed: 0,pCASP9_N,pGSK3B_N,pGSK3B_Tyr216_N,pPKCG_N,pS6_N,synthetic_target_2"
mice_protein_synthetic_target_2_base,classification,2.048815965652466,0.5462962962962963,0.5515425205721701,0.5644561975380941,0.5464616402116402,0.8804517074725046,-0.4537037037037037,-0.4484574794278299,26,"AMPKA_N,ARC_N,AcetylH3K9_N,CaNA_N,EGR1_N,ELK_N,GluR3_N,GluR4_N,H3AcK18_N,H3MeK4_N,MTOR_N,NR2A_N,NR2B_N,PSD95_N,SHH_N,SOD1_N,SYP_N,TIAM1_N,Tau_N,Ubiquitin_N,Unnamed: 0,pCASP9_N,pGSK3B_N,pGSK3B_Tyr216_N,pPKCG_N,pS6_N,synthetic_target_2"
mice_protein_synthetic_target_2_base,classification,2.048815965652466,0.5555555555555556,0.5606464688430215,0.5746467110475731,0.5557208994708994,0.8795729290889694,-0.4444444444444444,-0.4393535311569785,27,"AMPKA_N,ARC_N,AcetylH3K9_N,Behavior,CaNA_N,EGR1_N,ELK_N,GluR3_N,GluR4_N,H3AcK18_N,H3MeK4_N,MTOR_N,NR2A_N,NR2B_N,PSD95_N,SHH_N,SOD1_N,SYP_N,TIAM1_N,Tau_N,Ubiquitin_N,Unnamed: 0,pCASP9_N,pGSK3B_N,pGSK3B_Tyr216_N,pPKCG_N,pS6_N,synthetic_target_2"
mice_protein_synthetic_target_2_base,classification,2.048815965652466,0.5555555555555556,0.558808156445137,0.5675129878646502,0.5551994301994302,0.9016502114858415,-0.4444444444444444,-0.44119184355486296,28,"AMPKA_N,ARC_N,AcetylH3K9_N,Behavior,CaNA_N,EGR1_N,ELK_N,GluR3_N,GluR4_N,H3AcK18_N,H3MeK4_N,MTOR_N,NR2A_N,NR2B_N,NUMB_N,PSD95_N,SHH_N,SOD1_N,SYP_N,TIAM1_N,Tau_N,Ubiquitin_N,Unnamed: 0,pCASP9_N,pGSK3B_N,pGSK3B_Tyr216_N,pPKCG_N,pS6_N,synthetic_target_2"
mice_protein_synthetic_target_2_base,classification,2.048815965652466,0.5509259259259259,0.5525468372949951,0.5589527793876171,0.5505570818070817,0.8942330195829636,-0.44791666666666663,-0.44628184360265133,29,"AMPKA_N,ARC_N,AcetylH3K9_N,Behavior,CaNA_N,EGR1_N,ELK_N,GluR3_N,GluR4_N,H3AcK18_N,H3MeK4_N,MTOR_N,NR2A_N,NR2B_N,NUMB_N,P70S6_N,PSD95_N,SHH_N,SOD1_N,SYP_N,TIAM1_N,Tau_N,Ubiquitin_N,Unnamed: 0,pCASP9_N,pGSK3B_N,pGSK3B_Tyr216_N,pPKCG_N,pS6_N,synthetic_target_2"
mice_protein_synthetic_target_2_base,classification,2.048815965652466,0.5601851851851852,0.559960545692773,0.5678631675342201,0.5594729344729344,0.8826391055894706,-0.43981481481481477,-0.440039454307227,30,"AKT_N,AMPKA_N,ARC_N,AcetylH3K9_N,Behavior,CaNA_N,EGR1_N,ELK_N,GluR3_N,GluR4_N,H3AcK18_N,H3MeK4_N,MTOR_N,NR2A_N,NR2B_N,NUMB_N,P70S6_N,PSD95_N,SHH_N,SOD1_N,SYP_N,TIAM1_N,Tau_N,Ubiquitin_N,Unnamed: 0,pCASP9_N,pGSK3B_N,pGSK3B_Tyr216_N,pPKCG_N,pS6_N,synthetic_target_2"
mice_protein_synthetic_target_2_base,classification,2.048815965652466,0.5648148148148148,0.5664164923127187,0.5713453906163801,0.5648020960520961,0.8836080021646256,-0.43518518518518523,-0.43358350768728127,31,"AKT_N,AMPKA_N,ARC_N,AcetylH3K9_N,Behavior,CaNA_N,EGR1_N,ELK_N,GluR3_N,GluR4_N,H3AcK18_N,H3MeK4_N,MTOR_N,NR2A_N,NR2B_N,NUMB_N,P70S6_N,PSD95_N,RSK_N,SHH_N,SOD1_N,SYP_N,TIAM1_N,Tau_N,Ubiquitin_N,Unnamed: 0,pCASP9_N,pGSK3B_N,pGSK3B_Tyr216_N,pPKCG_N,pS6_N,synthetic_target_2"
mice_protein_synthetic_target_2_base,classification,2.048815965652466,0.5462962962962963,0.5459137030243587,0.5508643900028172,0.54625814000814,0.8817108454638394,-0.4537037037037037,-0.4540862969756413,32,"AKT_N,AMPKA_N,ARC_N,AcetylH3K9_N,Behavior,CaNA_N,EGR1_N,ELK_N,GluR3_N,GluR4_N,H3AcK18_N,H3MeK4_N,MTOR_N,NR2A_N,NR2B_N,NUMB_N,P70S6_N,PSD95_N,RSK_N,SHH_N,SOD1_N,SYP_N,TIAM1_N,Tau_N,Ubiquitin_N,Unnamed: 0,pCASP9_N,pCFOS_N,pGSK3B_N,pGSK3B_Tyr216_N,pPKCG_N,pS6_N,synthetic_target_2"
mice_protein_synthetic_target_2_base,classification,2.048815965652466,0.5648148148148148,0.5666643685335095,0.573055160378749,0.5646240333740333,0.8957061100993072,-0.4282407407407408,-0.4264089307768445,33,"AKT_N,AMPKA_N,ARC_N,AcetylH3K9_N,Behavior,CaNA_N,EGR1_N,ELK_N,GluR3_N,GluR4_N,H3AcK18_N,H3MeK4_N,MTOR_N,NR2A_N,NR2B_N,NUMB_N,P70S6_N,PSD95_N,RSK_N,S6_N,SHH_N,SOD1_N,SYP_N,TIAM1_N,Tau_N,Ubiquitin_N,Unnamed: 0,pCASP9_N,pCFOS_N,pGSK3B_N,pGSK3B_Tyr216_N,pPKCG_N,pS6_N,synthetic_target_2"
mice_protein_synthetic_target_2_base,classification,2.048815965652466,0.5787037037037037,0.5778202332960432,0.5817619440241721,0.5788563288563289,0.892419003531346,-0.3993055555555556,-0.4002763873055588,34,"AKT_N,AMPKA_N,ARC_N,AcetylH3K9_N,Behavior,CaNA_N,EGR1_N,ELK_N,GluR3_N,GluR4_N,H3AcK18_N,H3MeK4_N,IL1B_N,MTOR_N,NR2A_N,NR2B_N,NUMB_N,P70S6_N,PSD95_N,RSK_N,S6_N,SHH_N,SOD1_N,SYP_N,TIAM1_N,Tau_N,Ubiquitin_N,Unnamed: 0,pCASP9_N,pCFOS_N,pGSK3B_N,pGSK3B_Tyr216_N,pPKCG_N,pS6_N,synthetic_target_2"
mice_protein_synthetic_target_2_base,classification,2.048815965652466,0.5648148148148148,0.5635139783471994,0.568890625657867,0.5647893772893773,0.8851476617492389,-0.43518518518518523,-0.4364860216528006,35,"AKT_N,AMPKA_N,ARC_N,AcetylH3K9_N,BRAF_N,Behavior,CaNA_N,EGR1_N,ELK_N,GluR3_N,GluR4_N,H3AcK18_N,H3MeK4_N,IL1B_N,MTOR_N,NR2A_N,NR2B_N,NUMB_N,P70S6_N,PSD95_N,RSK_N,S6_N,SHH_N,SOD1_N,SYP_N,TIAM1_N,Tau_N,Ubiquitin_N,Unnamed: 0,pCASP9_N,pCFOS_N,pGSK3B_N,pGSK3B_Tyr216_N,pPKCG_N,pS6_N,synthetic_target_2"
mice_protein_synthetic_target_2_base,classification,2.048815965652466,0.5416666666666666,0.5404434747371475,0.5504738451512645,0.5414504477004477,0.8898875553394627,-0.44444444444444453,-0.4457006696325787,36,"AKT_N,AMPKA_N,ARC_N,AcetylH3K9_N,BRAF_N,Behavior,CaNA_N,EGR1_N,ELK_N,GluR3_N,GluR4_N,H3AcK18_N,H3MeK4_N,IL1B_N,MTOR_N,NR2A_N,NR2B_N,NUMB_N,P70S6_N,PSD95_N,RSK_N,S6_N,SHH_N,SOD1_N,SYP_N,TIAM1_N,Tau_N,Ubiquitin_N,Unnamed: 0,pCASP9_N,pCFOS_N,pGSK3B_N,pGSK3B_Tyr216_N,pNUMB_N,pPKCG_N,pS6_N,synthetic_target_2"
mice_protein_synthetic_target_2_base,classification,2.048815965652466,0.5277777777777778,0.5244446482674558,0.5331272385945707,0.5278922466422467,0.8827981048936993,-0.4652777777777778,-0.4686399394039449,37,"AKT_N,AMPKA_N,ARC_N,AcetylH3K9_N,BRAF_N,Behavior,CaNA_N,EGR1_N,ELK_N,GluR3_N,GluR4_N,H3AcK18_N,H3MeK4_N,IL1B_N,MTOR_N,NR2A_N,NR2B_N,NUMB_N,P70S6_N,PSD95_N,RSK_N,S6_N,SHH_N,SOD1_N,SYP_N,TIAM1_N,Tau_N,Treatment,Ubiquitin_N,Unnamed: 0,pCASP9_N,pCFOS_N,pGSK3B_N,pGSK3B_Tyr216_N,pNUMB_N,pPKCG_N,pS6_N,synthetic_target_2"
mice_protein_synthetic_target_2_base,classification,2.048815965652466,0.5648148148148148,0.5636897188887884,0.5662872228950857,0.5651327838827839,0.8838445171870528,-0.43518518518518523,-0.4363102811112116,38,"AKT_N,AMPKA_N,ARC_N,AcetylH3K9_N,BRAF_N,Behavior,CaNA_N,EGR1_N,ELK_N,GluR3_N,GluR4_N,H3AcK18_N,H3MeK4_N,IL1B_N,MTOR_N,NR2A_N,NR2B_N,NUMB_N,P38_N,P70S6_N,PSD95_N,RSK_N,S6_N,SHH_N,SOD1_N,SYP_N,TIAM1_N,Tau_N,Treatment,Ubiquitin_N,Unnamed: 0,pCASP9_N,pCFOS_N,pGSK3B_N,pGSK3B_Tyr216_N,pNUMB_N,pPKCG_N,pS6_N,synthetic_target_2"
mice_protein_synthetic_target_2_base,classification,2.048815965652466,0.5324074074074074,0.5320433638977218,0.5414502375643679,0.5325345950345951,0.8864662628443942,-0.46759259259259256,-0.4679566361022782,39,"AKT_N,AMPKA_N,ARC_N,AcetylH3K9_N,BRAF_N,Behavior,CaNA_N,EGR1_N,ELK_N,GluR3_N,GluR4_N,H3AcK18_N,H3MeK4_N,IL1B_N,MTOR_N,NR2A_N,NR2B_N,NUMB_N,P38_N,P70S6_N,PSD95_N,RSK_N,S6_N,SHH_N,SOD1_N,SYP_N,TIAM1_N,Tau_N,Treatment,Ubiquitin_N,Unnamed: 0,pCASP9_N,pCFOS_N,pGSK3B_N,pGSK3B_Tyr216_N,pNUMB_N,pPKCG_N,pS6_N,synthetic_target_1,synthetic_target_2"
mice_protein_synthetic_target_2_base,classification,2.048815965652466,0.5416666666666666,0.540833729688717,0.5467910347600039,0.5417938542938543,0.8781975656291321,-0.45833333333333337,-0.459166270311283,40,"AKT_N,AMPKA_N,ARC_N,AcetylH3K9_N,BRAF_N,Behavior,CaNA_N,EGR1_N,ELK_N,GluR3_N,GluR4_N,H3AcK18_N,H3MeK4_N,IL1B_N,MTOR_N,NR2A_N,NR2B_N,NUMB_N,P38_N,P70S6_N,PSD95_N,RSK_N,S6_N,SHH_N,SOD1_N,SYP_N,TIAM1_N,Tau_N,Treatment,Ubiquitin_N,Unnamed: 0,pCASP9_N,pCFOS_N,pGSK3B_N,pGSK3B_Tyr216_N,pNUMB_N,pPKCAB_N,pPKCG_N,pS6_N,synthetic_target_1,synthetic_target_2"
