benchmark,problem,augmentation_time,test_accuracy,test_f1,test_precision,test_recall,test_auc,overfit_gap_accuracy,overfit_gap_f1,num_new_features,selected_features
jannis,classification,172.97877383232117,0.6481417158735672,0.6478089172147588,0.6487037791474998,0.6481417158735672,0.697652078911368,-0.002192601597777011,-0.0020546687320573964,1,"V20,class"
jannis,classification,172.97877383232117,0.6996352900312609,0.6996351065757013,0.6996357777619395,0.6996352900312608,0.7620341651906507,-0.037599861062869055,-0.03759996080583328,2,"V2,V20,class"
jannis,classification,172.97877383232117,0.7236019451198332,0.7221481608473437,0.728381726504455,0.7236019451198332,0.7919277719954332,-0.009942688433483893,-0.01006675294751791,3,"V2,V20,V21,class"
jannis,classification,172.97877383232117,0.7342827370614797,0.7340199143144472,0.7352124183006536,0.7342827370614797,0.8084362834631154,-0.00260507120527953,-0.0025696490154970553,4,"V2,V20,V21,V26,class"
jannis,classification,172.97877383232117,0.7533865925668635,0.7530325876309087,0.7548477955112153,0.7533865925668635,0.8292726455398417,-0.011701111497047667,-0.011679292631568083,5,"V15,V2,V20,V21,V26,class"
jannis,classification,172.97877383232117,0.7605071205279611,0.7601537957651612,0.7620512633801791,0.760507120527961,0.837212185930118,-0.057941125390760684,-0.05801588007199243,6,"V12,V15,V2,V20,V21,V26,class"
jannis,classification,172.97877383232117,0.7647620701632512,0.7643645496010572,0.7665608388004738,0.7647620701632512,0.8416937710295331,-0.02974122959360892,-0.02978854038474421,7,"V12,V15,V2,V20,V21,V22,V26,class"
jannis,classification,172.97877383232117,0.7697117054532824,0.769368874088967,0.7713249953849555,0.7697117054532824,0.8496630961577416,-0.080431573463008,-0.08060781356672397,8,"V12,V15,V2,V20,V21,V22,V23,V26,class"
jannis,classification,172.97877383232117,0.7748350121569989,0.7743516381525264,0.7772103232460132,0.7748350121569989,0.851580056971945,-0.044069121222646834,-0.044205650445707345,9,"V12,V15,V2,V20,V21,V22,V23,V24,V26,class"
jannis,classification,172.97877383232117,0.7730982980201458,0.7726364999118429,0.7753352320799114,0.7730982980201458,0.8512427580106318,-0.052101424105592264,-0.052272816329729466,10,"V12,V13,V15,V2,V20,V21,V22,V23,V24,V26,class"
jannis,classification,172.97877383232117,0.7752691906912123,0.7748170938104448,0.777497705263524,0.7752691906912123,0.8560681419306253,-0.08416550885724206,-0.08439807366844021,11,"V12,V13,V15,V2,V20,V21,V22,V23,V24,V26,V27,class"
jannis,classification,172.97877383232117,0.7797846474470302,0.7793819601639546,0.781842400303836,0.7797846474470302,0.8573283907458412,-0.1411297325460229,-0.14147608366778186,12,"V11,V12,V13,V15,V2,V20,V21,V22,V23,V24,V26,V27,class"
jannis,classification,172.97877383232117,0.778829454671761,0.778429946683063,0.7808550685463963,0.778829454671761,0.8572446767811515,-0.10133726988537683,-0.10158543259217445,13,"V11,V12,V13,V15,V16,V2,V20,V21,V22,V23,V24,V26,V27,class"
jannis,classification,172.97877383232117,0.7764848905870094,0.7761245716658697,0.7782763913309565,0.7764848905870094,0.8549828313230119,-0.02053664466828753,-0.020542235875767978,14,"V10,V11,V12,V13,V15,V16,V2,V20,V21,V22,V23,V24,V26,V27,class"
jannis,classification,172.97877383232117,0.7794373046196597,0.7790470147449843,0.7814257387871341,0.7794373046196597,0.8575235373325977,-0.10335620006946855,-0.10361517324180325,15,"V10,V11,V12,V13,V15,V16,V2,V20,V21,V22,V23,V24,V26,V27,V28,class"
jannis,classification,172.97877383232117,0.779610976033345,0.7792338007947327,0.7815349665457847,0.779610976033345,0.8564440630255309,-0.13978377908996176,-0.1400950116316163,16,"V10,V11,V12,V13,V15,V16,V2,V20,V21,V22,V23,V24,V26,V27,V28,V52,class"
jannis,classification,172.97877383232117,0.7784821118443904,0.7781357685587864,0.7802319469141534,0.7784821118443904,0.8554392692360546,-0.11892150052101425,-0.11915980816685134,17,"V10,V11,V12,V13,V15,V16,V2,V20,V21,V22,V23,V24,V26,V27,V28,V51,V52,class"
jannis,classification,172.97877383232117,0.7781347690170198,0.7777502578295605,0.7800729704183642,0.7781347690170197,0.8557108155607174,-0.13637547759638757,-0.13669121445491017,18,"V10,V11,V12,V13,V15,V16,V2,V20,V21,V22,V23,V24,V26,V27,V28,V30,V51,V52,class"
jannis,classification,172.97877383232117,0.7764848905870094,0.776079491543907,0.7785017553377142,0.7764848905870094,0.8568022791673569,-0.07999739492879465,-0.08019130153899634,19,"V10,V11,V12,V13,V15,V16,V2,V20,V21,V22,V23,V24,V26,V27,V28,V30,V51,V52,V6,class"
jannis,classification,172.97877383232117,0.7777005904828065,0.7773422313382387,0.7794999684285173,0.7777005904828065,0.8530209294865106,-0.13400920458492538,-0.13428534966934835,20,"V10,V11,V12,V13,V15,V16,V2,V20,V21,V22,V23,V24,V26,V27,V28,V30,V31,V51,V52,V6,class"
jannis,classification,172.97877383232117,0.7720562695380341,0.7716445269112839,0.774032678217334,0.772056269538034,0.8483951108511033,-0.046739319208058294,-0.04680089446319302,21,"V10,V11,V12,V13,V14,V15,V16,V2,V20,V21,V22,V23,V24,V26,V27,V28,V30,V31,V51,V52,V6,class"
jannis,classification,172.97877383232117,0.7812608544633554,0.7808427464347949,0.783423716599413,0.7812608544633554,0.8598177161973838,-0.142931573463008,-0.14331876912551755,22,"V10,V11,V12,V13,V14,V15,V16,V18,V2,V20,V21,V22,V23,V24,V26,V27,V28,V30,V31,V51,V52,V6,class"
jannis,classification,172.97877383232117,0.7730982980201458,0.7726917894245724,0.775065964363219,0.7730982980201458,0.8517825931898849,-0.05145015630427241,-0.05151795037825124,23,"V10,V11,V12,V13,V14,V15,V16,V18,V2,V20,V21,V22,V23,V24,V26,V27,V28,V30,V31,V34,V51,V52,V6,class"
jannis,classification,172.97877383232117,0.7765717262938521,0.7762554074764212,0.7781446336989254,0.7765717262938521,0.8557225334044507,-0.06291246960750252,-0.06301753749251271,24,"V10,V11,V12,V13,V14,V15,V16,V18,V2,V20,V21,V22,V23,V24,V26,V27,V28,V30,V31,V33,V34,V51,V52,V6,class"
jannis,classification,172.97877383232117,0.7822160472386245,0.7819529799637404,0.7835845929044554,0.7822160472386245,0.8616696331762951,-0.10511462313303233,-0.10526869997893795,25,"V10,V11,V12,V13,V14,V15,V16,V18,V2,V20,V21,V22,V23,V24,V26,V27,V28,V30,V31,V33,V34,V51,V52,V6,V9,class"
jannis,classification,172.97877383232117,0.783605418548107,0.7832861707928868,0.7852864753998884,0.783605418548107,0.8632439111550374,-0.07422282042375827,-0.07437693281650837,26,"V10,V11,V12,V13,V14,V15,V16,V18,V19,V2,V20,V21,V22,V23,V24,V26,V27,V28,V30,V31,V33,V34,V51,V52,V6,V9,class"
jannis,classification,172.97877383232117,0.7956755817992358,0.7953700292215924,0.7974521990916583,0.7956755817992358,0.8750370386411959,-0.0691863494268844,-0.06934517946255236,27,"V10,V11,V12,V13,V14,V15,V16,V18,V19,V2,V20,V21,V22,V23,V24,V26,V27,V28,V30,V31,V33,V34,V5,V51,V52,V6,V9,class"
jannis,classification,172.97877383232117,0.7950677318513373,0.7947459080228791,0.7969299923500517,0.7950677318513373,0.8737054271019821,-0.08355765890934352,-0.0837683852797737,28,"V10,V11,V12,V13,V14,V15,V16,V18,V19,V2,V20,V21,V22,V23,V24,V26,V27,V28,V30,V31,V33,V34,V45,V5,V51,V52,V6,V9,class"
jannis,classification,172.97877383232117,0.7964571031608197,0.7961318198384226,0.7983613132078826,0.7964571031608196,0.8730314474954339,-0.09386939909690861,-0.09409094976726351,29,"V10,V11,V12,V13,V14,V15,V16,V18,V19,V2,V20,V21,V22,V23,V24,V26,V27,V28,V30,V31,V33,V34,V39,V45,V5,V51,V52,V6,V9,class"
jannis,classification,172.97877383232117,0.7941993747829107,0.7938168909130796,0.796398735064215,0.7941993747829108,0.8730332119583898,-0.10159777700590489,-0.10189462397798965,30,"V10,V11,V12,V13,V14,V15,V16,V18,V19,V2,V20,V21,V22,V23,V24,V26,V27,V28,V30,V31,V33,V34,V35,V39,V45,V5,V51,V52,V6,V9,class"
jannis,classification,172.97877383232117,0.7948072247308093,0.7944575329120848,0.7968272072173355,0.7948072247308093,0.8726981148055513,-0.07760941299062174,-0.07780977728027383,31,"V10,V11,V12,V13,V14,V15,V16,V18,V19,V2,V20,V21,V22,V23,V24,V26,V27,V28,V30,V31,V33,V34,V35,V39,V40,V45,V5,V51,V52,V6,V9,class"
jannis,classification,172.97877383232117,0.7942862104897533,0.7939115712357512,0.7964417652182239,0.7942862104897535,0.8715954762668572,-0.06922976728030572,-0.06943851044255644,32,"V10,V11,V12,V13,V14,V15,V16,V18,V19,V2,V20,V21,V22,V23,V24,V26,V27,V28,V30,V31,V33,V34,V35,V39,V40,V44,V45,V5,V51,V52,V6,V9,class"
jannis,classification,172.97877383232117,0.7935046891281695,0.7931804107111893,0.7953570847978737,0.7935046891281695,0.8711388423023749,-0.02129645710316086,-0.021357629668316225,33,"V10,V11,V12,V13,V14,V15,V16,V18,V19,V2,V20,V21,V22,V23,V24,V26,V27,V28,V30,V31,V33,V34,V35,V39,V40,V44,V45,V5,V51,V52,V6,V8,V9,class"
jannis,classification,172.97877383232117,0.7934178534213269,0.7929941570562162,0.7958399358844354,0.7934178534213269,0.8701613449056366,-0.0532519972212574,-0.05342771229372678,34,"V10,V11,V12,V13,V14,V15,V16,V18,V19,V2,V20,V21,V22,V23,V24,V26,V27,V28,V30,V31,V33,V34,V35,V37,V39,V40,V44,V45,V5,V51,V52,V6,V8,V9,class"
jannis,classification,172.97877383232117,0.7942862104897533,0.793961738685228,0.7961517453787237,0.7942862104897535,0.8735581321473569,-0.07984543244182007,-0.08004159131058153,35,"V1,V10,V11,V12,V13,V14,V15,V16,V18,V19,V2,V20,V21,V22,V23,V24,V26,V27,V28,V30,V31,V33,V34,V35,V37,V39,V40,V44,V45,V5,V51,V52,V6,V8,V9,class"
jannis,classification,172.97877383232117,0.7931573463007989,0.7928549499120465,0.7948792395756387,0.7931573463007988,0.872289483282,-0.02416203542896833,-0.024199482730035804,36,"V1,V10,V11,V12,V13,V14,V15,V16,V18,V19,V2,V20,V21,V22,V23,V24,V26,V27,V28,V30,V31,V33,V34,V35,V37,V39,V40,V41,V44,V45,V5,V51,V52,V6,V8,V9,class"
jannis,classification,172.97877383232117,0.7936783605418548,0.7933515019565361,0.795548250406741,0.7936783605418548,0.8715716786382715,-0.03447377561653353,-0.03453607405801806,37,"V1,V10,V11,V12,V13,V14,V15,V16,V18,V19,V2,V20,V21,V22,V23,V24,V26,V27,V28,V30,V31,V33,V34,V35,V37,V39,V40,V41,V44,V45,V46,V5,V51,V52,V6,V8,V9,class"
jannis,classification,172.97877383232117,0.7967176102813477,0.7963997782031043,0.7985820276288313,0.7967176102813477,0.8739690559646629,-0.06241316429315735,-0.06254225194126772,38,"V1,V10,V11,V12,V13,V14,V15,V16,V18,V19,V2,V20,V21,V22,V23,V24,V25,V26,V27,V28,V30,V31,V33,V34,V35,V37,V39,V40,V41,V44,V45,V46,V5,V51,V52,V6,V8,V9,class"
jannis,classification,172.97877383232117,0.7979333101771449,0.7976256687650054,0.7997560189048857,0.7979333101771449,0.8746695025155511,-0.0735498436957277,-0.0737181354800569,39,"V1,V10,V11,V12,V13,V14,V15,V16,V18,V19,V2,V20,V21,V22,V23,V24,V25,V26,V27,V28,V30,V31,V33,V34,V35,V37,V39,V40,V41,V42,V44,V45,V46,V5,V51,V52,V6,V8,V9,class"
jannis,classification,172.97877383232117,0.7942862104897533,0.7939085073536467,0.7964594914576251,0.7942862104897535,0.871689309502004,-0.05846213963181668,-0.05862676548572243,40,"V1,V10,V11,V12,V13,V14,V15,V16,V17,V18,V19,V2,V20,V21,V22,V23,V24,V25,V26,V27,V28,V30,V31,V33,V34,V35,V37,V39,V40,V41,V42,V44,V45,V46,V5,V51,V52,V6,V8,V9,class"
jannis_un_dirty,classification,430.4954791069031,0.6481417158735672,0.6478089172147588,0.6487037791474998,0.6481417158735672,0.697652078911368,-0.002192601597777011,-0.0020546687320573964,1,"V20,class"
jannis_un_dirty,classification,430.4954791069031,0.6996352900312609,0.6996351065757013,0.6996357777619395,0.6996352900312608,0.7620341651906507,-0.037599861062869055,-0.03759996080583328,2,"V2,V20,class"
jannis_un_dirty,classification,430.4954791069031,0.7236019451198332,0.7221481608473437,0.728381726504455,0.7236019451198332,0.7919277719954332,-0.009942688433483893,-0.01006675294751791,3,"V2,V20,V21,class"
jannis_un_dirty,classification,430.4954791069031,0.7419242792636332,0.7413470985091555,0.744103131755836,0.7419242792636331,0.8189100149228323,-0.01942948940604372,-0.019460580412787754,4,"V15,V2,V20,V21,class"
jannis_un_dirty,classification,430.4954791069031,0.7507815213615839,0.7504464128904936,0.7521358252912379,0.7507815213615838,0.8261710363616908,-0.024878430010420227,-0.02490323165079522,5,"V15,V2,V20,V21,V26,class"
jannis_un_dirty,classification,430.4954791069031,0.7599861062869052,0.7595856521485218,0.7617299429544189,0.7599861062869052,0.8373951170041024,-0.06447551233067028,-0.06461049910016825,6,"V12,V15,V2,V20,V21,V26,class"
jannis_un_dirty,classification,430.4954791069031,0.768061827023272,0.7676665553991445,0.7698985533666907,0.768061827023272,0.8460096474198846,-0.044199374782910694,-0.0442933117470935,7,"V12,V15,V2,V20,V21,V23,V26,class"
jannis_un_dirty,classification,430.4954791069031,0.7684091698506426,0.7681280226922675,0.7697173099049054,0.7684091698506426,0.848596380275126,-0.05891802709274052,-0.05896533619549049,8,"V12,V15,V2,V20,V21,V22,V23,V26,class"
jannis_un_dirty,classification,430.4954791069031,0.7758770406391108,0.7754655371379324,0.7779143713074285,0.7758770406391109,0.8529689004506288,-0.11512243834664815,-0.11541465842557241,9,"V12,V15,V2,V20,V21,V22,V23,V24,V26,class"
jannis_un_dirty,classification,430.4954791069031,0.7767453977075374,0.7763014881324508,0.7789596792717366,0.7767453977075374,0.8521096522337015,-0.054424279263633135,-0.05457528559210523,10,"V11,V12,V15,V2,V20,V21,V22,V23,V24,V26,class"
jannis_un_dirty,classification,430.4954791069031,0.7759638763459534,0.7755542023750011,0.7779935282947208,0.7759638763459535,0.8532474744653556,-0.06623393539423417,-0.0663883954311345,11,"V11,V12,V13,V15,V2,V20,V21,V22,V23,V24,V26,class"
jannis_un_dirty,classification,430.4954791069031,0.7799583188607155,0.7795526651639572,0.7820342475210365,0.7799583188607155,0.8581897201242037,-0.10548367488711352,-0.1057642927953123,12,"V11,V12,V13,V15,V2,V20,V21,V22,V23,V24,V26,V27,class"
jannis_un_dirty,classification,430.4954791069031,0.7789162903786037,0.778384727577049,0.781618230072735,0.7789162903786038,0.8572379356278068,-0.09634421674192428,-0.09671707872445534,13,"V11,V12,V13,V15,V16,V2,V20,V21,V22,V23,V24,V26,V27,class"
jannis_un_dirty,classification,430.4954791069031,0.7789162903786037,0.7785442692481205,0.7808031633880708,0.7789162903786037,0.8561278320535297,-0.11260420284821115,-0.11285688564052443,14,"V10,V11,V12,V13,V15,V16,V2,V20,V21,V22,V23,V24,V26,V27,class"
jannis_un_dirty,classification,430.4954791069031,0.7795241403265023,0.7791094011974307,0.7816393386127446,0.7795241403265023,0.8568176767458018,-0.09680010420284813,-0.09705227181633314,15,"V10,V11,V12,V13,V15,V16,V2,V20,V21,V22,V23,V24,V25_shuffled_1,V26,V27,class"
jannis_un_dirty,classification,430.4954791069031,0.7814345258770407,0.7810461674653755,0.7834455151119529,0.7814345258770407,0.8584866626507289,-0.1253690517540813,-0.1256800035008192,16,"V10,V11,V11_shuffled_1,V12,V13,V15,V16,V2,V20,V21,V22,V23,V24,V25_shuffled_1,V26,V27,class"
jannis_un_dirty,classification,430.4954791069031,0.7792636332059742,0.7788890367644714,0.7811690097457968,0.7792636332059744,0.855293331560626,-0.13843782563390072,-0.1387440669235892,17,"V10,V11,V11_shuffled_1,V12,V13,V15,V16,V2,V20,V21,V21_shuffled_2,V22,V23,V24,V25_shuffled_1,V26,V27,class"
jannis_un_dirty,classification,430.4954791069031,0.7742271622091004,0.7738504687359467,0.776066519655997,0.7742271622091004,0.8547614440051149,-0.032259465092045914,-0.032290180049020734,18,"V10,V11,V11_shuffled_1,V12,V13,V15,V16,V2,V20,V21,V21_shuffled_2,V22,V23,V24,V25_shuffled_1,V26,V27,V33_shuffled_2,class"
jannis_un_dirty,classification,430.4954791069031,0.7741403265022577,0.7736699370892814,0.776438451982894,0.7741403265022577,0.8525806582767911,-0.05255731156651611,-0.05268881122450919,19,"V10,V11,V11_shuffled_1,V12,V13,V15,V16,V16_shuffled_1,V2,V20,V21,V21_shuffled_2,V22,V23,V24,V25_shuffled_1,V26,V27,V33_shuffled_2,class"
jannis_un_dirty,classification,430.4954791069031,0.7724904480722473,0.7721456140497145,0.7741500388725326,0.7724904480722473,0.8520105105288068,-0.020080757207363686,-0.020091566727567622,20,"V10,V11,V11_shuffled_1,V12,V13,V15,V15_shuffled_1,V16,V16_shuffled_1,V2,V20,V21,V21_shuffled_2,V22,V23,V24,V25_shuffled_1,V26,V27,V33_shuffled_2,class"
jannis_un_dirty,classification,430.4954791069031,0.77683223341438,0.7764567054075686,0.7787050077463168,0.77683223341438,0.8529487373141146,-0.15721604723862448,-0.15754156366981475,21,"V10,V11,V11_shuffled_1,V12,V13,V13_shuffled_1,V15,V15_shuffled_1,V16,V16_shuffled_1,V2,V20,V21,V21_shuffled_2,V22,V23,V24,V25_shuffled_1,V26,V27,V33_shuffled_2,class"
jannis_un_dirty,classification,430.4954791069031,0.7718825981243488,0.7715290699412725,0.7735758863868504,0.7718825981243487,0.8512032913477613,-0.060198853768669625,-0.06022917318085641,22,"V10,V11,V11_shuffled_1,V12,V13,V13_shuffled_1,V15,V15_shuffled_1,V16,V16_shuffled_1,V2,V20,V21,V21_shuffled_2,V22,V23,V24,V25_shuffled_1,V26,V27,V33_shuffled_2,V51,class"
jannis_un_dirty,classification,430.4954791069031,0.7755296978117402,0.7751599512710584,0.777354118799902,0.7755296978117402,0.8520833964216812,-0.1503560263980549,-0.15065021923699506,23,"V10,V11,V11_shuffled_1,V12,V13,V13_shuffled_1,V15,V15_shuffled_1,V16,V16_shuffled_1,V2,V20,V21,V21_shuffled_2,V22,V23,V24,V25_shuffled_1,V26,V27,V33_shuffled_2,V45_shuffled_2,V51,class"
jannis_un_dirty,classification,430.4954791069031,0.7728377908996179,0.7724747613896389,0.7745902888398264,0.772837790899618,0.8513962964495627,-0.08559829802014596,-0.08574747938176741,24,"V10,V11,V11_shuffled_1,V12,V13,V13_shuffled_1,V15,V15_shuffled_1,V16,V16_shuffled_1,V2,V20,V21,V21_shuffled_2,V22,V23,V24,V25_shuffled_1,V26,V27,V33_shuffled_2,V45_shuffled_2,V51,V52_shuffled_1,class"
jannis_un_dirty,classification,430.4954791069031,0.7730982980201458,0.7727710905985713,0.7746804467170525,0.773098298020146,0.8503829970437855,-0.014197638068773943,-0.014184921642988568,25,"V10,V11,V11_shuffled_1,V12,V13,V13_shuffled_1,V15,V15_shuffled_1,V16,V16_shuffled_1,V2,V20,V21,V21_shuffled_2,V22,V22_shuffled_1,V23,V24,V25_shuffled_1,V26,V27,V33_shuffled_2,V45_shuffled_2,V51,V52_shuffled_1,class"
jannis_un_dirty,classification,430.4954791069031,0.7737061479680445,0.7733662167474933,0.7753582026364647,0.7737061479680445,0.8520173421674311,-0.08759551927752685,-0.08773566734197835,26,"V10,V11,V11_shuffled_1,V12,V13,V13_shuffled_1,V15,V15_shuffled_1,V16,V16_shuffled_1,V2,V20,V21,V21_shuffled_2,V22,V22_shuffled_1,V23,V24,V25_shuffled_1,V26,V27,V28,V33_shuffled_2,V45_shuffled_2,V51,V52_shuffled_1,class"
jannis_un_dirty,classification,430.4954791069031,0.7728377908996179,0.7724324882087498,0.7747954576605984,0.7728377908996179,0.8515825000744996,-0.11045501910385558,-0.11069775750349287,27,"V10,V11,V11_shuffled_1,V12,V13,V13_shuffled_1,V15,V15_shuffled_1,V16,V16_shuffled_1,V2,V20,V21,V21_shuffled_2,V22,V22_shuffled_1,V23,V24,V25_shuffled_1,V26,V27,V28,V30_shuffled_2,V33_shuffled_2,V45_shuffled_2,V51,V52_shuffled_1,class"
jannis_un_dirty,classification,430.4954791069031,0.7749218478638417,0.7745897892035163,0.7765514332872157,0.7749218478638416,0.852237492853171,-0.0380557485237929,-0.038075434750194814,28,"V10,V11,V11_shuffled_1,V12,V13,V13_shuffled_1,V15,V15_shuffled_1,V16,V16_shuffled_1,V2,V20,V21,V21_shuffled_2,V22,V22_shuffled_1,V23,V24,V25_shuffled_1,V26,V27,V28,V30_shuffled_2,V33_shuffled_2,V44_shuffled_1,V45_shuffled_2,V51,V52_shuffled_1,class"
jannis_un_dirty,classification,430.4954791069031,0.7720562695380341,0.7717823066154292,0.7733689276278003,0.7720562695380341,0.8505145475597266,-0.04120354289683914,-0.04121129069506968,29,"V10,V11,V11_shuffled_1,V12,V13,V13_shuffled_1,V15,V15_shuffled_1,V16,V16_shuffled_1,V2,V20,V21,V21_shuffled_2,V22,V22_shuffled_1,V23,V24,V25_shuffled_1,V26,V27,V28,V30_shuffled_2,V33_shuffled_2,V44_shuffled_1,V45_shuffled_2,V51,V51_shuffled_2,V52_shuffled_1,class"
jannis_un_dirty,classification,430.4954791069031,0.7704932268148663,0.770159221935558,0.772074744121559,0.7704932268148663,0.8502249946643847,-0.05982980201458832,-0.05988191265760279,30,"V10,V11,V11_shuffled_1,V12,V13,V13_shuffled_1,V15,V15_shuffled_1,V16,V16_shuffled_1,V2,V20,V21,V21_shuffled_2,V22,V22_shuffled_1,V23,V24,V25_shuffled_1,V26,V27,V28,V30_shuffled_2,V33_shuffled_2,V44_shuffled_1,V45_shuffled_1,V45_shuffled_2,V51,V51_shuffled_2,V52_shuffled_1,class"
jannis_un_dirty,classification,430.4954791069031,0.7759638763459534,0.7755995787405356,0.7777676176653349,0.7759638763459534,0.8540213347399169,-0.09056964223688779,-0.09074014677724629,31,"V10,V11,V11_shuffled_1,V12,V13,V13_shuffled_1,V13_shuffled_2,V15,V15_shuffled_1,V16,V16_shuffled_1,V2,V20,V21,V21_shuffled_2,V22,V22_shuffled_1,V23,V24,V25_shuffled_1,V26,V27,V28,V30_shuffled_2,V33_shuffled_2,V44_shuffled_1,V45_shuffled_1,V45_shuffled_2,V51,V51_shuffled_2,V52_shuffled_1,class"
jannis_un_dirty,classification,430.4954791069031,0.7710142410559222,0.7705903846979454,0.773032053107763,0.7710142410559222,0.8481666506005027,-0.06673324070857933,-0.06684324251078533,32,"V10,V11,V11_shuffled_1,V12,V12_shuffled_1,V13,V13_shuffled_1,V13_shuffled_2,V15,V15_shuffled_1,V16,V16_shuffled_1,V2,V20,V21,V21_shuffled_2,V22,V22_shuffled_1,V23,V24,V25_shuffled_1,V26,V27,V28,V30_shuffled_2,V33_shuffled_2,V44_shuffled_1,V45_shuffled_1,V45_shuffled_2,V51,V51_shuffled_2,V52_shuffled_1,class"
jannis_un_dirty,classification,430.4954791069031,0.7713615838832928,0.7710072482509975,0.7730516272625063,0.7713615838832928,0.8500546108825319,-0.03247655435915253,-0.03250010437468198,33,"V10,V11,V11_shuffled_1,V12,V12_shuffled_1,V13,V13_shuffled_1,V13_shuffled_2,V15,V15_shuffled_1,V16,V16_shuffled_1,V2,V20,V21,V21_shuffled_2,V22,V22_shuffled_1,V23,V24,V25_shuffled_1,V26,V27,V28,V30_shuffled_2,V33_shuffled_2,V37_shuffled_2,V44_shuffled_1,V45_shuffled_1,V45_shuffled_2,V51,V51_shuffled_2,V52_shuffled_1,class"
jannis_un_dirty,classification,430.4954791069031,0.7737929836748871,0.7733742708146181,0.7758314846039016,0.7737929836748871,0.8526901907079821,-0.06645102466134067,-0.06659431254019443,34,"V10,V11,V11_shuffled_1,V12,V12_shuffled_1,V13,V13_shuffled_1,V13_shuffled_2,V15,V15_shuffled_1,V16,V16_shuffled_1,V2,V20,V21,V21_shuffled_2,V22,V22_shuffled_1,V23,V24,V25_shuffled_1,V26,V27,V28,V30_shuffled_2,V33_shuffled_2,V37_shuffled_2,V44_shuffled_1,V45_shuffled_1,V45_shuffled_2,V51,V51_shuffled_2,V52,V52_shuffled_1,class"
jannis_un_dirty,classification,430.4954791069031,0.7704063911080237,0.770013463081668,0.7722670452868241,0.7704063911080237,0.8497506557468226,-0.05014762070163248,-0.05016468024069476,35,"V10,V11,V11_shuffled_1,V12,V12_shuffled_1,V13,V13_shuffled_1,V13_shuffled_2,V15,V15_shuffled_1,V16,V16_shuffled_1,V2,V20,V21,V21_shuffled_2,V22,V22_shuffled_1,V23,V24,V25_shuffled_1,V26,V27,V28,V30_shuffled_2,V33_shuffled_2,V37_shuffled_2,V44_shuffled_1,V45,V45_shuffled_1,V45_shuffled_2,V51,V51_shuffled_2,V52,V52_shuffled_1,class"
jannis_un_dirty,classification,430.4954791069031,0.7763980548801668,0.7760201975720642,0.7782758773046599,0.7763980548801668,0.8530752809779071,-0.08616273011462305,-0.08635380290488537,36,"V10,V11,V11_shuffled_1,V12,V12_shuffled_1,V13,V13_shuffled_1,V13_shuffled_2,V15,V15_shuffled_1,V16,V16_shuffled_1,V2,V20,V21,V21_shuffled_2,V22,V22_shuffled_1,V23,V24,V25_shuffled_1,V26,V27,V28,V30_shuffled_2,V33_shuffled_2,V37_shuffled_2,V43_shuffled_2,V44_shuffled_1,V45,V45_shuffled_1,V45_shuffled_2,V51,V51_shuffled_2,V52,V52_shuffled_1,class"
jannis_un_dirty,classification,430.4954791069031,0.7755296978117402,0.7751242293583501,0.7775313399245455,0.7755296978117402,0.8529800452209234,-0.11390673845085098,-0.11417815220978356,37,"V10,V11,V11_shuffled_1,V12,V12_shuffled_1,V13,V13_shuffled_1,V13_shuffled_2,V15,V15_shuffled_1,V16,V16_shuffled_1,V2,V20,V21,V21_shuffled_2,V22,V22_shuffled_1,V23,V24,V25_shuffled_1,V26,V27,V28,V30_shuffled_2,V31,V33_shuffled_2,V37_shuffled_2,V43_shuffled_2,V44_shuffled_1,V45,V45_shuffled_1,V45_shuffled_2,V51,V51_shuffled_2,V52,V52_shuffled_1,class"
jannis_un_dirty,classification,430.4954791069031,0.7710142410559222,0.7707193482359567,0.7724157276885351,0.7710142410559222,0.8503266247144737,-0.06482285515804098,-0.0648772012569181,38,"V10,V11,V11_shuffled_1,V12,V12_shuffled_1,V12_shuffled_2,V13,V13_shuffled_1,V13_shuffled_2,V15,V15_shuffled_1,V16,V16_shuffled_1,V2,V20,V21,V21_shuffled_2,V22,V22_shuffled_1,V23,V24,V25_shuffled_1,V26,V27,V28,V30_shuffled_2,V31,V33_shuffled_2,V37_shuffled_2,V43_shuffled_2,V44_shuffled_1,V45,V45_shuffled_1,V45_shuffled_2,V51,V51_shuffled_2,V52,V52_shuffled_1,class"
jannis_un_dirty,classification,430.4954791069031,0.7710142410559222,0.7705226647929857,0.7733565304425932,0.7710142410559222,0.8471509834965709,-0.04218044459881898,-0.042272878457999985,39,"V10,V11,V11_shuffled_1,V12,V12_shuffled_1,V12_shuffled_2,V13,V13_shuffled_1,V13_shuffled_2,V15,V15_shuffled_1,V16,V16_shuffled_1,V2,V20,V21,V21_shuffled_2,V22,V22_shuffled_1,V23,V24,V25_shuffled_1,V26,V27,V28,V30_shuffled_2,V31,V33_shuffled_2,V37_shuffled_2,V40_shuffled_2,V43_shuffled_2,V44_shuffled_1,V45,V45_shuffled_1,V45_shuffled_2,V51,V51_shuffled_2,V52,V52_shuffled_1,class"
jannis_un_dirty,classification,430.4954791069031,0.7742271622091004,0.7738694886729773,0.7759732036618829,0.7742271622091004,0.8522510807260202,-0.06816602987148312,-0.0682718308691459,40,"V10,V11,V11_shuffled_1,V12,V12_shuffled_1,V12_shuffled_2,V13,V13_shuffled_1,V13_shuffled_2,V14_shuffled_1,V15,V15_shuffled_1,V16,V16_shuffled_1,V2,V20,V21,V21_shuffled_2,V22,V22_shuffled_1,V23,V24,V25_shuffled_1,V26,V27,V28,V30_shuffled_2,V31,V33_shuffled_2,V37_shuffled_2,V40_shuffled_2,V43_shuffled_2,V44_shuffled_1,V45,V45_shuffled_1,V45_shuffled_2,V51,V51_shuffled_2,V52,V52_shuffled_1,class"
jannis_un_clean,classification,133.3571047782898,0.6481417158735672,0.6478089172147588,0.6487037791474998,0.6481417158735672,0.697652078911368,-0.002192601597777011,-0.0020546687320573964,1,"V20,class"
jannis_un_clean,classification,133.3571047782898,0.6857415769364362,0.6850464923352875,0.687395865294755,0.6857415769364363,0.7416635610107857,-0.0054272316776659,-0.005403341434559117,2,"V20,V21,class"
jannis_un_clean,classification,133.3571047782898,0.7236019451198332,0.7221481608473437,0.728381726504455,0.7236019451198332,0.7919277719954332,-0.009942688433483893,-0.01006675294751791,3,"V2,V20,V21,class"
jannis_un_clean,classification,133.3571047782898,0.7404480722473081,0.7400241994777255,0.7420265029150377,0.7404480722473081,0.8182591090626317,-0.04739058700937826,-0.047452510705909834,4,"V15,V2,V20,V21,class"
jannis_un_clean,classification,133.3571047782898,0.7527787426189649,0.7523502872957961,0.754540248794211,0.7527787426189649,0.8329882425840376,-0.04862799583188604,-0.048783041124973,5,"V15,V2,V20,V21,V23,class"
jannis_un_clean,classification,133.3571047782898,0.7589440778047933,0.7585032813151175,0.76084855298139,0.7589440778047933,0.8401284209317305,-0.03560263980548806,-0.03565072347437237,6,"V12,V15,V2,V20,V21,V23,class"
jannis_un_clean,classification,133.3571047782898,0.7630253560263981,0.7624894925369285,0.7654206901736414,0.763025356026398,0.8434086329713157,-0.04678273706147962,-0.04697891042427105,7,"V12,V15,V2,V20,V21,V23,V24,class"
jannis_un_clean,classification,133.3571047782898,0.7651094129906217,0.7645704476197289,0.7675594928526144,0.7651094129906217,0.845460778793532,-0.031760159777700636,-0.03190034098228456,8,"V12,V15,V2,V20,V21,V23,V24,V6,class"
jannis_un_clean,classification,133.3571047782898,0.7733588051406739,0.7728630708178654,0.7757662835249042,0.7733588051406739,0.850611653345826,-0.08459968739145529,-0.08483963508834091,9,"V12,V15,V2,V20,V21,V23,V24,V27,V6,class"
jannis_un_clean,classification,133.3571047782898,0.7737929836748871,0.7732471676228679,0.776454797680024,0.7737929836748871,0.8506600629705159,-0.04370006946856542,-0.04385812894564345,10,"V11,V12,V15,V2,V20,V21,V23,V24,V27,V6,class"
jannis_un_clean,classification,133.3571047782898,0.7771795762417506,0.7766627108454951,0.7797694373734156,0.7771795762417506,0.8524526970102819,-0.1094346995484543,-0.10979601163787822,11,"V11,V12,V13,V15,V2,V20,V21,V23,V24,V27,V6,class"
jannis_un_clean,classification,133.3571047782898,0.7744008336227857,0.7738850692883469,0.7769275014196977,0.7744008336227857,0.85259432155404,-0.04953977075373395,-0.04974399464687196,12,"V11,V12,V13,V14,V15,V2,V20,V21,V23,V24,V27,V6,class"
jannis_un_clean,classification,133.3571047782898,0.7875130253560264,0.7869365785606783,0.7906585524477658,0.7875130253560263,0.8625475816843798,-0.07999739492879476,-0.08035208061658339,13,"V11,V12,V13,V14,V15,V2,V20,V21,V23,V24,V27,V5,V6,class"
jannis_un_clean,classification,133.3571047782898,0.7902049322681487,0.7897182811390164,0.7929164974003617,0.7902049322681487,0.8643185143378752,-0.06284734282737059,-0.06313239710910801,14,"V11,V12,V13,V14,V15,V19,V2,V20,V21,V23,V24,V27,V5,V6,class"
jannis_un_clean,classification,133.3571047782898,0.7924626606460576,0.792015451916414,0.7949998977772889,0.7924626606460576,0.8691109314542637,-0.12154828065300449,-0.12192320452032113,15,"V11,V12,V13,V14,V15,V19,V2,V20,V21,V23,V24,V25,V27,V5,V6,class"
jannis_un_clean,classification,133.3571047782898,0.7938520319555401,0.7934469259302767,0.7961755509984902,0.7938520319555402,0.8708205904924584,-0.05459795067731854,-0.05480096575264237,16,"V10,V11,V12,V13,V14,V15,V19,V2,V20,V21,V23,V24,V25,V27,V5,V6,class"
jannis_un_clean,classification,133.3571047782898,0.7916811392844738,0.791377969513206,0.7933865378826056,0.7916811392844738,0.8724587963213752,-0.10465873567210837,-0.10489826601587282,17,"V10,V11,V12,V13,V14,V15,V19,V2,V20,V21,V23,V24,V25,V27,V5,V6,V9,class"
jannis_un_clean,classification,133.3571047782898,0.7972386245224036,0.7968663421995631,0.7994337088402038,0.7972386245224037,0.8759401269761834,-0.0615882250781522,-0.061766377402867056,18,"V10,V11,V12,V13,V14,V15,V16,V19,V2,V20,V21,V23,V24,V25,V27,V5,V6,V9,class"
jannis_un_clean,classification,133.3571047782898,0.7982806530045155,0.7979897602221512,0.8000086914063833,0.7982806530045155,0.8769254211878641,-0.05496700243139985,-0.05510336264397486,19,"V10,V11,V12,V13,V14,V15,V16,V19,V2,V20,V21,V22,V23,V24,V25,V27,V5,V6,V9,class"
jannis_un_clean,classification,133.3571047782898,0.7962834317471345,0.7960398143884382,0.7977057936438664,0.7962834317471345,0.8769225407397908,-0.050234456408475125,-0.050315587138278994,20,"V10,V11,V12,V13,V14,V15,V16,V19,V2,V20,V21,V22,V23,V24,V25,V27,V4,V5,V6,V9,class"
jannis_un_clean,classification,133.3571047782898,0.796630774574505,0.796308593258505,0.7985194628590855,0.796630774574505,0.8740928096656615,-0.024140326502257725,-0.024195688837885698,21,"V10,V11,V12,V13,V14,V15,V16,V19,V2,V20,V21,V22,V23,V24,V25,V27,V4,V5,V6,V8,V9,class"
jannis_un_clean,classification,133.3571047782898,0.7992358457797847,0.7989205675207189,0.8011244124891932,0.7992358457797846,0.8785948444383103,-0.12018061827023263,-0.12046317788694827,22,"V10,V11,V12,V13,V14,V15,V16,V19,V2,V20,V21,V22,V23,V24,V25,V27,V3,V4,V5,V6,V8,V9,class"
jannis_un_clean,classification,133.3571047782898,0.8022750955192776,0.8019549682857876,0.8042422487177141,0.8022750955192774,0.8793068127814921,-0.10257467870788461,-0.10284730151830412,23,"V1,V10,V11,V12,V13,V14,V15,V16,V19,V2,V20,V21,V22,V23,V24,V25,V27,V3,V4,V5,V6,V8,V9,class"
jannis_un_clean,classification,133.3571047782898,0.7999305314345259,0.7997124504324838,0.8012425506277401,0.7999305314345259,0.8805546801942562,-0.09554098645362974,-0.0956946696176878,24,"V1,V10,V11,V12,V13,V14,V15,V16,V19,V2,V20,V21,V22,V23,V24,V25,V27,V3,V4,V5,V6,V7,V8,V9,class"
jannis_un_clean,classification,133.3571047782898,0.8006252170892671,0.8003337384542649,0.8023909737591413,0.8006252170892671,0.8794175064404406,-0.050451545675581744,-0.0505586048790333,25,"V1,V10,V11,V12,V13,V14,V15,V16,V18,V19,V2,V20,V21,V22,V23,V24,V25,V27,V3,V4,V5,V6,V7,V8,V9,class"
jannis_un_clean,classification,133.3571047782898,0.796630774574505,0.7962649253537419,0.7987768414669639,0.796630774574505,0.8735553874272032,-0.13068773879819384,-0.1309965426152906,26,"V1,V10,V11,V12,V13,V14,V15,V16,V17,V18,V19,V2,V20,V21,V22,V23,V24,V25,V27,V3,V4,V5,V6,V7,V8,V9,class"
jannis_mn_dirty,classification,912.1554479598999,0.6481417158735672,0.6478089172147588,0.6487037791474998,0.6481417158735672,0.697652078911368,-0.002192601597777011,-0.0020546687320573964,1,"V20,class"
jannis_mn_dirty,classification,912.1554479598999,0.6996352900312609,0.6996351065757013,0.6996357777619395,0.6996352900312608,0.7620341651906507,-0.037599861062869055,-0.03759996080583328,2,"V2,V20,class"
jannis_mn_dirty,classification,912.1554479598999,0.7236019451198332,0.7221481608473437,0.728381726504455,0.7236019451198332,0.7919277719954332,-0.009942688433483893,-0.01006675294751791,3,"V2,V20,V21,class"
jannis_mn_dirty,classification,912.1554479598999,0.7419242792636332,0.7413470985091555,0.744103131755836,0.7419242792636331,0.8189100149228323,-0.01942948940604372,-0.019460580412787754,4,"V15,V2,V20,V21,class"
jannis_mn_dirty,classification,912.1554479598999,0.7507815213615839,0.7504464128904936,0.7521358252912379,0.7507815213615838,0.8261710363616908,-0.024878430010420227,-0.02490323165079522,5,"V15,V2,V20,V21,V26,class"
jannis_mn_dirty,classification,912.1554479598999,0.7599861062869052,0.7595856521485218,0.7617299429544189,0.7599861062869052,0.8373951170041024,-0.06447551233067028,-0.06461049910016825,6,"V12,V15,V2,V20,V21,V26,class"
jannis_mn_dirty,classification,912.1554479598999,0.768061827023272,0.7676665553991445,0.7698985533666907,0.768061827023272,0.8460096474198846,-0.044199374782910694,-0.0442933117470935,7,"V12,V15,V2,V20,V21,V23,V26,class"
jannis_mn_dirty,classification,912.1554479598999,0.7684091698506426,0.7681280226922675,0.7697173099049054,0.7684091698506426,0.848596380275126,-0.05891802709274052,-0.05896533619549049,8,"V12,V15,V2,V20,V21,V22,V23,V26,class"
jannis_mn_dirty,classification,912.1554479598999,0.7670197985411601,0.7666425910894896,0.7687575164627896,0.7670197985411602,0.8478974418122345,-0.04849774227162218,-0.04859030823519794,9,"V12,V13,V15,V2,V20,V21,V22,V23,V26,class"
jannis_mn_dirty,classification,912.1554479598999,0.7748350121569989,0.7743660695396029,0.7771389612055304,0.7748350121569989,0.8525331384240192,-0.058766064605765944,-0.058943903480237037,10,"V12,V13,V15,V2,V20,V21,V22,V23,V24,V26,class"
jannis_mn_dirty,classification,912.1554479598999,0.7735324765543592,0.7731737024842787,0.7752740948495666,0.7735324765543592,0.8516476193141915,-0.08494703021882599,-0.08509867098569035,11,"V11,V12,V13,V15,V2,V20,V21,V22,V23,V24,V26,class"
jannis_mn_dirty,classification,912.1554479598999,0.7798714831538729,0.7794024685366929,0.7822720488547865,0.7798714831538729,0.8561886984850714,-0.09966568252865582,-0.09998863991050388,12,"V11,V12,V13,V15,V2,V20,V21,V22,V23,V24,V26,V27,class"
jannis_mn_dirty,classification,912.1554479598999,0.7816950329975686,0.7812760908837614,0.783869922166646,0.7816950329975686,0.8570358819980259,-0.12298106981590828,-0.12330715488012778,13,"V11,V12,V13,V15,V16,V2,V20,V21,V22,V23,V24,V26,V27,class"
jannis_mn_dirty,classification,912.1554479598999,0.779089961792289,0.7787182329014999,0.7809780096915502,0.7790899617922891,0.8578111297135441,-0.11399357415769373,-0.11429281707153904,14,"V10,V11,V12,V13,V15,V16,V2,V20,V21,V22,V23,V24,V26,V27,class"
jannis_mn_dirty,classification,912.1554479598999,0.778829454671761,0.7784200644010872,0.7809054541906528,0.7788294546717611,0.8566914950231286,-0.1362018061827024,-0.1365317367141785,15,"V10,V11,V12,V13,V15,V16,V2,V20,V21,V22,V23,V24,V26,V27,V45_shuffled_2,class"
jannis_mn_dirty,classification,912.1554479598999,0.7828238971865231,0.7824021353930386,0.7850337783872126,0.7828238971865231,0.8571333497252444,-0.19861497047585963,-0.19903583088019206,16,"V10,V11,V11_shuffled_1,V12,V13,V15,V16,V2,V20,V21,V22,V23,V24,V26,V27,V45_shuffled_2,class"
jannis_mn_dirty,classification,912.1554479598999,0.7769190691212227,0.7765420922573333,0.7788004312675338,0.7769190691212227,0.854748670499784,-0.07487408822507813,-0.07500981074214264,17,"V10,V11,V11_shuffled_1,V12,V13,V15,V15_shuffled_1,V16,V2,V20,V21,V22,V23,V24,V26,V27,V45_shuffled_2,class"
jannis_mn_dirty,classification,912.1554479598999,0.7816950329975686,0.7812990838156108,0.7837499039935756,0.7816950329975686,0.8567182786659477,-0.09929663077457451,-0.09956045443849659,18,"V10,V11,V11_shuffled_1,V12,V13,V15,V15_shuffled_1,V16,V2,V20,V21,V22,V23,V24,V26,V27,V43_shuffled_2,V45_shuffled_2,class"
jannis_mn_dirty,classification,912.1554479598999,0.7782216047238625,0.7778027384450846,0.7803354574155731,0.7782216047238625,0.8544621941039551,-0.05639979159430353,-0.05652783155775665,19,"V10,V11,V11_shuffled_1,V12,V13,V15,V15_shuffled_1,V16,V16_shuffled_1,V2,V20,V21,V22,V23,V24,V26,V27,V43_shuffled_2,V45_shuffled_2,class"
jannis_mn_dirty,classification,912.1554479598999,0.776311219173324,0.7759348144474306,0.7781804688358783,0.7763112191733241,0.8548295794208001,-0.13446509204584933,-0.13474779444385532,20,"V10,V11,V11_shuffled_1,V12,V13,V14_shuffled_1,V15,V15_shuffled_1,V16,V16_shuffled_1,V2,V20,V21,V22,V23,V24,V26,V27,V43_shuffled_2,V45_shuffled_2,class"
jannis_mn_dirty,classification,912.1554479598999,0.7726641194859326,0.7722032225902467,0.7748888288840561,0.7726641194859326,0.8491594249286463,-0.05472820423758251,-0.0548548853418539,21,"V10,V11,V11_shuffled_1,V12,V13,V14_shuffled_1,V15,V15_shuffled_1,V16,V16_shuffled_1,V2,V20,V21,V22,V23,V24,V25_shuffled_1,V26,V27,V43_shuffled_2,V45_shuffled_2,class"
jannis_mn_dirty,classification,912.1554479598999,0.7730982980201458,0.772724546487921,0.7749066194849328,0.7730982980201458,0.8528053332265204,-0.06141455366446691,-0.0615165917490369,22,"V10,V11,V11_shuffled_1,V12,V13,V14_shuffled_1,V15,V15_shuffled_1,V16,V16_shuffled_1,V2,V20,V21,V21_shuffled_2,V22,V23,V24,V25_shuffled_1,V26,V27,V43_shuffled_2,V45_shuffled_2,class"
jannis_mn_dirty,classification,912.1554479598999,0.7777005904828065,0.7773006869793251,0.779709701115735,0.7777005904828065,0.8531543198698073,-0.14642671066342483,-0.14675656573173046,23,"V10,V11,V11_shuffled_1,V12,V13,V14_shuffled_1,V15,V15_shuffled_1,V16,V16_shuffled_1,V2,V20,V21,V21_shuffled_2,V22,V23,V24,V25_shuffled_1,V26,V27,V37_shuffled_2,V43_shuffled_2,V45_shuffled_2,class"
jannis_mn_dirty,classification,912.1554479598999,0.7719694338311914,0.7716451043155662,0.7735233606485769,0.7719694338311914,0.8487019765966459,-0.010246613407433047,-0.01025616378433436,24,"V10,V11,V11_shuffled_1,V12,V13,V14_shuffled_1,V15,V15_shuffled_1,V16,V16_shuffled_1,V2,V20,V21,V21_shuffled_2,V22,V23,V24,V25_shuffled_1,V26,V27,V37_shuffled_1,V37_shuffled_2,V43_shuffled_2,V45_shuffled_2,class"
jannis_mn_dirty,classification,912.1554479598999,0.7762243834664814,0.7757829073589422,0.7784171605264916,0.7762243834664815,0.8537238945443529,-0.07276832233414388,-0.07295027468635318,25,"V10,V11,V11_shuffled_1,V12,V13,V14_shuffled_1,V15,V15_shuffled_1,V16,V16_shuffled_1,V2,V20,V21,V21_shuffled_2,V22,V23,V24,V25_shuffled_1,V26,V27,V33_shuffled_2,V37_shuffled_1,V37_shuffled_2,V43_shuffled_2,V45_shuffled_2,class"
jannis_mn_dirty,classification,912.1554479598999,0.7741403265022577,0.7737964608757109,0.7758174735303772,0.7741403265022577,0.8520521186766323,-0.033062695380340346,-0.03309407461959246,26,"V10,V11,V11_shuffled_1,V12,V13,V14_shuffled_1,V15,V15_shuffled_1,V16,V16_shuffled_1,V2,V20,V21,V21_shuffled_2,V22,V23,V24,V25_shuffled_1,V26,V27,V30_shuffled_2,V33_shuffled_2,V37_shuffled_1,V37_shuffled_2,V43_shuffled_2,V45_shuffled_2,class"
jannis_mn_dirty,classification,912.1554479598999,0.7764848905870094,0.7760661209589599,0.7785686501414915,0.7764848905870094,0.8536509181661988,-0.09803751302535602,-0.09831109535198834,27,"V10,V11,V11_shuffled_1,V12,V13,V14_shuffled_1,V15,V15_shuffled_1,V16,V16_shuffled_1,V2,V20,V21,V21_shuffled_2,V22,V23,V24,V25_shuffled_1,V25_shuffled_2,V26,V27,V30_shuffled_2,V33_shuffled_2,V37_shuffled_1,V37_shuffled_2,V43_shuffled_2,V45_shuffled_2,class"
jannis_mn_dirty,classification,912.1554479598999,0.7741403265022577,0.7738086231116731,0.7757578917504546,0.7741403265022577,0.8526525488315877,-0.09862365404654394,-0.09879642811929201,28,"V10,V11,V11_shuffled_1,V12,V13,V14_shuffled_1,V15,V15_shuffled_1,V16,V16_shuffled_1,V2,V20,V21,V21_shuffled_2,V22,V23,V24,V25_shuffled_1,V25_shuffled_2,V26,V27,V28,V30_shuffled_2,V33_shuffled_2,V37_shuffled_1,V37_shuffled_2,V43_shuffled_2,V45_shuffled_2,class"
jannis_mn_dirty,classification,912.1554479598999,0.7774400833622785,0.7770607942673184,0.7793410683532804,0.7774400833622785,0.8524166235454039,-0.07465699895797151,-0.0748148608436856,29,"V10,V11,V11_shuffled_1,V12,V12_shuffled_1,V13,V14_shuffled_1,V15,V15_shuffled_1,V16,V16_shuffled_1,V2,V20,V21,V21_shuffled_2,V22,V23,V24,V25_shuffled_1,V25_shuffled_2,V26,V27,V28,V30_shuffled_2,V33_shuffled_2,V37_shuffled_1,V37_shuffled_2,V43_shuffled_2,V45_shuffled_2,class"
jannis_mn_dirty,classification,912.1554479598999,0.7707537339353943,0.7704124538442206,0.7723732567966166,0.7707537339353943,0.8494973271251586,-0.01634682181312952,-0.016369367625560183,30,"V10,V11,V11_shuffled_1,V12,V12_shuffled_1,V13,V14_shuffled_1,V15,V15_shuffled_1,V16,V16_shuffled_1,V2,V20,V21,V21_shuffled_2,V22,V23,V24,V25_shuffled_1,V25_shuffled_2,V26,V27,V28,V30_shuffled_2,V33_shuffled_2,V37_shuffled_1,V37_shuffled_2,V43_shuffled_2,V45_shuffled_2,V52_shuffled_1,class"
jannis_mn_dirty,classification,912.1554479598999,0.7726641194859326,0.7722944562568692,0.7744462930991667,0.7726641194859326,0.8511151888470015,-0.1175538381382425,-0.11777605941907388,31,"V10,V11,V11_shuffled_1,V12,V12_shuffled_1,V13,V14_shuffled_1,V15,V15_shuffled_1,V16,V16_shuffled_1,V2,V20,V21,V21_shuffled_2,V22,V23,V24,V25_shuffled_1,V25_shuffled_2,V26,V27,V28,V28_shuffled_1,V30_shuffled_2,V33_shuffled_2,V37_shuffled_1,V37_shuffled_2,V43_shuffled_2,V45_shuffled_2,V52_shuffled_1,class"
jannis_mn_dirty,classification,912.1554479598999,0.7718825981243488,0.7715506152193381,0.7734722387944145,0.7718825981243487,0.8503796340075531,-0.0340613060090309,-0.03406431759773554,32,"V10,V11,V11_shuffled_1,V12,V12_shuffled_1,V13,V14_shuffled_1,V15,V15_shuffled_1,V16,V16_shuffled_1,V2,V20,V21,V21_shuffled_2,V22,V23,V24,V25_shuffled_1,V25_shuffled_2,V26,V27,V28,V28_shuffled_1,V30_shuffled_2,V33_shuffled_2,V37_shuffled_1,V37_shuffled_2,V43_shuffled_2,V45_shuffled_2,V52,V52_shuffled_1,class"
jannis_mn_dirty,classification,912.1554479598999,0.7737061479680445,0.7732957089989982,0.7757027427212546,0.7737061479680445,0.852306578364294,-0.06291246960750263,-0.06303440019327333,33,"V10,V11,V11_shuffled_1,V12,V12_shuffled_1,V13,V14_shuffled_1,V15,V15_shuffled_1,V16,V16_shuffled_1,V2,V20,V21,V21_shuffled_2,V22,V23,V24,V25_shuffled_1,V25_shuffled_2,V26,V27,V28,V28_shuffled_1,V30_shuffled_2,V31,V33_shuffled_2,V37_shuffled_1,V37_shuffled_2,V43_shuffled_2,V45_shuffled_2,V52,V52_shuffled_1,class"
jannis_mn_dirty,classification,912.1554479598999,0.7715352552969781,0.7711524439691211,0.7733643677141426,0.7715352552969781,0.8477793132794629,-0.10997742271622091,-0.11019131958827288,34,"V10,V11,V11_shuffled_1,V12,V12_shuffled_1,V13,V13_shuffled_2,V14_shuffled_1,V15,V15_shuffled_1,V16,V16_shuffled_1,V2,V20,V21,V21_shuffled_2,V22,V23,V24,V25_shuffled_1,V25_shuffled_2,V26,V27,V28,V28_shuffled_1,V30_shuffled_2,V31,V33_shuffled_2,V37_shuffled_1,V37_shuffled_2,V43_shuffled_2,V45_shuffled_2,V52,V52_shuffled_1,class"
jannis_mn_dirty,classification,912.1554479598999,0.7731851337269885,0.7727323816133785,0.7753795275261135,0.7731851337269886,0.8524811395498975,-0.11742358457797852,-0.117764364746613,35,"V10,V11,V11_shuffled_1,V12,V12_shuffled_1,V12_shuffled_2,V13,V13_shuffled_2,V14_shuffled_1,V15,V15_shuffled_1,V16,V16_shuffled_1,V2,V20,V21,V21_shuffled_2,V22,V23,V24,V25_shuffled_1,V25_shuffled_2,V26,V27,V28,V28_shuffled_1,V30_shuffled_2,V31,V33_shuffled_2,V37_shuffled_1,V37_shuffled_2,V43_shuffled_2,V45_shuffled_2,V52,V52_shuffled_1,class"
jannis_mn_dirty,classification,912.1554479598999,0.7690170197985412,0.7686793311360386,0.7705971220987347,0.7690170197985411,0.8496106900998608,-0.025030392497394915,-0.0250299274831427,36,"V10,V11,V11_shuffled_1,V12,V12_shuffled_1,V12_shuffled_2,V13,V13_shuffled_1,V13_shuffled_2,V14_shuffled_1,V15,V15_shuffled_1,V16,V16_shuffled_1,V2,V20,V21,V21_shuffled_2,V22,V23,V24,V25_shuffled_1,V25_shuffled_2,V26,V27,V28,V28_shuffled_1,V30_shuffled_2,V31,V33_shuffled_2,V37_shuffled_1,V37_shuffled_2,V43_shuffled_2,V45_shuffled_2,V52,V52_shuffled_1,class"
jannis_mn_dirty,classification,912.1554479598999,0.7744008336227857,0.7740147417118659,0.7762889733803353,0.7744008336227857,0.8528649479450251,-0.08674887113581109,-0.08694870251159381,37,"V10,V11,V11_shuffled_1,V12,V12_shuffled_1,V12_shuffled_2,V13,V13_shuffled_1,V13_shuffled_2,V14_shuffled_1,V15,V15_shuffled_1,V16,V16_shuffled_1,V2,V20,V21,V21_shuffled_2,V22,V23,V24,V25_shuffled_1,V25_shuffled_2,V26,V27,V28,V28_shuffled_1,V30_shuffled_2,V31,V33_shuffled_2,V37_shuffled_1,V37_shuffled_2,V43_shuffled_2,V45_shuffled_2,V51,V52,V52_shuffled_1,class"
jannis_mn_dirty,classification,912.1554479598999,0.7709274053490796,0.7705708253034804,0.7726222491572289,0.7709274053490796,0.8499871691873253,-0.07467870788468212,-0.07480075117611773,38,"V10,V11,V11_shuffled_1,V12,V12_shuffled_1,V12_shuffled_2,V13,V13_shuffled_1,V13_shuffled_2,V14_shuffled_1,V15,V15_shuffled_1,V16,V16_shuffled_1,V2,V20,V21,V21_shuffled_2,V22,V22_shuffled_1,V23,V24,V25_shuffled_1,V25_shuffled_2,V26,V27,V28,V28_shuffled_1,V30_shuffled_2,V31,V33_shuffled_2,V37_shuffled_1,V37_shuffled_2,V43_shuffled_2,V45_shuffled_2,V51,V52,V52_shuffled_1,class"
jannis_mn_dirty,classification,912.1554479598999,0.7740534907954151,0.7736797143959264,0.7758759686344903,0.7740534907954151,0.8520681496520359,-0.08920197985411604,-0.08938505934970897,39,"V10,V11,V11_shuffled_1,V12,V12_shuffled_1,V12_shuffled_2,V13,V13_shuffled_1,V13_shuffled_2,V14_shuffled_1,V15,V15_shuffled_1,V16,V16_shuffled_1,V2,V20,V21,V21_shuffled_2,V22,V22_shuffled_1,V23,V24,V25_shuffled_1,V25_shuffled_2,V26,V27,V28,V28_shuffled_1,V30_shuffled_2,V31,V33_shuffled_2,V37_shuffled_1,V37_shuffled_2,V43_shuffled_2,V45_shuffled_1,V45_shuffled_2,V51,V52,V52_shuffled_1,class"
jannis_mn_dirty,classification,912.1554479598999,0.7741403265022577,0.7737423162253763,0.7760829585123905,0.7741403265022577,0.853000027386878,-0.11062869051754076,-0.11089131598993562,40,"V10,V11,V11_shuffled_1,V12,V12_shuffled_1,V12_shuffled_2,V13,V13_shuffled_1,V13_shuffled_2,V14_shuffled_1,V15,V15_shuffled_1,V16,V16_shuffled_1,V2,V20,V21,V21_shuffled_2,V22,V22_shuffled_1,V23,V24,V25_shuffled_1,V25_shuffled_2,V26,V27,V28,V28_shuffled_1,V30_shuffled_2,V31,V33_shuffled_2,V37_shuffled_1,V37_shuffled_2,V43_shuffled_2,V45_shuffled_1,V45_shuffled_2,V51,V51_shuffled_2,V52,V52_shuffled_1,class"
jannis_mn_clean,classification,122.48134589195251,0.6481417158735672,0.6478089172147588,0.6487037791474998,0.6481417158735672,0.697652078911368,-0.002192601597777011,-0.0020546687320573964,1,"V20,class"
jannis_mn_clean,classification,122.48134589195251,0.6857415769364362,0.6850464923352875,0.687395865294755,0.6857415769364363,0.7416635610107857,-0.0054272316776659,-0.005403341434559117,2,"V20,V21,class"
jannis_mn_clean,classification,122.48134589195251,0.7236019451198332,0.7221481608473437,0.728381726504455,0.7236019451198332,0.7919277719954332,-0.009942688433483893,-0.01006675294751791,3,"V2,V20,V21,class"
jannis_mn_clean,classification,122.48134589195251,0.7404480722473081,0.7400241994777255,0.7420265029150377,0.7404480722473081,0.8182591090626317,-0.04739058700937826,-0.047452510705909834,4,"V15,V2,V20,V21,class"
jannis_mn_clean,classification,122.48134589195251,0.7497394928794721,0.748919781483707,0.7530439831793067,0.7497394928794721,0.8290140235293095,-0.05075547064953112,-0.050984860915714525,5,"V12,V15,V2,V20,V21,class"
jannis_mn_clean,classification,122.48134589195251,0.759030913511636,0.758521363581391,0.7612358741395326,0.759030913511636,0.8400117552443158,-0.033692254254949594,-0.03375431818895214,6,"V12,V15,V2,V20,V21,V23,class"
jannis_mn_clean,classification,122.48134589195251,0.7641542202153525,0.763646011466519,0.7664458696670169,0.7641542202153526,0.8449808901121427,-0.09239319208058361,-0.09267562907289284,7,"V12,V15,V2,V20,V21,V23,V24,class"
jannis_mn_clean,classification,122.48134589195251,0.77257728377909,0.7720167887430112,0.7752844226345486,0.77257728377909,0.8502963724692625,-0.09408648836401523,-0.09443436156081986,8,"V12,V15,V2,V20,V21,V23,V24,V27,class"
jannis_mn_clean,classification,122.48134589195251,0.7711879124696075,0.7706628944465751,0.7736941684175286,0.7711879124696075,0.8487543977354068,-0.05336054185481076,-0.05352501939139742,9,"V11,V12,V15,V2,V20,V21,V23,V24,V27,class"
jannis_mn_clean,classification,122.48134589195251,0.776311219173324,0.7757657184025546,0.7790263992928836,0.7763112191733241,0.8540293276062987,-0.05494529350468913,-0.05518629923728113,10,"V11,V12,V14,V15,V2,V20,V21,V23,V24,V27,class"
jannis_mn_clean,classification,122.48134589195251,0.7759638763459534,0.7754955018672136,0.778286184319382,0.7759638763459535,0.8536359428523927,-0.05329541507467872,-0.05344998053245131,11,"V11,V12,V13,V14,V15,V2,V20,V21,V23,V24,V27,class"
jannis_mn_clean,classification,122.48134589195251,0.7686696769711705,0.7682292613377011,0.7707274449161403,0.7686696769711705,0.8501119182264018,-0.06530045154567565,-0.06549369765856783,12,"V11,V12,V13,V14,V15,V19,V2,V20,V21,V23,V24,V27,class"
jannis_mn_clean,classification,122.48134589195251,0.7795241403265023,0.7790108612235739,0.7821454339527218,0.7795241403265023,0.8554260734660846,-0.06436696769711703,-0.06461167356468933,13,"V11,V12,V13,V14,V15,V19,V2,V20,V21,V23,V24,V27,V6,class"
jannis_mn_clean,classification,122.48134589195251,0.7751823549843696,0.774717703713273,0.7774715272800872,0.7751823549843696,0.8513290206440356,-0.03202066689822847,-0.03210234347225105,14,"V10,V11,V12,V13,V14,V15,V19,V2,V20,V21,V23,V24,V27,V6,class"
jannis_mn_clean,classification,122.48134589195251,0.7795241403265023,0.7790182500948213,0.7821074377636965,0.7795241403265023,0.8580521070945164,-0.0773706147968044,-0.07766681394340014,15,"V10,V11,V12,V13,V14,V15,V16,V19,V2,V20,V21,V23,V24,V27,V6,class"
jannis_mn_clean,classification,122.48134589195251,0.7777005904828065,0.7771960678472412,0.7802389096573777,0.7777005904828065,0.855303933419242,-0.0784560611323376,-0.07870340925049202,16,"V10,V11,V12,V13,V14,V15,V16,V19,V2,V20,V21,V23,V24,V25,V27,V6,class"
jannis_mn_clean,classification,122.48134589195251,0.7792636332059742,0.7787879827495918,0.7816863631982662,0.7792636332059744,0.8527672992472469,-0.15517540812782216,-0.15559569798312045,17,"V10,V11,V12,V13,V14,V15,V16,V19,V2,V20,V21,V22,V23,V24,V25,V27,V6,class"
jannis_mn_clean,classification,122.48134589195251,0.7781347690170198,0.7776070004478717,0.7808002766639293,0.7781347690170197,0.858400400017325,-0.061783605418548104,-0.06201685671797619,18,"V10,V11,V12,V13,V14,V15,V16,V19,V2,V20,V21,V22,V23,V24,V25,V27,V6,V8,class"
jannis_mn_clean,classification,122.48134589195251,0.7800451545675582,0.7795477774261781,0.7825954855760956,0.7800451545675582,0.8574334743174423,-0.05110281347690171,-0.05128953760446542,19,"V1,V10,V11,V12,V13,V14,V15,V16,V19,V2,V20,V21,V22,V23,V24,V25,V27,V6,V8,class"
jannis_mn_clean,classification,122.48134589195251,0.7887287252518236,0.7882853526796065,0.7911677781635611,0.7887287252518236,0.8659520450940028,-0.03180357763112185,-0.03188975599359711,20,"V1,V10,V11,V12,V13,V14,V15,V16,V19,V2,V20,V21,V22,V23,V24,V25,V27,V5,V6,V8,class"
jannis_mn_clean,classification,122.48134589195251,0.7951545675581799,0.7947181156915417,0.7976862221710888,0.7951545675581799,0.8744907036026774,-0.07752257728377909,-0.0777892449617057,21,"V1,V10,V11,V12,V13,V14,V15,V16,V19,V2,V20,V21,V22,V23,V24,V25,V27,V5,V6,V8,V9,class"
jannis_mn_clean,classification,122.48134589195251,0.7968044459881903,0.7964419045903954,0.7989340783844447,0.7968044459881903,0.8751782560011949,-0.08811653351858284,-0.08836160103631996,22,"V1,V10,V11,V12,V13,V14,V15,V16,V19,V2,V20,V21,V22,V23,V24,V25,V27,V5,V6,V7,V8,V9,class"
jannis_mn_clean,classification,122.48134589195251,0.7994963529003126,0.7992203127781179,0.8011524999745998,0.7994963529003125,0.8776869905452536,-0.1632511288641889,-0.16351890524149781,23,"V1,V10,V11,V12,V13,V14,V15,V16,V19,V2,V20,V21,V22,V23,V24,V25,V27,V3,V5,V6,V7,V8,V9,class"
jannis_mn_clean,classification,122.48134589195251,0.7998436957276832,0.7995416756397997,0.8016616873649949,0.7998436957276832,0.8796398438537754,-0.16542202153525531,-0.16571615569944997,24,"V1,V10,V11,V12,V13,V14,V15,V16,V18,V19,V2,V20,V21,V22,V23,V24,V25,V27,V3,V5,V6,V7,V8,V9,class"
jannis_mn_clean,classification,122.48134589195251,0.8053143452587704,0.8049895195792278,0.8073622175777344,0.8053143452587704,0.8817946904685581,-0.058483848558527285,-0.058647022239883384,25,"V1,V10,V11,V12,V13,V14,V15,V16,V18,V19,V2,V20,V21,V22,V23,V24,V25,V27,V3,V4,V5,V6,V7,V8,V9,class"
jannis_mn_clean,classification,122.48134589195251,0.8000173671413685,0.7997046942339808,0.8019025184248207,0.8000173671413685,0.8758911442780547,-0.125521014241056,-0.12578495855529148,26,"V1,V10,V11,V12,V13,V14,V15,V16,V17,V18,V19,V2,V20,V21,V22,V23,V24,V25,V27,V3,V4,V5,V6,V7,V8,V9,class"
miniboone,classification,72.20606708526611,0.7665753424657534,0.7665620913928779,0.7666358846726316,0.7665753424657533,0.8115487051979733,0.0041862195505850686,0.004194976611860968,1,"ParticleID_26,signal"
miniboone,classification,72.20606708526611,0.8068493150684931,0.8066816261619316,0.80791769528727,0.8068493150684932,0.8875887314693188,-0.007014173407139612,-0.0069976958869080175,2,"ParticleID_2,ParticleID_26,signal"
miniboone,classification,72.20606708526611,0.8588356164383562,0.8588343919346533,0.8588480673686727,0.8588356164383562,0.9325276787389756,-0.00573166326300345,-0.005732698695044225,3,"ParticleID_15,ParticleID_2,ParticleID_26,signal"
miniboone,classification,72.20606708526611,0.8723972602739726,0.8723935241507985,0.8724408782796274,0.8723972602739726,0.9436312535184836,-0.0055437651036088775,-0.005540123684207199,4,"ParticleID_15,ParticleID_17,ParticleID_2,ParticleID_26,signal"
miniboone,classification,72.20606708526611,0.8756849315068493,0.8756816509161494,0.8757245909330831,0.8756849315068493,0.9467505348095328,-0.014602407100637205,-0.014596752221307296,5,"ParticleID_15,ParticleID_17,ParticleID_2,ParticleID_22,ParticleID_26,signal"
miniboone,classification,72.20606708526611,0.8945890410958904,0.8945745789794706,0.894805676727213,0.8945890410958903,0.9593844717583038,-0.008404212097712138,-0.008405865416216463,6,"ParticleID_15,ParticleID_17,ParticleID_2,ParticleID_20,ParticleID_22,ParticleID_26,signal"
miniboone,classification,72.20606708526611,0.896027397260274,0.8959992942360104,0.8964559178244829,0.8960273972602739,0.9592102833552263,-0.011246824459647864,-0.011250123157263259,7,"ParticleID_11,ParticleID_15,ParticleID_17,ParticleID_2,ParticleID_20,ParticleID_22,ParticleID_26,signal"
miniboone,classification,72.20606708526611,0.9026027397260274,0.9025723157422831,0.9031062556727829,0.9026027397260274,0.9634459091762057,-0.003489934680630302,-0.0034906806075052366,8,"ParticleID_11,ParticleID_15,ParticleID_17,ParticleID_2,ParticleID_20,ParticleID_22,ParticleID_26,ParticleID_47,signal"
miniboone,classification,72.20606708526611,0.9082191780821918,0.9081905085053863,0.9087297182391607,0.9082191780821918,0.9667657534246575,-0.019826302927431816,-0.01983584530181981,9,"ParticleID_11,ParticleID_15,ParticleID_17,ParticleID_2,ParticleID_20,ParticleID_22,ParticleID_26,ParticleID_41,ParticleID_47,signal"
miniboone,classification,72.20606708526611,0.910958904109589,0.910927532348558,0.9115386879064227,0.9109589041095891,0.9685599643460311,-0.017343435011613728,-0.017356657869326497,10,"ParticleID_11,ParticleID_15,ParticleID_17,ParticleID_19,ParticleID_2,ParticleID_20,ParticleID_22,ParticleID_26,ParticleID_41,ParticleID_47,signal"
miniboone,classification,72.20606708526611,0.9153424657534247,0.9153027888688557,0.9161222048957041,0.9153424657534246,0.9713889660349033,-0.017549071627992463,-0.017568708714379988,11,"ParticleID_11,ParticleID_15,ParticleID_17,ParticleID_19,ParticleID_2,ParticleID_20,ParticleID_22,ParticleID_26,ParticleID_31,ParticleID_41,ParticleID_47,signal"
miniboone,classification,72.20606708526611,0.913082191780822,0.913049522533356,0.9137039432371913,0.9130821917808218,0.9698084162131733,-0.04164228508482415,-0.0416660692929286,12,"ParticleID_11,ParticleID_15,ParticleID_16,ParticleID_17,ParticleID_19,ParticleID_2,ParticleID_20,ParticleID_22,ParticleID_26,ParticleID_31,ParticleID_41,ParticleID_47,signal"
miniboone,classification,72.20606708526611,0.9123287671232877,0.9122955813117202,0.9129537849592733,0.9123287671232876,0.9690121129667855,-0.018405162120864516,-0.018420814540045516,13,"ParticleID_11,ParticleID_15,ParticleID_16,ParticleID_17,ParticleID_19,ParticleID_2,ParticleID_20,ParticleID_22,ParticleID_26,ParticleID_31,ParticleID_40,ParticleID_41,ParticleID_47,signal"
miniboone,classification,72.20606708526611,0.9110273972602739,0.9109854335486577,0.9118039363061639,0.911027397260274,0.9694122912366299,-0.03847429800326252,-0.03850159769273809,14,"ParticleID_11,ParticleID_15,ParticleID_16,ParticleID_17,ParticleID_19,ParticleID_2,ParticleID_20,ParticleID_22,ParticleID_26,ParticleID_31,ParticleID_40,ParticleID_41,ParticleID_47,ParticleID_48,signal"
miniboone,classification,72.20606708526611,0.9173287671232877,0.9172926728790325,0.9180585456221899,0.9173287671232877,0.972406858697692,-0.04570078868341798,-0.04573080026399656,15,"ParticleID_11,ParticleID_15,ParticleID_16,ParticleID_17,ParticleID_19,ParticleID_2,ParticleID_20,ParticleID_22,ParticleID_26,ParticleID_31,ParticleID_40,ParticleID_41,ParticleID_45,ParticleID_47,ParticleID_48,signal"
miniboone,classification,72.20606708526611,0.915958904109589,0.9159226916231715,0.9166767625613435,0.915958904109589,0.9721201069619065,-0.038953935371215165,-0.03897912473450971,16,"ParticleID_11,ParticleID_15,ParticleID_16,ParticleID_17,ParticleID_19,ParticleID_2,ParticleID_20,ParticleID_22,ParticleID_24,ParticleID_26,ParticleID_31,ParticleID_40,ParticleID_41,ParticleID_45,ParticleID_47,ParticleID_48,signal"
miniboone,classification,72.20606708526611,0.9178082191780822,0.917772569289564,0.918534044703985,0.9178082191780822,0.9733697504222181,-0.008559122169224165,-0.00856911074572042,17,"ParticleID_11,ParticleID_15,ParticleID_16,ParticleID_17,ParticleID_19,ParticleID_2,ParticleID_20,ParticleID_22,ParticleID_24,ParticleID_25,ParticleID_26,ParticleID_31,ParticleID_40,ParticleID_41,ParticleID_45,ParticleID_47,ParticleID_48,signal"
miniboone,classification,72.20606708526611,0.9167808219178082,0.916746832863248,0.91746255731,0.9167808219178082,0.9729013229498967,-0.023850706559194412,-0.023870685318652995,18,"ParticleID_11,ParticleID_15,ParticleID_16,ParticleID_17,ParticleID_19,ParticleID_2,ParticleID_20,ParticleID_22,ParticleID_24,ParticleID_25,ParticleID_26,ParticleID_31,ParticleID_33,ParticleID_40,ParticleID_41,ParticleID_45,ParticleID_47,ParticleID_48,signal"
miniboone,classification,72.20606708526611,0.9215753424657535,0.9215521566307933,0.9220743311115474,0.9215753424657533,0.9755910395946708,-0.01080247869250539,-0.010807499597231707,19,"ParticleID_11,ParticleID_15,ParticleID_16,ParticleID_17,ParticleID_19,ParticleID_2,ParticleID_20,ParticleID_22,ParticleID_24,ParticleID_25,ParticleID_26,ParticleID_27,ParticleID_31,ParticleID_33,ParticleID_40,ParticleID_41,ParticleID_45,ParticleID_47,ParticleID_48,signal"
miniboone,classification,72.20606708526611,0.9203424657534247,0.9203162141402608,0.920897119538743,0.9203424657534247,0.9744708669544004,-0.025477596577477057,-0.025492095598845133,20,"ParticleID_11,ParticleID_15,ParticleID_16,ParticleID_17,ParticleID_19,ParticleID_2,ParticleID_20,ParticleID_22,ParticleID_24,ParticleID_25,ParticleID_26,ParticleID_27,ParticleID_31,ParticleID_33,ParticleID_36,ParticleID_40,ParticleID_41,ParticleID_45,ParticleID_47,ParticleID_48,signal"
miniboone,classification,72.20606708526611,0.9241780821917808,0.9241530946287779,0.9247377971815928,0.9241780821917809,0.9767812629011071,-0.037258953323134114,-0.037276810783832826,21,"ParticleID_11,ParticleID_15,ParticleID_16,ParticleID_17,ParticleID_19,ParticleID_2,ParticleID_20,ParticleID_22,ParticleID_24,ParticleID_25,ParticleID_26,ParticleID_27,ParticleID_31,ParticleID_33,ParticleID_36,ParticleID_40,ParticleID_41,ParticleID_45,ParticleID_46,ParticleID_47,ParticleID_48,signal"
miniboone,classification,72.20606708526611,0.9323972602739726,0.9323841884970152,0.9327318905700601,0.9323972602739726,0.9810604147119535,-0.032396054565576704,-0.03240449148953717,22,"ParticleID_11,ParticleID_12,ParticleID_15,ParticleID_16,ParticleID_17,ParticleID_19,ParticleID_2,ParticleID_20,ParticleID_22,ParticleID_24,ParticleID_25,ParticleID_26,ParticleID_27,ParticleID_31,ParticleID_33,ParticleID_36,ParticleID_40,ParticleID_41,ParticleID_45,ParticleID_46,ParticleID_47,ParticleID_48,signal"
miniboone,classification,72.20606708526611,0.9371232876712329,0.9371095223394365,0.9375063294296466,0.9371232876712329,0.9824060142615875,-0.05517096898139218,-0.055184652743201945,23,"ParticleID_0,ParticleID_11,ParticleID_12,ParticleID_15,ParticleID_16,ParticleID_17,ParticleID_19,ParticleID_2,ParticleID_20,ParticleID_22,ParticleID_24,ParticleID_25,ParticleID_26,ParticleID_27,ParticleID_31,ParticleID_33,ParticleID_36,ParticleID_40,ParticleID_41,ParticleID_45,ParticleID_46,ParticleID_47,ParticleID_48,signal"
miniboone,classification,72.20606708526611,0.9381506849315069,0.9381367657037902,0.9385453757696995,0.9381506849315069,0.9834509288797146,-0.026283028551831622,-0.026291792927963797,24,"ParticleID_0,ParticleID_11,ParticleID_12,ParticleID_15,ParticleID_16,ParticleID_17,ParticleID_19,ParticleID_2,ParticleID_20,ParticleID_22,ParticleID_24,ParticleID_25,ParticleID_26,ParticleID_27,ParticleID_31,ParticleID_33,ParticleID_36,ParticleID_40,ParticleID_41,ParticleID_42,ParticleID_45,ParticleID_46,ParticleID_47,ParticleID_48,signal"
miniboone,classification,72.20606708526611,0.9367123287671233,0.9366979554374328,0.9371093280442361,0.9367123287671233,0.9826391161568774,-0.008833751578093962,-0.008837594886944022,25,"ParticleID_0,ParticleID_11,ParticleID_12,ParticleID_15,ParticleID_16,ParticleID_17,ParticleID_19,ParticleID_2,ParticleID_20,ParticleID_22,ParticleID_24,ParticleID_25,ParticleID_26,ParticleID_27,ParticleID_31,ParticleID_33,ParticleID_36,ParticleID_37,ParticleID_40,ParticleID_41,ParticleID_42,ParticleID_45,ParticleID_46,ParticleID_47,ParticleID_48,signal"
miniboone,classification,72.20606708526611,0.9362328767123288,0.9362193016208258,0.9366045846012154,0.9362328767123288,0.982621889660349,-0.05371540918787321,-0.05372877729151804,26,"ParticleID_0,ParticleID_11,ParticleID_12,ParticleID_15,ParticleID_16,ParticleID_17,ParticleID_19,ParticleID_2,ParticleID_20,ParticleID_22,ParticleID_24,ParticleID_25,ParticleID_26,ParticleID_27,ParticleID_31,ParticleID_33,ParticleID_36,ParticleID_37,ParticleID_40,ParticleID_41,ParticleID_42,ParticleID_45,ParticleID_46,ParticleID_47,ParticleID_48,ParticleID_49,signal"
miniboone,classification,72.20606708526611,0.9366438356164384,0.9366271364685133,0.9371045548083887,0.9366438356164384,0.982626487145806,-0.009826933930463966,-0.009833585612601614,27,"ParticleID_0,ParticleID_1,ParticleID_11,ParticleID_12,ParticleID_15,ParticleID_16,ParticleID_17,ParticleID_19,ParticleID_2,ParticleID_20,ParticleID_22,ParticleID_24,ParticleID_25,ParticleID_26,ParticleID_27,ParticleID_31,ParticleID_33,ParticleID_36,ParticleID_37,ParticleID_40,ParticleID_41,ParticleID_42,ParticleID_45,ParticleID_46,ParticleID_47,ParticleID_48,ParticleID_49,signal"
miniboone,classification,72.20606708526611,0.94,0.9399871066313346,0.9403784494552685,0.94,0.9840194220303997,-0.025238535566286524,-0.025246144079282273,28,"ParticleID_0,ParticleID_1,ParticleID_11,ParticleID_12,ParticleID_15,ParticleID_16,ParticleID_17,ParticleID_19,ParticleID_2,ParticleID_20,ParticleID_22,ParticleID_24,ParticleID_25,ParticleID_26,ParticleID_27,ParticleID_31,ParticleID_33,ParticleID_36,ParticleID_37,ParticleID_40,ParticleID_41,ParticleID_42,ParticleID_44,ParticleID_45,ParticleID_46,ParticleID_47,ParticleID_48,ParticleID_49,signal"
miniboone,classification,72.20606708526611,0.9397260273972603,0.9397118360906722,0.9401404482479131,0.9397260273972603,0.9832247607431037,-0.011693541766067184,-0.011698454195470886,29,"ParticleID_0,ParticleID_1,ParticleID_11,ParticleID_12,ParticleID_15,ParticleID_16,ParticleID_17,ParticleID_19,ParticleID_2,ParticleID_20,ParticleID_22,ParticleID_24,ParticleID_25,ParticleID_26,ParticleID_27,ParticleID_31,ParticleID_33,ParticleID_36,ParticleID_37,ParticleID_40,ParticleID_41,ParticleID_42,ParticleID_44,ParticleID_45,ParticleID_46,ParticleID_47,ParticleID_48,ParticleID_49,ParticleID_5,signal"
miniboone,classification,72.20606708526611,0.9376712328767123,0.9376517632387324,0.9382186073067511,0.9376712328767123,0.9832101989116157,-0.008576926306821386,-0.008584490842672654,30,"ParticleID_0,ParticleID_1,ParticleID_11,ParticleID_12,ParticleID_15,ParticleID_16,ParticleID_17,ParticleID_19,ParticleID_2,ParticleID_20,ParticleID_22,ParticleID_24,ParticleID_25,ParticleID_26,ParticleID_27,ParticleID_3,ParticleID_31,ParticleID_33,ParticleID_36,ParticleID_37,ParticleID_40,ParticleID_41,ParticleID_42,ParticleID_44,ParticleID_45,ParticleID_46,ParticleID_47,ParticleID_48,ParticleID_49,ParticleID_5,signal"
miniboone,classification,72.20606708526611,0.9386986301369863,0.9386778132165612,0.9392951367120965,0.9386986301369863,0.9830166166260087,-0.022704157629718003,-0.022716287627848608,31,"ParticleID_0,ParticleID_1,ParticleID_11,ParticleID_12,ParticleID_15,ParticleID_16,ParticleID_17,ParticleID_19,ParticleID_2,ParticleID_20,ParticleID_22,ParticleID_24,ParticleID_25,ParticleID_26,ParticleID_27,ParticleID_3,ParticleID_31,ParticleID_33,ParticleID_35,ParticleID_36,ParticleID_37,ParticleID_40,ParticleID_41,ParticleID_42,ParticleID_44,ParticleID_45,ParticleID_46,ParticleID_47,ParticleID_48,ParticleID_49,ParticleID_5,signal"
miniboone,classification,72.20606708526611,0.9394520547945205,0.9394395256290122,0.9398160233933505,0.9394520547945205,0.9839249390129481,-0.04671185492841523,-0.046723715302802726,32,"ParticleID_0,ParticleID_1,ParticleID_11,ParticleID_12,ParticleID_15,ParticleID_16,ParticleID_17,ParticleID_19,ParticleID_2,ParticleID_20,ParticleID_22,ParticleID_24,ParticleID_25,ParticleID_26,ParticleID_27,ParticleID_3,ParticleID_30,ParticleID_31,ParticleID_33,ParticleID_35,ParticleID_36,ParticleID_37,ParticleID_40,ParticleID_41,ParticleID_42,ParticleID_44,ParticleID_45,ParticleID_46,ParticleID_47,ParticleID_48,ParticleID_49,ParticleID_5,signal"
miniboone,classification,72.20606708526611,0.9416438356164384,0.9416303401655316,0.942052657593861,0.9416438356164383,0.984312047288422,-0.04761949531955256,-0.04763269016093408,33,"ParticleID_0,ParticleID_1,ParticleID_11,ParticleID_12,ParticleID_13,ParticleID_15,ParticleID_16,ParticleID_17,ParticleID_19,ParticleID_2,ParticleID_20,ParticleID_22,ParticleID_24,ParticleID_25,ParticleID_26,ParticleID_27,ParticleID_3,ParticleID_30,ParticleID_31,ParticleID_33,ParticleID_35,ParticleID_36,ParticleID_37,ParticleID_40,ParticleID_41,ParticleID_42,ParticleID_44,ParticleID_45,ParticleID_46,ParticleID_47,ParticleID_48,ParticleID_49,ParticleID_5,signal"
miniboone,classification,72.20606708526611,0.9413698630136986,0.9413567885157508,0.9417638278129665,0.9413698630136986,0.9846287765059112,-0.055034123424193115,-0.05504718222766103,34,"ParticleID_0,ParticleID_1,ParticleID_11,ParticleID_12,ParticleID_13,ParticleID_15,ParticleID_16,ParticleID_17,ParticleID_19,ParticleID_2,ParticleID_20,ParticleID_22,ParticleID_24,ParticleID_25,ParticleID_26,ParticleID_27,ParticleID_3,ParticleID_30,ParticleID_31,ParticleID_33,ParticleID_34,ParticleID_35,ParticleID_36,ParticleID_37,ParticleID_40,ParticleID_41,ParticleID_42,ParticleID_44,ParticleID_45,ParticleID_46,ParticleID_47,ParticleID_48,ParticleID_49,ParticleID_5,signal"
miniboone,classification,72.20606708526611,0.9427397260273973,0.9427264840121883,0.943149562451414,0.9427397260273973,0.9853155657721898,-0.02856066097215748,-0.02857014729642271,35,"ParticleID_0,ParticleID_1,ParticleID_11,ParticleID_12,ParticleID_13,ParticleID_14,ParticleID_15,ParticleID_16,ParticleID_17,ParticleID_19,ParticleID_2,ParticleID_20,ParticleID_22,ParticleID_24,ParticleID_25,ParticleID_26,ParticleID_27,ParticleID_3,ParticleID_30,ParticleID_31,ParticleID_33,ParticleID_34,ParticleID_35,ParticleID_36,ParticleID_37,ParticleID_40,ParticleID_41,ParticleID_42,ParticleID_44,ParticleID_45,ParticleID_46,ParticleID_47,ParticleID_48,ParticleID_49,ParticleID_5,signal"
miniboone,classification,72.20606708526611,0.9417123287671233,0.9416956413463262,0.9422186022650703,0.9417123287671233,0.9852018296115593,-0.026043416292639066,-0.026054770264978044,36,"ParticleID_0,ParticleID_1,ParticleID_11,ParticleID_12,ParticleID_13,ParticleID_14,ParticleID_15,ParticleID_16,ParticleID_17,ParticleID_19,ParticleID_2,ParticleID_20,ParticleID_22,ParticleID_24,ParticleID_25,ParticleID_26,ParticleID_27,ParticleID_3,ParticleID_30,ParticleID_31,ParticleID_32,ParticleID_33,ParticleID_34,ParticleID_35,ParticleID_36,ParticleID_37,ParticleID_40,ParticleID_41,ParticleID_42,ParticleID_44,ParticleID_45,ParticleID_46,ParticleID_47,ParticleID_48,ParticleID_49,ParticleID_5,signal"
miniboone,classification,72.20606708526611,0.9433561643835616,0.9433429466194053,0.9437702805832826,0.9433561643835617,0.9856714580596735,-0.03803018446400164,-0.03804196573398688,37,"ParticleID_0,ParticleID_1,ParticleID_11,ParticleID_12,ParticleID_13,ParticleID_14,ParticleID_15,ParticleID_16,ParticleID_17,ParticleID_19,ParticleID_2,ParticleID_20,ParticleID_22,ParticleID_24,ParticleID_25,ParticleID_26,ParticleID_27,ParticleID_3,ParticleID_30,ParticleID_31,ParticleID_32,ParticleID_33,ParticleID_34,ParticleID_35,ParticleID_36,ParticleID_37,ParticleID_40,ParticleID_41,ParticleID_42,ParticleID_44,ParticleID_45,ParticleID_46,ParticleID_47,ParticleID_48,ParticleID_49,ParticleID_5,ParticleID_6,signal"
miniboone,classification,72.20606708526611,0.9408219178082192,0.9408087211187017,0.9412153935140055,0.9408219178082191,0.9838105742165509,-0.04313301215513565,-0.04314526871844104,38,"ParticleID_0,ParticleID_1,ParticleID_11,ParticleID_12,ParticleID_13,ParticleID_14,ParticleID_15,ParticleID_16,ParticleID_17,ParticleID_19,ParticleID_2,ParticleID_20,ParticleID_22,ParticleID_24,ParticleID_25,ParticleID_26,ParticleID_27,ParticleID_3,ParticleID_30,ParticleID_31,ParticleID_32,ParticleID_33,ParticleID_34,ParticleID_35,ParticleID_36,ParticleID_37,ParticleID_40,ParticleID_41,ParticleID_42,ParticleID_44,ParticleID_45,ParticleID_46,ParticleID_47,ParticleID_48,ParticleID_49,ParticleID_5,ParticleID_6,ParticleID_9,signal"
miniboone,classification,72.20606708526611,0.9417808219178082,0.9417673581463637,0.9421897707010551,0.9417808219178083,0.985059589041096,-0.05020520500092185,-0.050218567104405976,39,"ParticleID_0,ParticleID_1,ParticleID_11,ParticleID_12,ParticleID_13,ParticleID_14,ParticleID_15,ParticleID_16,ParticleID_17,ParticleID_19,ParticleID_2,ParticleID_20,ParticleID_22,ParticleID_24,ParticleID_25,ParticleID_26,ParticleID_27,ParticleID_28,ParticleID_3,ParticleID_30,ParticleID_31,ParticleID_32,ParticleID_33,ParticleID_34,ParticleID_35,ParticleID_36,ParticleID_37,ParticleID_40,ParticleID_41,ParticleID_42,ParticleID_44,ParticleID_45,ParticleID_46,ParticleID_47,ParticleID_48,ParticleID_49,ParticleID_5,ParticleID_6,ParticleID_9,signal"
miniboone,classification,72.20606708526611,0.940958904109589,0.940946216799327,0.9413381783301709,0.940958904109589,0.9849422499530868,-0.04588996057755779,-0.045902085141572124,40,"ParticleID_0,ParticleID_1,ParticleID_11,ParticleID_12,ParticleID_13,ParticleID_14,ParticleID_15,ParticleID_16,ParticleID_17,ParticleID_19,ParticleID_2,ParticleID_20,ParticleID_22,ParticleID_23,ParticleID_24,ParticleID_25,ParticleID_26,ParticleID_27,ParticleID_28,ParticleID_3,ParticleID_30,ParticleID_31,ParticleID_32,ParticleID_33,ParticleID_34,ParticleID_35,ParticleID_36,ParticleID_37,ParticleID_40,ParticleID_41,ParticleID_42,ParticleID_44,ParticleID_45,ParticleID_46,ParticleID_47,ParticleID_48,ParticleID_49,ParticleID_5,ParticleID_6,ParticleID_9,signal"
miniboone_un_dirty,classification,169.61817407608032,0.7665753424657534,0.7665620913928779,0.7666358846726316,0.7665753424657533,0.8115487051979733,0.0041862195505850686,0.004194976611860968,1,"ParticleID_26,signal"
miniboone_un_dirty,classification,169.61817407608032,0.813082191780822,0.8130782553400648,0.8131085671675364,0.813082191780822,0.8896357290298367,-0.0026306750981807125,-0.002632136782600103,2,"ParticleID_15,ParticleID_26,signal"
miniboone_un_dirty,classification,169.61817407608032,0.8588356164383562,0.8588343919346533,0.8588480673686727,0.8588356164383562,0.9325276787389756,-0.00573166326300345,-0.005732698695044225,3,"ParticleID_15,ParticleID_2,ParticleID_26,signal"
miniboone_un_dirty,classification,169.61817407608032,0.8723972602739726,0.8723935241507985,0.8724408782796274,0.8723972602739726,0.9436312535184836,-0.0055437651036088775,-0.005540123684207199,4,"ParticleID_15,ParticleID_17,ParticleID_2,ParticleID_26,signal"
miniboone_un_dirty,classification,169.61817407608032,0.8754794520547945,0.8754760778280425,0.8755201539577643,0.8754794520547946,0.9466722274347907,-0.01501337304195538,-0.015007963420144876,5,"ParticleID_15,ParticleID_17,ParticleID_2,ParticleID_22,ParticleID_26,signal"
miniboone_un_dirty,classification,169.61817407608032,0.8948630136986301,0.8948410500018161,0.895193176870472,0.8948630136986302,0.9596998592606494,-0.017959343231401803,-0.01796539061542035,6,"ParticleID_15,ParticleID_17,ParticleID_2,ParticleID_20,ParticleID_22,ParticleID_26,signal"
miniboone_un_dirty,classification,169.61817407608032,0.8962328767123288,0.8962077861278448,0.8966163866727126,0.8962328767123288,0.9602147682492024,-0.0006985250480054939,-0.0007040269731057869,7,"ParticleID_15,ParticleID_17,ParticleID_2,ParticleID_20,ParticleID_22,ParticleID_26,ParticleID_41,signal"
miniboone_un_dirty,classification,169.61817407608032,0.9015068493150685,0.9014806693142834,0.9019340805791016,0.9015068493150684,0.9639556764871456,-0.002616579569482358,-0.002622776500536883,8,"ParticleID_15,ParticleID_17,ParticleID_19,ParticleID_2,ParticleID_20,ParticleID_22,ParticleID_26,ParticleID_41,signal"
miniboone_un_dirty,classification,169.61817407608032,0.9064383561643835,0.9064091303122073,0.9069466691327481,0.9064383561643836,0.9663450459748546,-0.0205283207766076,-0.02054107174885067,9,"ParticleID_11,ParticleID_15,ParticleID_17,ParticleID_19,ParticleID_2,ParticleID_20,ParticleID_22,ParticleID_26,ParticleID_41,signal"
miniboone_un_dirty,classification,169.61817407608032,0.9074657534246575,0.9074357169314338,0.9079953204789306,0.9074657534246575,0.9658690561080877,-0.014517876151697862,-0.014522970740330265,10,"ParticleID_11,ParticleID_15,ParticleID_17,ParticleID_19,ParticleID_2,ParticleID_20,ParticleID_22,ParticleID_26,ParticleID_40,ParticleID_41,signal"
miniboone_un_dirty,classification,169.61817407608032,0.9086301369863014,0.9086007036343604,0.9091571811886943,0.9086301369863015,0.9681099268155375,-0.001931868561833805,-0.0019351210366782556,11,"ParticleID_11,ParticleID_15,ParticleID_17,ParticleID_19,ParticleID_2,ParticleID_20,ParticleID_22,ParticleID_26,ParticleID_33,ParticleID_40,ParticleID_41,signal"
miniboone_un_dirty,classification,169.61817407608032,0.9102739726027397,0.910238558185135,0.9109224728836464,0.9102739726027398,0.9679639425783447,-0.001195598272975218,-0.0012008352671583067,12,"ParticleID_11,ParticleID_15,ParticleID_17,ParticleID_19,ParticleID_2,ParticleID_20,ParticleID_22,ParticleID_26,ParticleID_2_shuffled_1,ParticleID_33,ParticleID_40,ParticleID_41,signal"
miniboone_un_dirty,classification,169.61817407608032,0.9104109589041096,0.9103798533640048,0.910981536084926,0.9104109589041096,0.9683302401951587,-0.0034730782204493993,-0.003478975330357237,13,"ParticleID_11,ParticleID_15,ParticleID_17,ParticleID_19,ParticleID_2,ParticleID_20,ParticleID_22,ParticleID_26,ParticleID_2_shuffled_1,ParticleID_2_shuffled_2,ParticleID_33,ParticleID_40,ParticleID_41,signal"
miniboone_un_dirty,classification,169.61817407608032,0.9085616438356164,0.9085287178644822,0.909150754893455,0.9085616438356164,0.9678227810095703,-0.02343945209232634,-0.023451341190213082,14,"ParticleID_11,ParticleID_15,ParticleID_17,ParticleID_19,ParticleID_19_shuffled_2,ParticleID_2,ParticleID_20,ParticleID_22,ParticleID_26,ParticleID_2_shuffled_1,ParticleID_2_shuffled_2,ParticleID_33,ParticleID_40,ParticleID_41,signal"
miniboone_un_dirty,classification,169.61817407608032,0.9093150684931507,0.9092812238696144,0.9099267971216796,0.9093150684931507,0.9676472039782323,-0.023268239154371484,-0.023280818749227272,15,"ParticleID_11,ParticleID_15,ParticleID_17,ParticleID_19,ParticleID_19_shuffled_2,ParticleID_2,ParticleID_20,ParticleID_22,ParticleID_26,ParticleID_26_shuffled_2,ParticleID_2_shuffled_1,ParticleID_2_shuffled_2,ParticleID_33,ParticleID_40,ParticleID_41,signal"
miniboone_un_dirty,classification,169.61817407608032,0.9101369863013699,0.9101029708445132,0.9107586817834101,0.9101369863013699,0.967981084631263,-0.023062780813942307,-0.023077320307473448,16,"ParticleID_11,ParticleID_15,ParticleID_15_shuffled_2,ParticleID_17,ParticleID_19,ParticleID_19_shuffled_2,ParticleID_2,ParticleID_20,ParticleID_22,ParticleID_26,ParticleID_26_shuffled_2,ParticleID_2_shuffled_1,ParticleID_2_shuffled_2,ParticleID_33,ParticleID_40,ParticleID_41,signal"
miniboone_un_dirty,classification,169.61817407608032,0.9105479452054794,0.9105140853071145,0.9111702636288845,0.9105479452054794,0.9685060893225745,-0.02816570937173213,-0.028180386808744462,17,"ParticleID_11,ParticleID_15,ParticleID_15_shuffled_1,ParticleID_15_shuffled_2,ParticleID_17,ParticleID_19,ParticleID_19_shuffled_2,ParticleID_2,ParticleID_20,ParticleID_22,ParticleID_26,ParticleID_26_shuffled_2,ParticleID_2_shuffled_1,ParticleID_2_shuffled_2,ParticleID_33,ParticleID_40,ParticleID_41,signal"
miniboone_un_dirty,classification,169.61817407608032,0.9099315068493151,0.9098947203417045,0.9106020387017831,0.909931506849315,0.9674086883092513,-0.03506660952453333,-0.03509427404790211,18,"ParticleID_11,ParticleID_15,ParticleID_15_shuffled_1,ParticleID_15_shuffled_2,ParticleID_17,ParticleID_19,ParticleID_19_shuffled_1,ParticleID_19_shuffled_2,ParticleID_2,ParticleID_20,ParticleID_22,ParticleID_26,ParticleID_26_shuffled_2,ParticleID_2_shuffled_1,ParticleID_2_shuffled_2,ParticleID_33,ParticleID_40,ParticleID_41,signal"
miniboone_un_dirty,classification,169.61817407608032,0.9095205479452054,0.9094855714816916,0.9101545133629423,0.9095205479452055,0.9675780446612873,-0.02467240386821279,-0.0246889561943191,19,"ParticleID_11,ParticleID_15,ParticleID_15_shuffled_1,ParticleID_15_shuffled_2,ParticleID_17,ParticleID_19,ParticleID_19_shuffled_1,ParticleID_19_shuffled_2,ParticleID_2,ParticleID_20,ParticleID_22,ParticleID_26,ParticleID_26_shuffled_2,ParticleID_2_shuffled_1,ParticleID_2_shuffled_2,ParticleID_33,ParticleID_40,ParticleID_41,ParticleID_48_shuffled_1,signal"
miniboone_un_dirty,classification,169.61817407608032,0.906986301369863,0.9069510932979031,0.9076032209681066,0.9069863013698629,0.9659302589604053,-0.07128350239053971,-0.07131634699562828,20,"ParticleID_11,ParticleID_15,ParticleID_15_shuffled_1,ParticleID_15_shuffled_2,ParticleID_17,ParticleID_19,ParticleID_19_shuffled_1,ParticleID_19_shuffled_2,ParticleID_2,ParticleID_20,ParticleID_22,ParticleID_26,ParticleID_26_shuffled_2,ParticleID_2_shuffled_1,ParticleID_2_shuffled_2,ParticleID_33,ParticleID_40,ParticleID_41,ParticleID_46_shuffled_1,ParticleID_48_shuffled_1,signal"
miniboone_un_dirty,classification,169.61817407608032,0.9061643835616439,0.9061293630675014,0.9067714034356693,0.9061643835616439,0.9661294989679114,-0.05515278483453412,-0.05518140688997941,21,"ParticleID_11,ParticleID_15,ParticleID_15_shuffled_1,ParticleID_15_shuffled_2,ParticleID_17,ParticleID_19,ParticleID_19_shuffled_1,ParticleID_19_shuffled_2,ParticleID_2,ParticleID_20,ParticleID_22,ParticleID_26,ParticleID_26_shuffled_2,ParticleID_2_shuffled_1,ParticleID_2_shuffled_2,ParticleID_33,ParticleID_40,ParticleID_41,ParticleID_41_shuffled_2,ParticleID_46_shuffled_1,ParticleID_48_shuffled_1,signal"
miniboone_un_dirty,classification,169.61817407608032,0.9113013698630137,0.9112725784057785,0.9118359219156122,0.9113013698630137,0.9695038468755864,-0.03112816539504304,-0.031141329989437083,22,"ParticleID_11,ParticleID_15,ParticleID_15_shuffled_1,ParticleID_15_shuffled_2,ParticleID_17,ParticleID_19,ParticleID_19_shuffled_1,ParticleID_19_shuffled_2,ParticleID_2,ParticleID_20,ParticleID_22,ParticleID_26,ParticleID_26_shuffled_2,ParticleID_2_shuffled_1,ParticleID_2_shuffled_2,ParticleID_33,ParticleID_40,ParticleID_41,ParticleID_41_shuffled_2,ParticleID_46_shuffled_1,ParticleID_47,ParticleID_48_shuffled_1,signal"
miniboone_un_dirty,classification,169.61817407608032,0.9125342465753424,0.9125022944788165,0.9131377191442279,0.9125342465753425,0.9689284481140926,-0.020374414680179975,-0.020390850165718954,23,"ParticleID_11,ParticleID_15,ParticleID_15_shuffled_1,ParticleID_15_shuffled_2,ParticleID_17,ParticleID_19,ParticleID_19_shuffled_1,ParticleID_19_shuffled_2,ParticleID_2,ParticleID_20,ParticleID_22,ParticleID_26,ParticleID_26_shuffled_2,ParticleID_2_shuffled_1,ParticleID_2_shuffled_2,ParticleID_33,ParticleID_39_shuffled_2,ParticleID_40,ParticleID_41,ParticleID_41_shuffled_2,ParticleID_46_shuffled_1,ParticleID_47,ParticleID_48_shuffled_1,signal"
miniboone_un_dirty,classification,169.61817407608032,0.9115068493150685,0.9114765746025921,0.9120705562685678,0.9115068493150685,0.9689107524863952,-0.025014949376667484,-0.02503186776793842,24,"ParticleID_11,ParticleID_15,ParticleID_15_shuffled_1,ParticleID_15_shuffled_2,ParticleID_17,ParticleID_19,ParticleID_19_shuffled_1,ParticleID_19_shuffled_2,ParticleID_2,ParticleID_20,ParticleID_22,ParticleID_26,ParticleID_26_shuffled_2,ParticleID_2_shuffled_1,ParticleID_2_shuffled_2,ParticleID_33,ParticleID_39_shuffled_2,ParticleID_40,ParticleID_41,ParticleID_41_shuffled_2,ParticleID_46_shuffled_1,ParticleID_47,ParticleID_47_shuffled_2,ParticleID_48_shuffled_1,signal"
miniboone_un_dirty,classification,169.61817407608032,0.9102739726027397,0.9102340234584414,0.911005622769721,0.9102739726027398,0.9687236442109214,-0.021812742695729415,-0.021832129256522226,25,"ParticleID_11,ParticleID_15,ParticleID_15_shuffled_1,ParticleID_15_shuffled_2,ParticleID_17,ParticleID_19,ParticleID_19_shuffled_1,ParticleID_19_shuffled_2,ParticleID_2,ParticleID_20,ParticleID_22,ParticleID_26,ParticleID_26_shuffled_2,ParticleID_2_shuffled_1,ParticleID_2_shuffled_2,ParticleID_33,ParticleID_39_shuffled_2,ParticleID_40,ParticleID_41,ParticleID_41_shuffled_2,ParticleID_46_shuffled_1,ParticleID_47,ParticleID_47_shuffled_2,ParticleID_48,ParticleID_48_shuffled_1,signal"
miniboone_un_dirty,classification,169.61817407608032,0.911095890410959,0.9110617620936958,0.9117278606133745,0.911095890410959,0.9688426158753987,-0.011572694129607486,-0.01158530460292806,26,"ParticleID_11,ParticleID_15,ParticleID_15_shuffled_1,ParticleID_15_shuffled_2,ParticleID_17,ParticleID_19,ParticleID_19_shuffled_1,ParticleID_19_shuffled_2,ParticleID_2,ParticleID_20,ParticleID_22,ParticleID_26,ParticleID_26_shuffled_2,ParticleID_2_shuffled_1,ParticleID_2_shuffled_2,ParticleID_33,ParticleID_39_shuffled_2,ParticleID_40,ParticleID_41,ParticleID_41_shuffled_2,ParticleID_46_shuffled_1,ParticleID_47,ParticleID_47_shuffled_2,ParticleID_48,ParticleID_48_shuffled_1,ParticleID_48_shuffled_2,signal"
miniboone_un_dirty,classification,169.61817407608032,0.9086986301369863,0.9086603215491031,0.9093854281603108,0.9086986301369863,0.9684369206230061,-0.007719740355153881,-0.0077326924886511605,27,"ParticleID_11,ParticleID_15,ParticleID_15_shuffled_1,ParticleID_15_shuffled_2,ParticleID_17,ParticleID_19,ParticleID_19_shuffled_1,ParticleID_19_shuffled_2,ParticleID_2,ParticleID_20,ParticleID_22,ParticleID_24,ParticleID_26,ParticleID_26_shuffled_2,ParticleID_2_shuffled_1,ParticleID_2_shuffled_2,ParticleID_33,ParticleID_39_shuffled_2,ParticleID_40,ParticleID_41,ParticleID_41_shuffled_2,ParticleID_46_shuffled_1,ParticleID_47,ParticleID_47_shuffled_2,ParticleID_48,ParticleID_48_shuffled_1,ParticleID_48_shuffled_2,signal"
miniboone_un_dirty,classification,169.61817407608032,0.9093150684931507,0.909287178854163,0.9098190636546382,0.9093150684931506,0.9688300056295741,-0.027189606324480087,-0.02720061741359525,28,"ParticleID_11,ParticleID_15,ParticleID_15_shuffled_1,ParticleID_15_shuffled_2,ParticleID_16,ParticleID_17,ParticleID_19,ParticleID_19_shuffled_1,ParticleID_19_shuffled_2,ParticleID_2,ParticleID_20,ParticleID_22,ParticleID_24,ParticleID_26,ParticleID_26_shuffled_2,ParticleID_2_shuffled_1,ParticleID_2_shuffled_2,ParticleID_33,ParticleID_39_shuffled_2,ParticleID_40,ParticleID_41,ParticleID_41_shuffled_2,ParticleID_46_shuffled_1,ParticleID_47,ParticleID_47_shuffled_2,ParticleID_48,ParticleID_48_shuffled_1,ParticleID_48_shuffled_2,signal"
miniboone_un_dirty,classification,169.61817407608032,0.9073972602739726,0.9073651083701335,0.9079636476357043,0.9073972602739726,0.968030690561081,-0.012634247654381148,-0.012644512063067936,29,"ParticleID_11,ParticleID_15,ParticleID_15_shuffled_1,ParticleID_15_shuffled_2,ParticleID_16,ParticleID_17,ParticleID_19,ParticleID_19_shuffled_1,ParticleID_19_shuffled_2,ParticleID_2,ParticleID_20,ParticleID_22,ParticleID_24,ParticleID_26,ParticleID_26_shuffled_2,ParticleID_2_shuffled_1,ParticleID_2_shuffled_2,ParticleID_33,ParticleID_39_shuffled_2,ParticleID_40,ParticleID_41,ParticleID_41_shuffled_2,ParticleID_46_shuffled_1,ParticleID_47,ParticleID_47_shuffled_2,ParticleID_48,ParticleID_48_shuffled_1,ParticleID_48_shuffled_2,ParticleID_49_shuffled_1,signal"
miniboone_un_dirty,classification,169.61817407608032,0.912945205479452,0.9129147571023273,0.9135235409266602,0.912945205479452,0.9701032557703133,-0.007223293441743883,-0.007227431071233803,30,"ParticleID_11,ParticleID_15,ParticleID_15_shuffled_1,ParticleID_15_shuffled_2,ParticleID_16,ParticleID_17,ParticleID_19,ParticleID_19_shuffled_1,ParticleID_19_shuffled_2,ParticleID_2,ParticleID_20,ParticleID_22,ParticleID_24,ParticleID_26,ParticleID_26_shuffled_2,ParticleID_2_shuffled_1,ParticleID_2_shuffled_2,ParticleID_31,ParticleID_33,ParticleID_39_shuffled_2,ParticleID_40,ParticleID_41,ParticleID_41_shuffled_2,ParticleID_46_shuffled_1,ParticleID_47,ParticleID_47_shuffled_2,ParticleID_48,ParticleID_48_shuffled_1,ParticleID_48_shuffled_2,ParticleID_49_shuffled_1,signal"
miniboone_un_dirty,classification,169.61817407608032,0.9161643835616439,0.9161303745780496,0.9168404958735471,0.9161643835616439,0.9722889285044098,-0.025785683221465128,-0.02580320605321007,31,"ParticleID_11,ParticleID_15,ParticleID_15_shuffled_1,ParticleID_15_shuffled_2,ParticleID_16,ParticleID_17,ParticleID_19,ParticleID_19_shuffled_1,ParticleID_19_shuffled_2,ParticleID_2,ParticleID_20,ParticleID_22,ParticleID_24,ParticleID_26,ParticleID_26_shuffled_2,ParticleID_2_shuffled_1,ParticleID_2_shuffled_2,ParticleID_31,ParticleID_33,ParticleID_39_shuffled_2,ParticleID_40,ParticleID_41,ParticleID_41_shuffled_2,ParticleID_45,ParticleID_46_shuffled_1,ParticleID_47,ParticleID_47_shuffled_2,ParticleID_48,ParticleID_48_shuffled_1,ParticleID_48_shuffled_2,ParticleID_49_shuffled_1,signal"
miniboone_un_dirty,classification,169.61817407608032,0.9157534246575343,0.915717839207772,0.9164567669172933,0.9157534246575343,0.9712058078438732,-0.0468480342965395,-0.04687764608217204,32,"ParticleID_11,ParticleID_15,ParticleID_15_shuffled_1,ParticleID_15_shuffled_2,ParticleID_16,ParticleID_17,ParticleID_19,ParticleID_19_shuffled_1,ParticleID_19_shuffled_2,ParticleID_2,ParticleID_20,ParticleID_22,ParticleID_24,ParticleID_26,ParticleID_26_shuffled_2,ParticleID_2_shuffled_1,ParticleID_2_shuffled_2,ParticleID_31,ParticleID_33,ParticleID_39_shuffled_2,ParticleID_40,ParticleID_41,ParticleID_41_shuffled_2,ParticleID_45,ParticleID_46_shuffled_1,ParticleID_47,ParticleID_47_shuffled_2,ParticleID_48,ParticleID_48_shuffled_1,ParticleID_48_shuffled_2,ParticleID_49_shuffled_1,ParticleID_49_shuffled_2,signal"
miniboone_un_dirty,classification,169.61817407608032,0.9147945205479452,0.9147622680873281,0.9154232760321195,0.9147945205479453,0.9710273409645337,-0.020665597949263592,-0.020680149146611537,33,"ParticleID_11,ParticleID_15,ParticleID_15_shuffled_1,ParticleID_15_shuffled_2,ParticleID_16,ParticleID_17,ParticleID_19,ParticleID_19_shuffled_1,ParticleID_19_shuffled_2,ParticleID_2,ParticleID_20,ParticleID_22,ParticleID_24,ParticleID_26,ParticleID_26_shuffled_2,ParticleID_2_shuffled_1,ParticleID_2_shuffled_2,ParticleID_31,ParticleID_33,ParticleID_39_shuffled_2,ParticleID_40,ParticleID_41,ParticleID_41_shuffled_2,ParticleID_45,ParticleID_46_shuffled_1,ParticleID_47,ParticleID_47_shuffled_2,ParticleID_48,ParticleID_48_shuffled_1,ParticleID_48_shuffled_2,ParticleID_49_shuffled_1,ParticleID_49_shuffled_2,ParticleID_4_shuffled_2,signal"
miniboone_un_dirty,classification,169.61817407608032,0.9162328767123288,0.916209281582506,0.9167022434258141,0.9162328767123287,0.9724435635203602,-0.015956581830771976,-0.015961617114598425,34,"ParticleID_11,ParticleID_15,ParticleID_15_shuffled_1,ParticleID_15_shuffled_2,ParticleID_16,ParticleID_17,ParticleID_19,ParticleID_19_shuffled_1,ParticleID_19_shuffled_2,ParticleID_2,ParticleID_20,ParticleID_22,ParticleID_24,ParticleID_26,ParticleID_26_shuffled_2,ParticleID_27,ParticleID_2_shuffled_1,ParticleID_2_shuffled_2,ParticleID_31,ParticleID_33,ParticleID_39_shuffled_2,ParticleID_40,ParticleID_41,ParticleID_41_shuffled_2,ParticleID_45,ParticleID_46_shuffled_1,ParticleID_47,ParticleID_47_shuffled_2,ParticleID_48,ParticleID_48_shuffled_1,ParticleID_48_shuffled_2,ParticleID_49_shuffled_1,ParticleID_49_shuffled_2,ParticleID_4_shuffled_2,signal"
miniboone_un_dirty,classification,169.61817407608032,0.9171232876712329,0.9170932287159321,0.917729100690895,0.917123287671233,0.972922996809908,-0.020562934459662063,-0.02057769181113378,35,"ParticleID_11,ParticleID_15,ParticleID_15_shuffled_1,ParticleID_15_shuffled_2,ParticleID_16,ParticleID_17,ParticleID_19,ParticleID_19_shuffled_1,ParticleID_19_shuffled_2,ParticleID_2,ParticleID_20,ParticleID_22,ParticleID_24,ParticleID_26,ParticleID_26_shuffled_2,ParticleID_27,ParticleID_2_shuffled_1,ParticleID_2_shuffled_2,ParticleID_31,ParticleID_32_shuffled_2,ParticleID_33,ParticleID_39_shuffled_2,ParticleID_40,ParticleID_41,ParticleID_41_shuffled_2,ParticleID_45,ParticleID_46_shuffled_1,ParticleID_47,ParticleID_47_shuffled_2,ParticleID_48,ParticleID_48_shuffled_1,ParticleID_48_shuffled_2,ParticleID_49_shuffled_1,ParticleID_49_shuffled_2,ParticleID_4_shuffled_2,signal"
miniboone_un_dirty,classification,169.61817407608032,0.9173972602739726,0.9173702431810318,0.9179438734510048,0.9173972602739726,0.9727307750046913,-0.018285468586604847,-0.018294293804725914,36,"ParticleID_11,ParticleID_15,ParticleID_15_shuffled_1,ParticleID_15_shuffled_2,ParticleID_16,ParticleID_17,ParticleID_19,ParticleID_19_shuffled_1,ParticleID_19_shuffled_2,ParticleID_2,ParticleID_20,ParticleID_22,ParticleID_24,ParticleID_26,ParticleID_26_shuffled_2,ParticleID_27,ParticleID_2_shuffled_1,ParticleID_2_shuffled_2,ParticleID_31,ParticleID_32_shuffled_2,ParticleID_33,ParticleID_37,ParticleID_39_shuffled_2,ParticleID_40,ParticleID_41,ParticleID_41_shuffled_2,ParticleID_45,ParticleID_46_shuffled_1,ParticleID_47,ParticleID_47_shuffled_2,ParticleID_48,ParticleID_48_shuffled_1,ParticleID_48_shuffled_2,ParticleID_49_shuffled_1,ParticleID_49_shuffled_2,ParticleID_4_shuffled_2,signal"
miniboone_un_dirty,classification,169.61817407608032,0.918972602739726,0.9189434256432079,0.9195767255127015,0.918972602739726,0.9736370425971101,-0.03174488758528515,-0.0317638659703261,37,"ParticleID_11,ParticleID_15,ParticleID_15_shuffled_1,ParticleID_15_shuffled_2,ParticleID_16,ParticleID_17,ParticleID_19,ParticleID_19_shuffled_1,ParticleID_19_shuffled_2,ParticleID_2,ParticleID_20,ParticleID_22,ParticleID_24,ParticleID_25,ParticleID_26,ParticleID_26_shuffled_2,ParticleID_27,ParticleID_2_shuffled_1,ParticleID_2_shuffled_2,ParticleID_31,ParticleID_32_shuffled_2,ParticleID_33,ParticleID_37,ParticleID_39_shuffled_2,ParticleID_40,ParticleID_41,ParticleID_41_shuffled_2,ParticleID_45,ParticleID_46_shuffled_1,ParticleID_47,ParticleID_47_shuffled_2,ParticleID_48,ParticleID_48_shuffled_1,ParticleID_48_shuffled_2,ParticleID_49_shuffled_1,ParticleID_49_shuffled_2,ParticleID_4_shuffled_2,signal"
miniboone_un_dirty,classification,169.61817407608032,0.9233561643835616,0.9233273567492715,0.9239933797295771,0.9233561643835617,0.9751292362544567,-0.06876685352801071,-0.06879561458834071,38,"ParticleID_11,ParticleID_15,ParticleID_15_shuffled_1,ParticleID_15_shuffled_2,ParticleID_16,ParticleID_17,ParticleID_19,ParticleID_19_shuffled_1,ParticleID_19_shuffled_2,ParticleID_2,ParticleID_20,ParticleID_22,ParticleID_24,ParticleID_25,ParticleID_26,ParticleID_26_shuffled_2,ParticleID_27,ParticleID_2_shuffled_1,ParticleID_2_shuffled_2,ParticleID_31,ParticleID_32_shuffled_2,ParticleID_33,ParticleID_37,ParticleID_39_shuffled_2,ParticleID_40,ParticleID_41,ParticleID_41_shuffled_2,ParticleID_45,ParticleID_46,ParticleID_46_shuffled_1,ParticleID_47,ParticleID_47_shuffled_2,ParticleID_48,ParticleID_48_shuffled_1,ParticleID_48_shuffled_2,ParticleID_49_shuffled_1,ParticleID_49_shuffled_2,ParticleID_4_shuffled_2,signal"
miniboone_un_dirty,classification,169.61817407608032,0.9206849315068493,0.9206609183702832,0.9211948547053137,0.9206849315068493,0.9745861700131356,-0.010939439190777334,-0.010943356718701391,39,"ParticleID_11,ParticleID_15,ParticleID_15_shuffled_1,ParticleID_15_shuffled_2,ParticleID_16,ParticleID_17,ParticleID_19,ParticleID_19_shuffled_1,ParticleID_19_shuffled_2,ParticleID_2,ParticleID_20,ParticleID_22,ParticleID_24,ParticleID_25,ParticleID_26,ParticleID_26_shuffled_2,ParticleID_27,ParticleID_2_shuffled_1,ParticleID_2_shuffled_2,ParticleID_31,ParticleID_32_shuffled_2,ParticleID_33,ParticleID_34,ParticleID_37,ParticleID_39_shuffled_2,ParticleID_40,ParticleID_41,ParticleID_41_shuffled_2,ParticleID_45,ParticleID_46,ParticleID_46_shuffled_1,ParticleID_47,ParticleID_47_shuffled_2,ParticleID_48,ParticleID_48_shuffled_1,ParticleID_48_shuffled_2,ParticleID_49_shuffled_1,ParticleID_49_shuffled_2,ParticleID_4_shuffled_2,signal"
miniboone_un_dirty,classification,169.61817407608032,0.9258219178082192,0.9257963520824417,0.9264095692470458,0.9258219178082192,0.9760477669356352,-0.06053035452987454,-0.06055543280487696,40,"ParticleID_0,ParticleID_11,ParticleID_15,ParticleID_15_shuffled_1,ParticleID_15_shuffled_2,ParticleID_16,ParticleID_17,ParticleID_19,ParticleID_19_shuffled_1,ParticleID_19_shuffled_2,ParticleID_2,ParticleID_20,ParticleID_22,ParticleID_24,ParticleID_25,ParticleID_26,ParticleID_26_shuffled_2,ParticleID_27,ParticleID_2_shuffled_1,ParticleID_2_shuffled_2,ParticleID_31,ParticleID_32_shuffled_2,ParticleID_33,ParticleID_34,ParticleID_37,ParticleID_39_shuffled_2,ParticleID_40,ParticleID_41,ParticleID_41_shuffled_2,ParticleID_45,ParticleID_46,ParticleID_46_shuffled_1,ParticleID_47,ParticleID_47_shuffled_2,ParticleID_48,ParticleID_48_shuffled_1,ParticleID_48_shuffled_2,ParticleID_49_shuffled_1,ParticleID_49_shuffled_2,ParticleID_4_shuffled_2,signal"
miniboone_un_clean,classification,73.24476146697998,0.7665753424657534,0.7665620913928779,0.7666358846726316,0.7665753424657533,0.8115487051979733,0.0041862195505850686,0.004194976611860968,1,"ParticleID_26,signal"
miniboone_un_clean,classification,73.24476146697998,0.813082191780822,0.8130782553400648,0.8131085671675364,0.813082191780822,0.8896357290298367,-0.0026306750981807125,-0.002632136782600103,2,"ParticleID_15,ParticleID_26,signal"
miniboone_un_clean,classification,73.24476146697998,0.8588356164383562,0.8588343919346533,0.8588480673686727,0.8588356164383562,0.9325276787389756,-0.00573166326300345,-0.005732698695044225,3,"ParticleID_15,ParticleID_2,ParticleID_26,signal"
miniboone_un_clean,classification,73.24476146697998,0.8723972602739726,0.8723935241507985,0.8724408782796274,0.8723972602739726,0.9436312535184836,-0.0055437651036088775,-0.005540123684207199,4,"ParticleID_15,ParticleID_17,ParticleID_2,ParticleID_26,signal"
miniboone_un_clean,classification,73.24476146697998,0.8754794520547945,0.8754760778280425,0.8755201539577643,0.8754794520547946,0.9466722274347907,-0.01501337304195538,-0.015007963420144876,5,"ParticleID_15,ParticleID_17,ParticleID_2,ParticleID_22,ParticleID_26,signal"
miniboone_un_clean,classification,73.24476146697998,0.8948630136986301,0.8948410500018161,0.895193176870472,0.8948630136986302,0.9596998592606494,-0.017959343231401803,-0.01796539061542035,6,"ParticleID_15,ParticleID_17,ParticleID_2,ParticleID_20,ParticleID_22,ParticleID_26,signal"
miniboone_un_clean,classification,73.24476146697998,0.9008219178082192,0.900798147711543,0.9012064556376083,0.9008219178082192,0.9630443516607243,-0.026709846978246077,-0.02671475599475115,7,"ParticleID_15,ParticleID_17,ParticleID_2,ParticleID_20,ParticleID_22,ParticleID_26,ParticleID_5,signal"
miniboone_un_clean,classification,73.24476146697998,0.9018493150684932,0.9018188930196334,0.9023479955480944,0.9018493150684932,0.9627890880090075,-0.05941648170536895,-0.059442759761189734,8,"ParticleID_15,ParticleID_17,ParticleID_2,ParticleID_20,ParticleID_22,ParticleID_26,ParticleID_41,ParticleID_5,signal"
miniboone_un_clean,classification,73.24476146697998,0.9068493150684932,0.9068269895633277,0.9072396354216326,0.9068493150684931,0.9667892756614748,-0.018045373105759377,-0.018048972619627124,9,"ParticleID_15,ParticleID_17,ParticleID_2,ParticleID_20,ParticleID_22,ParticleID_26,ParticleID_41,ParticleID_5,ParticleID_6,signal"
miniboone_un_clean,classification,73.24476146697998,0.9137671232876712,0.9137466383165922,0.9141605719451065,0.9137671232876712,0.9697212610245823,-0.027052767804489508,-0.027058369072523347,10,"ParticleID_11,ParticleID_15,ParticleID_17,ParticleID_2,ParticleID_20,ParticleID_22,ParticleID_26,ParticleID_41,ParticleID_5,ParticleID_6,signal"
miniboone_un_clean,classification,73.24476146697998,0.9171232876712329,0.9170981962245619,0.9176288937081343,0.9171232876712329,0.9706036404578721,-0.028970756645353313,-0.028982114527958958,11,"ParticleID_11,ParticleID_15,ParticleID_17,ParticleID_2,ParticleID_20,ParticleID_22,ParticleID_26,ParticleID_41,ParticleID_47,ParticleID_5,ParticleID_6,signal"
miniboone_un_clean,classification,73.24476146697998,0.9167123287671233,0.9166854989650542,0.9172497972430466,0.9167123287671233,0.9708415556389567,-0.020254690651349994,-0.020263945175406417,12,"ParticleID_11,ParticleID_15,ParticleID_17,ParticleID_2,ParticleID_20,ParticleID_22,ParticleID_26,ParticleID_41,ParticleID_47,ParticleID_5,ParticleID_6,ParticleID_7,signal"
miniboone_un_clean,classification,73.24476146697998,0.918082191780822,0.9180558032583921,0.9186214270827673,0.918082191780822,0.9719993338337398,-0.030768796266713916,-0.030782181564764866,13,"ParticleID_11,ParticleID_15,ParticleID_17,ParticleID_19,ParticleID_2,ParticleID_20,ParticleID_22,ParticleID_26,ParticleID_41,ParticleID_47,ParticleID_5,ParticleID_6,ParticleID_7,signal"
miniboone_un_clean,classification,73.24476146697998,0.9175342465753424,0.9175100599490844,0.918024517401719,0.9175342465753424,0.9725366766747985,-0.009004333513016771,-0.00900988470901487,14,"ParticleID_11,ParticleID_15,ParticleID_17,ParticleID_19,ParticleID_2,ParticleID_20,ParticleID_22,ParticleID_26,ParticleID_41,ParticleID_47,ParticleID_5,ParticleID_6,ParticleID_7,ParticleID_9,signal"
miniboone_un_clean,classification,73.24476146697998,0.9172602739726028,0.9172356170511597,0.9177581030319937,0.9172602739726028,0.9722982360668042,-0.03234416453556532,-0.0323561744202403,15,"ParticleID_11,ParticleID_15,ParticleID_17,ParticleID_19,ParticleID_2,ParticleID_20,ParticleID_22,ParticleID_26,ParticleID_40,ParticleID_41,ParticleID_47,ParticleID_5,ParticleID_6,ParticleID_7,ParticleID_9,signal"
miniboone_un_clean,classification,73.24476146697998,0.9204794520547945,0.9204574173861853,0.9209458891688784,0.9204794520547945,0.9739896134359167,-0.03564918248748428,-0.035662224525150554,16,"ParticleID_11,ParticleID_15,ParticleID_17,ParticleID_19,ParticleID_2,ParticleID_20,ParticleID_22,ParticleID_26,ParticleID_40,ParticleID_41,ParticleID_47,ParticleID_5,ParticleID_6,ParticleID_7,ParticleID_8,ParticleID_9,signal"
miniboone_un_clean,classification,73.24476146697998,0.9217123287671233,0.9216861375636178,0.9222772325319943,0.9217123287671233,0.9736591949709139,-0.03415944766357637,-0.03417826174454164,17,"ParticleID_11,ParticleID_15,ParticleID_17,ParticleID_19,ParticleID_2,ParticleID_20,ParticleID_22,ParticleID_26,ParticleID_31,ParticleID_40,ParticleID_41,ParticleID_47,ParticleID_5,ParticleID_6,ParticleID_7,ParticleID_8,ParticleID_9,signal"
miniboone_un_clean,classification,73.24476146697998,0.924041095890411,0.9240175522391999,0.9245673155681359,0.924041095890411,0.9754674798273599,-0.020254941645121094,-0.020263080758032515,18,"ParticleID_11,ParticleID_15,ParticleID_17,ParticleID_19,ParticleID_2,ParticleID_20,ParticleID_22,ParticleID_26,ParticleID_31,ParticleID_33,ParticleID_40,ParticleID_41,ParticleID_47,ParticleID_5,ParticleID_6,ParticleID_7,ParticleID_8,ParticleID_9,signal"
miniboone_un_clean,classification,73.24476146697998,0.9206164383561644,0.9205870213538803,0.9212406000942774,0.9206164383561644,0.9739633327078252,-0.021727477531366057,-0.021742798500397287,19,"ParticleID_11,ParticleID_15,ParticleID_16,ParticleID_17,ParticleID_19,ParticleID_2,ParticleID_20,ParticleID_22,ParticleID_26,ParticleID_31,ParticleID_33,ParticleID_40,ParticleID_41,ParticleID_47,ParticleID_5,ParticleID_6,ParticleID_7,ParticleID_8,ParticleID_9,signal"
miniboone_un_clean,classification,73.24476146697998,0.9217123287671233,0.9216841382165566,0.9223204019914506,0.9217123287671233,0.9743346781760179,-0.036796524275789166,-0.036817593565473206,20,"ParticleID_11,ParticleID_15,ParticleID_16,ParticleID_17,ParticleID_19,ParticleID_2,ParticleID_20,ParticleID_22,ParticleID_26,ParticleID_31,ParticleID_33,ParticleID_40,ParticleID_41,ParticleID_47,ParticleID_48,ParticleID_5,ParticleID_6,ParticleID_7,ParticleID_8,ParticleID_9,signal"
miniboone_un_clean,classification,73.24476146697998,0.9227397260273973,0.9227195336233096,0.9231820143642716,0.9227397260273973,0.9750441170951396,-0.04135150997383563,-0.04136631866739604,21,"ParticleID_11,ParticleID_15,ParticleID_16,ParticleID_17,ParticleID_19,ParticleID_2,ParticleID_20,ParticleID_22,ParticleID_26,ParticleID_30,ParticleID_31,ParticleID_33,ParticleID_40,ParticleID_41,ParticleID_47,ParticleID_48,ParticleID_5,ParticleID_6,ParticleID_7,ParticleID_8,ParticleID_9,signal"
miniboone_un_clean,classification,73.24476146697998,0.9228082191780822,0.9227868297969257,0.9232772395894261,0.9228082191780822,0.9744973916306997,-0.034108113573039445,-0.034121736422437876,22,"ParticleID_11,ParticleID_15,ParticleID_16,ParticleID_17,ParticleID_19,ParticleID_2,ParticleID_20,ParticleID_22,ParticleID_24,ParticleID_26,ParticleID_30,ParticleID_31,ParticleID_33,ParticleID_40,ParticleID_41,ParticleID_47,ParticleID_48,ParticleID_5,ParticleID_6,ParticleID_7,ParticleID_8,ParticleID_9,signal"
miniboone_un_clean,classification,73.24476146697998,0.925,0.924976024074573,0.9255439760028015,0.925,0.9753551510602363,-0.039313846364601446,-0.03933184065137896,23,"ParticleID_11,ParticleID_15,ParticleID_16,ParticleID_17,ParticleID_19,ParticleID_2,ParticleID_20,ParticleID_22,ParticleID_24,ParticleID_26,ParticleID_3,ParticleID_30,ParticleID_31,ParticleID_33,ParticleID_40,ParticleID_41,ParticleID_47,ParticleID_48,ParticleID_5,ParticleID_6,ParticleID_7,ParticleID_8,ParticleID_9,signal"
miniboone_un_clean,classification,73.24476146697998,0.9284246575342465,0.9284028166314104,0.9289480643250654,0.9284246575342465,0.977004672546444,-0.043081215954571594,-0.04309799866107311,24,"ParticleID_0,ParticleID_11,ParticleID_15,ParticleID_16,ParticleID_17,ParticleID_19,ParticleID_2,ParticleID_20,ParticleID_22,ParticleID_24,ParticleID_26,ParticleID_3,ParticleID_30,ParticleID_31,ParticleID_33,ParticleID_40,ParticleID_41,ParticleID_47,ParticleID_48,ParticleID_5,ParticleID_6,ParticleID_7,ParticleID_8,ParticleID_9,signal"
miniboone_un_clean,classification,73.24476146697998,0.9292465753424658,0.929224645142555,0.9297792548320962,0.9292465753424657,0.9780241414899608,-0.0318479826903435,-0.03185948379599157,25,"ParticleID_0,ParticleID_11,ParticleID_15,ParticleID_16,ParticleID_17,ParticleID_19,ParticleID_2,ParticleID_20,ParticleID_22,ParticleID_24,ParticleID_26,ParticleID_3,ParticleID_30,ParticleID_31,ParticleID_32,ParticleID_33,ParticleID_40,ParticleID_41,ParticleID_47,ParticleID_48,ParticleID_5,ParticleID_6,ParticleID_7,ParticleID_8,ParticleID_9,signal"
miniboone_un_clean,classification,73.24476146697998,0.9308904109589041,0.9308703034794803,0.9313923204214383,0.9308904109589041,0.9783573935072246,-0.03710506833833205,-0.03711856844279582,26,"ParticleID_0,ParticleID_11,ParticleID_15,ParticleID_16,ParticleID_17,ParticleID_19,ParticleID_2,ParticleID_20,ParticleID_22,ParticleID_24,ParticleID_25,ParticleID_26,ParticleID_3,ParticleID_30,ParticleID_31,ParticleID_32,ParticleID_33,ParticleID_40,ParticleID_41,ParticleID_47,ParticleID_48,ParticleID_5,ParticleID_6,ParticleID_7,ParticleID_8,ParticleID_9,signal"
miniboone_un_clean,classification,73.24476146697998,0.9277397260273973,0.9277121806242785,0.9283926852290811,0.9277397260273972,0.9774173203227621,-0.026762140474880236,-0.026776206855468443,27,"ParticleID_0,ParticleID_11,ParticleID_15,ParticleID_16,ParticleID_17,ParticleID_19,ParticleID_2,ParticleID_20,ParticleID_22,ParticleID_24,ParticleID_25,ParticleID_26,ParticleID_3,ParticleID_30,ParticleID_31,ParticleID_32,ParticleID_33,ParticleID_40,ParticleID_41,ParticleID_45,ParticleID_47,ParticleID_48,ParticleID_5,ParticleID_6,ParticleID_7,ParticleID_8,ParticleID_9,signal"
miniboone_un_clean,classification,73.24476146697998,0.933082191780822,0.9330580953959544,0.9337066593782593,0.9330821917808219,0.9792825764683806,-0.0667465694781253,-0.06677066585797164,28,"ParticleID_0,ParticleID_11,ParticleID_15,ParticleID_16,ParticleID_17,ParticleID_19,ParticleID_2,ParticleID_20,ParticleID_22,ParticleID_24,ParticleID_25,ParticleID_26,ParticleID_27,ParticleID_3,ParticleID_30,ParticleID_31,ParticleID_32,ParticleID_33,ParticleID_40,ParticleID_41,ParticleID_45,ParticleID_47,ParticleID_48,ParticleID_5,ParticleID_6,ParticleID_7,ParticleID_8,ParticleID_9,signal"
miniboone_un_clean,classification,73.24476146697998,0.934041095890411,0.9340180260342574,0.9346489764226648,0.9340410958904111,0.9793641865265528,-0.06369855272769243,-0.0637216191479052,29,"ParticleID_0,ParticleID_1,ParticleID_11,ParticleID_15,ParticleID_16,ParticleID_17,ParticleID_19,ParticleID_2,ParticleID_20,ParticleID_22,ParticleID_24,ParticleID_25,ParticleID_26,ParticleID_27,ParticleID_3,ParticleID_30,ParticleID_31,ParticleID_32,ParticleID_33,ParticleID_40,ParticleID_41,ParticleID_45,ParticleID_47,ParticleID_48,ParticleID_5,ParticleID_6,ParticleID_7,ParticleID_8,ParticleID_9,signal"
miniboone_un_clean,classification,73.24476146697998,0.9397945205479452,0.9397764362446406,0.9403234126725795,0.9397945205479452,0.984046265715894,-0.012173012586751186,-0.012181831484799122,30,"ParticleID_0,ParticleID_1,ParticleID_11,ParticleID_12,ParticleID_15,ParticleID_16,ParticleID_17,ParticleID_19,ParticleID_2,ParticleID_20,ParticleID_22,ParticleID_24,ParticleID_25,ParticleID_26,ParticleID_27,ParticleID_3,ParticleID_30,ParticleID_31,ParticleID_32,ParticleID_33,ParticleID_40,ParticleID_41,ParticleID_45,ParticleID_47,ParticleID_48,ParticleID_5,ParticleID_6,ParticleID_7,ParticleID_8,ParticleID_9,signal"
miniboone_un_clean,classification,73.24476146697998,0.9407534246575342,0.9407353458240861,0.941291893514276,0.9407534246575342,0.9842311596922497,-0.013542955355479891,-0.013552130818039076,31,"ParticleID_0,ParticleID_1,ParticleID_11,ParticleID_12,ParticleID_14,ParticleID_15,ParticleID_16,ParticleID_17,ParticleID_19,ParticleID_2,ParticleID_20,ParticleID_22,ParticleID_24,ParticleID_25,ParticleID_26,ParticleID_27,ParticleID_3,ParticleID_30,ParticleID_31,ParticleID_32,ParticleID_33,ParticleID_40,ParticleID_41,ParticleID_45,ParticleID_47,ParticleID_48,ParticleID_5,ParticleID_6,ParticleID_7,ParticleID_8,ParticleID_9,signal"
miniboone_un_clean,classification,73.24476146697998,0.9402739726027397,0.9402586263902544,0.9407268237560816,0.9402739726027398,0.9830593638581349,-0.032430572073447794,-0.0324423463459782,32,"ParticleID_0,ParticleID_1,ParticleID_11,ParticleID_12,ParticleID_14,ParticleID_15,ParticleID_16,ParticleID_17,ParticleID_19,ParticleID_2,ParticleID_20,ParticleID_22,ParticleID_23,ParticleID_24,ParticleID_25,ParticleID_26,ParticleID_27,ParticleID_3,ParticleID_30,ParticleID_31,ParticleID_32,ParticleID_33,ParticleID_40,ParticleID_41,ParticleID_45,ParticleID_47,ParticleID_48,ParticleID_5,ParticleID_6,ParticleID_7,ParticleID_8,ParticleID_9,signal"
miniboone_un_clean,classification,73.24476146697998,0.9396575342465754,0.9396408137099304,0.9401452455733883,0.9396575342465754,0.9845651154062675,-0.015614906590439626,-0.015623440350883921,33,"ParticleID_0,ParticleID_1,ParticleID_11,ParticleID_12,ParticleID_14,ParticleID_15,ParticleID_16,ParticleID_17,ParticleID_19,ParticleID_2,ParticleID_20,ParticleID_22,ParticleID_23,ParticleID_24,ParticleID_25,ParticleID_26,ParticleID_27,ParticleID_3,ParticleID_30,ParticleID_31,ParticleID_32,ParticleID_33,ParticleID_39,ParticleID_40,ParticleID_41,ParticleID_45,ParticleID_47,ParticleID_48,ParticleID_5,ParticleID_6,ParticleID_7,ParticleID_8,ParticleID_9,signal"
miniboone_un_clean,classification,73.24476146697998,0.9406849315068493,0.9406683600651381,0.9411778187768568,0.9406849315068493,0.9842026083693001,-0.010049682692267137,-0.010056467533139046,34,"ParticleID_0,ParticleID_1,ParticleID_11,ParticleID_12,ParticleID_14,ParticleID_15,ParticleID_16,ParticleID_17,ParticleID_19,ParticleID_2,ParticleID_20,ParticleID_22,ParticleID_23,ParticleID_24,ParticleID_25,ParticleID_26,ParticleID_27,ParticleID_3,ParticleID_30,ParticleID_31,ParticleID_32,ParticleID_33,ParticleID_36,ParticleID_39,ParticleID_40,ParticleID_41,ParticleID_45,ParticleID_47,ParticleID_48,ParticleID_5,ParticleID_6,ParticleID_7,ParticleID_8,ParticleID_9,signal"
miniboone_un_clean,classification,73.24476146697998,0.9405479452054795,0.9405329294632925,0.9409933575995391,0.9405479452054795,0.9845079095515106,-0.021676788518278145,-0.021685505912022895,35,"ParticleID_0,ParticleID_1,ParticleID_11,ParticleID_12,ParticleID_14,ParticleID_15,ParticleID_16,ParticleID_17,ParticleID_19,ParticleID_2,ParticleID_20,ParticleID_22,ParticleID_23,ParticleID_24,ParticleID_25,ParticleID_26,ParticleID_27,ParticleID_3,ParticleID_30,ParticleID_31,ParticleID_32,ParticleID_33,ParticleID_36,ParticleID_39,ParticleID_40,ParticleID_41,ParticleID_45,ParticleID_47,ParticleID_48,ParticleID_5,ParticleID_6,ParticleID_7,ParticleID_8,ParticleID_8_shuffled_1,ParticleID_9,signal"
miniboone_un_clean,classification,73.24476146697998,0.9418493150684931,0.9418352544043169,0.9422769767373673,0.9418493150684932,0.984714683805592,-0.05719174798161131,-0.05720580835785272,36,"ParticleID_0,ParticleID_1,ParticleID_11,ParticleID_12,ParticleID_14,ParticleID_15,ParticleID_16,ParticleID_17,ParticleID_19,ParticleID_2,ParticleID_20,ParticleID_22,ParticleID_23,ParticleID_24,ParticleID_25,ParticleID_26,ParticleID_27,ParticleID_3,ParticleID_30,ParticleID_31,ParticleID_32,ParticleID_33,ParticleID_36,ParticleID_39,ParticleID_4,ParticleID_40,ParticleID_41,ParticleID_45,ParticleID_47,ParticleID_48,ParticleID_5,ParticleID_6,ParticleID_7,ParticleID_8,ParticleID_8_shuffled_1,ParticleID_9,signal"
miniboone_un_clean,classification,73.24476146697998,0.941027397260274,0.9410146059305646,0.9414102869302562,0.941027397260274,0.9843799211859635,-0.05207168147529917,-0.05208441083363491,37,"ParticleID_0,ParticleID_1,ParticleID_11,ParticleID_12,ParticleID_14,ParticleID_15,ParticleID_16,ParticleID_17,ParticleID_19,ParticleID_2,ParticleID_20,ParticleID_22,ParticleID_23,ParticleID_24,ParticleID_25,ParticleID_26,ParticleID_27,ParticleID_3,ParticleID_30,ParticleID_31,ParticleID_32,ParticleID_33,ParticleID_36,ParticleID_39,ParticleID_4,ParticleID_40,ParticleID_41,ParticleID_43,ParticleID_45,ParticleID_47,ParticleID_48,ParticleID_5,ParticleID_6,ParticleID_7,ParticleID_8,ParticleID_8_shuffled_1,ParticleID_9,signal"
miniboone_un_clean,classification,73.24476146697998,0.9416438356164384,0.9416312954907501,0.9420236989551013,0.9416438356164384,0.9849560048789642,-0.055633468400822506,-0.05564600555577959,38,"ParticleID_0,ParticleID_1,ParticleID_11,ParticleID_12,ParticleID_14,ParticleID_15,ParticleID_16,ParticleID_17,ParticleID_19,ParticleID_2,ParticleID_20,ParticleID_22,ParticleID_23,ParticleID_24,ParticleID_25,ParticleID_26,ParticleID_27,ParticleID_3,ParticleID_30,ParticleID_31,ParticleID_32,ParticleID_33,ParticleID_35,ParticleID_36,ParticleID_39,ParticleID_4,ParticleID_40,ParticleID_41,ParticleID_43,ParticleID_45,ParticleID_47,ParticleID_48,ParticleID_5,ParticleID_6,ParticleID_7,ParticleID_8,ParticleID_8_shuffled_1,ParticleID_9,signal"
miniboone_un_clean,classification,73.24476146697998,0.9415753424657535,0.941560965465331,0.9420103108033184,0.9415753424657534,0.9851495590167011,-0.05734585346561405,-0.05736023016203895,39,"ParticleID_0,ParticleID_1,ParticleID_11,ParticleID_12,ParticleID_14,ParticleID_15,ParticleID_16,ParticleID_17,ParticleID_19,ParticleID_2,ParticleID_20,ParticleID_22,ParticleID_23,ParticleID_24,ParticleID_25,ParticleID_26,ParticleID_27,ParticleID_3,ParticleID_30,ParticleID_31,ParticleID_32,ParticleID_33,ParticleID_34,ParticleID_35,ParticleID_36,ParticleID_39,ParticleID_4,ParticleID_40,ParticleID_41,ParticleID_43,ParticleID_45,ParticleID_47,ParticleID_48,ParticleID_5,ParticleID_6,ParticleID_7,ParticleID_8,ParticleID_8_shuffled_1,ParticleID_9,signal"
miniboone_un_clean,classification,73.24476146697998,0.9389041095890411,0.9388875958224778,0.9393790248044425,0.9389041095890411,0.9844000562957402,-0.0336976918425147,-0.033710996303386365,40,"ParticleID_0,ParticleID_1,ParticleID_11,ParticleID_12,ParticleID_14,ParticleID_15,ParticleID_16,ParticleID_17,ParticleID_19,ParticleID_2,ParticleID_20,ParticleID_22,ParticleID_23,ParticleID_24,ParticleID_25,ParticleID_26,ParticleID_27,ParticleID_3,ParticleID_30,ParticleID_31,ParticleID_32,ParticleID_33,ParticleID_34,ParticleID_35,ParticleID_36,ParticleID_38,ParticleID_39,ParticleID_4,ParticleID_40,ParticleID_41,ParticleID_43,ParticleID_45,ParticleID_47,ParticleID_48,ParticleID_5,ParticleID_6,ParticleID_7,ParticleID_8,ParticleID_8_shuffled_1,ParticleID_9,signal"
miniboone_mn_dirty,classification,118.91546249389648,0.7665753424657534,0.7665620913928779,0.7666358846726316,0.7665753424657533,0.8115487051979733,0.0041862195505850686,0.004194976611860968,1,"ParticleID_26,signal"
miniboone_mn_dirty,classification,118.91546249389648,0.813082191780822,0.8130782553400648,0.8131085671675364,0.813082191780822,0.8896357290298367,-0.0026306750981807125,-0.002632136782600103,2,"ParticleID_15,ParticleID_26,signal"
miniboone_mn_dirty,classification,118.91546249389648,0.8588356164383562,0.8588343919346533,0.8588480673686727,0.8588356164383562,0.9325276787389756,-0.00573166326300345,-0.005732698695044225,3,"ParticleID_15,ParticleID_2,ParticleID_26,signal"
miniboone_mn_dirty,classification,118.91546249389648,0.8723972602739726,0.8723935241507985,0.8724408782796274,0.8723972602739726,0.9436312535184836,-0.0055437651036088775,-0.005540123684207199,4,"ParticleID_15,ParticleID_17,ParticleID_2,ParticleID_26,signal"
miniboone_mn_dirty,classification,118.91546249389648,0.8754794520547945,0.8754760778280425,0.8755201539577643,0.8754794520547946,0.9466722274347907,-0.01501337304195538,-0.015007963420144876,5,"ParticleID_15,ParticleID_17,ParticleID_2,ParticleID_22,ParticleID_26,signal"
miniboone_mn_dirty,classification,118.91546249389648,0.8862328767123288,0.8862190405505259,0.8864208372024982,0.8862328767123289,0.9533235597673111,-0.015167856189482909,-0.01516909668672739,6,"ParticleID_15,ParticleID_17,ParticleID_2,ParticleID_22,ParticleID_26,ParticleID_41,signal"
miniboone_mn_dirty,classification,118.91546249389648,0.8992465753424658,0.8992163113946147,0.8997267049475884,0.8992465753424658,0.9622612028523176,-0.004209022451979294,-0.004217557532085636,7,"ParticleID_15,ParticleID_17,ParticleID_2,ParticleID_20,ParticleID_22,ParticleID_26,ParticleID_41,signal"
miniboone_mn_dirty,classification,118.91546249389648,0.9008904109589041,0.9008615749601665,0.9013573758427402,0.9008904109589041,0.9617715425032839,-0.023507684866295397,-0.023523203549612903,8,"ParticleID_15,ParticleID_17,ParticleID_2,ParticleID_20,ParticleID_22,ParticleID_24,ParticleID_26,ParticleID_41,signal"
miniboone_mn_dirty,classification,118.91546249389648,0.903972602739726,0.90393975045885,0.9045259888268996,0.903972602739726,0.964953640457872,-0.005014006390723691,-0.005025092166624501,9,"ParticleID_15,ParticleID_17,ParticleID_2,ParticleID_20,ParticleID_22,ParticleID_24,ParticleID_25,ParticleID_26,ParticleID_41,signal"
miniboone_mn_dirty,classification,118.91546249389648,0.9055479452054794,0.9055134409446264,0.9061411979168145,0.9055479452054795,0.9657212610245826,-0.0018975152554953079,-0.0019041614244416083,10,"ParticleID_11,ParticleID_15,ParticleID_17,ParticleID_2,ParticleID_20,ParticleID_22,ParticleID_24,ParticleID_25,ParticleID_26,ParticleID_41,signal"
miniboone_mn_dirty,classification,118.91546249389648,0.9094520547945205,0.9094168074107425,0.910090345912016,0.9094520547945205,0.9681073090636143,-0.013319272990677589,-0.013329924835180806,11,"ParticleID_11,ParticleID_15,ParticleID_17,ParticleID_2,ParticleID_20,ParticleID_22,ParticleID_24,ParticleID_25,ParticleID_26,ParticleID_40,ParticleID_41,signal"
miniboone_mn_dirty,classification,118.91546249389648,0.9126027397260273,0.9125705832882802,0.9132106533161942,0.9126027397260275,0.9701609119909926,-0.012463187189277969,-0.012473888968436486,12,"ParticleID_11,ParticleID_15,ParticleID_17,ParticleID_19,ParticleID_2,ParticleID_20,ParticleID_22,ParticleID_24,ParticleID_25,ParticleID_26,ParticleID_40,ParticleID_41,signal"
miniboone_mn_dirty,classification,118.91546249389648,0.9141780821917809,0.9141420726939431,0.9148740881658118,0.9141780821917809,0.9707812066053668,-0.009860412277207797,-0.009875717022560626,13,"ParticleID_11,ParticleID_15,ParticleID_17,ParticleID_19,ParticleID_2,ParticleID_20,ParticleID_22,ParticleID_23,ParticleID_24,ParticleID_25,ParticleID_26,ParticleID_40,ParticleID_41,signal"
miniboone_mn_dirty,classification,118.91546249389648,0.917054794520548,0.9170231760530818,0.9176914428118295,0.917054794520548,0.9730539969975607,-0.027258366889089336,-0.027273912047492965,14,"ParticleID_11,ParticleID_15,ParticleID_17,ParticleID_19,ParticleID_2,ParticleID_20,ParticleID_22,ParticleID_23,ParticleID_24,ParticleID_25,ParticleID_26,ParticleID_33,ParticleID_40,ParticleID_41,signal"
miniboone_mn_dirty,classification,118.91546249389648,0.9219178082191781,0.9218967031811937,0.9223743434449696,0.9219178082191781,0.9748653875023457,-0.0375157340254193,-0.03753058569385537,15,"ParticleID_11,ParticleID_15,ParticleID_17,ParticleID_19,ParticleID_2,ParticleID_20,ParticleID_22,ParticleID_23,ParticleID_24,ParticleID_25,ParticleID_26,ParticleID_27,ParticleID_33,ParticleID_40,ParticleID_41,signal"
miniboone_mn_dirty,classification,118.91546249389648,0.923082191780822,0.9230594514378871,0.9235829639766089,0.9230821917808218,0.9754745167948958,-0.03982749690714682,-0.03984421607994593,16,"ParticleID_11,ParticleID_15,ParticleID_17,ParticleID_18,ParticleID_19,ParticleID_2,ParticleID_20,ParticleID_22,ParticleID_23,ParticleID_24,ParticleID_25,ParticleID_26,ParticleID_27,ParticleID_33,ParticleID_40,ParticleID_41,signal"
miniboone_mn_dirty,classification,118.91546249389648,0.9236986301369863,0.9236705562563825,0.9243228920009923,0.9236986301369863,0.9759215425032839,-0.03758429051098111,-0.03760525979710749,17,"ParticleID_11,ParticleID_15,ParticleID_17,ParticleID_18,ParticleID_19,ParticleID_2,ParticleID_20,ParticleID_21,ParticleID_22,ParticleID_23,ParticleID_24,ParticleID_25,ParticleID_26,ParticleID_27,ParticleID_33,ParticleID_40,ParticleID_41,signal"
miniboone_mn_dirty,classification,118.91546249389648,0.9252054794520548,0.9251783518659487,0.9258230307207022,0.9252054794520548,0.9760051041471195,-0.04198517776223343,-0.042008215088350065,18,"ParticleID_11,ParticleID_15,ParticleID_15_shuffled_1,ParticleID_17,ParticleID_18,ParticleID_19,ParticleID_2,ParticleID_20,ParticleID_21,ParticleID_22,ParticleID_23,ParticleID_24,ParticleID_25,ParticleID_26,ParticleID_27,ParticleID_33,ParticleID_40,ParticleID_41,signal"
miniboone_mn_dirty,classification,118.91546249389648,0.9236301369863014,0.9236068330564811,0.9241476863070391,0.9236301369863014,0.9747208200412836,-0.011093654924380525,-0.011101929981952807,19,"ParticleID_11,ParticleID_15,ParticleID_15_shuffled_1,ParticleID_17,ParticleID_18,ParticleID_19,ParticleID_19_shuffled_2,ParticleID_2,ParticleID_20,ParticleID_21,ParticleID_22,ParticleID_23,ParticleID_24,ParticleID_25,ParticleID_26,ParticleID_27,ParticleID_33,ParticleID_40,ParticleID_41,signal"
miniboone_mn_dirty,classification,118.91546249389648,0.9221917808219178,0.922161911971062,0.9228408085339622,0.9221917808219178,0.9760222462000376,-0.014501256610870983,-0.014513618367323677,20,"ParticleID_11,ParticleID_15,ParticleID_15_shuffled_1,ParticleID_17,ParticleID_18,ParticleID_19,ParticleID_19_shuffled_2,ParticleID_2,ParticleID_20,ParticleID_21,ParticleID_22,ParticleID_23,ParticleID_24,ParticleID_25,ParticleID_26,ParticleID_27,ParticleID_2_shuffled_2,ParticleID_33,ParticleID_40,ParticleID_41,signal"
miniboone_mn_dirty,classification,118.91546249389648,0.9245890410958905,0.9245622772669277,0.9251924409522803,0.9245890410958904,0.976623437793207,-0.020734428885958223,-0.020747766493149578,21,"ParticleID_11,ParticleID_15,ParticleID_15_shuffled_1,ParticleID_17,ParticleID_18,ParticleID_19,ParticleID_19_shuffled_1,ParticleID_19_shuffled_2,ParticleID_2,ParticleID_20,ParticleID_21,ParticleID_22,ParticleID_23,ParticleID_24,ParticleID_25,ParticleID_26,ParticleID_27,ParticleID_2_shuffled_2,ParticleID_33,ParticleID_40,ParticleID_41,signal"
miniboone_mn_dirty,classification,118.91546249389648,0.9232191780821918,0.9231915301318985,0.9238294240547625,0.9232191780821918,0.975775849127416,-0.012754656638175321,-0.012764744221431368,22,"ParticleID_11,ParticleID_15,ParticleID_15_shuffled_1,ParticleID_17,ParticleID_18,ParticleID_19,ParticleID_19_shuffled_1,ParticleID_19_shuffled_2,ParticleID_2,ParticleID_20,ParticleID_21,ParticleID_22,ParticleID_23,ParticleID_24,ParticleID_25,ParticleID_26,ParticleID_27,ParticleID_2_shuffled_1,ParticleID_2_shuffled_2,ParticleID_33,ParticleID_40,ParticleID_41,signal"
miniboone_mn_dirty,classification,118.91546249389648,0.922945205479452,0.9229174588745637,0.9235550564068877,0.922945205479452,0.9757423250140739,-0.03470745385819651,-0.034726540980471565,23,"ParticleID_11,ParticleID_15,ParticleID_15_shuffled_1,ParticleID_17,ParticleID_18,ParticleID_19,ParticleID_19_shuffled_1,ParticleID_19_shuffled_2,ParticleID_2,ParticleID_20,ParticleID_21,ParticleID_22,ParticleID_23,ParticleID_24,ParticleID_25,ParticleID_26,ParticleID_27,ParticleID_28,ParticleID_2_shuffled_1,ParticleID_2_shuffled_2,ParticleID_33,ParticleID_40,ParticleID_41,signal"
miniboone_mn_dirty,classification,118.91546249389648,0.9228082191780822,0.9227835425863413,0.9233493898251883,0.9228082191780822,0.9755463313942576,-0.03724178253430521,-0.03725860000371606,24,"ParticleID_11,ParticleID_15,ParticleID_15_shuffled_1,ParticleID_15_shuffled_2,ParticleID_17,ParticleID_18,ParticleID_19,ParticleID_19_shuffled_1,ParticleID_19_shuffled_2,ParticleID_2,ParticleID_20,ParticleID_21,ParticleID_22,ParticleID_23,ParticleID_24,ParticleID_25,ParticleID_26,ParticleID_27,ParticleID_28,ParticleID_2_shuffled_1,ParticleID_2_shuffled_2,ParticleID_33,ParticleID_40,ParticleID_41,signal"
miniboone_mn_dirty,classification,118.91546249389648,0.9235616438356165,0.9235362625811372,0.9241247771200959,0.9235616438356165,0.9751763370238318,-0.04924564408520271,-0.049268286948160656,25,"ParticleID_11,ParticleID_15,ParticleID_15_shuffled_1,ParticleID_15_shuffled_2,ParticleID_17,ParticleID_18,ParticleID_19,ParticleID_19_shuffled_1,ParticleID_19_shuffled_2,ParticleID_2,ParticleID_20,ParticleID_21,ParticleID_22,ParticleID_23,ParticleID_24,ParticleID_25,ParticleID_26,ParticleID_26_shuffled_2,ParticleID_27,ParticleID_28,ParticleID_2_shuffled_1,ParticleID_2_shuffled_2,ParticleID_33,ParticleID_40,ParticleID_41,signal"
miniboone_mn_dirty,classification,118.91546249389648,0.9233561643835616,0.923328565760566,0.9239666078787001,0.9233561643835617,0.9755573278288612,-0.03633423597261498,-0.03635482537873169,26,"ParticleID_11,ParticleID_15,ParticleID_15_shuffled_1,ParticleID_15_shuffled_2,ParticleID_17,ParticleID_18,ParticleID_19,ParticleID_19_shuffled_1,ParticleID_19_shuffled_2,ParticleID_2,ParticleID_20,ParticleID_21,ParticleID_22,ParticleID_23,ParticleID_24,ParticleID_25,ParticleID_26,ParticleID_26_shuffled_2,ParticleID_27,ParticleID_28,ParticleID_29,ParticleID_2_shuffled_1,ParticleID_2_shuffled_2,ParticleID_33,ParticleID_40,ParticleID_41,signal"
miniboone_mn_dirty,classification,118.91546249389648,0.9246575342465754,0.924633633109393,0.9251969095719095,0.9246575342465754,0.9765707449802964,-0.05838983038919987,-0.058412951962668824,27,"ParticleID_11,ParticleID_15,ParticleID_15_shuffled_1,ParticleID_15_shuffled_2,ParticleID_17,ParticleID_18,ParticleID_19,ParticleID_19_shuffled_1,ParticleID_19_shuffled_2,ParticleID_2,ParticleID_20,ParticleID_21,ParticleID_22,ParticleID_23,ParticleID_24,ParticleID_25,ParticleID_26,ParticleID_26_shuffled_2,ParticleID_27,ParticleID_28,ParticleID_29,ParticleID_2_shuffled_1,ParticleID_2_shuffled_2,ParticleID_33,ParticleID_40,ParticleID_41,ParticleID_4_shuffled_2,signal"
miniboone_mn_dirty,classification,118.91546249389648,0.9282876712328767,0.9282603347048527,0.9289414668915044,0.9282876712328767,0.9769769844248452,-0.05260208526563348,-0.05262784760135031,28,"ParticleID_0,ParticleID_11,ParticleID_15,ParticleID_15_shuffled_1,ParticleID_15_shuffled_2,ParticleID_17,ParticleID_18,ParticleID_19,ParticleID_19_shuffled_1,ParticleID_19_shuffled_2,ParticleID_2,ParticleID_20,ParticleID_21,ParticleID_22,ParticleID_23,ParticleID_24,ParticleID_25,ParticleID_26,ParticleID_26_shuffled_2,ParticleID_27,ParticleID_28,ParticleID_29,ParticleID_2_shuffled_1,ParticleID_2_shuffled_2,ParticleID_33,ParticleID_40,ParticleID_41,ParticleID_4_shuffled_2,signal"
miniboone_mn_dirty,classification,118.91546249389648,0.9252054794520548,0.9251726096006406,0.925953924219332,0.9252054794520548,0.9768242634640645,-0.013662289992104282,-0.013677300633932021,29,"ParticleID_0,ParticleID_11,ParticleID_15,ParticleID_15_shuffled_1,ParticleID_15_shuffled_2,ParticleID_17,ParticleID_18,ParticleID_19,ParticleID_19_shuffled_1,ParticleID_19_shuffled_2,ParticleID_2,ParticleID_20,ParticleID_21,ParticleID_22,ParticleID_23,ParticleID_24,ParticleID_25,ParticleID_26,ParticleID_26_shuffled_2,ParticleID_27,ParticleID_28,ParticleID_29,ParticleID_2_shuffled_1,ParticleID_2_shuffled_2,ParticleID_33,ParticleID_40,ParticleID_41,ParticleID_45_shuffled_2,ParticleID_4_shuffled_2,signal"
miniboone_mn_dirty,classification,118.91546249389648,0.9282876712328767,0.9282636798154924,0.9288613829823875,0.9282876712328767,0.9775485081628824,-0.03811528777256867,-0.03813290977554229,30,"ParticleID_0,ParticleID_11,ParticleID_15,ParticleID_15_shuffled_1,ParticleID_15_shuffled_2,ParticleID_17,ParticleID_18,ParticleID_19,ParticleID_19_shuffled_1,ParticleID_19_shuffled_2,ParticleID_2,ParticleID_20,ParticleID_21,ParticleID_22,ParticleID_23,ParticleID_24,ParticleID_25,ParticleID_26,ParticleID_26_shuffled_2,ParticleID_27,ParticleID_28,ParticleID_29,ParticleID_2_shuffled_1,ParticleID_2_shuffled_2,ParticleID_33,ParticleID_40,ParticleID_41,ParticleID_45_shuffled_2,ParticleID_46_shuffled_1,ParticleID_4_shuffled_2,signal"
miniboone_mn_dirty,classification,118.91546249389648,0.9258904109589041,0.9258586883834459,0.9266205573524634,0.9258904109589041,0.9771637549258773,-0.019621421638102654,-0.01963835400607694,31,"ParticleID_0,ParticleID_11,ParticleID_15,ParticleID_15_shuffled_1,ParticleID_15_shuffled_2,ParticleID_17,ParticleID_18,ParticleID_19,ParticleID_19_shuffled_1,ParticleID_19_shuffled_2,ParticleID_2,ParticleID_20,ParticleID_21,ParticleID_22,ParticleID_23,ParticleID_24,ParticleID_25,ParticleID_26,ParticleID_26_shuffled_2,ParticleID_27,ParticleID_28,ParticleID_29,ParticleID_2_shuffled_1,ParticleID_2_shuffled_2,ParticleID_33,ParticleID_40,ParticleID_41,ParticleID_45_shuffled_2,ParticleID_46_shuffled_1,ParticleID_48_shuffled_1,ParticleID_4_shuffled_2,signal"
miniboone_mn_dirty,classification,118.91546249389648,0.9260273972602739,0.9259986021207276,0.9266915275297322,0.9260273972602739,0.9758976731094013,-0.06854433464835308,-0.06857309723872185,32,"ParticleID_0,ParticleID_11,ParticleID_15,ParticleID_15_shuffled_1,ParticleID_15_shuffled_2,ParticleID_17,ParticleID_18,ParticleID_19,ParticleID_19_shuffled_1,ParticleID_19_shuffled_2,ParticleID_2,ParticleID_20,ParticleID_21,ParticleID_22,ParticleID_23,ParticleID_24,ParticleID_25,ParticleID_26,ParticleID_26_shuffled_2,ParticleID_27,ParticleID_28,ParticleID_29,ParticleID_2_shuffled_1,ParticleID_2_shuffled_2,ParticleID_33,ParticleID_37_shuffled_2,ParticleID_40,ParticleID_41,ParticleID_45_shuffled_2,ParticleID_46_shuffled_1,ParticleID_48_shuffled_1,ParticleID_4_shuffled_2,signal"
miniboone_mn_dirty,classification,118.91546249389648,0.9273287671232877,0.9272957777017972,0.9281057762955354,0.9273287671232877,0.9772060799399512,-0.030957475556256053,-0.03098094754951819,33,"ParticleID_0,ParticleID_11,ParticleID_15,ParticleID_15_shuffled_1,ParticleID_15_shuffled_2,ParticleID_17,ParticleID_18,ParticleID_19,ParticleID_19_shuffled_1,ParticleID_19_shuffled_2,ParticleID_2,ParticleID_20,ParticleID_21,ParticleID_22,ParticleID_23,ParticleID_24,ParticleID_25,ParticleID_26,ParticleID_26_shuffled_2,ParticleID_27,ParticleID_28,ParticleID_29,ParticleID_2_shuffled_1,ParticleID_2_shuffled_2,ParticleID_33,ParticleID_37_shuffled_2,ParticleID_40,ParticleID_41,ParticleID_41_shuffled_2,ParticleID_45_shuffled_2,ParticleID_46_shuffled_1,ParticleID_48_shuffled_1,ParticleID_4_shuffled_2,signal"
miniboone_mn_dirty,classification,118.91546249389648,0.9264383561643835,0.9264068681366182,0.9271694419550397,0.9264383561643836,0.9766250328391819,-0.04693401960190979,-0.046962054315571655,34,"ParticleID_0,ParticleID_11,ParticleID_15,ParticleID_15_shuffled_1,ParticleID_15_shuffled_2,ParticleID_17,ParticleID_18,ParticleID_19,ParticleID_19_shuffled_1,ParticleID_19_shuffled_2,ParticleID_2,ParticleID_20,ParticleID_21,ParticleID_22,ParticleID_23,ParticleID_24,ParticleID_25,ParticleID_26,ParticleID_26_shuffled_2,ParticleID_27,ParticleID_28,ParticleID_29,ParticleID_2_shuffled_1,ParticleID_2_shuffled_2,ParticleID_30,ParticleID_33,ParticleID_37_shuffled_2,ParticleID_40,ParticleID_41,ParticleID_41_shuffled_2,ParticleID_45_shuffled_2,ParticleID_46_shuffled_1,ParticleID_48_shuffled_1,ParticleID_4_shuffled_2,signal"
miniboone_mn_dirty,classification,118.91546249389648,0.9263013698630137,0.9262689816211441,0.9270517436116499,0.9263013698630137,0.9772506004878964,-0.036300089091060084,-0.036324327140193735,35,"ParticleID_0,ParticleID_11,ParticleID_15,ParticleID_15_shuffled_1,ParticleID_15_shuffled_2,ParticleID_17,ParticleID_18,ParticleID_19,ParticleID_19_shuffled_1,ParticleID_19_shuffled_2,ParticleID_2,ParticleID_20,ParticleID_21,ParticleID_22,ParticleID_23,ParticleID_24,ParticleID_25,ParticleID_26,ParticleID_26_shuffled_2,ParticleID_27,ParticleID_28,ParticleID_29,ParticleID_2_shuffled_1,ParticleID_2_shuffled_2,ParticleID_30,ParticleID_33,ParticleID_37_shuffled_2,ParticleID_40,ParticleID_41,ParticleID_41_shuffled_2,ParticleID_45_shuffled_1,ParticleID_45_shuffled_2,ParticleID_46_shuffled_1,ParticleID_48_shuffled_1,ParticleID_4_shuffled_2,signal"
miniboone_mn_dirty,classification,118.91546249389648,0.9260958904109589,0.9260665192292872,0.9267740599393831,0.9260958904109589,0.9770716457121411,-0.06100983238776714,-0.061038934023584845,36,"ParticleID_0,ParticleID_11,ParticleID_15,ParticleID_15_shuffled_1,ParticleID_15_shuffled_2,ParticleID_17,ParticleID_18,ParticleID_19,ParticleID_19_shuffled_1,ParticleID_19_shuffled_2,ParticleID_2,ParticleID_20,ParticleID_21,ParticleID_22,ParticleID_23,ParticleID_24,ParticleID_25,ParticleID_26,ParticleID_26_shuffled_2,ParticleID_27,ParticleID_28,ParticleID_29,ParticleID_2_shuffled_1,ParticleID_2_shuffled_2,ParticleID_30,ParticleID_33,ParticleID_34_shuffled_2,ParticleID_37_shuffled_2,ParticleID_40,ParticleID_41,ParticleID_41_shuffled_2,ParticleID_45_shuffled_1,ParticleID_45_shuffled_2,ParticleID_46_shuffled_1,ParticleID_48_shuffled_1,ParticleID_4_shuffled_2,signal"
miniboone_mn_dirty,classification,118.91546249389648,0.9267808219178082,0.9267540742348119,0.927405134980522,0.9267808219178082,0.9772750046913117,-0.05222530842912154,-0.052250207286669736,37,"ParticleID_0,ParticleID_11,ParticleID_15,ParticleID_15_shuffled_1,ParticleID_15_shuffled_2,ParticleID_17,ParticleID_18,ParticleID_19,ParticleID_19_shuffled_1,ParticleID_19_shuffled_2,ParticleID_2,ParticleID_20,ParticleID_21,ParticleID_22,ParticleID_23,ParticleID_24,ParticleID_25,ParticleID_26,ParticleID_26_shuffled_2,ParticleID_27,ParticleID_28,ParticleID_29,ParticleID_2_shuffled_1,ParticleID_2_shuffled_2,ParticleID_30,ParticleID_33,ParticleID_34_shuffled_2,ParticleID_37_shuffled_2,ParticleID_39_shuffled_2,ParticleID_40,ParticleID_41,ParticleID_41_shuffled_2,ParticleID_45_shuffled_1,ParticleID_45_shuffled_2,ParticleID_46_shuffled_1,ParticleID_48_shuffled_1,ParticleID_4_shuffled_2,signal"
miniboone_mn_dirty,classification,118.91546249389648,0.9252739726027397,0.9252417738882479,0.9260079069230005,0.9252739726027397,0.9767002251829611,-0.03261842097238277,-0.032641843411027494,38,"ParticleID_0,ParticleID_11,ParticleID_15,ParticleID_15_shuffled_1,ParticleID_15_shuffled_2,ParticleID_17,ParticleID_18,ParticleID_19,ParticleID_19_shuffled_1,ParticleID_19_shuffled_2,ParticleID_2,ParticleID_20,ParticleID_21,ParticleID_22,ParticleID_23,ParticleID_24,ParticleID_25,ParticleID_26,ParticleID_26_shuffled_2,ParticleID_27,ParticleID_28,ParticleID_29,ParticleID_2_shuffled_1,ParticleID_2_shuffled_2,ParticleID_30,ParticleID_33,ParticleID_34_shuffled_2,ParticleID_37_shuffled_2,ParticleID_39_shuffled_2,ParticleID_40,ParticleID_41,ParticleID_41_shuffled_2,ParticleID_45_shuffled_1,ParticleID_45_shuffled_2,ParticleID_46_shuffled_1,ParticleID_48_shuffled_1,ParticleID_48_shuffled_2,ParticleID_4_shuffled_2,signal"
miniboone_mn_dirty,classification,118.91546249389648,0.9233561643835616,0.923323574024818,0.9240771592175318,0.9233561643835617,0.9757457309063613,-0.030049774175978095,-0.03007077244016032,39,"ParticleID_0,ParticleID_11,ParticleID_15,ParticleID_15_shuffled_1,ParticleID_15_shuffled_2,ParticleID_17,ParticleID_18,ParticleID_19,ParticleID_19_shuffled_1,ParticleID_19_shuffled_2,ParticleID_2,ParticleID_20,ParticleID_21,ParticleID_22,ParticleID_23,ParticleID_24,ParticleID_25,ParticleID_26,ParticleID_26_shuffled_2,ParticleID_27,ParticleID_28,ParticleID_29,ParticleID_2_shuffled_1,ParticleID_2_shuffled_2,ParticleID_30,ParticleID_31,ParticleID_33,ParticleID_34_shuffled_2,ParticleID_37_shuffled_2,ParticleID_39_shuffled_2,ParticleID_40,ParticleID_41,ParticleID_41_shuffled_2,ParticleID_45_shuffled_1,ParticleID_45_shuffled_2,ParticleID_46_shuffled_1,ParticleID_48_shuffled_1,ParticleID_48_shuffled_2,ParticleID_4_shuffled_2,signal"
miniboone_mn_dirty,classification,118.91546249389648,0.9243835616438356,0.9243494557266623,0.9251502521905707,0.9243835616438356,0.9763915087258397,-0.032241665247496276,-0.03226571701266079,40,"ParticleID_0,ParticleID_11,ParticleID_15,ParticleID_15_shuffled_1,ParticleID_15_shuffled_2,ParticleID_17,ParticleID_18,ParticleID_19,ParticleID_19_shuffled_1,ParticleID_19_shuffled_2,ParticleID_2,ParticleID_20,ParticleID_21,ParticleID_22,ParticleID_23,ParticleID_24,ParticleID_25,ParticleID_26,ParticleID_26_shuffled_2,ParticleID_27,ParticleID_28,ParticleID_29,ParticleID_2_shuffled_1,ParticleID_2_shuffled_2,ParticleID_30,ParticleID_31,ParticleID_33,ParticleID_34_shuffled_2,ParticleID_37_shuffled_2,ParticleID_39_shuffled_2,ParticleID_40,ParticleID_41,ParticleID_41_shuffled_2,ParticleID_42_shuffled_1,ParticleID_45_shuffled_1,ParticleID_45_shuffled_2,ParticleID_46_shuffled_1,ParticleID_48_shuffled_1,ParticleID_48_shuffled_2,ParticleID_4_shuffled_2,signal"
miniboone_mn_clean,classification,46.51080656051636,0.7665753424657534,0.7665620913928779,0.7666358846726316,0.7665753424657533,0.8115487051979733,0.0041862195505850686,0.004194976611860968,1,"ParticleID_26,signal"
miniboone_mn_clean,classification,46.51080656051636,0.813082191780822,0.8130782553400648,0.8131085671675364,0.813082191780822,0.8896357290298367,-0.0026306750981807125,-0.002632136782600103,2,"ParticleID_15,ParticleID_26,signal"
miniboone_mn_clean,classification,46.51080656051636,0.8588356164383562,0.8588343919346533,0.8588480673686727,0.8588356164383562,0.9325276787389756,-0.00573166326300345,-0.005732698695044225,3,"ParticleID_15,ParticleID_2,ParticleID_26,signal"
miniboone_mn_clean,classification,46.51080656051636,0.8786301369863013,0.8786271852285993,0.8786669733456525,0.8786301369863014,0.9486087352223681,-0.06504944108144073,-0.06505093605876133,4,"ParticleID_15,ParticleID_2,ParticleID_20,ParticleID_26,signal"
miniboone_mn_clean,classification,46.51080656051636,0.8902054794520547,0.8901870771842001,0.8904672148504724,0.8902054794520549,0.9561641865265529,-0.06112847034074642,-0.061143773551054714,5,"ParticleID_15,ParticleID_17,ParticleID_2,ParticleID_20,ParticleID_26,signal"
miniboone_mn_clean,classification,46.51080656051636,0.8949315068493151,0.8949151771923876,0.8951771410700095,0.8949315068493151,0.9587723024957778,-0.03722370394557517,-0.03722948849999996,6,"ParticleID_15,ParticleID_17,ParticleID_2,ParticleID_20,ParticleID_22,ParticleID_26,signal"
miniboone_mn_clean,classification,46.51080656051636,0.902945205479452,0.9029264388047322,0.9032570429627219,0.902945205479452,0.9628813567273409,-0.004739989218996543,-0.004742157081312204,7,"ParticleID_15,ParticleID_16,ParticleID_17,ParticleID_2,ParticleID_20,ParticleID_22,ParticleID_26,signal"
miniboone_mn_clean,classification,46.51080656051636,0.905,0.9049637862804496,0.9056182462385198,0.905,0.965419872396322,-0.0019146203637110393,-0.0019217550094352553,8,"ParticleID_15,ParticleID_16,ParticleID_17,ParticleID_2,ParticleID_20,ParticleID_22,ParticleID_26,ParticleID_3,signal"
miniboone_mn_clean,classification,46.51080656051636,0.908082191780822,0.908047887034005,0.9086920778532408,0.908082191780822,0.9669588196659786,-0.015493958087324233,-0.015504527323682682,9,"ParticleID_15,ParticleID_16,ParticleID_17,ParticleID_2,ParticleID_20,ParticleID_22,ParticleID_26,ParticleID_3,ParticleID_41,signal"
miniboone_mn_clean,classification,46.51080656051636,0.9086986301369863,0.9086676257180737,0.9092543451617612,0.9086986301369864,0.9672801276036781,-0.024466889230115307,-0.024479105150060576,10,"ParticleID_15,ParticleID_16,ParticleID_17,ParticleID_2,ParticleID_20,ParticleID_22,ParticleID_26,ParticleID_3,ParticleID_41,ParticleID_9,signal"
miniboone_mn_clean,classification,46.51080656051636,0.9111643835616439,0.9111333123223592,0.9117402249432314,0.9111643835616439,0.9682822293113154,-0.017206451055980065,-0.01721570632346714,11,"ParticleID_15,ParticleID_16,ParticleID_17,ParticleID_2,ParticleID_20,ParticleID_22,ParticleID_26,ParticleID_3,ParticleID_41,ParticleID_7,ParticleID_9,signal"
miniboone_mn_clean,classification,46.51080656051636,0.9095205479452054,0.9094942228903802,0.9099975653790779,0.9095205479452055,0.969274376055545,-0.0052539306328280855,-0.0052493983073697015,12,"ParticleID_11,ParticleID_15,ParticleID_16,ParticleID_17,ParticleID_2,ParticleID_20,ParticleID_22,ParticleID_26,ParticleID_3,ParticleID_41,ParticleID_7,ParticleID_9,signal"
miniboone_mn_clean,classification,46.51080656051636,0.9121917808219178,0.9121634947970391,0.9127234187719682,0.9121917808219178,0.9707066804278476,-0.004038227055064292,-0.004039112333379502,13,"ParticleID_11,ParticleID_15,ParticleID_16,ParticleID_17,ParticleID_19,ParticleID_2,ParticleID_20,ParticleID_22,ParticleID_26,ParticleID_3,ParticleID_41,ParticleID_7,ParticleID_9,signal"
miniboone_mn_clean,classification,46.51080656051636,0.916986301369863,0.9169671036157563,0.9173722982989184,0.9169863013698629,0.9725218521298555,-0.05063245269705707,-0.05064777295545897,14,"ParticleID_11,ParticleID_15,ParticleID_16,ParticleID_17,ParticleID_19,ParticleID_2,ParticleID_20,ParticleID_22,ParticleID_26,ParticleID_3,ParticleID_30,ParticleID_41,ParticleID_7,ParticleID_9,signal"
miniboone_mn_clean,classification,46.51080656051636,0.9158219178082192,0.9157954188050706,0.9163460106350048,0.9158219178082192,0.9724256239444549,-0.007788479808137572,-0.007788405534502663,15,"ParticleID_11,ParticleID_15,ParticleID_16,ParticleID_17,ParticleID_19,ParticleID_2,ParticleID_20,ParticleID_22,ParticleID_26,ParticleID_3,ParticleID_30,ParticleID_41,ParticleID_47,ParticleID_7,ParticleID_9,signal"
miniboone_mn_clean,classification,46.51080656051636,0.9206849315068493,0.9206624076105224,0.9211632034606986,0.9206849315068493,0.9748883186338899,-0.0165560698973084,-0.016558026728009656,16,"ParticleID_11,ParticleID_15,ParticleID_16,ParticleID_17,ParticleID_19,ParticleID_2,ParticleID_20,ParticleID_22,ParticleID_26,ParticleID_3,ParticleID_30,ParticleID_40,ParticleID_41,ParticleID_47,ParticleID_7,ParticleID_9,signal"
miniboone_mn_clean,classification,46.51080656051636,0.918082191780822,0.9180569984211322,0.9185969820193962,0.918082191780822,0.9732340683054982,-0.020117746573231288,-0.020123895216689336,17,"ParticleID_11,ParticleID_15,ParticleID_16,ParticleID_17,ParticleID_19,ParticleID_2,ParticleID_20,ParticleID_22,ParticleID_26,ParticleID_3,ParticleID_30,ParticleID_32,ParticleID_40,ParticleID_41,ParticleID_47,ParticleID_7,ParticleID_9,signal"
miniboone_mn_clean,classification,46.51080656051636,0.9194520547945205,0.9194228404710216,0.9200612500215174,0.9194520547945206,0.9742850065678363,-0.02922769451196261,-0.029241825805383703,18,"ParticleID_11,ParticleID_15,ParticleID_16,ParticleID_17,ParticleID_19,ParticleID_2,ParticleID_20,ParticleID_22,ParticleID_24,ParticleID_26,ParticleID_3,ParticleID_30,ParticleID_32,ParticleID_40,ParticleID_41,ParticleID_47,ParticleID_7,ParticleID_9,signal"
miniboone_mn_clean,classification,46.51080656051636,0.922945205479452,0.9229231451405606,0.9234299688303316,0.922945205479452,0.9759420623006191,-0.07234572914159665,-0.072367762801409,19,"ParticleID_11,ParticleID_13,ParticleID_15,ParticleID_16,ParticleID_17,ParticleID_19,ParticleID_2,ParticleID_20,ParticleID_22,ParticleID_24,ParticleID_26,ParticleID_3,ParticleID_30,ParticleID_32,ParticleID_40,ParticleID_41,ParticleID_47,ParticleID_7,ParticleID_9,signal"
miniboone_mn_clean,classification,46.51080656051636,0.9222602739726027,0.9222314661230838,0.9228868750335809,0.9222602739726027,0.9757570651154064,-0.02871407446398766,-0.02872806768631364,20,"ParticleID_11,ParticleID_13,ParticleID_15,ParticleID_16,ParticleID_17,ParticleID_19,ParticleID_2,ParticleID_20,ParticleID_22,ParticleID_24,ParticleID_26,ParticleID_3,ParticleID_30,ParticleID_32,ParticleID_40,ParticleID_41,ParticleID_45,ParticleID_47,ParticleID_7,ParticleID_9,signal"
miniboone_mn_clean,classification,46.51080656051636,0.9226712328767124,0.9226425773153847,0.9232984437684069,0.9226712328767124,0.9753354663163821,-0.025511924080717674,-0.025525683622885764,21,"ParticleID_11,ParticleID_13,ParticleID_15,ParticleID_16,ParticleID_17,ParticleID_19,ParticleID_2,ParticleID_20,ParticleID_22,ParticleID_24,ParticleID_26,ParticleID_3,ParticleID_30,ParticleID_32,ParticleID_33,ParticleID_40,ParticleID_41,ParticleID_45,ParticleID_47,ParticleID_7,ParticleID_9,signal"
miniboone_mn_clean,classification,46.51080656051636,0.9244520547945205,0.9244252423482482,0.925055259974396,0.9244520547945205,0.9766026552824171,-0.03299511805386468,-0.033011112618455796,22,"ParticleID_1,ParticleID_11,ParticleID_13,ParticleID_15,ParticleID_16,ParticleID_17,ParticleID_19,ParticleID_2,ParticleID_20,ParticleID_22,ParticleID_24,ParticleID_26,ParticleID_3,ParticleID_30,ParticleID_32,ParticleID_33,ParticleID_40,ParticleID_41,ParticleID_45,ParticleID_47,ParticleID_7,ParticleID_9,signal"
miniboone_mn_clean,classification,46.51080656051636,0.9243835616438356,0.9243584533060711,0.9249477876837183,0.9243835616438356,0.9761582848564458,-0.03261839047781234,-0.03263321552413889,23,"ParticleID_1,ParticleID_11,ParticleID_13,ParticleID_14,ParticleID_15,ParticleID_16,ParticleID_17,ParticleID_19,ParticleID_2,ParticleID_20,ParticleID_22,ParticleID_24,ParticleID_26,ParticleID_3,ParticleID_30,ParticleID_32,ParticleID_33,ParticleID_40,ParticleID_41,ParticleID_45,ParticleID_47,ParticleID_7,ParticleID_9,signal"
miniboone_mn_clean,classification,46.51080656051636,0.929041095890411,0.9290209449779803,0.9295288678733012,0.929041095890411,0.9774012948020268,-0.04073526631377411,-0.04075041800340684,24,"ParticleID_0,ParticleID_1,ParticleID_11,ParticleID_13,ParticleID_14,ParticleID_15,ParticleID_16,ParticleID_17,ParticleID_19,ParticleID_2,ParticleID_20,ParticleID_22,ParticleID_24,ParticleID_26,ParticleID_3,ParticleID_30,ParticleID_32,ParticleID_33,ParticleID_40,ParticleID_41,ParticleID_45,ParticleID_47,ParticleID_7,ParticleID_9,signal"
miniboone_mn_clean,classification,46.51080656051636,0.9263698630136986,0.9263433495912496,0.926984652005324,0.9263698630136986,0.9769664195909177,-0.01689874207551678,-0.01690659332219957,25,"ParticleID_0,ParticleID_1,ParticleID_11,ParticleID_13,ParticleID_14,ParticleID_15,ParticleID_16,ParticleID_17,ParticleID_19,ParticleID_2,ParticleID_20,ParticleID_22,ParticleID_24,ParticleID_26,ParticleID_3,ParticleID_30,ParticleID_32,ParticleID_33,ParticleID_40,ParticleID_41,ParticleID_45,ParticleID_47,ParticleID_6,ParticleID_7,ParticleID_9,signal"
miniboone_mn_clean,classification,46.51080656051636,0.9258219178082192,0.9257982046326599,0.9263669458194064,0.9258219178082192,0.9765638018389943,-0.018576862971944497,-0.01858172870244268,26,"ParticleID_0,ParticleID_1,ParticleID_11,ParticleID_13,ParticleID_14,ParticleID_15,ParticleID_16,ParticleID_17,ParticleID_19,ParticleID_2,ParticleID_20,ParticleID_22,ParticleID_23,ParticleID_24,ParticleID_26,ParticleID_3,ParticleID_30,ParticleID_32,ParticleID_33,ParticleID_40,ParticleID_41,ParticleID_45,ParticleID_47,ParticleID_6,ParticleID_7,ParticleID_9,signal"
miniboone_mn_clean,classification,46.51080656051636,0.9267123287671233,0.9266784142659643,0.9275032860572734,0.9267123287671233,0.977871617564271,-0.025923035457678933,-0.025940624459094952,27,"ParticleID_0,ParticleID_1,ParticleID_11,ParticleID_13,ParticleID_14,ParticleID_15,ParticleID_16,ParticleID_17,ParticleID_19,ParticleID_2,ParticleID_20,ParticleID_22,ParticleID_23,ParticleID_24,ParticleID_26,ParticleID_3,ParticleID_30,ParticleID_31,ParticleID_32,ParticleID_33,ParticleID_40,ParticleID_41,ParticleID_45,ParticleID_47,ParticleID_6,ParticleID_7,ParticleID_9,signal"
miniboone_mn_clean,classification,46.51080656051636,0.9321232876712329,0.9321002378744269,0.932710853632571,0.9321232876712329,0.9794743385250515,-0.02191623423020206,-0.021925586597744906,28,"ParticleID_0,ParticleID_1,ParticleID_11,ParticleID_13,ParticleID_14,ParticleID_15,ParticleID_16,ParticleID_17,ParticleID_19,ParticleID_2,ParticleID_20,ParticleID_22,ParticleID_23,ParticleID_24,ParticleID_26,ParticleID_3,ParticleID_30,ParticleID_31,ParticleID_32,ParticleID_33,ParticleID_40,ParticleID_41,ParticleID_45,ParticleID_47,ParticleID_5,ParticleID_6,ParticleID_7,ParticleID_9,signal"
miniboone_mn_clean,classification,46.51080656051636,0.9376712328767123,0.9376552179072608,0.9381214069386064,0.9376712328767123,0.9832991461812723,-0.03732791092958243,-0.037341391017787995,29,"ParticleID_0,ParticleID_1,ParticleID_11,ParticleID_12,ParticleID_13,ParticleID_14,ParticleID_15,ParticleID_16,ParticleID_17,ParticleID_19,ParticleID_2,ParticleID_20,ParticleID_22,ParticleID_23,ParticleID_24,ParticleID_26,ParticleID_3,ParticleID_30,ParticleID_31,ParticleID_32,ParticleID_33,ParticleID_40,ParticleID_41,ParticleID_45,ParticleID_47,ParticleID_5,ParticleID_6,ParticleID_7,ParticleID_9,signal"
miniboone_mn_clean,classification,46.51080656051636,0.9395890410958904,0.9395718855893616,0.9400888049187176,0.9395890410958905,0.9840085851003941,-0.04597553303336066,-0.04599204799122991,30,"ParticleID_0,ParticleID_1,ParticleID_11,ParticleID_12,ParticleID_13,ParticleID_14,ParticleID_15,ParticleID_16,ParticleID_17,ParticleID_19,ParticleID_2,ParticleID_20,ParticleID_22,ParticleID_23,ParticleID_24,ParticleID_25,ParticleID_26,ParticleID_3,ParticleID_30,ParticleID_31,ParticleID_32,ParticleID_33,ParticleID_40,ParticleID_41,ParticleID_45,ParticleID_47,ParticleID_5,ParticleID_6,ParticleID_7,ParticleID_9,signal"
miniboone_mn_clean,classification,46.51080656051636,0.9427397260273973,0.9427250133741429,0.9431951133726371,0.9427397260273973,0.9847807468568213,-0.037961667855954895,-0.037974586654969555,31,"ParticleID_0,ParticleID_1,ParticleID_11,ParticleID_12,ParticleID_13,ParticleID_14,ParticleID_15,ParticleID_16,ParticleID_17,ParticleID_19,ParticleID_2,ParticleID_20,ParticleID_22,ParticleID_23,ParticleID_24,ParticleID_25,ParticleID_26,ParticleID_27,ParticleID_3,ParticleID_30,ParticleID_31,ParticleID_32,ParticleID_33,ParticleID_40,ParticleID_41,ParticleID_45,ParticleID_47,ParticleID_5,ParticleID_6,ParticleID_7,ParticleID_9,signal"
miniboone_mn_clean,classification,46.51080656051636,0.941986301369863,0.9419710103663035,0.9424526575966325,0.941986301369863,0.9847714017639333,-0.04857844399812905,-0.048593549406912295,32,"ParticleID_0,ParticleID_1,ParticleID_11,ParticleID_12,ParticleID_13,ParticleID_14,ParticleID_15,ParticleID_16,ParticleID_17,ParticleID_19,ParticleID_2,ParticleID_20,ParticleID_22,ParticleID_23,ParticleID_24,ParticleID_25,ParticleID_26,ParticleID_27,ParticleID_3,ParticleID_30,ParticleID_31,ParticleID_32,ParticleID_33,ParticleID_4,ParticleID_40,ParticleID_41,ParticleID_45,ParticleID_47,ParticleID_5,ParticleID_6,ParticleID_7,ParticleID_9,signal"
miniboone_mn_clean,classification,46.51080656051636,0.9412328767123288,0.9412175175964537,0.9416945133724299,0.9412328767123288,0.9843683711765808,-0.024450879580694918,-0.02445995757118491,33,"ParticleID_0,ParticleID_1,ParticleID_11,ParticleID_12,ParticleID_13,ParticleID_14,ParticleID_15,ParticleID_16,ParticleID_17,ParticleID_19,ParticleID_2,ParticleID_20,ParticleID_22,ParticleID_23,ParticleID_24,ParticleID_25,ParticleID_26,ParticleID_27,ParticleID_3,ParticleID_30,ParticleID_31,ParticleID_32,ParticleID_33,ParticleID_37,ParticleID_4,ParticleID_40,ParticleID_41,ParticleID_45,ParticleID_47,ParticleID_5,ParticleID_6,ParticleID_7,ParticleID_9,signal"
miniboone_mn_clean,classification,46.51080656051636,0.941917808219178,0.9419041329601023,0.9423342947189307,0.9419178082191781,0.9848165978607618,-0.04948600697997263,-0.049499541847522366,34,"ParticleID_0,ParticleID_1,ParticleID_11,ParticleID_12,ParticleID_13,ParticleID_14,ParticleID_15,ParticleID_16,ParticleID_17,ParticleID_19,ParticleID_2,ParticleID_20,ParticleID_22,ParticleID_23,ParticleID_24,ParticleID_25,ParticleID_26,ParticleID_27,ParticleID_3,ParticleID_30,ParticleID_31,ParticleID_32,ParticleID_33,ParticleID_37,ParticleID_4,ParticleID_40,ParticleID_41,ParticleID_43,ParticleID_45,ParticleID_47,ParticleID_5,ParticleID_6,ParticleID_7,ParticleID_9,signal"
miniboone_mn_clean,classification,46.51080656051636,0.9423287671232877,0.9423149450090602,0.9427531255139567,0.9423287671232876,0.9852735034715706,-0.03618077087458893,-0.03619259539602959,35,"ParticleID_0,ParticleID_1,ParticleID_11,ParticleID_12,ParticleID_13,ParticleID_14,ParticleID_15,ParticleID_16,ParticleID_17,ParticleID_19,ParticleID_2,ParticleID_20,ParticleID_22,ParticleID_23,ParticleID_24,ParticleID_25,ParticleID_26,ParticleID_27,ParticleID_3,ParticleID_30,ParticleID_31,ParticleID_32,ParticleID_33,ParticleID_35,ParticleID_37,ParticleID_4,ParticleID_40,ParticleID_41,ParticleID_43,ParticleID_45,ParticleID_47,ParticleID_5,ParticleID_6,ParticleID_7,ParticleID_9,signal"
miniboone_mn_clean,classification,46.51080656051636,0.9431506849315069,0.943139144173079,0.9435107534103123,0.9431506849315069,0.985401548132858,-0.03407456250847396,-0.03408393332149329,36,"ParticleID_0,ParticleID_1,ParticleID_10,ParticleID_11,ParticleID_12,ParticleID_13,ParticleID_14,ParticleID_15,ParticleID_16,ParticleID_17,ParticleID_19,ParticleID_2,ParticleID_20,ParticleID_22,ParticleID_23,ParticleID_24,ParticleID_25,ParticleID_26,ParticleID_27,ParticleID_3,ParticleID_30,ParticleID_31,ParticleID_32,ParticleID_33,ParticleID_35,ParticleID_37,ParticleID_4,ParticleID_40,ParticleID_41,ParticleID_43,ParticleID_45,ParticleID_47,ParticleID_5,ParticleID_6,ParticleID_7,ParticleID_9,signal"
miniboone_mn_clean,classification,46.51080656051636,0.9413013698630137,0.941285371531544,0.9417828709124689,0.9413013698630137,0.9847108369300056,-0.013080629520526799,-0.013087762959022142,37,"ParticleID_0,ParticleID_1,ParticleID_10,ParticleID_11,ParticleID_12,ParticleID_13,ParticleID_14,ParticleID_15,ParticleID_16,ParticleID_17,ParticleID_19,ParticleID_2,ParticleID_20,ParticleID_22,ParticleID_23,ParticleID_24,ParticleID_25,ParticleID_26,ParticleID_27,ParticleID_3,ParticleID_30,ParticleID_31,ParticleID_32,ParticleID_33,ParticleID_35,ParticleID_37,ParticleID_4,ParticleID_40,ParticleID_41,ParticleID_43,ParticleID_45,ParticleID_47,ParticleID_48,ParticleID_5,ParticleID_6,ParticleID_7,ParticleID_9,signal"
miniboone_mn_clean,classification,46.51080656051636,0.9433561643835616,0.9433394179333328,0.9438809334338012,0.9433561643835617,0.9850858697691874,-0.04905795938780044,-0.04907460109255457,38,"ParticleID_0,ParticleID_1,ParticleID_10,ParticleID_11,ParticleID_12,ParticleID_13,ParticleID_14,ParticleID_15,ParticleID_16,ParticleID_17,ParticleID_19,ParticleID_2,ParticleID_20,ParticleID_22,ParticleID_23,ParticleID_24,ParticleID_25,ParticleID_26,ParticleID_27,ParticleID_28,ParticleID_3,ParticleID_30,ParticleID_31,ParticleID_32,ParticleID_33,ParticleID_35,ParticleID_37,ParticleID_4,ParticleID_40,ParticleID_41,ParticleID_43,ParticleID_45,ParticleID_47,ParticleID_48,ParticleID_5,ParticleID_6,ParticleID_7,ParticleID_9,signal"
miniboone_mn_clean,classification,46.51080656051636,0.9437671232876712,0.9437512838750919,0.9442675391074296,0.9437671232876712,0.9842487239632202,-0.02910866012956914,-0.02912044424571847,39,"ParticleID_0,ParticleID_1,ParticleID_10,ParticleID_11,ParticleID_12,ParticleID_13,ParticleID_14,ParticleID_15,ParticleID_16,ParticleID_17,ParticleID_19,ParticleID_2,ParticleID_20,ParticleID_22,ParticleID_23,ParticleID_24,ParticleID_25,ParticleID_26,ParticleID_27,ParticleID_28,ParticleID_3,ParticleID_30,ParticleID_31,ParticleID_32,ParticleID_33,ParticleID_35,ParticleID_36,ParticleID_37,ParticleID_4,ParticleID_40,ParticleID_41,ParticleID_43,ParticleID_45,ParticleID_47,ParticleID_48,ParticleID_5,ParticleID_6,ParticleID_7,ParticleID_9,signal"
miniboone_mn_clean,classification,46.51080656051636,0.9430821917808219,0.9430684292225999,0.9435110467391146,0.9430821917808219,0.984876318258585,-0.0567465694781254,-0.05676033203132613,40,"ParticleID_0,ParticleID_1,ParticleID_10,ParticleID_11,ParticleID_12,ParticleID_13,ParticleID_14,ParticleID_15,ParticleID_16,ParticleID_17,ParticleID_19,ParticleID_2,ParticleID_20,ParticleID_22,ParticleID_23,ParticleID_24,ParticleID_25,ParticleID_26,ParticleID_27,ParticleID_28,ParticleID_3,ParticleID_30,ParticleID_31,ParticleID_32,ParticleID_33,ParticleID_35,ParticleID_36,ParticleID_37,ParticleID_38,ParticleID_4,ParticleID_40,ParticleID_41,ParticleID_43,ParticleID_45,ParticleID_47,ParticleID_48,ParticleID_5,ParticleID_6,ParticleID_7,ParticleID_9,signal"
bank,classification,6.886267423629761,0.8872055733716687,0.6035927828724729,0.7282565820057206,0.5790442973770527,0.8012322845410759,-0.0036371605367586657,-0.01104711613066367,1,"Class,V12"
bank,classification,6.886267423629761,0.887316156142873,0.6068228156525601,0.7283624721293569,0.581566749091219,0.8136835015559656,-0.004660176526890325,-0.014259852818371943,2,"Class,V12,V6"
bank,classification,6.886267423629761,0.8939511224151278,0.6772250254384913,0.7504714423610113,0.6443598169062266,0.857105122672118,-0.014199729166380792,-0.043015269212623886,3,"Class,V12,V14,V6"
bank,classification,6.886267423629761,0.9009178370009953,0.7022014048767866,0.7775836565936187,0.6659335261176142,0.8648379582227073,-0.00715006832968379,-0.02252599086996865,4,"Class,V12,V14,V16,V6"
bank,classification,6.886267423629761,0.9037929890523057,0.7264735724729728,0.7800663162685737,0.6946197560880337,0.9056585303493198,-0.018209886417723142,-0.05114684112872081,5,"Class,V11,V12,V14,V16,V6"
bank,classification,6.886267423629761,0.9068893066460245,0.7394879705136006,0.7883388682148633,0.7086722150345698,0.916615925654553,-0.024348251416351108,-0.06849935265332907,6,"Class,V11,V12,V14,V16,V6,V7"
bank,classification,6.886267423629761,0.9069998894172288,0.7483687913976992,0.7841914985697246,0.72308386589695,0.9267998953614586,-0.01281873478095752,-0.033668692722136684,7,"Class,V11,V12,V14,V16,V6,V7,V9"
bank,classification,6.886267423629761,0.906668141103616,0.7466280780589372,0.7835677732840287,0.7208461517519262,0.9284406134848778,-0.03173044328036978,-0.08655421138007224,8,"Class,V1,V11,V12,V14,V16,V6,V7,V9"
bank,classification,6.886267423629761,0.9110914519517859,0.7648942488926647,0.7935829837421137,0.7430295225097152,0.9393098827787926,-0.017104743580176107,-0.045402609595201815,9,"Class,V1,V10,V11,V12,V14,V16,V6,V7,V9"
bank,classification,6.886267423629761,0.9117549485790114,0.7640325835372017,0.7970822777289603,0.7397154754957607,0.9391981420740448,-0.020312071991658853,-0.05540850597432612,10,"Class,V1,V10,V11,V12,V14,V16,V4,V6,V7,V9"
bank,classification,6.886267423629761,0.9113126174941945,0.7635134588736638,0.7953621398001356,0.7398749782496246,0.9374228971381833,-0.022053894339470692,-0.05952531819216256,11,"Class,V1,V10,V11,V12,V14,V16,V3,V4,V6,V7,V9"
bank,classification,6.886267423629761,0.9104279553245604,0.7566026834204997,0.7953927817820764,0.7295347017624019,0.9346792130329433,-0.02338093651352846,-0.06499869794949908,12,"Class,V1,V10,V11,V12,V13,V14,V16,V3,V4,V6,V7,V9"
bank,classification,6.886267423629761,0.913856021231892,0.7680209164246299,0.804530318439803,0.7417251510097501,0.9400308707370744,-0.029104606947714218,-0.08107445132258462,13,"Class,V1,V10,V11,V12,V13,V14,V15,V16,V3,V4,V6,V7,V9"
bank,classification,6.886267423629761,0.9128607762910539,0.7661135486988009,0.8009770243021921,0.7407516219565751,0.9395095719407728,-0.019925111786805005,-0.05465539288243737,14,"Class,V1,V10,V11,V12,V13,V14,V15,V16,V3,V4,V6,V7,V8,V9"
bank,classification,6.886267423629761,0.9092115448413137,0.751754043236301,0.7924985852513613,0.7239262416653153,0.9371385146772127,-0.03983180839911982,-0.11302809144438575,15,"Class,V1,V10,V11,V12,V13,V14,V15,V16,V2,V3,V4,V6,V7,V8,V9"
bank,classification,6.886267423629761,0.908879796527701,0.7542721389582877,0.7895452461647754,0.7290680304398724,0.9371576905184934,-0.04190542798015129,-0.11631480604078603,16,"Class,V1,V10,V11,V12,V13,V14,V15,V16,V2,V3,V4,V5,V6,V7,V8,V9"
bank_un_dirty,classification,15.661850214004517,0.8872055733716687,0.6035927828724729,0.7282565820057206,0.5790442973770527,0.8012322845410759,-0.0036371605367586657,-0.01104711613066367,1,"Class,V12"
bank_un_dirty,classification,15.661850214004517,0.8937299568727193,0.6703555131067125,0.7513640369929268,0.636855079171367,0.8506188351741747,-0.004965022114230555,-0.015432635878578016,2,"Class,V12,V14"
bank_un_dirty,classification,15.661850214004517,0.892734711931881,0.6758450775011604,0.7448366099840291,0.6440809978066152,0.8568933006475989,-0.010439364599859724,-0.03133665228519211,3,"Class,V12,V14,V6"
bank_un_dirty,classification,15.661850214004517,0.8908548048214088,0.6685320796629021,0.7373552642748236,0.6376868608792715,0.8530087723555391,-0.032060479407744036,-0.09713137496276603,4,"Class,V12,V12_shuffled_1,V14,V6"
bank_un_dirty,classification,15.661850214004517,0.8930664602454937,0.6708969258117201,0.7476945725178525,0.6381192642632156,0.8576325174920366,-0.008835773773528621,-0.025439045456211673,5,"Class,V12,V12_shuffled_1,V14,V6,V6_shuffled_1"
bank_un_dirty,classification,15.661850214004517,0.8929558774742895,0.6714749329936202,0.7469745162594096,0.6388765916244187,0.8563480912343916,-0.015941490364684174,-0.04953622710918126,6,"Class,V12,V12_shuffled_1,V14,V6,V6_shuffled_1,V6_shuffled_2"
bank_un_dirty,classification,15.661850214004517,0.8930664602454937,0.6712645717691644,0.7475961040065568,0.6385292366476368,0.8567188241658213,-0.018512836370299213,-0.05792197826992451,7,"Class,V12,V12_shuffled_1,V12_shuffled_2,V14,V6,V6_shuffled_1,V6_shuffled_2"
bank_un_dirty,classification,15.661850214004517,0.894061705186332,0.6812485944787002,0.7499195536638639,0.6489321305424988,0.857297532116575,-0.012291977627204798,-0.0362828473487905,8,"Class,V12,V12_shuffled_1,V12_shuffled_2,V14,V14_shuffled_2,V6,V6_shuffled_1,V6_shuffled_2"
bank_un_dirty,classification,15.661850214004517,0.8993696782041358,0.7121474045053868,0.7652691900108186,0.6814557777875103,0.9021845071039389,-0.017131095960871923,-0.047307168779131104,9,"Class,V11,V12,V12_shuffled_1,V12_shuffled_2,V14,V14_shuffled_2,V6,V6_shuffled_1,V6_shuffled_2"
bank_un_dirty,classification,15.661850214004517,0.9027977441114674,0.7198067889986195,0.7784480405495833,0.6866766964996988,0.9055809983984622,-0.015555496322064988,-0.04471155205230293,10,"Class,V11,V12,V12_shuffled_1,V12_shuffled_2,V14,V14_shuffled_2,V16,V6,V6_shuffled_1,V6_shuffled_2"
bank_un_dirty,classification,15.661850214004517,0.9054517306203693,0.7342788167349634,0.7841532671312589,0.7033484925066258,0.9183706926858369,-0.01505811233472909,-0.04192297033841541,11,"Class,V11,V12,V12_shuffled_1,V12_shuffled_2,V14,V14_shuffled_2,V16,V6,V6_shuffled_1,V6_shuffled_2,V9"
bank_un_dirty,classification,15.661850214004517,0.9078845515868628,0.7502877163698871,0.7871623555971197,0.724404749926907,0.9256209362308581,-0.0108557713505405,-0.027462690699932013,12,"Class,V11,V12,V12_shuffled_1,V12_shuffled_2,V14,V14_shuffled_2,V16,V6,V6_shuffled_1,V6_shuffled_2,V7,V9"
bank_un_dirty,classification,15.661850214004517,0.9073316377308416,0.7481889490202208,0.7857500184321633,0.7220418009666044,0.9261360206341521,-0.019399174036466516,-0.053491143297156984,13,"Class,V11,V12,V12_shuffled_1,V12_shuffled_2,V14,V14_shuffled_2,V16,V3,V6,V6_shuffled_1,V6_shuffled_2,V7,V9"
bank_un_dirty,classification,15.661850214004517,0.9056728961627778,0.7445355438739714,0.7802066582838627,0.71946265031433,0.9270295319792664,-0.02426517063660283,-0.06423279004232996,14,"Class,V11,V12,V12_shuffled_1,V12_shuffled_2,V14,V14_shuffled_2,V16,V3,V4,V6,V6_shuffled_1,V6_shuffled_2,V7,V9"
bank_un_dirty,classification,15.661850214004517,0.908437465442884,0.7523760981616128,0.7885610260065413,0.7267676988872094,0.9282843658892559,-0.010606993747560689,-0.025160304877483886,15,"Class,V11,V12,V12_shuffled_1,V12_shuffled_2,V14,V14_shuffled_2,V16,V3,V4,V6,V6_shuffled_1,V6_shuffled_2,V7,V8,V9"
bank_un_dirty,classification,15.661850214004517,0.9098750414685391,0.7535682646012002,0.7945958921265759,0.7255318632644148,0.93082918941825,-0.01116012774181252,-0.03079627683729591,16,"Class,V1,V11,V12,V12_shuffled_1,V12_shuffled_2,V14,V14_shuffled_2,V16,V3,V4,V6,V6_shuffled_1,V6_shuffled_2,V7,V8,V9"
bank_un_dirty,classification,15.661850214004517,0.9115337830366029,0.762774885879846,0.7968251842463059,0.7379503511427973,0.938407789652858,-0.03189687389770368,-0.08660726440319122,17,"Class,V1,V10,V11,V12,V12_shuffled_1,V12_shuffled_2,V14,V14_shuffled_2,V16,V3,V4,V6,V6_shuffled_1,V6_shuffled_2,V7,V8,V9"
bank_un_dirty,classification,15.661850214004517,0.9081057171292712,0.7445371935616463,0.7914055007190682,0.7142806751316564,0.9329474096634404,-0.02393365469112252,-0.0670628560279154,18,"Class,V1,V10,V11,V12,V12_shuffled_1,V12_shuffled_2,V14,V14_shuffled_2,V16,V2,V3,V4,V6,V6_shuffled_1,V6_shuffled_2,V7,V8,V9"
bank_un_dirty,classification,15.661850214004517,0.907995134358067,0.7478204793028322,0.7889862942970404,0.7199576711059134,0.9367673082682203,-0.043508957656973934,-0.12069535766191519,19,"Class,V1,V10,V11,V12,V12_shuffled_1,V12_shuffled_2,V14,V14_shuffled_2,V16,V2,V3,V4,V6,V6_shuffled_1,V6_shuffled_2,V7,V8,V9,noise_numeric_1"
bank_un_dirty,classification,15.661850214004517,0.9078845515868628,0.7426554164786414,0.791434292552817,0.7116956060098507,0.9338338780298125,-0.022578841467771116,-0.06317012343484008,20,"Class,V1,V10,V11,V12,V12_shuffled_1,V12_shuffled_2,V14,V14_shuffled_2,V16,V2,V3,V4,V6,V6_shuffled_1,V6_shuffled_2,V7,V8,V9,noise_numeric_1,noise_numeric_2"
bank_un_dirty,classification,15.661850214004517,0.9083268826716797,0.7502966553464929,0.7891726665657577,0.7234253024042007,0.9332949421943082,-0.04265188308810797,-0.11772143816277714,21,"Class,V1,V10,V11,V12,V12_shuffled_1,V12_shuffled_2,V14,V14_shuffled_2,V16,V2,V3,V4,V6,V6_shuffled_1,V6_shuffled_2,V7,V8,V9,noise_categorical_1,noise_numeric_1,noise_numeric_2"
bank_un_dirty,classification,15.661850214004517,0.910206789782152,0.7557682979300303,0.7948459060605163,0.7285895221782809,0.9365875051638646,-0.037675315946669063,-0.10414396815236082,22,"Class,V1,V10,V11,V12,V12_shuffled_1,V12_shuffled_2,V14,V14_shuffled_2,V15,V16,V2,V3,V4,V6,V6_shuffled_1,V6_shuffled_2,V7,V8,V9,noise_categorical_1,noise_numeric_1,noise_numeric_2"
bank_un_dirty,classification,15.661850214004517,0.90755280327325,0.7400540416235484,0.7913374677177185,0.7082279747115634,0.9359460614360812,-0.04984047255068269,-0.14394491795107034,23,"Class,V1,V10,V11,V12,V12_shuffled_1,V12_shuffled_2,V14,V14_shuffled_2,V15,V16,V1_shuffled_1,V2,V3,V4,V6,V6_shuffled_1,V6_shuffled_2,V7,V8,V9,noise_categorical_1,noise_numeric_1,noise_numeric_2"
bank_un_dirty,classification,15.661850214004517,0.9081057171292712,0.7457869927826313,0.7906675503168481,0.7163305370537623,0.9350696544679119,-0.021417618415962125,-0.05919656464513179,24,"Class,V1,V10,V10_shuffled_1,V11,V12,V12_shuffled_1,V12_shuffled_2,V14,V14_shuffled_2,V15,V16,V1_shuffled_1,V2,V3,V4,V6,V6_shuffled_1,V6_shuffled_2,V7,V8,V9,noise_categorical_1,noise_numeric_1,noise_numeric_2"
bank_un_dirty,classification,15.661850214004517,0.9077739688156585,0.7467246893341135,0.7885504779064924,0.7186025191373713,0.9360850271006719,-0.06654034217748461,-0.18609446087158577,25,"Class,V1,V10,V10_shuffled_1,V11,V12,V12_shuffled_1,V12_shuffled_2,V14,V14_shuffled_2,V15,V16,V1_shuffled_1,V1_shuffled_2,V2,V3,V4,V6,V6_shuffled_1,V6_shuffled_2,V7,V8,V9,noise_categorical_1,noise_numeric_1,noise_numeric_2"
bank_un_dirty,classification,15.661850214004517,0.9067787238748203,0.740337068467537,0.7873199816888035,0.7102494871646151,0.9343710383244577,-0.03615425555450946,-0.10284433039608842,26,"Class,V1,V10,V10_shuffled_1,V10_shuffled_2,V11,V12,V12_shuffled_1,V12_shuffled_2,V14,V14_shuffled_2,V15,V16,V1_shuffled_1,V1_shuffled_2,V2,V3,V4,V6,V6_shuffled_1,V6_shuffled_2,V7,V8,V9,noise_categorical_1,noise_numeric_1,noise_numeric_2"
bank_un_dirty,classification,15.661850214004517,0.9063363927900033,0.7378109233556207,0.7865616781137106,0.7071292108431096,0.9312989975296307,-0.027085416544214813,-0.07707675655824509,27,"Class,V1,V10,V10_shuffled_1,V10_shuffled_2,V11,V12,V12_shuffled_1,V12_shuffled_2,V13_shuffled_1,V14,V14_shuffled_2,V15,V16,V1_shuffled_1,V1_shuffled_2,V2,V3,V4,V6,V6_shuffled_1,V6_shuffled_2,V7,V8,V9,noise_categorical_1,noise_numeric_1,noise_numeric_2"
bank_un_dirty,classification,15.661850214004517,0.9060046444763906,0.7322191017029173,0.7880877039776717,0.6991518833161895,0.9331352618863583,-0.042071002504365795,-0.12373064557403712,28,"Class,V1,V10,V10_shuffled_1,V10_shuffled_2,V11,V12,V12_shuffled_1,V12_shuffled_2,V13_shuffled_1,V14,V14_shuffled_2,V15,V16,V1_shuffled_1,V1_shuffled_2,V2,V3,V4,V6,V6_shuffled_1,V6_shuffled_2,V7,V8,V9,noise_categorical_1,noise_categorical_2,noise_numeric_1,noise_numeric_2"
bank_un_dirty,classification,15.661850214004517,0.9050093995355524,0.7340963201446024,0.7821189477235285,0.7039179676449108,0.9321439182398944,-0.03778533614239499,-0.10726133366731228,29,"Class,V1,V10,V10_shuffled_1,V10_shuffled_2,V11,V12,V12_shuffled_1,V12_shuffled_2,V13_shuffled_1,V13_shuffled_2,V14,V14_shuffled_2,V15,V16,V1_shuffled_1,V1_shuffled_2,V2,V3,V4,V6,V6_shuffled_1,V6_shuffled_2,V7,V8,V9,noise_categorical_1,noise_categorical_2,noise_numeric_1,noise_numeric_2"
bank_un_dirty,classification,15.661850214004517,0.90755280327325,0.7453770802768269,0.7882474981117824,0.716837394784408,0.9356680117375087,-0.038559782437875834,-0.10867750260199416,30,"Class,V1,V10,V10_shuffled_1,V10_shuffled_2,V11,V12,V12_shuffled_1,V12_shuffled_2,V13_shuffled_1,V13_shuffled_2,V14,V14_shuffled_1,V14_shuffled_2,V15,V16,V1_shuffled_1,V1_shuffled_2,V2,V3,V4,V6,V6_shuffled_1,V6_shuffled_2,V7,V8,V9,noise_categorical_1,noise_categorical_2,noise_numeric_1,noise_numeric_2"
bank_un_dirty,classification,15.661850214004517,0.9094327103837222,0.7516407877310254,0.7936295148973591,0.7232315317117516,0.9371967524173989,-0.06902891315089399,-0.19333424917048392,31,"Class,V1,V10,V10_shuffled_1,V10_shuffled_2,V11,V12,V12_shuffled_1,V12_shuffled_2,V13,V13_shuffled_1,V13_shuffled_2,V14,V14_shuffled_1,V14_shuffled_2,V15,V16,V1_shuffled_1,V1_shuffled_2,V2,V3,V4,V6,V6_shuffled_1,V6_shuffled_2,V7,V8,V9,noise_categorical_1,noise_categorical_2,noise_numeric_1,noise_numeric_2"
bank_un_dirty,classification,15.661850214004517,0.9076633860444543,0.733832387729064,0.7960110399729368,0.6984512548930947,0.9354144645027953,-0.059876981130949414,-0.17862014677734772,32,"Class,V1,V10,V10_shuffled_1,V10_shuffled_2,V11,V12,V12_shuffled_1,V12_shuffled_2,V13,V13_shuffled_1,V13_shuffled_2,V14,V14_shuffled_1,V14_shuffled_2,V15,V15_shuffled_1,V16,V1_shuffled_1,V1_shuffled_2,V2,V3,V4,V6,V6_shuffled_1,V6_shuffled_2,V7,V8,V9,noise_categorical_1,noise_categorical_2,noise_numeric_1,noise_numeric_2"
bank_un_dirty,classification,15.661850214004517,0.9104279553245604,0.7579890254974804,0.794552952563016,0.7319945360689288,0.936052120410079,-0.02680938154781287,-0.07501975088701118,33,"Class,V1,V10,V10_shuffled_1,V10_shuffled_2,V11,V12,V12_shuffled_1,V12_shuffled_2,V13,V13_shuffled_1,V13_shuffled_2,V14,V14_shuffled_1,V14_shuffled_2,V15,V15_shuffled_1,V15_shuffled_2,V16,V1_shuffled_1,V1_shuffled_2,V2,V3,V4,V6,V6_shuffled_1,V6_shuffled_2,V7,V8,V9,noise_categorical_1,noise_categorical_2,noise_numeric_1,noise_numeric_2"
bank_un_dirty,classification,15.661850214004517,0.9081057171292712,0.7447882742295975,0.7912557336318902,0.7146906475160776,0.9336623607828004,-0.03576731980945913,-0.10208866905737057,34,"Class,V1,V10,V10_shuffled_1,V10_shuffled_2,V11,V12,V12_shuffled_1,V12_shuffled_2,V13,V13_shuffled_1,V13_shuffled_2,V14,V14_shuffled_1,V14_shuffled_2,V15,V15_shuffled_1,V15_shuffled_2,V16,V1_shuffled_1,V1_shuffled_2,V2,V3,V4,V5,V6,V6_shuffled_1,V6_shuffled_2,V7,V8,V9,noise_categorical_1,noise_categorical_2,noise_numeric_1,noise_numeric_2"
bank_un_dirty,classification,15.661850214004517,0.9081057171292712,0.7447882742295975,0.7912557336318902,0.7146906475160776,0.9336623607828004,-0.03576731980945913,-0.10208866905737057,35,"Class,V1,V10,V10_shuffled_1,V10_shuffled_2,V11,V12,V12_shuffled_1,V12_shuffled_2,V13,V13_shuffled_1,V13_shuffled_2,V14,V14_shuffled_1,V14_shuffled_2,V15,V15_shuffled_1,V15_shuffled_2,V16,V1_shuffled_1,V1_shuffled_2,V2,V3,V4,V5,V6,V6_shuffled_1,V6_shuffled_2,V7,V8,V9,noise_categorical_1,noise_categorical_2,noise_numeric_1,noise_numeric_2"
bank_un_dirty,classification,15.661850214004517,0.9081057171292712,0.7447882742295975,0.7912557336318902,0.7146906475160776,0.9336623607828004,-0.03576731980945913,-0.10208866905737057,36,"Class,V1,V10,V10_shuffled_1,V10_shuffled_2,V11,V12,V12_shuffled_1,V12_shuffled_2,V13,V13_shuffled_1,V13_shuffled_2,V14,V14_shuffled_1,V14_shuffled_2,V15,V15_shuffled_1,V15_shuffled_2,V16,V1_shuffled_1,V1_shuffled_2,V2,V3,V4,V5,V6,V6_shuffled_1,V6_shuffled_2,V7,V8,V9,noise_categorical_1,noise_categorical_2,noise_numeric_1,noise_numeric_2"
bank_un_dirty,classification,15.661850214004517,0.9081057171292712,0.7447882742295975,0.7912557336318902,0.7146906475160776,0.9336623607828004,-0.03576731980945913,-0.10208866905737057,37,"Class,V1,V10,V10_shuffled_1,V10_shuffled_2,V11,V12,V12_shuffled_1,V12_shuffled_2,V13,V13_shuffled_1,V13_shuffled_2,V14,V14_shuffled_1,V14_shuffled_2,V15,V15_shuffled_1,V15_shuffled_2,V16,V1_shuffled_1,V1_shuffled_2,V2,V3,V4,V5,V6,V6_shuffled_1,V6_shuffled_2,V7,V8,V9,noise_categorical_1,noise_categorical_2,noise_numeric_1,noise_numeric_2"
bank_un_dirty,classification,15.661850214004517,0.9081057171292712,0.7447882742295975,0.7912557336318902,0.7146906475160776,0.9336623607828004,-0.03576731980945913,-0.10208866905737057,38,"Class,V1,V10,V10_shuffled_1,V10_shuffled_2,V11,V12,V12_shuffled_1,V12_shuffled_2,V13,V13_shuffled_1,V13_shuffled_2,V14,V14_shuffled_1,V14_shuffled_2,V15,V15_shuffled_1,V15_shuffled_2,V16,V1_shuffled_1,V1_shuffled_2,V2,V3,V4,V5,V6,V6_shuffled_1,V6_shuffled_2,V7,V8,V9,noise_categorical_1,noise_categorical_2,noise_numeric_1,noise_numeric_2"
bank_un_dirty,classification,15.661850214004517,0.9081057171292712,0.7447882742295975,0.7912557336318902,0.7146906475160776,0.9336623607828004,-0.03576731980945913,-0.10208866905737057,39,"Class,V1,V10,V10_shuffled_1,V10_shuffled_2,V11,V12,V12_shuffled_1,V12_shuffled_2,V13,V13_shuffled_1,V13_shuffled_2,V14,V14_shuffled_1,V14_shuffled_2,V15,V15_shuffled_1,V15_shuffled_2,V16,V1_shuffled_1,V1_shuffled_2,V2,V3,V4,V5,V6,V6_shuffled_1,V6_shuffled_2,V7,V8,V9,noise_categorical_1,noise_categorical_2,noise_numeric_1,noise_numeric_2"
bank_un_dirty,classification,15.661850214004517,0.9081057171292712,0.7447882742295975,0.7912557336318902,0.7146906475160776,0.9336623607828004,-0.03576731980945913,-0.10208866905737057,40,"Class,V1,V10,V10_shuffled_1,V10_shuffled_2,V11,V12,V12_shuffled_1,V12_shuffled_2,V13,V13_shuffled_1,V13_shuffled_2,V14,V14_shuffled_1,V14_shuffled_2,V15,V15_shuffled_1,V15_shuffled_2,V16,V1_shuffled_1,V1_shuffled_2,V2,V3,V4,V5,V6,V6_shuffled_1,V6_shuffled_2,V7,V8,V9,noise_categorical_1,noise_categorical_2,noise_numeric_1,noise_numeric_2"
bank_un_clean,classification,6.56531548500061,0.8872055733716687,0.6035927828724729,0.7282565820057206,0.5790442973770527,0.8012322845410759,-0.0036371605367586657,-0.01104711613066367,1,"Class,V12"
bank_un_clean,classification,6.56531548500061,0.8937299568727193,0.6703555131067125,0.7513640369929268,0.636855079171367,0.8506188351741747,-0.004965022114230555,-0.015432635878578016,2,"Class,V12,V14"
bank_un_clean,classification,6.56531548500061,0.8950569501271702,0.6850989562641343,0.7537040453386346,0.6523654939022008,0.8731480221066674,-0.01110319143443117,-0.033192509044989715,3,"Class,V12,V14,V7"
bank_un_clean,classification,6.56531548500061,0.8971580227800509,0.6840193240635539,0.7652144940576138,0.648635556034294,0.8842903695847484,-0.011601101307540329,-0.035437320321967114,4,"Class,V12,V14,V7,V9"
bank_un_clean,classification,6.56531548500061,0.9027977441114674,0.7064159810996352,0.786113444053367,0.6686379115851674,0.8917350348538671,-0.006542003731930035,-0.020717651725844832,5,"Class,V12,V14,V16,V7,V9"
bank_un_clean,classification,6.56531548500061,0.9020236647130377,0.7061630914257297,0.7816820958924975,0.6694295068849556,0.8937180772549665,-0.011076313167961982,-0.03135942137207115,6,"Class,V12,V14,V16,V4,V7,V9"
bank_un_clean,classification,6.56531548500061,0.9026871613402632,0.7087835970508605,0.7839633376636229,0.6718550732528974,0.8952590099820907,-0.015859620345204606,-0.04339488513582812,7,"Class,V12,V14,V16,V4,V7,V8,V9"
bank_un_clean,classification,6.56531548500061,0.9034612407386929,0.7134193256244983,0.7855904002667655,0.6768030913350055,0.8956344776891454,-0.008643382132353272,-0.026275556117150267,8,"Class,V12,V14,V16,V3,V4,V7,V8,V9"
bank_un_clean,classification,6.56531548500061,0.9043459029083268,0.7132828786824976,0.7909170576815763,0.6752541686740142,0.9006928160433136,-0.014836800033500186,-0.046669860743178804,9,"Class,V1,V12,V14,V16,V3,V4,V7,V8,V9"
bank_un_clean,classification,6.56531548500061,0.9029083268826716,0.7205573793016844,0.7786301355410035,0.6875592586761804,0.8986963979010739,-0.01956457734205741,-0.05764201458416507,10,"Class,V1,V12,V14,V16,V2,V3,V4,V7,V8,V9"
bank_un_clean,classification,6.56531548500061,0.9069998894172288,0.7483687913976992,0.7841914985697246,0.72308386589695,0.9281169323862204,-0.04715848262435496,-0.13028156347970976,11,"Class,V1,V11,V12,V14,V16,V2,V3,V4,V7,V8,V9"
bank_un_clean,classification,6.56531548500061,0.9110914519517859,0.758405626506274,0.7974590882142006,0.7311403233615014,0.9379442551191802,-0.025371719912845814,-0.06957644542876418,12,"Class,V1,V10,V11,V12,V14,V16,V2,V3,V4,V7,V8,V9"
bank_un_clean,classification,6.56531548500061,0.9129713590622581,0.76911967488521,0.7995465147568169,0.7461438803616895,0.9378302653960107,-0.017989711497352623,-0.048984463344670215,13,"Class,V1,V10,V11,V12,V13,V14,V16,V2,V3,V4,V7,V8,V9"
bank_un_clean,classification,6.56531548500061,0.909322127612518,0.7577538905027175,0.7896669014595805,0.7342381686834838,0.9371212327461818,-0.04201607190086398,-0.1149278844985906,14,"Class,V1,V10,V11,V12,V13,V14,V15,V16,V2,V3,V4,V7,V8,V9"
bank_un_clean,classification,6.56531548500061,0.9099856242397435,0.757941082461141,0.7925356529752305,0.7329739835916351,0.9381822959637222,-0.04218203778193308,-0.11747717897616994,15,"Class,V1,V10,V11,V12,V13,V14,V15,V16,V2,V3,V4,V5,V7,V8,V9"
bank_mn_dirty,classification,18.723977088928223,0.8872055733716687,0.6035927828724729,0.7282565820057206,0.5790442973770527,0.8012322845410759,-0.0036371605367586657,-0.01104711613066367,1,"Class,V12"
bank_mn_dirty,classification,18.723977088928223,0.8937299568727193,0.6703555131067125,0.7513640369929268,0.636855079171367,0.8506188351741747,-0.004965022114230555,-0.015432635878578016,2,"Class,V12,V14"
bank_mn_dirty,classification,18.723977088928223,0.892734711931881,0.6758450775011604,0.7448366099840291,0.6440809978066152,0.8568933006475989,-0.010439364599859724,-0.03133665228519211,3,"Class,V12,V14,V6"
bank_mn_dirty,classification,18.723977088928223,0.8908548048214088,0.6685320796629021,0.7373552642748236,0.6376868608792715,0.8530087723555391,-0.032060479407744036,-0.09713137496276603,4,"Class,V12,V12_shuffled_1,V14,V6"
bank_mn_dirty,classification,18.723977088928223,0.8930664602454937,0.6708969258117201,0.7476945725178525,0.6381192642632156,0.8576325174920366,-0.008835773773528621,-0.025439045456211673,5,"Class,V12,V12_shuffled_1,V14,V6,V6_shuffled_1"
bank_mn_dirty,classification,18.723977088928223,0.8929558774742895,0.6714749329936202,0.7469745162594096,0.6388765916244187,0.8563480912343916,-0.015941490364684174,-0.04953622710918126,6,"Class,V12,V12_shuffled_1,V14,V6,V6_shuffled_1,V6_shuffled_2"
bank_mn_dirty,classification,18.723977088928223,0.8930664602454937,0.6712645717691644,0.7475961040065568,0.6385292366476368,0.8567188241658213,-0.018512836370299213,-0.05792197826992451,7,"Class,V12,V12_shuffled_1,V12_shuffled_2,V14,V6,V6_shuffled_1,V6_shuffled_2"
bank_mn_dirty,classification,18.723977088928223,0.894061705186332,0.6812485944787002,0.7499195536638639,0.6489321305424988,0.857297532116575,-0.012291977627204798,-0.0362828473487905,8,"Class,V12,V12_shuffled_1,V12_shuffled_2,V14,V14_shuffled_2,V6,V6_shuffled_1,V6_shuffled_2"
bank_mn_dirty,classification,18.723977088928223,0.8926241291606768,0.6702729999313191,0.7455919339697834,0.6378687946326583,0.8572640335790288,-0.017628027441844774,-0.05237899868522611,9,"Class,V12,V12_shuffled_1,V12_shuffled_2,V14,V14_shuffled_2,V6,V6_shuffled_1,V6_shuffled_2,spurious_cat_4"
bank_mn_dirty,classification,18.723977088928223,0.8922923808470641,0.6686998567055025,0.7442915233030967,0.6364510252564769,0.8571654318766402,-0.015443739480297092,-0.04693593074805913,10,"Class,V12,V12_shuffled_1,V12_shuffled_2,V14,V14_shuffled_2,V6,V6_shuffled_1,V6_shuffled_2,spurious_cat_3,spurious_cat_4"
bank_mn_dirty,classification,18.723977088928223,0.892734711931881,0.6696911834303305,0.7463020736540343,0.6371114672714553,0.8526101634326178,-0.04359021618136827,-0.14067064931908602,11,"Class,V12,V12_shuffled_1,V12_shuffled_2,V14,V14_shuffled_2,V6,V6_shuffled_1,V6_shuffled_2,spurious_cat_2,spurious_cat_3,spurious_cat_4"
bank_mn_dirty,classification,18.723977088928223,0.8928452947030853,0.6687333531049915,0.7471265109809714,0.6359441675258312,0.8562829880695492,-0.018153378156901434,-0.0547087453501347,12,"Class,V12,V12_shuffled_1,V12_shuffled_2,V14,V14_shuffled_2,V6,V6_shuffled_1,V6_shuffled_2,spurious_cat_1,spurious_cat_2,spurious_cat_3,spurious_cat_4"
bank_mn_dirty,classification,18.723977088928223,0.9009178370009953,0.7012276082804192,0.7781210723503056,0.6647036089643507,0.8639446836163742,-0.011407975872262832,-0.034389878220449255,13,"Class,V12,V12_shuffled_1,V12_shuffled_2,V14,V14_shuffled_2,V16,V6,V6_shuffled_1,V6_shuffled_2,spurious_cat_1,spurious_cat_2,spurious_cat_3,spurious_cat_4"
bank_mn_dirty,classification,18.723977088928223,0.9027977441114674,0.7226606417347952,0.7770601884561579,0.6907764203439104,0.9054626290078396,-0.010661667523126694,-0.028990849880404568,14,"Class,V11,V12,V12_shuffled_1,V12_shuffled_2,V14,V14_shuffled_2,V16,V6,V6_shuffled_1,V6_shuffled_2,spurious_cat_1,spurious_cat_2,spurious_cat_3,spurious_cat_4"
bank_mn_dirty,classification,18.723977088928223,0.9043459029083268,0.7256818286627287,0.7832534806635993,0.6924730088197033,0.9170423513842708,-0.025619812641330286,-0.07529870347423429,15,"Class,V11,V12,V12_shuffled_1,V12_shuffled_2,V14,V14_shuffled_2,V16,V6,V6_shuffled_1,V6_shuffled_2,V9,spurious_cat_1,spurious_cat_2,spurious_cat_3,spurious_cat_4"
bank_mn_dirty,classification,18.723977088928223,0.9027977441114674,0.7235039954501696,0.7766653533503212,0.6920063374971739,0.9170083793691621,-0.03692798028578981,-0.10596658114411861,16,"Class,V11,V12,V12_shuffled_1,V12_shuffled_2,V14,V14_shuffled_2,V16,V6,V6_shuffled_1,V6_shuffled_2,V9,spurious_cat_1,spurious_cat_2,spurious_cat_3,spurious_cat_4,spurious_cat_6"
bank_mn_dirty,classification,18.723977088928223,0.9061152272475949,0.735615799399467,0.786691403340781,0.7041341693368828,0.9256094543999679,-0.037536619688923634,-0.10736738910622778,17,"Class,V11,V12,V12_shuffled_1,V12_shuffled_2,V14,V14_shuffled_2,V16,V6,V6_shuffled_1,V6_shuffled_2,V7,V9,spurious_cat_1,spurious_cat_2,spurious_cat_3,spurious_cat_4,spurious_cat_6"
bank_mn_dirty,classification,18.723977088928223,0.9058940617051864,0.7394139178138597,0.7836045329280086,0.7105684926723429,0.9253866832068163,-0.05932381044699231,-0.1666856879597729,18,"Class,V11,V12,V12_shuffled_1,V12_shuffled_2,V14,V14_shuffled_2,V16,V6,V6_shuffled_1,V6_shuffled_2,V7,V9,spurious_cat_1,spurious_cat_2,spurious_cat_3,spurious_cat_4,spurious_cat_5,spurious_cat_6"
bank_mn_dirty,classification,18.723977088928223,0.9067787238748203,0.7487249518059125,0.7830633433916356,0.7241885482349348,0.9259440254825624,-0.014449986587466879,-0.036142244630263165,19,"Class,V11,V12,V12_shuffled_1,V12_shuffled_2,V14,V14_shuffled_2,V16,V4,V6,V6_shuffled_1,V6_shuffled_2,V7,V9,spurious_cat_1,spurious_cat_2,spurious_cat_3,spurious_cat_4,spurious_cat_5,spurious_cat_6"
bank_mn_dirty,classification,18.723977088928223,0.9062258100187991,0.741470805904196,0.7841050935130884,0.7132161792017878,0.9273402516296505,-0.03175804311103947,-0.0879244155731368,20,"Class,V1,V11,V12,V12_shuffled_1,V12_shuffled_2,V14,V14_shuffled_2,V16,V4,V6,V6_shuffled_1,V6_shuffled_2,V7,V9,spurious_cat_1,spurious_cat_2,spurious_cat_3,spurious_cat_4,spurious_cat_5,spurious_cat_6"
bank_mn_dirty,classification,18.723977088928223,0.9086586309852925,0.7529742235283722,0.7892420751128706,0.7273029060869092,0.9364452251563364,-0.03745395472583335,-0.1035987130792625,21,"Class,V1,V10,V11,V12,V12_shuffled_1,V12_shuffled_2,V14,V14_shuffled_2,V16,V4,V6,V6_shuffled_1,V6_shuffled_2,V7,V9,spurious_cat_1,spurious_cat_2,spurious_cat_3,spurious_cat_4,spurious_cat_5,spurious_cat_6"
bank_mn_dirty,classification,18.723977088928223,0.9086586309852925,0.7451963513310682,0.7937736693302628,0.7141837897854318,0.9361335585508271,-0.03162006841749443,-0.08968975623948228,22,"Class,V1,V10,V11,V12,V12_shuffled_1,V12_shuffled_2,V14,V14_shuffled_2,V16,V3,V4,V6,V6_shuffled_1,V6_shuffled_2,V7,V9,spurious_cat_1,spurious_cat_2,spurious_cat_3,spurious_cat_4,spurious_cat_5,spurious_cat_6"
bank_mn_dirty,classification,18.723977088928223,0.908879796527701,0.7567994932479625,0.7882276953440293,0.7335777266685053,0.9354742410450597,-0.04342610924535806,-0.11808680888849277,23,"Class,V1,V10,V11,V12,V12_shuffled_1,V12_shuffled_2,V14,V14_shuffled_2,V15,V16,V3,V4,V6,V6_shuffled_1,V6_shuffled_2,V7,V9,spurious_cat_1,spurious_cat_2,spurious_cat_3,spurious_cat_4,spurious_cat_5,spurious_cat_6"
bank_mn_dirty,classification,18.723977088928223,0.9117549485790114,0.7629224632493243,0.7977712721308169,0.7376656135736548,0.9384187980061859,-0.030182675840364825,-0.08259226380240792,24,"Class,V1,V10,V11,V12,V12_shuffled_1,V12_shuffled_2,V14,V14_shuffled_2,V15,V16,V3,V4,V6,V6_shuffled_1,V6_shuffled_2,V7,V9,spurious_cat_1,spurious_cat_2,spurious_cat_3,spurious_cat_4,spurious_cat_5,spurious_cat_6,spurious_num_4"
bank_mn_dirty,classification,18.723977088928223,0.9086586309852925,0.747932508235411,0.7920957206430956,0.7186934860140647,0.9360473856344541,-0.031703014668323926,-0.08816307173765969,25,"Class,V1,V10,V11,V12,V12_shuffled_1,V12_shuffled_2,V14,V14_shuffled_2,V15,V16,V2,V3,V4,V6,V6_shuffled_1,V6_shuffled_2,V7,V9,spurious_cat_1,spurious_cat_2,spurious_cat_3,spurious_cat_4,spurious_cat_5,spurious_cat_6,spurious_num_4"
bank_mn_dirty,classification,18.723977088928223,0.9092115448413137,0.7531793566495518,0.7916718518382958,0.7263860759718423,0.933961539417599,-0.04079951465879683,-0.112122032466209,26,"Class,V1,V10,V11,V12,V12_shuffled_1,V12_shuffled_2,V14,V14_shuffled_2,V15,V16,V2,V3,V4,V6,V6_shuffled_1,V6_shuffled_2,V7,V8,V9,spurious_cat_1,spurious_cat_2,spurious_cat_3,spurious_cat_4,spurious_cat_5,spurious_cat_6,spurious_num_4"
bank_mn_dirty,classification,18.723977088928223,0.9098750414685391,0.7568410152132463,0.7926553349893771,0.7312714766463111,0.9372632760149286,-0.04660582559626947,-0.12701743627586115,27,"Class,V1,V10,V11,V12,V12_shuffled_1,V12_shuffled_2,V14,V14_shuffled_2,V15,V16,V2,V3,V4,V6,V6_shuffled_1,V6_shuffled_2,V7,V8,V9,noise_numeric_1,spurious_cat_1,spurious_cat_2,spurious_cat_3,spurious_cat_4,spurious_cat_5,spurious_cat_6,spurious_num_4"
bank_mn_dirty,classification,18.723977088928223,0.908879796527701,0.7570262968976298,0.7881130328118778,0.7339876990529266,0.935881786856973,-0.01657917272688869,-0.04353033437172804,28,"Class,V1,V10,V11,V12,V12_shuffled_1,V12_shuffled_2,V14,V14_shuffled_2,V15,V16,V2,V3,V4,V6,V6_shuffled_1,V6_shuffled_2,V7,V8,V9,noise_numeric_1,noise_numeric_2,spurious_cat_1,spurious_cat_2,spurious_cat_3,spurious_cat_4,spurious_cat_5,spurious_cat_6,spurious_num_4"
bank_mn_dirty,classification,18.723977088928223,0.9083268826716797,0.7483649919311551,0.7902473586466283,0.7201455233288314,0.9353099443308756,-0.03186887048027787,-0.08790937045692904,29,"Class,V1,V10,V11,V12,V12_shuffled_1,V12_shuffled_2,V14,V14_shuffled_2,V15,V16,V2,V3,V4,V6,V6_shuffled_1,V6_shuffled_2,V7,V8,V9,noise_categorical_1,noise_numeric_1,noise_numeric_2,spurious_cat_1,spurious_cat_2,spurious_cat_3,spurious_cat_4,spurious_cat_5,spurious_cat_6,spurious_num_4"
bank_mn_dirty,classification,18.723977088928223,0.9077739688156585,0.7526928185297395,0.7854754611916268,0.7288518287479004,0.9362134578894974,-0.04873454699942659,-0.13197891519859795,30,"Class,V1,V10,V11,V12,V12_shuffled_1,V12_shuffled_2,V14,V14_shuffled_2,V15,V16,V2,V3,V4,V6,V6_shuffled_1,V6_shuffled_2,V7,V8,V9,noise_categorical_1,noise_numeric_1,noise_numeric_2,spurious_cat_1,spurious_cat_2,spurious_cat_3,spurious_cat_4,spurious_cat_5,spurious_cat_6,spurious_num_2,spurious_num_4"
bank_mn_dirty,classification,18.723977088928223,0.9068893066460245,0.7452815810179362,0.7852200321295237,0.7181015798762567,0.9347113503224973,-0.08672383204010692,-0.23889777098346243,31,"Class,V1,V10,V11,V12,V12_shuffled_1,V12_shuffled_2,V14,V14_shuffled_2,V15,V16,V2,V3,V4,V6,V6_shuffled_1,V6_shuffled_2,V7,V8,V9,noise_categorical_1,noise_numeric_1,noise_numeric_2,spurious_cat_1,spurious_cat_2,spurious_cat_3,spurious_cat_4,spurious_cat_5,spurious_cat_6,spurious_num_2,spurious_num_4,spurious_num_6"
bank_mn_dirty,classification,18.723977088928223,0.907995134358067,0.7490321237771457,0.7883267947129413,0.7220075330280192,0.9361193542239524,-0.07226365794452094,-0.20032758439115794,32,"Class,V1,V10,V11,V12,V12_shuffled_1,V12_shuffled_2,V14,V14_shuffled_2,V15,V16,V2,V3,V4,V6,V6_shuffled_1,V6_shuffled_2,V7,V8,V9,noise_categorical_1,noise_numeric_1,noise_numeric_2,spurious_cat_1,spurious_cat_2,spurious_cat_3,spurious_cat_4,spurious_cat_5,spurious_cat_6,spurious_num_2,spurious_num_3,spurious_num_4,spurious_num_6"
bank_mn_dirty,classification,18.723977088928223,0.9094327103837222,0.7549512962600662,0.7916914344825299,0.7289711450936479,0.9352708824319702,-0.014505577605660736,-0.039390142134088535,33,"Class,V1,V10,V11,V12,V12_shuffled_1,V12_shuffled_2,V14,V14_shuffled_2,V15,V16,V2,V3,V4,V6,V6_shuffled_1,V6_shuffled_2,V7,V8,V9,noise_categorical_1,noise_numeric_1,noise_numeric_2,spurious_cat_1,spurious_cat_2,spurious_cat_3,spurious_cat_4,spurious_cat_5,spurious_cat_6,spurious_num_2,spurious_num_3,spurious_num_4,spurious_num_5,spurious_num_6"
bank_mn_dirty,classification,18.723977088928223,0.9074422205020458,0.7486095374047964,0.7860335918924685,0.722514390758665,0.9343600299711297,-0.038808608960462454,-0.10867973321267288,34,"Class,V1,V10,V11,V12,V12_shuffled_1,V12_shuffled_2,V14,V14_shuffled_2,V15,V16,V2,V3,V4,V6,V6_shuffled_1,V6_shuffled_2,V7,V8,V9,noise_categorical_1,noise_numeric_1,noise_numeric_2,spurious_cat_1,spurious_cat_2,spurious_cat_3,spurious_cat_4,spurious_cat_5,spurious_cat_6,spurious_num_1,spurious_num_2,spurious_num_3,spurious_num_4,spurious_num_5,spurious_num_6"
bank_mn_dirty,classification,18.723977088928223,0.9107597036381732,0.7578511551799363,0.7962091290726703,0.7309524711385833,0.9354383751197012,-0.015335186872775797,-0.04093484024054117,35,"Class,V1,V10,V10_shuffled_1,V11,V12,V12_shuffled_1,V12_shuffled_2,V14,V14_shuffled_2,V15,V16,V2,V3,V4,V6,V6_shuffled_1,V6_shuffled_2,V7,V8,V9,noise_categorical_1,noise_numeric_1,noise_numeric_2,spurious_cat_1,spurious_cat_2,spurious_cat_3,spurious_cat_4,spurious_cat_5,spurious_cat_6,spurious_num_1,spurious_num_2,spurious_num_3,spurious_num_4,spurious_num_5,spurious_num_6"
bank_mn_dirty,classification,18.723977088928223,0.9082162999004755,0.7501151927981197,0.7887616009813319,0.7233626849965613,0.9349638322326953,-0.031149990743187472,-0.0864065469416807,36,"Class,V1,V10,V10_shuffled_1,V11,V12,V12_shuffled_1,V12_shuffled_2,V14,V14_shuffled_2,V15,V16,V1_shuffled_1,V2,V3,V4,V6,V6_shuffled_1,V6_shuffled_2,V7,V8,V9,noise_categorical_1,noise_numeric_1,noise_numeric_2,spurious_cat_1,spurious_cat_2,spurious_cat_3,spurious_cat_4,spurious_cat_5,spurious_cat_6,spurious_num_1,spurious_num_2,spurious_num_3,spurious_num_4,spurious_num_5,spurious_num_6"
bank_mn_dirty,classification,18.723977088928223,0.9107597036381732,0.759682772213962,0.7950906078600379,0.7342322502139527,0.9349126966559463,-0.05456876351511153,-0.1502374098366508,37,"Class,V1,V10,V10_shuffled_1,V10_shuffled_2,V11,V12,V12_shuffled_1,V12_shuffled_2,V14,V14_shuffled_2,V15,V16,V1_shuffled_1,V2,V3,V4,V6,V6_shuffled_1,V6_shuffled_2,V7,V8,V9,noise_categorical_1,noise_numeric_1,noise_numeric_2,spurious_cat_1,spurious_cat_2,spurious_cat_3,spurious_cat_4,spurious_cat_5,spurious_cat_6,spurious_num_1,spurious_num_2,spurious_num_3,spurious_num_4,spurious_num_5,spurious_num_6"
bank_mn_dirty,classification,18.723977088928223,0.9081057171292712,0.7501730150740287,0.7882240939675103,0.7237100399733433,0.9348477118604945,-0.03985933485037929,-0.11014314502229805,38,"Class,V1,V10,V10_shuffled_1,V10_shuffled_2,V11,V12,V12_shuffled_1,V12_shuffled_2,V14,V14_shuffled_2,V15,V16,V1_shuffled_1,V1_shuffled_2,V2,V3,V4,V6,V6_shuffled_1,V6_shuffled_2,V7,V8,V9,noise_categorical_1,noise_numeric_1,noise_numeric_2,spurious_cat_1,spurious_cat_2,spurious_cat_3,spurious_cat_4,spurious_cat_5,spurious_cat_6,spurious_num_1,spurious_num_2,spurious_num_3,spurious_num_4,spurious_num_5,spurious_num_6"
bank_mn_dirty,classification,18.723977088928223,0.9058940617051864,0.743177568097336,0.7817807448804704,0.7167180784386604,0.9335637590804119,-0.04455937779934804,-0.1254832524782976,39,"Class,V1,V10,V10_shuffled_1,V10_shuffled_2,V11,V12,V12_shuffled_1,V12_shuffled_2,V13_shuffled_1,V14,V14_shuffled_2,V15,V16,V1_shuffled_1,V1_shuffled_2,V2,V3,V4,V6,V6_shuffled_1,V6_shuffled_2,V7,V8,V9,noise_categorical_1,noise_numeric_1,noise_numeric_2,spurious_cat_1,spurious_cat_2,spurious_cat_3,spurious_cat_4,spurious_cat_5,spurious_cat_6,spurious_num_1,spurious_num_2,spurious_num_3,spurious_num_4,spurious_num_5,spurious_num_6"
bank_mn_dirty,classification,18.723977088928223,0.908437465442884,0.7507173248636663,0.7894535128279523,0.7238978921962612,0.9348640468364005,-0.02976757768916649,-0.08322307304137344,40,"Class,V1,V10,V10_shuffled_1,V10_shuffled_2,V11,V12,V12_shuffled_1,V12_shuffled_2,V13_shuffled_1,V13_shuffled_2,V14,V14_shuffled_2,V15,V16,V1_shuffled_1,V1_shuffled_2,V2,V3,V4,V6,V6_shuffled_1,V6_shuffled_2,V7,V8,V9,noise_categorical_1,noise_numeric_1,noise_numeric_2,spurious_cat_1,spurious_cat_2,spurious_cat_3,spurious_cat_4,spurious_cat_5,spurious_cat_6,spurious_num_1,spurious_num_2,spurious_num_3,spurious_num_4,spurious_num_5,spurious_num_6"
bank_mn_clean,classification,5.408898591995239,0.8872055733716687,0.6035927828724729,0.7282565820057206,0.5790442973770527,0.8012322845410759,-0.0036371605367586657,-0.01104711613066367,1,"Class,V12"
bank_mn_clean,classification,5.408898591995239,0.8937299568727193,0.6703555131067125,0.7513640369929268,0.636855079171367,0.8506188351741747,-0.004965022114230555,-0.015432635878578016,2,"Class,V12,V14"
bank_mn_clean,classification,5.408898591995239,0.8950569501271702,0.6850989562641343,0.7537040453386346,0.6523654939022008,0.8731480221066674,-0.01110319143443117,-0.033192509044989715,3,"Class,V12,V14,V7"
bank_mn_clean,classification,5.408898591995239,0.9019130819418335,0.7335921859952861,0.7688338910984103,0.7091342107661696,0.9127299177451105,-0.011103949688336834,-0.027843482558022714,4,"Class,V11,V12,V14,V7"
bank_mn_clean,classification,5.408898591995239,0.9062258100187991,0.7429708731355791,0.7833609375801884,0.7156760135083149,0.9149684604758686,-0.009639042889849403,-0.025125124032567836,5,"Class,V11,V12,V14,V16,V7"
bank_mn_clean,classification,5.408898591995239,0.9097644586973349,0.7557328443678935,0.7927812237513729,0.7295689697009871,0.929804169680154,-0.007206344222373096,-0.019074402408761015,6,"Class,V10,V11,V12,V14,V16,V7"
bank_mn_clean,classification,5.408898591995239,0.9100962070109477,0.758352346922244,0.792806752801889,0.7334465733836956,0.9315389914691179,-0.012072560960739942,-0.03254352540240879,7,"Class,V10,V11,V12,V14,V16,V5,V7"
bank_mn_clean,classification,5.408898591995239,0.9078845515868628,0.7466602013523014,0.7891080688497694,0.7182551641605894,0.930267526659746,-0.01627492640473205,-0.048376599646805296,8,"Class,V10,V11,V12,V13,V14,V16,V5,V7"
bank_mn_clean,classification,5.408898591995239,0.9085480482140883,0.7487287951226536,0.7910934486313317,0.72027075814411,0.9298582053069733,-0.018376304805155286,-0.05368647993214504,9,"Class,V10,V11,V12,V13,V14,V15,V16,V5,V7"
bank_mn_clean,classification,5.408898591995239,0.9098750414685391,0.758666860299582,0.7916301427362071,0.7345512557216805,0.937201723931805,-0.03446802422489148,-0.09605971638801936,10,"Class,V10,V11,V12,V13,V14,V15,V16,V5,V7,V9"
bank_mn_clean,classification,5.408898591995239,0.9110914519517859,0.7629237168758426,0.7947031300739303,0.7393397710499247,0.9382034248999482,-0.01657941732492285,-0.04662104868806727,11,"Class,V10,V11,V12,V13,V14,V15,V16,V5,V7,V8,V9"
pendigits,classification,7.513980865478516,0.3888130968622101,0.33806734522361453,0.33924203891830074,0.3865152297432669,0.8366976179484699,-0.010595523631364345,-0.012338379384754017,1,"class,input16"
pendigits,classification,7.513980865478516,0.5725329695316053,0.5628661878090216,0.5906361903231618,0.5728282670396267,0.9300615665414866,-0.039772273275172854,-0.03900427703052134,2,"class,input16,input8"
pendigits,classification,7.513980865478516,0.7094133697135061,0.7088973273145232,0.7158864039361864,0.7085075683061002,0.9627345698265968,-0.04152487661880366,-0.04159419158019628,3,"class,input16,input2,input8"
pendigits,classification,7.513980865478516,0.810368349249659,0.8099093124935008,0.810871676191848,0.8106329081981845,0.982172775233558,-0.08841477368904227,-0.08864688131152265,4,"class,input1,input16,input2,input8"
pendigits,classification,7.513980865478516,0.867212369258754,0.8665760745785966,0.8663906169459095,0.8669804166970749,0.9900037104265781,-0.06625743626836988,-0.06654303279916918,5,"class,input1,input10,input16,input2,input8"
pendigits,classification,7.513980865478516,0.9295134151887221,0.9293327423978525,0.9298666530820295,0.9292405588154455,0.9964214570010108,-0.05479228252536861,-0.05479236682866462,6,"class,input1,input10,input16,input2,input8,input9"
pendigits,classification,7.513980865478516,0.9608913142337426,0.9611027017638414,0.9612847145005263,0.9609791633308318,0.9985769410381738,-0.03910868576625737,-0.03889729823615862,7,"class,input1,input10,input11,input16,input2,input8,input9"
pendigits,classification,7.513980865478516,0.975443383356071,0.9755052219944531,0.9757613485135739,0.9755155793932356,0.9992235610398238,-0.023760528846817675,-0.02370195023517918,8,"class,input1,input10,input11,input14,input16,input2,input8,input9"
pendigits,classification,7.513980865478516,0.9809004092769441,0.9809432562186677,0.9810449800802058,0.9809792686252148,0.9991047627973119,-0.017962322441468226,-0.017954086566141836,9,"class,input1,input10,input11,input14,input15,input16,input2,input8,input9"
pendigits,classification,7.513980865478516,0.9836289222373806,0.9836569670309816,0.983958522289434,0.9837168590467662,0.9993578750314935,-0.013527907058650257,-0.013568815834484216,10,"class,input1,input10,input11,input14,input15,input16,input2,input5,input8,input9"
pendigits,classification,7.513980865478516,0.98681218735789,0.9868333275539495,0.9869752307216018,0.9868853848854633,0.9992721820001617,-0.013187812642109997,-0.01316667244605052,11,"class,input1,input10,input11,input12,input14,input15,input16,input2,input5,input8,input9"
pendigits,classification,7.513980865478516,0.988631195998181,0.9887206675346427,0.9889941845136561,0.988743867056038,0.9994796041336365,-0.011255077173660255,-0.011169982963363911,12,"class,input1,input10,input11,input12,input14,input15,input16,input2,input4,input5,input8,input9"
pendigits,classification,7.513980865478516,0.9913597089586176,0.991403755550858,0.9915152217532597,0.9914384592454459,0.9997785831444949,-0.00841283738506493,-0.00836386924955701,13,"class,input1,input10,input11,input12,input14,input15,input16,input2,input3,input4,input5,input8,input9"
pendigits,classification,7.513980865478516,0.9940882219190541,0.9940076695170417,0.994040629330739,0.9940232094236293,0.9995541043946556,-0.005911778080945895,-0.00599233048295833,14,"class,input1,input10,input11,input12,input13,input14,input15,input16,input2,input3,input4,input5,input8,input9"
pendigits,classification,7.513980865478516,0.9936334697589814,0.9935678644536103,0.9935566891498023,0.9936237806275037,0.9995349322283487,-0.006366530241018631,-0.006432135546389661,15,"class,input1,input10,input11,input12,input13,input14,input15,input16,input2,input3,input4,input5,input6,input8,input9"
pendigits,classification,7.513980865478516,0.9949977262391997,0.994974660323769,0.9949789599683369,0.9950102444173099,0.9997046258594219,-0.005002273760800313,-0.005025339676230978,16,"class,input1,input10,input11,input12,input13,input14,input15,input16,input2,input3,input4,input5,input6,input7,input8,input9"
pendigits_un_dirty,classification,14.704232931137085,0.3888130968622101,0.33806734522361453,0.33924203891830074,0.3865152297432669,0.8366976179484699,-0.010595523631364345,-0.012338379384754017,1,"class,input16"
pendigits_un_dirty,classification,14.704232931137085,0.5725329695316053,0.5628661878090216,0.5906361903231618,0.5728282670396267,0.9300615665414866,-0.039772273275172854,-0.03900427703052134,2,"class,input16,input8"
pendigits_un_dirty,classification,14.704232931137085,0.7094133697135061,0.7088973273145232,0.7158864039361864,0.7085075683061002,0.9627345698265968,-0.04152487661880366,-0.04159419158019628,3,"class,input16,input2,input8"
pendigits_un_dirty,classification,14.704232931137085,0.810368349249659,0.8099093124935008,0.810871676191848,0.8106329081981845,0.982172775233558,-0.08841477368904227,-0.08864688131152265,4,"class,input1,input16,input2,input8"
pendigits_un_dirty,classification,14.704232931137085,0.9067758071850841,0.9069514198452481,0.9082542794664304,0.9066461270002755,0.9951489283794522,-0.07218472960554478,-0.07188063021775959,5,"class,input1,input16,input2,input8,input9"
pendigits_un_dirty,classification,14.704232931137085,0.9286039108685766,0.9282790247566861,0.9289758233602361,0.9282143561266626,0.9966831508402079,-0.04387419671700277,-0.044011506430923664,6,"class,input1,input14,input16,input2,input8,input9"
pendigits_un_dirty,classification,14.704232931137085,0.9636198271941792,0.9636927587936945,0.9640626421577737,0.9637501756419237,0.9985868408996819,-0.029670289944453865,-0.02967798693524437,7,"class,input1,input14,input15,input16,input2,input8,input9"
pendigits_un_dirty,classification,14.704232931137085,0.9727148703956344,0.9729069340974543,0.9734391004524687,0.9730760083843375,0.9992443650888253,-0.01659480775744193,-0.0165412488132326,8,"class,input1,input14,input15,input16,input2,input5,input8,input9"
pendigits_un_dirty,classification,14.704232931137085,0.9822646657571623,0.9821942171174192,0.9824793527594995,0.9822597209408379,0.9993874219897693,-0.015233344023344864,-0.015390951649378426,9,"class,input1,input11,input14,input15,input16,input2,input5,input8,input9"
pendigits_un_dirty,classification,14.704232931137085,0.9836289222373806,0.9836631693047831,0.9841807320173419,0.9837187743152869,0.9997321706880145,-0.01591617044998428,-0.015899432033479877,10,"class,input1,input11,input14,input15,input16,input2,input4,input5,input8,input9"
pendigits_un_dirty,classification,14.704232931137085,0.9895407003183265,0.9895612789032059,0.9897604057270846,0.9895818923433918,0.9993610430494911,-0.010459299681673473,-0.010438721096794112,11,"class,input1,input10,input11,input14,input15,input16,input2,input4,input5,input8,input9"
pendigits_un_dirty,classification,14.704232931137085,0.988631195998181,0.9886964501945494,0.9889357545938202,0.988743867056038,0.99971966338957,-0.0098903552357551,-0.009850566260829474,12,"class,input1,input10,input11,input12,input14,input15,input16,input2,input4,input5,input8,input9"
pendigits_un_dirty,classification,14.704232931137085,0.9936334697589814,0.9935900098827654,0.9936126074732232,0.9936237806275037,0.9994323181027029,-0.006366530241018631,-0.006409990117234643,13,"class,input1,input10,input11,input12,input14,input15,input16,input2,input3,input4,input5,input8,input9"
pendigits_un_dirty,classification,14.704232931137085,0.9940882219190541,0.9939913560418088,0.9940119987809226,0.9940251246921502,0.9995649376725787,-0.005911778080945895,-0.006008643958191229,14,"class,input1,input10,input11,input12,input13,input14,input15,input16,input2,input3,input4,input5,input8,input9"
pendigits_un_dirty,classification,14.704232931137085,0.9895407003183265,0.9894813893362409,0.9895888157158375,0.9895446399168101,0.999650899363955,-0.010118119197197184,-0.010176945585504527,15,"class,input1,input10,input11,input12,input13,input14,input15,input16,input2,input3,input3_shuffled_1,input4,input5,input8,input9"
pendigits_un_dirty,classification,14.704232931137085,0.9918144611186903,0.9918160917741765,0.9919109927267706,0.9918398033100922,0.9994664711747839,-0.008185538881309684,-0.008183908225823489,16,"class,input1,input10,input11,input12,input13,input14,input15,input16,input2,input3,input3_shuffled_1,input3_shuffled_2,input4,input5,input8,input9"
pendigits_un_dirty,classification,14.704232931137085,0.990450204638472,0.990407011014401,0.9904992501922351,0.9904552547888066,0.9997585185843262,-0.009436068533369202,-0.009474505531694044,17,"class,input1,input10,input11,input12,input13,input14,input15,input16,input2,input3,input3_shuffled_1,input3_shuffled_2,input4,input5,input8,input8_shuffled_2,input9"
pendigits_un_dirty,classification,14.704232931137085,0.9918144611186903,0.9917759394580287,0.9918783615089591,0.9918044661520312,0.9997693251314376,-0.008071812053150884,-0.008105577088066362,18,"class,input1,input10,input11,input12,input13,input14,input15,input16,input2,input3,input3_shuffled_1,input3_shuffled_2,input4,input5,input6_shuffled_1,input8,input8_shuffled_2,input9"
pendigits_un_dirty,classification,14.704232931137085,0.9877216916780355,0.9877123255217996,0.9879163633846456,0.9877606625993988,0.9996773878819651,-0.011823401009329437,-0.011827525779562031,19,"class,input1,input10,input11,input12,input13,input14,input15,input16,input2,input3,input3_shuffled_1,input3_shuffled_2,input4,input5,input6,input6_shuffled_1,input8,input8_shuffled_2,input9"
pendigits_un_dirty,classification,14.704232931137085,0.9854479308776717,0.9855170959900936,0.9858886782937732,0.985575341217341,0.9994323949140117,-0.013642254497058248,-0.013571668752604071,20,"class,input1,input10,input11,input12,input13,input14,input15,input16,input2,input3,input3_shuffled_1,input3_shuffled_2,input4,input5,input5_shuffled_2,input6,input6_shuffled_1,input8,input8_shuffled_2,input9"
pendigits_un_dirty,classification,14.704232931137085,0.9872669395179627,0.9873492033124599,0.9875966714937088,0.987396570961334,0.9996988683127567,-0.012505606825719773,-0.012418421487955134,21,"class,input1,input10,input10_shuffled_2,input11,input12,input13,input14,input15,input16,input2,input3,input3_shuffled_1,input3_shuffled_2,input4,input5,input5_shuffled_2,input6,input6_shuffled_1,input8,input8_shuffled_2,input9"
pendigits_un_dirty,classification,14.704232931137085,0.98681218735789,0.9868231094092593,0.9871016581810329,0.986887300153984,0.9997057316369476,-0.012846632157633708,-0.012830493649570562,22,"class,input1,input10,input10_shuffled_2,input11,input12,input13,input14,input15,input16,input2,input3,input3_shuffled_1,input3_shuffled_2,input4,input5,input5_shuffled_1,input5_shuffled_2,input6,input6_shuffled_1,input8,input8_shuffled_2,input9"
pendigits_un_dirty,classification,14.704232931137085,0.98681218735789,0.9867954132894624,0.9870499246982662,0.9868500477274023,0.9993821427220683,-0.012732905329474908,-0.012739706273731999,23,"class,input1,input10,input10_shuffled_2,input11,input12,input13,input14,input15,input16,input2,input3,input3_shuffled_1,input3_shuffled_2,input4,input5,input5_shuffled_1,input5_shuffled_2,input6,input6_shuffled_1,input8,input8_shuffled_2,input9,input9_shuffled_1"
pendigits_un_dirty,classification,14.704232931137085,0.9854479308776717,0.9855391788059338,0.9859034951390481,0.985575341217341,0.9996235730823898,-0.013414800840740648,-0.013340191891185738,24,"class,input1,input10,input10_shuffled_2,input11,input12,input13,input14,input15,input15_shuffled_2,input16,input2,input3,input3_shuffled_1,input3_shuffled_2,input4,input5,input5_shuffled_1,input5_shuffled_2,input6,input6_shuffled_1,input8,input8_shuffled_2,input9,input9_shuffled_1"
pendigits_un_dirty,classification,14.704232931137085,0.9909049567985448,0.9909377239385011,0.9910075708187043,0.9909645255961568,0.9995466311121511,-0.009095043201455155,-0.009062276061498897,25,"class,input1,input10,input10_shuffled_2,input11,input12,input13,input14,input15,input15_shuffled_2,input16,input2,input3,input3_shuffled_1,input3_shuffled_2,input4,input5,input5_shuffled_1,input5_shuffled_2,input6,input6_shuffled_1,input8,input8_shuffled_2,input9,input9_shuffled_1,input9_shuffled_2"
pendigits_un_dirty,classification,14.704232931137085,0.9913597089586176,0.9913352093606214,0.9914191721410038,0.9913677849293239,0.9994418204992082,-0.00864029104138242,-0.008664790639378639,26,"class,input1,input10,input10_shuffled_2,input11,input12,input13,input13_shuffled_2,input14,input15,input15_shuffled_2,input16,input2,input3,input3_shuffled_1,input3_shuffled_2,input4,input5,input5_shuffled_1,input5_shuffled_2,input6,input6_shuffled_1,input8,input8_shuffled_2,input9,input9_shuffled_1,input9_shuffled_2"
pendigits_un_dirty,classification,14.704232931137085,0.990450204638472,0.9904438312839071,0.9905002739499876,0.9904905919468676,0.9994621068666445,-0.009549795361528002,-0.009556168716092883,27,"class,input1,input10,input10_shuffled_2,input11,input12,input13,input13_shuffled_2,input14,input15,input15_shuffled_1,input15_shuffled_2,input16,input2,input3,input3_shuffled_1,input3_shuffled_2,input4,input5,input5_shuffled_1,input5_shuffled_2,input6,input6_shuffled_1,input8,input8_shuffled_2,input9,input9_shuffled_1,input9_shuffled_2"
pendigits_un_dirty,classification,14.704232931137085,0.9895407003183265,0.9895808625615917,0.9897178430701825,0.9896191447699735,0.999746771827455,-0.010345572853514673,-0.010300653984503305,28,"class,input1,input10,input10_shuffled_2,input11,input12,input13,input13_shuffled_1,input13_shuffled_2,input14,input15,input15_shuffled_1,input15_shuffled_2,input16,input2,input3,input3_shuffled_1,input3_shuffled_2,input4,input5,input5_shuffled_1,input5_shuffled_2,input6,input6_shuffled_1,input8,input8_shuffled_2,input9,input9_shuffled_1,input9_shuffled_2"
pendigits_un_dirty,classification,14.704232931137085,0.9909049567985448,0.9908927545514435,0.9909607133636857,0.9909291884380957,0.9996910598506691,-0.009095043201455155,-0.009107245448556456,29,"class,input1,input10,input10_shuffled_2,input11,input12,input13,input13_shuffled_1,input13_shuffled_2,input14,input15,input15_shuffled_1,input15_shuffled_2,input16,input2,input3,input3_shuffled_1,input3_shuffled_2,input4,input5,input5_shuffled_1,input5_shuffled_2,input6,input6_shuffled_1,input8,input8_shuffled_2,input9,input9_shuffled_1,input9_shuffled_2,noise_numeric_1"
pendigits_un_dirty,classification,14.704232931137085,0.9895407003183265,0.9896114228703675,0.9897700321476286,0.9896563971965552,0.999695202105834,-0.010459299681673473,-0.010388577129632481,30,"class,input1,input10,input10_shuffled_2,input11,input12,input12_shuffled_1,input13,input13_shuffled_1,input13_shuffled_2,input14,input15,input15_shuffled_1,input15_shuffled_2,input16,input2,input3,input3_shuffled_1,input3_shuffled_2,input4,input5,input5_shuffled_1,input5_shuffled_2,input6,input6_shuffled_1,input8,input8_shuffled_2,input9,input9_shuffled_1,input9_shuffled_2,noise_numeric_1"
pendigits_un_dirty,classification,14.704232931137085,0.9913597089586176,0.991337923102851,0.9914140286730436,0.9913677849293239,0.9996630962117619,-0.00864029104138242,-0.00866207689714904,31,"class,input1,input10,input10_shuffled_2,input11,input12,input12_shuffled_1,input12_shuffled_2,input13,input13_shuffled_1,input13_shuffled_2,input14,input15,input15_shuffled_1,input15_shuffled_2,input16,input2,input3,input3_shuffled_1,input3_shuffled_2,input4,input5,input5_shuffled_1,input5_shuffled_2,input6,input6_shuffled_1,input8,input8_shuffled_2,input9,input9_shuffled_1,input9_shuffled_2,noise_numeric_1"
pendigits_un_dirty,classification,14.704232931137085,0.9909049567985448,0.9909215568402404,0.9909799931184088,0.9909645255961568,0.9996347160855631,-0.009095043201455155,-0.009078443159759586,32,"class,input1,input10,input10_shuffled_2,input11,input12,input12_shuffled_1,input12_shuffled_2,input13,input13_shuffled_1,input13_shuffled_2,input14,input15,input15_shuffled_1,input15_shuffled_2,input16,input2,input3,input3_shuffled_1,input3_shuffled_2,input4,input5,input5_shuffled_1,input5_shuffled_2,input6,input6_shuffled_1,input8,input8_shuffled_2,input9,input9_shuffled_1,input9_shuffled_2,noise_numeric_1,noise_numeric_2"
pendigits_un_dirty,classification,14.704232931137085,0.9813551614370168,0.9814362970652539,0.9820028293601141,0.9815334529332291,0.9993739362215692,-0.016938936140601712,-0.016887399005590997,33,"class,input1,input10,input10_shuffled_2,input11,input12,input12_shuffled_1,input12_shuffled_2,input13,input13_shuffled_1,input13_shuffled_2,input14,input15,input15_shuffled_1,input15_shuffled_2,input16,input2,input3,input3_shuffled_1,input3_shuffled_2,input4,input5,input5_shuffled_1,input5_shuffled_2,input6,input6_shuffled_1,input8,input8_shuffled_1,input8_shuffled_2,input9,input9_shuffled_1,input9_shuffled_2,noise_numeric_1,noise_numeric_2"
pendigits_un_dirty,classification,14.704232931137085,0.9931787175989086,0.9932333070558246,0.9933019548464085,0.9932635195264803,0.9997257653688438,-0.006821282401091366,-0.006766692944175423,34,"class,input1,input10,input10_shuffled_2,input11,input12,input12_shuffled_1,input12_shuffled_2,input13,input13_shuffled_1,input13_shuffled_2,input14,input15,input15_shuffled_1,input15_shuffled_2,input16,input2,input3,input3_shuffled_1,input3_shuffled_2,input4,input5,input5_shuffled_1,input5_shuffled_2,input6,input6_shuffled_1,input7,input8,input8_shuffled_1,input8_shuffled_2,input9,input9_shuffled_1,input9_shuffled_2,noise_numeric_1,noise_numeric_2"
pendigits_un_dirty,classification,14.704232931137085,0.9927239654388358,0.9928049880840739,0.9928998263173272,0.9928249230352522,0.999674014724597,-0.007276034561164213,-0.007195011915926086,35,"class,input1,input10,input10_shuffled_1,input10_shuffled_2,input11,input12,input12_shuffled_1,input12_shuffled_2,input13,input13_shuffled_1,input13_shuffled_2,input14,input15,input15_shuffled_1,input15_shuffled_2,input16,input2,input3,input3_shuffled_1,input3_shuffled_2,input4,input5,input5_shuffled_1,input5_shuffled_2,input6,input6_shuffled_1,input7,input8,input8_shuffled_1,input8_shuffled_2,input9,input9_shuffled_1,input9_shuffled_2,noise_numeric_1,noise_numeric_2"
pendigits_un_dirty,classification,14.704232931137085,0.992269213278763,0.9923076217697636,0.9923723346199399,0.9923509893859631,0.9995944102258167,-0.0077307867212369485,-0.007692378230236385,36,"class,input1,input10,input10_shuffled_1,input10_shuffled_2,input11,input11_shuffled_1,input12,input12_shuffled_1,input12_shuffled_2,input13,input13_shuffled_1,input13_shuffled_2,input14,input15,input15_shuffled_1,input15_shuffled_2,input16,input2,input3,input3_shuffled_1,input3_shuffled_2,input4,input5,input5_shuffled_1,input5_shuffled_2,input6,input6_shuffled_1,input7,input8,input8_shuffled_1,input8_shuffled_2,input9,input9_shuffled_1,input9_shuffled_2,noise_numeric_1,noise_numeric_2"
pendigits_un_dirty,classification,14.704232931137085,0.9927239654388358,0.9927450761249561,0.9927940692400815,0.9927895858771911,0.9997040227466092,-0.007276034561164213,-0.007254923875043895,37,"class,input1,input10,input10_shuffled_1,input10_shuffled_2,input11,input11_shuffled_1,input12,input12_shuffled_1,input12_shuffled_2,input13,input13_shuffled_1,input13_shuffled_2,input14,input14_shuffled_1,input15,input15_shuffled_1,input15_shuffled_2,input16,input2,input3,input3_shuffled_1,input3_shuffled_2,input4,input5,input5_shuffled_1,input5_shuffled_2,input6,input6_shuffled_1,input7,input8,input8_shuffled_1,input8_shuffled_2,input9,input9_shuffled_1,input9_shuffled_2,noise_numeric_1,noise_numeric_2"
pendigits_un_dirty,classification,14.704232931137085,0.9909049567985448,0.9909818308522726,0.9910462011799132,0.9910371151807995,0.9996927770229387,-0.009095043201455155,-0.00901816914772735,38,"class,input1,input10,input10_shuffled_1,input10_shuffled_2,input11,input11_shuffled_1,input11_shuffled_2,input12,input12_shuffled_1,input12_shuffled_2,input13,input13_shuffled_1,input13_shuffled_2,input14,input14_shuffled_1,input15,input15_shuffled_1,input15_shuffled_2,input16,input2,input3,input3_shuffled_1,input3_shuffled_2,input4,input5,input5_shuffled_1,input5_shuffled_2,input6,input6_shuffled_1,input7,input8,input8_shuffled_1,input8_shuffled_2,input9,input9_shuffled_1,input9_shuffled_2,noise_numeric_1,noise_numeric_2"
pendigits_un_dirty,classification,14.704232931137085,0.9909049567985448,0.9909913054002978,0.9910866658369528,0.9910390304493202,0.9996215632973167,-0.009095043201455155,-0.009008694599702216,39,"class,input1,input10,input10_shuffled_1,input10_shuffled_2,input11,input11_shuffled_1,input11_shuffled_2,input12,input12_shuffled_1,input12_shuffled_2,input13,input13_shuffled_1,input13_shuffled_2,input14,input14_shuffled_1,input14_shuffled_2,input15,input15_shuffled_1,input15_shuffled_2,input16,input2,input3,input3_shuffled_1,input3_shuffled_2,input4,input5,input5_shuffled_1,input5_shuffled_2,input6,input6_shuffled_1,input7,input8,input8_shuffled_1,input8_shuffled_2,input9,input9_shuffled_1,input9_shuffled_2,noise_numeric_1,noise_numeric_2"
pendigits_un_dirty,classification,14.704232931137085,0.9918144611186903,0.9918526233509173,0.9919202430547165,0.991912392894735,0.9995014616867562,-0.008185538881309684,-0.008147376649082716,40,"class,input1,input10,input10_shuffled_1,input10_shuffled_2,input11,input11_shuffled_1,input11_shuffled_2,input12,input12_shuffled_1,input12_shuffled_2,input13,input13_shuffled_1,input13_shuffled_2,input14,input14_shuffled_1,input14_shuffled_2,input15,input15_shuffled_1,input15_shuffled_2,input16,input2,input3,input3_shuffled_1,input3_shuffled_2,input4,input5,input5_shuffled_1,input5_shuffled_2,input6,input6_shuffled_1,input7,input8,input8_shuffled_1,input8_shuffled_2,input9,input9_shuffled_1,input9_shuffled_2,noise_categorical_2,noise_numeric_1,noise_numeric_2"
pendigits_un_clean,classification,7.976346731185913,0.3888130968622101,0.33806734522361453,0.33924203891830074,0.3865152297432669,0.8366976179484699,-0.010595523631364345,-0.012338379384754017,1,"class,input16"
pendigits_un_clean,classification,7.976346731185913,0.5725329695316053,0.5628661878090216,0.5906361903231618,0.5728282670396267,0.9300615665414866,-0.039772273275172854,-0.03900427703052134,2,"class,input16,input8"
pendigits_un_clean,classification,7.976346731185913,0.7239654388358344,0.7236680903496031,0.7282217784280713,0.7256957054051965,0.9688038241209977,-0.055518241364324816,-0.055855298902313666,3,"class,input1,input16,input8"
pendigits_un_clean,classification,7.976346731185913,0.810368349249659,0.8096957046371968,0.8108091277795404,0.811005432464001,0.9835823153865728,-0.07795190549843611,-0.07852581990818552,4,"class,input1,input16,input2,input8"
pendigits_un_clean,classification,7.976346731185913,0.8694861300591178,0.8687871767070616,0.8684994276776822,0.8693109172484181,0.9899589903095614,-0.06432485595248238,-0.06469216677248169,5,"class,input1,input10,input16,input2,input8"
pendigits_un_clean,classification,7.976346731185913,0.946793997271487,0.9469057933883989,0.9471421169729723,0.9467676712113902,0.9980083950431162,-0.05206873444692528,-0.05197341594573501,6,"class,input1,input10,input11,input16,input2,input8"
pendigits_un_clean,classification,7.976346731185913,0.9704411095952705,0.9705865629750626,0.9707649503270448,0.970559245700086,0.9989779196066004,-0.027056900185236654,-0.02698998188030688,7,"class,input1,input10,input11,input16,input2,input8,input9"
pendigits_un_clean,classification,7.976346731185913,0.9745338790359254,0.9746821707057688,0.9750028260689604,0.9746756388373612,0.9991252062815787,-0.016595428367691123,-0.01654664052774457,8,"class,input1,input10,input11,input14,input16,input2,input8,input9"
pendigits_un_clean,classification,7.976346731185913,0.979081400636653,0.9791573716033699,0.9793415839490706,0.9791580388812218,0.9990163618107857,-0.015345984783567523,-0.015384831569583035,9,"class,input1,input10,input11,input14,input15,input16,input2,input8,input9"
pendigits_un_clean,classification,7.976346731185913,0.98681218735789,0.9868700484327357,0.9870840102970627,0.986922637312045,0.9993195118808987,-0.012846632157633708,-0.012801903061284037,10,"class,input1,input10,input11,input14,input15,input16,input2,input5,input8,input9"
pendigits_un_clean,classification,7.976346731185913,0.9872669395179627,0.9872931096893932,0.9874668988598538,0.9873593185347523,0.9993018939801261,-0.012391879997560973,-0.012378841804626561,11,"class,input1,input10,input11,input12,input14,input15,input16,input2,input5,input8,input9"
pendigits_un_clean,classification,7.976346731185913,0.9890859481582538,0.9891147374650562,0.989323564222877,0.9891452111206844,0.9993425660478247,-0.010914051841746208,-0.010885262534943818,12,"class,input1,input10,input11,input12,input14,input15,input16,input2,input4,input5,input8,input9"
pendigits_un_clean,classification,7.976346731185913,0.9918144611186903,0.9917379913435239,0.9917925645038321,0.9917987203464694,0.9995343491711044,-0.008185538881309684,-0.008262008656476083,13,"class,input1,input10,input11,input12,input14,input15,input16,input2,input3,input4,input5,input8,input9"
pendigits_un_clean,classification,7.976346731185913,0.9927239654388358,0.9926927056479892,0.992751243246731,0.992713165755507,0.9995580591650389,-0.007162307733005413,-0.007188810898105857,14,"class,input1,input10,input11,input12,input13,input14,input15,input16,input2,input3,input4,input5,input8,input9"
pendigits_un_clean,classification,7.976346731185913,0.9949977262391997,0.994972734425503,0.9949770613543251,0.9950102444173099,0.9996360828663159,-0.005002273760800313,-0.005027265574496953,15,"class,input1,input10,input11,input12,input13,input14,input15,input16,input2,input3,input4,input5,input7,input8,input9"
pendigits_un_clean,classification,7.976346731185913,0.9949977262391997,0.9949890353001043,0.995009505786674,0.9950102444173099,0.9996982050071607,-0.005002273760800313,-0.005010964699895704,16,"class,input1,input10,input11,input12,input13,input14,input15,input16,input2,input3,input4,input5,input6,input7,input8,input9"
pendigits_mn_dirty,classification,17.143385648727417,0.3888130968622101,0.33806734522361453,0.33924203891830074,0.3865152297432669,0.8366976179484699,-0.010595523631364345,-0.012338379384754017,1,"class,input16"
pendigits_mn_dirty,classification,17.143385648727417,0.5725329695316053,0.5628661878090216,0.5906361903231618,0.5728282670396267,0.9300615665414866,-0.039772273275172854,-0.03900427703052134,2,"class,input16,input8"
pendigits_mn_dirty,classification,17.143385648727417,0.7094133697135061,0.7088973273145232,0.7158864039361864,0.7085075683061002,0.9627345698265968,-0.04152487661880366,-0.04159419158019628,3,"class,input16,input2,input8"
pendigits_mn_dirty,classification,17.143385648727417,0.810368349249659,0.8099093124935008,0.810871676191848,0.8106329081981845,0.982172775233558,-0.08841477368904227,-0.08864688131152265,4,"class,input1,input16,input2,input8"
pendigits_mn_dirty,classification,17.143385648727417,0.8808549340609367,0.8810423018076226,0.8819401646026968,0.8809768268847785,0.9933127870908504,-0.1180077976574756,-0.11783266773256762,5,"class,input1,input15,input16,input2,input8"
pendigits_mn_dirty,classification,17.143385648727417,0.9477035015916325,0.9479788389666173,0.9483809860231167,0.9480938085813471,0.9972565494041227,-0.0395590936545861,-0.039429289219949926,6,"class,input1,input15,input16,input2,input8,input9"
pendigits_mn_dirty,classification,17.143385648727417,0.9613460663938154,0.9615473873429499,0.9617733371658952,0.9616001914179269,0.9982426811747628,-0.029214606869007342,-0.02910787671090831,7,"class,input1,input14,input15,input16,input2,input8,input9"
pendigits_mn_dirty,classification,17.143385648727417,0.975443383356071,0.9755106038681788,0.9758337966241383,0.9755881689778784,0.9988252417530346,-0.024556616643929052,-0.024489396131821217,8,"class,input1,input14,input15,input16,input2,input5,input8,input9"
pendigits_mn_dirty,classification,17.143385648727417,0.9822646657571623,0.9822511239332765,0.982585298787081,0.9822969733674196,0.9992118523413211,-0.017280426930202597,-0.01731147845100678,9,"class,input1,input11,input14,input15,input16,input2,input5,input8,input9"
pendigits_mn_dirty,classification,17.143385648727417,0.9854479308776717,0.9854516889007947,0.9858385419713132,0.9854654992061166,0.9997217498558392,-0.014552069122328315,-0.014548311099205291,10,"class,input1,input11,input14,input15,input16,input2,input4,input5,input8,input9"
pendigits_mn_dirty,classification,17.143385648727417,0.9909049567985448,0.9908144832174187,0.9908862083194471,0.9908193464268713,0.9995562375056325,-0.009095043201455155,-0.009185516782581282,11,"class,input1,input11,input14,input15,input16,input2,input3,input4,input5,input8,input9"
pendigits_mn_dirty,classification,17.143385648727417,0.9918144611186903,0.991741174100269,0.9918489016328685,0.9917672137254495,0.9997490513695677,-0.007958085224992195,-0.008035644233798656,12,"class,input1,input11,input12,input14,input15,input16,input2,input3,input4,input5,input8,input9"
pendigits_mn_dirty,classification,17.143385648727417,0.992269213278763,0.9921175071836579,0.9921647588453875,0.9921647272530547,0.9995809270171199,-0.0077307867212369485,-0.007882492816342124,13,"class,input1,input11,input12,input13,input14,input15,input16,input2,input3,input4,input5,input8,input9"
pendigits_mn_dirty,classification,17.143385648727417,0.9909049567985448,0.990904080078494,0.9910395681953869,0.9909291884380957,0.9997844904723298,-0.008981316373296355,-0.008977436467601074,14,"class,input1,input10,input11,input12,input13,input14,input15,input16,input2,input3,input4,input5,input8,input9"
pendigits_mn_dirty,classification,17.143385648727417,0.9927239654388358,0.9926878410780127,0.992751243246731,0.9927150810240277,0.9996911986615455,-0.007276034561164213,-0.007312158921987333,15,"class,input1,input10,input11,input12,input13,input14,input15,input16,input2,input3,input3_shuffled_1,input4,input5,input8,input9"
pendigits_mn_dirty,classification,17.143385648727417,0.9918144611186903,0.9918048068763273,0.9918833488410245,0.9918378880415716,0.9995279567681763,-0.008185538881309684,-0.008195193123672673,16,"class,input1,input10,input11,input12,input13,input14,input15,input16,input2,input3,input3_shuffled_1,input3_shuffled_2,input4,input5,input8,input9"
pendigits_mn_dirty,classification,17.143385648727417,0.9913597089586176,0.9913666042323375,0.9914856538734842,0.9914050373559056,0.9996769370448559,-0.00841283738506493,-0.008401020568077566,17,"class,input1,input10,input11,input12,input13,input14,input15,input16,input2,input3,input3_shuffled_1,input3_shuffled_2,input4,input5,input8,input8_shuffled_2,input9"
pendigits_mn_dirty,classification,17.143385648727417,0.98681218735789,0.9868611717150776,0.987168004562626,0.9869245525805657,0.9996532264932846,-0.011936817532363642,-0.01189971506998666,18,"class,input1,input10,input11,input12,input13,input14,input15,input16,input2,input3,input3_shuffled_1,input3_shuffled_2,input4,input5,input6_shuffled_1,input8,input8_shuffled_2,input9"
pendigits_mn_dirty,classification,17.143385648727417,0.9918144611186903,0.9917635798177832,0.9918364566666922,0.9918025508835105,0.9997285743636516,-0.008185538881309684,-0.00823642018221682,19,"class,input1,input10,input11,input12,input13,input14,input15,input16,input2,input3,input3_shuffled_1,input3_shuffled_2,input4,input5,input5_shuffled_2,input6_shuffled_1,input8,input8_shuffled_2,input9"
pendigits_mn_dirty,classification,17.143385648727417,0.9877216916780355,0.9877556484477582,0.9879617514572484,0.9877979150259805,0.9997340372736071,-0.011823401009329437,-0.01179339617085251,20,"class,input1,input10,input11,input12,input13,input14,input15,input16,input2,input3,input3_shuffled_1,input3_shuffled_2,input4,input5,input5_shuffled_2,input6,input6_shuffled_1,input8,input8_shuffled_2,input9"
pendigits_mn_dirty,classification,17.143385648727417,0.9927239654388358,0.9926731405426817,0.9927093332946505,0.9927150810240277,0.999447351781097,-0.007276034561164213,-0.007326859457318258,21,"class,input1,input10,input11,input12,input13,input14,input15,input16,input2,input3,input3_shuffled_1,input3_shuffled_2,input4,input5,input5_shuffled_1,input5_shuffled_2,input6,input6_shuffled_1,input8,input8_shuffled_2,input9"
pendigits_mn_dirty,classification,17.143385648727417,0.98681218735789,0.9868572048753694,0.9871119944871596,0.9868853848854633,0.9995809972376872,-0.012732905329474908,-0.012687108337532393,22,"class,input1,input10,input11,input12,input13,input14,input15,input16,input2,input3,input3_shuffled_1,input3_shuffled_2,input4,input5,input5_shuffled_1,input5_shuffled_2,input6,input6_shuffled_1,input8,input8_shuffled_2,input9,input9_shuffled_1"
pendigits_mn_dirty,classification,17.143385648727417,0.9918144611186903,0.9918125850706112,0.9918699991901738,0.9918398033100922,0.9997137644281683,-0.008185538881309684,-0.008187414929388792,23,"class,input1,input10,input10_shuffled_2,input11,input12,input13,input14,input15,input16,input2,input3,input3_shuffled_1,input3_shuffled_2,input4,input5,input5_shuffled_1,input5_shuffled_2,input6,input6_shuffled_1,input8,input8_shuffled_2,input9,input9_shuffled_1"
pendigits_mn_dirty,classification,17.143385648727417,0.990450204638472,0.9904663012309346,0.9905422291243762,0.9905259291049286,0.9996470365037273,-0.009549795361528002,-0.009533698769065402,24,"class,input1,input10,input10_shuffled_2,input11,input12,input13,input14,input15,input15_shuffled_2,input16,input2,input3,input3_shuffled_1,input3_shuffled_2,input4,input5,input5_shuffled_1,input5_shuffled_2,input6,input6_shuffled_1,input8,input8_shuffled_2,input9,input9_shuffled_1"
pendigits_mn_dirty,classification,17.143385648727417,0.9895407003183265,0.9895729239425582,0.9897157675201618,0.9896191447699735,0.9997290235108244,-0.010231846025355984,-0.010194700857856787,25,"class,input1,input10,input10_shuffled_2,input11,input12,input13,input14,input15,input15_shuffled_1,input15_shuffled_2,input16,input2,input3,input3_shuffled_1,input3_shuffled_2,input4,input5,input5_shuffled_1,input5_shuffled_2,input6,input6_shuffled_1,input8,input8_shuffled_2,input9,input9_shuffled_1"
pendigits_mn_dirty,classification,17.143385648727417,0.9872669395179627,0.9873836825035616,0.9877289218124666,0.9874357386564364,0.9996289501256003,-0.012505606825719773,-0.012383942296853467,26,"class,input1,input10,input10_shuffled_2,input11,input12,input13,input14,input15,input15_shuffled_1,input15_shuffled_2,input16,input2,input3,input3_shuffled_1,input3_shuffled_2,input4,input5,input5_shuffled_1,input5_shuffled_2,input6,input6_shuffled_1,input8,input8_shuffled_2,input9,input9_shuffled_1,spurious_num_6"
pendigits_mn_dirty,classification,17.143385648727417,0.9918144611186903,0.9918113936820045,0.9919002110502986,0.9918417185786129,0.9995435789895879,-0.008185538881309684,-0.00818860631799545,27,"class,input1,input10,input10_shuffled_2,input11,input12,input13,input14,input15,input15_shuffled_1,input15_shuffled_2,input16,input2,input3,input3_shuffled_1,input3_shuffled_2,input4,input5,input5_shuffled_1,input5_shuffled_2,input6,input6_shuffled_1,input8,input8_shuffled_2,input9,input9_shuffled_1,spurious_num_5,spurious_num_6"
pendigits_mn_dirty,classification,17.143385648727417,0.9913597089586176,0.991358534979271,0.9914378178648745,0.9914031220873849,0.9995760653585295,-0.00864029104138242,-0.008641465020729044,28,"class,input1,input10,input10_shuffled_2,input11,input12,input13,input14,input15,input15_shuffled_1,input15_shuffled_2,input16,input2,input3,input3_shuffled_1,input3_shuffled_2,input4,input5,input5_shuffled_1,input5_shuffled_2,input6,input6_shuffled_1,input8,input8_shuffled_2,input9,input9_shuffled_1,spurious_num_4,spurious_num_5,spurious_num_6"
pendigits_mn_dirty,classification,17.143385648727417,0.9927239654388358,0.9927241878132301,0.9927830649223036,0.9927523334506094,0.9996425916157733,-0.007276034561164213,-0.00727581218676987,29,"class,input1,input10,input10_shuffled_2,input11,input12,input13,input14,input15,input15_shuffled_1,input15_shuffled_2,input16,input2,input3,input3_shuffled_1,input3_shuffled_2,input4,input5,input5_shuffled_1,input5_shuffled_2,input6,input6_shuffled_1,input8,input8_shuffled_2,input9,input9_shuffled_1,spurious_cat_6,spurious_num_4,spurious_num_5,spurious_num_6"
pendigits_mn_dirty,classification,17.143385648727417,0.9913597089586176,0.9913076834450113,0.9913450853135757,0.9913639543922825,0.9996270480385323,-0.00864029104138242,-0.0086923165549887,30,"class,input1,input10,input10_shuffled_2,input11,input12,input13,input14,input15,input15_shuffled_1,input15_shuffled_2,input16,input2,input3,input3_shuffled_1,input3_shuffled_2,input4,input5,input5_shuffled_1,input5_shuffled_2,input6,input6_shuffled_1,input8,input8_shuffled_2,input9,input9_shuffled_1,spurious_cat_5,spurious_cat_6,spurious_num_4,spurious_num_5,spurious_num_6"
pendigits_mn_dirty,classification,17.143385648727417,0.9918144611186903,0.9917932917976264,0.9918303385520322,0.9918398033100922,0.9997211431083943,-0.008185538881309684,-0.00820670820237357,31,"class,input1,input10,input10_shuffled_2,input11,input12,input13,input14,input15,input15_shuffled_1,input15_shuffled_2,input16,input2,input3,input3_shuffled_1,input3_shuffled_2,input4,input5,input5_shuffled_1,input5_shuffled_2,input6,input6_shuffled_1,input8,input8_shuffled_2,input9,input9_shuffled_1,spurious_cat_5,spurious_cat_6,spurious_num_3,spurious_num_4,spurious_num_5,spurious_num_6"
pendigits_mn_dirty,classification,17.143385648727417,0.9890859481582538,0.9891205950076027,0.9892327463886105,0.9891767177417041,0.9995955193844687,-0.010914051841746208,-0.010879404992397257,32,"class,input1,input10,input10_shuffled_2,input11,input12,input13,input14,input15,input15_shuffled_1,input15_shuffled_2,input16,input2,input3,input3_shuffled_1,input3_shuffled_2,input4,input5,input5_shuffled_1,input5_shuffled_2,input6,input6_shuffled_1,input8,input8_shuffled_2,input9,input9_shuffled_1,noise_numeric_2,spurious_cat_5,spurious_cat_6,spurious_num_3,spurious_num_4,spurious_num_5,spurious_num_6"
pendigits_mn_dirty,classification,17.143385648727417,0.9931787175989086,0.9932333070558246,0.9933019548464085,0.9932635195264803,0.999731529646669,-0.006821282401091366,-0.006766692944175423,33,"class,input1,input10,input10_shuffled_2,input11,input12,input13,input14,input15,input15_shuffled_1,input15_shuffled_2,input16,input2,input3,input3_shuffled_1,input3_shuffled_2,input4,input5,input5_shuffled_1,input5_shuffled_2,input6,input6_shuffled_1,input7,input8,input8_shuffled_2,input9,input9_shuffled_1,noise_numeric_2,spurious_cat_5,spurious_cat_6,spurious_num_3,spurious_num_4,spurious_num_5,spurious_num_6"
pendigits_mn_dirty,classification,17.143385648727417,0.9918144611186903,0.9918845923297782,0.991951445485987,0.9919515605898372,0.9996717790140088,-0.008185538881309684,-0.008115407670221786,34,"class,input1,input10,input10_shuffled_2,input11,input12,input13,input14,input15,input15_shuffled_1,input15_shuffled_2,input16,input2,input3,input3_shuffled_1,input3_shuffled_2,input4,input5,input5_shuffled_1,input5_shuffled_2,input6,input6_shuffled_1,input7,input8,input8_shuffled_2,input9,input9_shuffled_1,noise_numeric_1,noise_numeric_2,spurious_cat_5,spurious_cat_6,spurious_num_3,spurious_num_4,spurious_num_5,spurious_num_6"
pendigits_mn_dirty,classification,17.143385648727417,0.9945429740791268,0.9945532494852797,0.9945858710375249,0.9945735631946026,0.9996066539730908,-0.00545702592087316,-0.005446750514720322,35,"class,input1,input10,input10_shuffled_2,input11,input12,input13,input14,input15,input15_shuffled_1,input15_shuffled_2,input16,input2,input3,input3_shuffled_1,input3_shuffled_2,input4,input5,input5_shuffled_1,input5_shuffled_2,input6,input6_shuffled_1,input7,input8,input8_shuffled_2,input9,input9_shuffled_1,noise_numeric_1,noise_numeric_2,spurious_cat_5,spurious_cat_6,spurious_num_2,spurious_num_3,spurious_num_4,spurious_num_5,spurious_num_6"
pendigits_mn_dirty,classification,17.143385648727417,0.9940882219190541,0.9941128105403252,0.9941303466878603,0.9941349667033744,0.9996174093244312,-0.005911778080945895,-0.005887189459674813,36,"class,input1,input10,input10_shuffled_2,input11,input12,input13,input14,input15,input15_shuffled_1,input15_shuffled_2,input16,input2,input3,input3_shuffled_1,input3_shuffled_2,input4,input5,input5_shuffled_1,input5_shuffled_2,input6,input6_shuffled_1,input7,input8,input8_shuffled_2,input9,input9_shuffled_1,input9_shuffled_2,noise_numeric_1,noise_numeric_2,spurious_cat_5,spurious_cat_6,spurious_num_2,spurious_num_3,spurious_num_4,spurious_num_5,spurious_num_6"
pendigits_mn_dirty,classification,17.143385648727417,0.9931787175989086,0.9932333070558246,0.9933019548464085,0.9932635195264803,0.9995836614652177,-0.006821282401091366,-0.006766692944175423,37,"class,input1,input10,input10_shuffled_2,input11,input12,input12_shuffled_1,input13,input14,input15,input15_shuffled_1,input15_shuffled_2,input16,input2,input3,input3_shuffled_1,input3_shuffled_2,input4,input5,input5_shuffled_1,input5_shuffled_2,input6,input6_shuffled_1,input7,input8,input8_shuffled_2,input9,input9_shuffled_1,input9_shuffled_2,noise_numeric_1,noise_numeric_2,spurious_cat_5,spurious_cat_6,spurious_num_2,spurious_num_3,spurious_num_4,spurious_num_5,spurious_num_6"
pendigits_mn_dirty,classification,17.143385648727417,0.9936334697589814,0.9936748975426097,0.9937329731035136,0.9937002007491877,0.9995941995603536,-0.006366530241018631,-0.006325102457390264,38,"class,input1,input10,input10_shuffled_2,input11,input12,input12_shuffled_1,input13,input13_shuffled_1,input14,input15,input15_shuffled_1,input15_shuffled_2,input16,input2,input3,input3_shuffled_1,input3_shuffled_2,input4,input5,input5_shuffled_1,input5_shuffled_2,input6,input6_shuffled_1,input7,input8,input8_shuffled_2,input9,input9_shuffled_1,input9_shuffled_2,noise_numeric_1,noise_numeric_2,spurious_cat_5,spurious_cat_6,spurious_num_2,spurious_num_3,spurious_num_4,spurious_num_5,spurious_num_6"
pendigits_mn_dirty,classification,17.143385648727417,0.9918144611186903,0.9919015566879479,0.9920015810191775,0.9919515605898372,0.9994781004789045,-0.008185538881309684,-0.008098443312052117,39,"class,input1,input10,input10_shuffled_2,input11,input12,input12_shuffled_1,input13,input13_shuffled_1,input13_shuffled_2,input14,input15,input15_shuffled_1,input15_shuffled_2,input16,input2,input3,input3_shuffled_1,input3_shuffled_2,input4,input5,input5_shuffled_1,input5_shuffled_2,input6,input6_shuffled_1,input7,input8,input8_shuffled_2,input9,input9_shuffled_1,input9_shuffled_2,noise_numeric_1,noise_numeric_2,spurious_cat_5,spurious_cat_6,spurious_num_2,spurious_num_3,spurious_num_4,spurious_num_5,spurious_num_6"
pendigits_mn_dirty,classification,17.143385648727417,0.9927239654388358,0.9927603734052415,0.9927805481464007,0.9928249230352522,0.9996915875860963,-0.007276034561164213,-0.007239626594758519,40,"class,input1,input10,input10_shuffled_2,input11,input12,input12_shuffled_1,input13,input13_shuffled_1,input13_shuffled_2,input14,input15,input15_shuffled_1,input15_shuffled_2,input16,input2,input3,input3_shuffled_1,input3_shuffled_2,input4,input5,input5_shuffled_1,input5_shuffled_2,input6,input6_shuffled_1,input7,input8,input8_shuffled_1,input8_shuffled_2,input9,input9_shuffled_1,input9_shuffled_2,noise_numeric_1,noise_numeric_2,spurious_cat_5,spurious_cat_6,spurious_num_2,spurious_num_3,spurious_num_4,spurious_num_5,spurious_num_6"
pendigits_mn_clean,classification,8.279310703277588,0.3888130968622101,0.33806734522361453,0.33924203891830074,0.3865152297432669,0.8366976179484699,-0.010595523631364345,-0.012338379384754017,1,"class,input16"
pendigits_mn_clean,classification,8.279310703277588,0.5725329695316053,0.5628661878090216,0.5906361903231618,0.5728282670396267,0.9300615665414866,-0.039772273275172854,-0.03900427703052134,2,"class,input16,input8"
pendigits_mn_clean,classification,8.279310703277588,0.7094133697135061,0.7088973273145232,0.7158864039361864,0.7085075683061002,0.9627345698265968,-0.04152487661880366,-0.04159419158019628,3,"class,input16,input2,input8"
pendigits_mn_clean,classification,8.279310703277588,0.8040018190086403,0.8020892091809287,0.8035104611779973,0.8030797427040977,0.9818271664264984,-0.12435027925133924,-0.12575766269094502,4,"class,input10,input16,input2,input8"
pendigits_mn_clean,classification,8.279310703277588,0.8699408822191905,0.8692238777428856,0.8688921854791047,0.869786766166228,0.9899590183713409,-0.06296028916713947,-0.0633626448408755,5,"class,input1,input10,input16,input2,input8"
pendigits_mn_clean,classification,8.279310703277588,0.9322419281491587,0.9319332126643962,0.9324568493360259,0.9318978985782718,0.9967846233518027,-0.04330680379670726,-0.04343421353467147,6,"class,input1,input10,input16,input2,input8,input9"
pendigits_mn_clean,classification,8.279310703277588,0.9627103228740337,0.9628882951550113,0.9631318594898042,0.9630277381713561,0.9982619415787812,-0.030807247920916825,-0.030765148682246224,7,"class,input1,input10,input15,input16,input2,input8,input9"
pendigits_mn_clean,classification,8.279310703277588,0.9718053660754888,0.971952805714969,0.9723778303929291,0.9720947191962189,0.9989476795325889,-0.022622019344731736,-0.02252715556109164,8,"class,input1,input10,input14,input15,input16,input2,input8,input9"
pendigits_mn_clean,classification,8.279310703277588,0.9799909049567985,0.9800544730705658,0.9803152766307532,0.9800686537532183,0.9993905332352779,-0.01841691944897883,-0.018378011116784387,9,"class,input1,input10,input11,input14,input15,input16,input2,input8,input9"
pendigits_mn_clean,classification,8.279310703277588,0.9859026830377444,0.9859414561963746,0.9862009999420172,0.9860120224400484,0.9996784735856433,-0.013073775508826713,-0.01306112368227852,10,"class,input1,input10,input11,input14,input15,input16,input2,input5,input8,input9"
pendigits_mn_clean,classification,8.279310703277588,0.9863574351978172,0.9863797865319922,0.9866027047523325,0.9864487036627558,0.9992854092493625,-0.013528837974024044,-0.01351086396601442,11,"class,input1,input10,input11,input12,input14,input15,input16,input2,input5,input8,input9"
pendigits_mn_clean,classification,8.279310703277588,0.988631195998181,0.9886537585198003,0.9888462235551716,0.9886712774713953,0.9997266273491437,-0.011368804001819055,-0.011346241480199692,12,"class,input1,input10,input11,input12,input14,input15,input16,input2,input4,input5,input8,input9"
pendigits_mn_clean,classification,8.279310703277588,0.9918144611186903,0.9917999932407753,0.9918625503996011,0.9918378880415716,0.9997744626062495,-0.008071812053150884,-0.008081523305319749,13,"class,input1,input10,input11,input12,input14,input15,input16,input2,input3,input4,input5,input8,input9"
pendigits_mn_clean,classification,8.279310703277588,0.9931787175989086,0.9930930565558184,0.9931511462787453,0.9931145098201537,0.9995990455637138,-0.006821282401091366,-0.006906943444181635,14,"class,input1,input10,input11,input12,input13,input14,input15,input16,input2,input3,input4,input5,input8,input9"
pendigits_mn_clean,classification,8.279310703277588,0.9931787175989086,0.9931381004739451,0.9931578253983553,0.9931851841362758,0.9996311117066968,-0.006821282401091366,-0.006861899526054871,15,"class,input1,input10,input11,input12,input13,input14,input15,input16,input2,input3,input4,input5,input6,input8,input9"
pendigits_mn_clean,classification,8.279310703277588,0.9945429740791268,0.9945513734470433,0.9945784875295687,0.9945735631946026,0.9996951225750708,-0.00545702592087316,-0.005448626552956748,16,"class,input1,input10,input11,input12,input13,input14,input15,input16,input2,input3,input4,input5,input6,input7,input8,input9"
students,classification,2.328892946243286,0.7175141242937854,0.5178341384863124,0.47978316277422284,0.56783081596669,0.7997202676978539,0.006578831838289445,0.004636460480227367,1,"Curricular units 2nd sem (approved),Target"
students,classification,2.328892946243286,0.7288135593220338,0.6280082242028465,0.6629344250235657,0.6235259246076649,0.8454234125942194,-0.0024664632832218647,0.005834871668498054,2,"Curricular units 1st sem (approved),Curricular units 2nd sem (approved),Target"
students,classification,2.328892946243286,0.727683615819209,0.5858579073924252,0.6545906793584811,0.5992825007378477,0.8472740462067719,-0.009530286413059974,-0.019944264634471964,3,"Curricular units 1st sem (approved),Curricular units 2nd sem (approved),Curricular units 2nd sem (grade),Target"
students,classification,2.328892946243286,0.7242937853107345,0.6235794601161472,0.6400095912419156,0.6226071388918616,0.8578266394781489,-0.014050379707632232,-0.014332668607950128,4,"Curricular units 1st sem (approved),Curricular units 2nd sem (approved),Curricular units 2nd sem (evaluations),Curricular units 2nd sem (grade),Target"
students,classification,2.328892946243286,0.7265536723163842,0.5694807850757018,0.6286954302881317,0.5934115512010183,0.8631798120691571,-0.01772437232899582,-0.039962407245521026,5,"Curricular units 1st sem (approved),Curricular units 1st sem (evaluations),Curricular units 2nd sem (approved),Curricular units 2nd sem (evaluations),Curricular units 2nd sem (grade),Target"
students,classification,2.328892946243286,0.727683615819209,0.6343274250757398,0.6596243977507736,0.6290636569161213,0.8642917688557725,-0.057001323429166195,-0.07581542894623039,6,"Age at enrollment,Curricular units 1st sem (approved),Curricular units 1st sem (evaluations),Curricular units 2nd sem (approved),Curricular units 2nd sem (evaluations),Curricular units 2nd sem (grade),Target"
students,classification,2.328892946243286,0.727683615819209,0.6089993182125925,0.6396265182957942,0.6115303047975665,0.8655421946679795,-0.04259047290641971,-0.07121158557493068,7,"Admission grade,Age at enrollment,Curricular units 1st sem (approved),Curricular units 1st sem (evaluations),Curricular units 2nd sem (approved),Curricular units 2nd sem (evaluations),Curricular units 2nd sem (grade),Target"
students,classification,2.328892946243286,0.7457627118644068,0.6336554736554736,0.6836828570674558,0.6319027505385386,0.8769263463789897,-0.07961168768348814,-0.12922284865336975,8,"Admission grade,Age at enrollment,Curricular units 1st sem (approved),Curricular units 1st sem (evaluations),Curricular units 2nd sem (approved),Curricular units 2nd sem (enrolled),Curricular units 2nd sem (evaluations),Curricular units 2nd sem (grade),Target"
students,classification,2.328892946243286,0.7502824858757062,0.6661151052380869,0.685662381834654,0.6595000913207602,0.8761151872904597,-0.1044787461107306,-0.147843639399856,9,"Admission grade,Age at enrollment,Curricular units 1st sem (approved),Curricular units 1st sem (evaluations),Curricular units 1st sem (grade),Curricular units 2nd sem (approved),Curricular units 2nd sem (enrolled),Curricular units 2nd sem (evaluations),Curricular units 2nd sem (grade),Target"
students,classification,2.328892946243286,0.7661016949152543,0.6808854047095437,0.7107850514688145,0.6718200100553041,0.8805625439026082,-0.12680590610198228,-0.18731650355719975,10,"Admission grade,Age at enrollment,Curricular units 1st sem (approved),Curricular units 1st sem (evaluations),Curricular units 1st sem (grade),Curricular units 2nd sem (approved),Curricular units 2nd sem (enrolled),Curricular units 2nd sem (evaluations),Curricular units 2nd sem (grade),Previous qualification (grade),Target"
students,classification,2.328892946243286,0.768361581920904,0.6813929898492438,0.7088215383240675,0.6736642618643837,0.8837038451165086,-0.12482858479285697,-0.18617318407000893,11,"Admission grade,Age at enrollment,Course,Curricular units 1st sem (approved),Curricular units 1st sem (evaluations),Curricular units 1st sem (grade),Curricular units 2nd sem (approved),Curricular units 2nd sem (enrolled),Curricular units 2nd sem (evaluations),Curricular units 2nd sem (grade),Previous qualification (grade),Target"
students,classification,2.328892946243286,0.7548022598870057,0.6689941758368264,0.6914730102975891,0.6628526387557824,0.8764845380039757,-0.07989680764619578,-0.11577518135182097,12,"Admission grade,Age at enrollment,Application mode,Course,Curricular units 1st sem (approved),Curricular units 1st sem (evaluations),Curricular units 1st sem (grade),Curricular units 2nd sem (approved),Curricular units 2nd sem (enrolled),Curricular units 2nd sem (evaluations),Curricular units 2nd sem (grade),Previous qualification (grade),Target"
students,classification,2.328892946243286,0.7593220338983051,0.6704479956197241,0.707640307589934,0.662681487484914,0.8836109976902561,-0.0861145301028251,-0.13049966181849293,13,"Admission grade,Age at enrollment,Application mode,Course,Curricular units 1st sem (approved),Curricular units 1st sem (evaluations),Curricular units 1st sem (grade),Curricular units 2nd sem (approved),Curricular units 2nd sem (enrolled),Curricular units 2nd sem (evaluations),Curricular units 2nd sem (grade),Mother's occupation,Previous qualification (grade),Target"
students,classification,2.328892946243286,0.7728813559322034,0.6924754577201138,0.7251797694012782,0.6817140499160477,0.8886612444731702,-0.17145320185248147,-0.24396708939702938,14,"Admission grade,Age at enrollment,Application mode,Course,Curricular units 1st sem (approved),Curricular units 1st sem (credited),Curricular units 1st sem (evaluations),Curricular units 1st sem (grade),Curricular units 2nd sem (approved),Curricular units 2nd sem (enrolled),Curricular units 2nd sem (evaluations),Curricular units 2nd sem (grade),Mother's occupation,Previous qualification (grade),Target"
students,classification,2.328892946243286,0.7649717514124293,0.6886845157535183,0.7061585004654312,0.6803782750383554,0.8926467070238885,-0.12284966706736722,-0.17112538769570573,15,"Admission grade,Age at enrollment,Application mode,Course,Curricular units 1st sem (approved),Curricular units 1st sem (credited),Curricular units 1st sem (evaluations),Curricular units 1st sem (grade),Curricular units 2nd sem (approved),Curricular units 2nd sem (enrolled),Curricular units 2nd sem (evaluations),Curricular units 2nd sem (grade),Mother's occupation,Previous qualification (grade),Target,Tuition fees up to date"
students,classification,2.328892946243286,0.7830508474576271,0.707209621730111,0.7374250440917107,0.6947096554301382,0.8954914435898743,-0.13613536333638254,-0.19549925912398725,16,"Admission grade,Age at enrollment,Application mode,Course,Curricular units 1st sem (approved),Curricular units 1st sem (credited),Curricular units 1st sem (evaluations),Curricular units 1st sem (grade),Curricular units 2nd sem (approved),Curricular units 2nd sem (enrolled),Curricular units 2nd sem (evaluations),Curricular units 2nd sem (grade),Father's qualification,Mother's occupation,Previous qualification (grade),Target,Tuition fees up to date"
students,classification,2.328892946243286,0.7740112994350282,0.7032581453634085,0.7233065714409666,0.6931228987707705,0.8898526601281419,-0.10307262257683958,-0.1424138917846467,17,"Admission grade,Age at enrollment,Application mode,Course,Curricular units 1st sem (approved),Curricular units 1st sem (credited),Curricular units 1st sem (evaluations),Curricular units 1st sem (grade),Curricular units 2nd sem (approved),Curricular units 2nd sem (credited),Curricular units 2nd sem (enrolled),Curricular units 2nd sem (evaluations),Curricular units 2nd sem (grade),Father's qualification,Mother's occupation,Previous qualification (grade),Target,Tuition fees up to date"
students,classification,2.328892946243286,0.7694915254237288,0.6962899019822976,0.7139255766304947,0.6874217310274274,0.8928053477391492,-0.1042016082298457,-0.1457471252736966,18,"Admission grade,Age at enrollment,Application mode,Course,Curricular units 1st sem (approved),Curricular units 1st sem (credited),Curricular units 1st sem (enrolled),Curricular units 1st sem (evaluations),Curricular units 1st sem (grade),Curricular units 2nd sem (approved),Curricular units 2nd sem (credited),Curricular units 2nd sem (enrolled),Curricular units 2nd sem (evaluations),Curricular units 2nd sem (grade),Father's qualification,Mother's occupation,Previous qualification (grade),Target,Tuition fees up to date"
students,classification,2.328892946243286,0.7740112994350282,0.7009848487231675,0.7223594108683028,0.6908578833865291,0.896018437930833,-0.08188019533750635,-0.11519454962568387,19,"Admission grade,Age at enrollment,Application mode,Course,Curricular units 1st sem (approved),Curricular units 1st sem (credited),Curricular units 1st sem (enrolled),Curricular units 1st sem (evaluations),Curricular units 1st sem (grade),Curricular units 2nd sem (approved),Curricular units 2nd sem (credited),Curricular units 2nd sem (enrolled),Curricular units 2nd sem (evaluations),Curricular units 2nd sem (grade),Father's qualification,Mother's occupation,Previous qualification,Previous qualification (grade),Target,Tuition fees up to date"
students,classification,2.328892946243286,0.7774011299435029,0.7021576811480902,0.7252344104011991,0.6921139947628512,0.897354624489432,-0.13302554425824908,-0.18958040560170875,20,"Admission grade,Age at enrollment,Application mode,Course,Curricular units 1st sem (approved),Curricular units 1st sem (credited),Curricular units 1st sem (enrolled),Curricular units 1st sem (evaluations),Curricular units 1st sem (grade),Curricular units 2nd sem (approved),Curricular units 2nd sem (credited),Curricular units 2nd sem (enrolled),Curricular units 2nd sem (evaluations),Curricular units 2nd sem (grade),Father's occupation,Father's qualification,Mother's occupation,Previous qualification,Previous qualification (grade),Target,Tuition fees up to date"
students,classification,2.328892946243286,0.7740112994350282,0.6926914709560273,0.7179261275249552,0.6835596712025094,0.895776791157838,-0.18812489723069659,-0.2639151774206081,21,"Admission grade,Age at enrollment,Application mode,Course,Curricular units 1st sem (approved),Curricular units 1st sem (credited),Curricular units 1st sem (enrolled),Curricular units 1st sem (evaluations),Curricular units 1st sem (grade),Curricular units 2nd sem (approved),Curricular units 2nd sem (credited),Curricular units 2nd sem (enrolled),Curricular units 2nd sem (evaluations),Curricular units 2nd sem (grade),Father's occupation,Father's qualification,Mother's occupation,Previous qualification,Previous qualification (grade),Scholarship holder,Target,Tuition fees up to date"
students,classification,2.328892946243286,0.7774011299435029,0.6998071373071374,0.7278604667917645,0.6890098571641771,0.9015243277791692,-0.19264690622490632,-0.2655316582826136,22,"Admission grade,Age at enrollment,Application mode,Course,Curricular units 1st sem (approved),Curricular units 1st sem (credited),Curricular units 1st sem (enrolled),Curricular units 1st sem (evaluations),Curricular units 1st sem (grade),Curricular units 2nd sem (approved),Curricular units 2nd sem (credited),Curricular units 2nd sem (enrolled),Curricular units 2nd sem (evaluations),Curricular units 2nd sem (grade),Father's occupation,Father's qualification,GDP,Mother's occupation,Previous qualification,Previous qualification (grade),Scholarship holder,Target,Tuition fees up to date"
students,classification,2.328892946243286,0.7864406779661017,0.7055913267758527,0.7418240257131378,0.6940367076053559,0.8979052313214232,-0.19547511745633395,-0.27474299951502446,23,"Admission grade,Age at enrollment,Application mode,Course,Curricular units 1st sem (approved),Curricular units 1st sem (credited),Curricular units 1st sem (enrolled),Curricular units 1st sem (evaluations),Curricular units 1st sem (grade),Curricular units 2nd sem (approved),Curricular units 2nd sem (credited),Curricular units 2nd sem (enrolled),Curricular units 2nd sem (evaluations),Curricular units 2nd sem (grade),Father's occupation,Father's qualification,GDP,Mother's occupation,Previous qualification,Previous qualification (grade),Scholarship holder,Target,Tuition fees up to date,Unemployment rate"
students,classification,2.328892946243286,0.7728813559322034,0.7075015616308556,0.7184491568549539,0.7007584366153092,0.8925663152131614,-0.22570581558517433,-0.2909448023289205,24,"Admission grade,Age at enrollment,Application mode,Course,Curricular units 1st sem (approved),Curricular units 1st sem (credited),Curricular units 1st sem (enrolled),Curricular units 1st sem (evaluations),Curricular units 1st sem (grade),Curricular units 2nd sem (approved),Curricular units 2nd sem (credited),Curricular units 2nd sem (enrolled),Curricular units 2nd sem (evaluations),Curricular units 2nd sem (grade),Father's occupation,Father's qualification,GDP,Inflation rate,Mother's occupation,Previous qualification,Previous qualification (grade),Scholarship holder,Target,Tuition fees up to date,Unemployment rate"
students,classification,2.328892946243286,0.7887005649717514,0.7184666465764672,0.7408355873181304,0.7079615536259953,0.89660314869172,-0.18728135082367103,-0.25339247207295845,25,"Admission grade,Age at enrollment,Application mode,Course,Curricular units 1st sem (approved),Curricular units 1st sem (credited),Curricular units 1st sem (enrolled),Curricular units 1st sem (evaluations),Curricular units 1st sem (grade),Curricular units 2nd sem (approved),Curricular units 2nd sem (credited),Curricular units 2nd sem (enrolled),Curricular units 2nd sem (evaluations),Curricular units 2nd sem (grade),Father's occupation,Father's qualification,GDP,Gender,Inflation rate,Mother's occupation,Previous qualification,Previous qualification (grade),Scholarship holder,Target,Tuition fees up to date,Unemployment rate"
students,classification,2.328892946243286,0.7943502824858757,0.7197225157628258,0.7544508324373678,0.7064467446320162,0.9038764472250862,-0.14489809276136933,-0.20866831110406292,26,"Admission grade,Age at enrollment,Application mode,Course,Curricular units 1st sem (approved),Curricular units 1st sem (credited),Curricular units 1st sem (enrolled),Curricular units 1st sem (evaluations),Curricular units 1st sem (grade),Curricular units 2nd sem (approved),Curricular units 2nd sem (credited),Curricular units 2nd sem (enrolled),Curricular units 2nd sem (evaluations),Curricular units 2nd sem (grade),Debtor,Father's occupation,Father's qualification,GDP,Gender,Inflation rate,Mother's occupation,Previous qualification,Previous qualification (grade),Scholarship holder,Target,Tuition fees up to date,Unemployment rate"
students,classification,2.328892946243286,0.7819209039548023,0.7181183605790981,0.7349010492723066,0.7083847221370473,0.9013401414827237,-0.15845773407854047,-0.20967293955236121,27,"Admission grade,Age at enrollment,Application mode,Course,Curricular units 1st sem (approved),Curricular units 1st sem (credited),Curricular units 1st sem (enrolled),Curricular units 1st sem (evaluations),Curricular units 1st sem (grade),Curricular units 2nd sem (approved),Curricular units 2nd sem (credited),Curricular units 2nd sem (enrolled),Curricular units 2nd sem (evaluations),Curricular units 2nd sem (grade),Debtor,Father's occupation,Father's qualification,GDP,Gender,Inflation rate,Mother's occupation,Mother's qualification,Previous qualification,Previous qualification (grade),Scholarship holder,Target,Tuition fees up to date,Unemployment rate"
students,classification,2.328892946243286,0.7864406779661017,0.7172520360480045,0.7382640377525288,0.7066204678482118,0.8993815413810206,-0.11946494509125916,-0.16770980266771796,28,"Admission grade,Age at enrollment,Application mode,Application order,Course,Curricular units 1st sem (approved),Curricular units 1st sem (credited),Curricular units 1st sem (enrolled),Curricular units 1st sem (evaluations),Curricular units 1st sem (grade),Curricular units 2nd sem (approved),Curricular units 2nd sem (credited),Curricular units 2nd sem (enrolled),Curricular units 2nd sem (evaluations),Curricular units 2nd sem (grade),Debtor,Father's occupation,Father's qualification,GDP,Gender,Inflation rate,Mother's occupation,Mother's qualification,Previous qualification,Previous qualification (grade),Scholarship holder,Target,Tuition fees up to date,Unemployment rate"
students,classification,2.328892946243286,0.7932203389830509,0.725810544041804,0.7549596035032927,0.7124876429717686,0.9016856432790495,-0.1070339701438211,-0.15241311932819646,29,"Admission grade,Age at enrollment,Application mode,Application order,Course,Curricular units 1st sem (approved),Curricular units 1st sem (credited),Curricular units 1st sem (enrolled),Curricular units 1st sem (evaluations),Curricular units 1st sem (grade),Curricular units 2nd sem (approved),Curricular units 2nd sem (credited),Curricular units 2nd sem (enrolled),Curricular units 2nd sem (evaluations),Curricular units 2nd sem (grade),Debtor,Displaced,Father's occupation,Father's qualification,GDP,Gender,Inflation rate,Mother's occupation,Mother's qualification,Previous qualification,Previous qualification (grade),Scholarship holder,Target,Tuition fees up to date,Unemployment rate"
students,classification,2.328892946243286,0.7887005649717514,0.7229462948161718,0.7440308088372894,0.711819672028204,0.8993897435622197,-0.09262184248798289,-0.12947716813838517,30,"Admission grade,Age at enrollment,Application mode,Application order,Course,Curricular units 1st sem (approved),Curricular units 1st sem (credited),Curricular units 1st sem (enrolled),Curricular units 1st sem (evaluations),Curricular units 1st sem (grade),Curricular units 2nd sem (approved),Curricular units 2nd sem (credited),Curricular units 2nd sem (enrolled),Curricular units 2nd sem (evaluations),Curricular units 2nd sem (grade),Daytime/evening attendance	,Debtor,Displaced,Father's occupation,Father's qualification,GDP,Gender,Inflation rate,Mother's occupation,Mother's qualification,Previous qualification,Previous qualification (grade),Scholarship holder,Target,Tuition fees up to date,Unemployment rate"
students,classification,2.328892946243286,0.7988700564971751,0.7405241136169786,0.7586786746117733,0.7295976595698345,0.90368826957575,-0.16750462561641632,-0.22015692522008445,31,"Admission grade,Age at enrollment,Application mode,Application order,Course,Curricular units 1st sem (approved),Curricular units 1st sem (credited),Curricular units 1st sem (enrolled),Curricular units 1st sem (evaluations),Curricular units 1st sem (grade),Curricular units 2nd sem (approved),Curricular units 2nd sem (credited),Curricular units 2nd sem (enrolled),Curricular units 2nd sem (evaluations),Curricular units 2nd sem (grade),Daytime/evening attendance	,Debtor,Displaced,Father's occupation,Father's qualification,GDP,Gender,Inflation rate,Marital status,Mother's occupation,Mother's qualification,Previous qualification,Previous qualification (grade),Scholarship holder,Target,Tuition fees up to date,Unemployment rate"
students_un_dirty,classification,2.6742048263549805,0.7175141242937854,0.5178341384863124,0.47978316277422284,0.56783081596669,0.8268072926297497,0.006578831838289445,0.004636460480227367,1,"Curricular units 2nd sem (approved),Target"
students_un_dirty,classification,2.6742048263549805,0.7231638418079096,0.6148857236291249,0.6472237612823806,0.6147219887430295,0.8409587283879234,-0.012072100548688347,-0.004924689982106045,2,"Curricular units 1st sem (approved),Curricular units 2nd sem (approved),Target"
students_un_dirty,classification,2.6742048263549805,0.711864406779661,0.5670108795574634,0.6259183353706667,0.5842780055118458,0.8358859300406936,-0.002461674034128225,0.004718314484464914,3,"Curricular units 1st sem (approved),Curricular units 2nd sem (approved),Curricular units 2nd sem (grade),Target"
students_un_dirty,classification,2.6742048263549805,0.735593220338983,0.6466801698992581,0.656332678097178,0.6447465778764335,0.8679346610734012,-0.05333020435725888,-0.07405871828847277,4,"Curricular units 1st sem (approved),Curricular units 2nd sem (approved),Curricular units 2nd sem (enrolled),Curricular units 2nd sem (grade),Target"
students_un_dirty,classification,2.6742048263549805,0.7423728813559322,0.6509049153418928,0.6684066302042638,0.6482651326916696,0.8753642990806374,-0.018011407991341044,-0.023307476214804335,5,"Curricular units 1st sem (approved),Curricular units 2nd sem (approved),Curricular units 2nd sem (enrolled),Curricular units 2nd sem (evaluations),Curricular units 2nd sem (grade),Target"
students_un_dirty,classification,2.6742048263549805,0.7480225988700565,0.6260743068650045,0.6883321713401465,0.627202770967133,0.8797014906624921,-0.029315632268683278,-0.06265443024914064,6,"Curricular units 1st sem (approved),Curricular units 1st sem (evaluations),Curricular units 2nd sem (approved),Curricular units 2nd sem (enrolled),Curricular units 2nd sem (evaluations),Curricular units 2nd sem (grade),Target"
students_un_dirty,classification,2.6742048263549805,0.7570621468926554,0.6757554837054278,0.7015382224097534,0.6662899935828294,0.8809045007764791,-0.03949055160974646,-0.055653883702496576,7,"Age at enrollment,Curricular units 1st sem (approved),Curricular units 1st sem (evaluations),Curricular units 2nd sem (approved),Curricular units 2nd sem (enrolled),Curricular units 2nd sem (evaluations),Curricular units 2nd sem (grade),Target"
students_un_dirty,classification,2.6742048263549805,0.7412429378531074,0.6273719524106093,0.6837283763376045,0.6258656266120586,0.8749577278674221,-0.0733939652268587,-0.11992691269353672,8,"Admission grade,Age at enrollment,Curricular units 1st sem (approved),Curricular units 1st sem (evaluations),Curricular units 2nd sem (approved),Curricular units 2nd sem (enrolled),Curricular units 2nd sem (evaluations),Curricular units 2nd sem (grade),Target"
students_un_dirty,classification,2.6742048263549805,0.7502824858757062,0.6574926450175175,0.683456333836562,0.6506908445560334,0.8691226052063726,-0.06887546834865088,-0.10187588492826793,9,"Admission grade,Age at enrollment,Curricular units 1st sem (approved),Curricular units 1st sem (evaluations),Curricular units 2nd sem (approved),Curricular units 2nd sem (enrolled),Curricular units 2nd sem (evaluations),Curricular units 2nd sem (grade),Previous qualification (grade),Target"
students_un_dirty,classification,2.6742048263549805,0.7706214689265537,0.6935050681565044,0.717602350730414,0.6838130579200752,0.8853872740454133,-0.1477170447778826,-0.20903572718096364,10,"Admission grade,Age at enrollment,Course,Curricular units 1st sem (approved),Curricular units 1st sem (evaluations),Curricular units 2nd sem (approved),Curricular units 2nd sem (enrolled),Curricular units 2nd sem (evaluations),Curricular units 2nd sem (grade),Previous qualification (grade),Target"
students_un_dirty,classification,2.6742048263549805,0.7649717514124293,0.688793215312642,0.7134857197022937,0.678783635533569,0.8813971383517273,-0.17851510928268222,-0.24554622733121556,11,"Admission grade,Age at enrollment,Application mode,Course,Curricular units 1st sem (approved),Curricular units 1st sem (evaluations),Curricular units 2nd sem (approved),Curricular units 2nd sem (enrolled),Curricular units 2nd sem (evaluations),Curricular units 2nd sem (grade),Previous qualification (grade),Target"
students_un_dirty,classification,2.6742048263549805,0.7491525423728813,0.6671672508626209,0.6832623470893457,0.6622696422136793,0.8689318567118428,-0.2508474576271187,-0.33283274913737915,12,"Admission grade,Admission grade_shuffled_1,Age at enrollment,Application mode,Course,Curricular units 1st sem (approved),Curricular units 1st sem (evaluations),Curricular units 2nd sem (approved),Curricular units 2nd sem (enrolled),Curricular units 2nd sem (evaluations),Curricular units 2nd sem (grade),Previous qualification (grade),Target"
students_un_dirty,classification,2.6742048263549805,0.7638418079096045,0.6902020157184093,0.7053388452509778,0.6828118697481377,0.8842362546516398,-0.18416610392989818,-0.24846921736286642,13,"Admission grade,Admission grade_shuffled_1,Age at enrollment,Application mode,Course,Curricular units 1st sem (approved),Curricular units 1st sem (evaluations),Curricular units 2nd sem (approved),Curricular units 2nd sem (enrolled),Curricular units 2nd sem (evaluations),Curricular units 2nd sem (grade),Mother's occupation,Previous qualification (grade),Target"
students_un_dirty,classification,2.6742048263549805,0.7570621468926554,0.6702169489420576,0.6956963290731455,0.6635218121672922,0.8831510858036241,-0.18501188531983404,-0.2631536252269948,14,"Admission grade,Admission grade_shuffled_1,Age at enrollment,Application mode,Course,Curricular units 1st sem (approved),Curricular units 1st sem (evaluations),Curricular units 2nd sem (approved),Curricular units 2nd sem (enrolled),Curricular units 2nd sem (evaluations),Curricular units 2nd sem (grade),Mother's occupation,Previous qualification (grade),Previous qualification (grade)_shuffled_2,Target"
students_un_dirty,classification,2.6742048263549805,0.7548022598870057,0.6767113563538324,0.6931084298361186,0.6701508509398022,0.872585198697634,-0.16862243635487062,-0.23137184618565088,15,"Admission grade,Admission grade_shuffled_1,Age at enrollment,Application mode,Course,Curricular units 1st sem (approved),Curricular units 1st sem (evaluations),Curricular units 2nd sem (approved),Curricular units 2nd sem (enrolled),Curricular units 2nd sem (evaluations),Curricular units 2nd sem (grade),Mother's occupation,Previous qualification (grade),Previous qualification (grade)_shuffled_1,Previous qualification (grade)_shuffled_2,Target"
students_un_dirty,classification,2.6742048263549805,0.7502824858757062,0.6792138653719331,0.6884743983980625,0.6739293058406407,0.8722467136558986,-0.24971751412429377,-0.32078613462806693,16,"Admission grade,Admission grade_shuffled_1,Age at enrollment,Application mode,Course,Curricular units 1st sem (approved),Curricular units 1st sem (evaluations),Curricular units 2nd sem (approved),Curricular units 2nd sem (enrolled),Curricular units 2nd sem (evaluations),Curricular units 2nd sem (grade),Father's occupation_shuffled_1,Mother's occupation,Previous qualification (grade),Previous qualification (grade)_shuffled_1,Previous qualification (grade)_shuffled_2,Target"
students_un_dirty,classification,2.6742048263549805,0.7559322033898305,0.6808251046038477,0.6964643755821612,0.6735895752442312,0.8734042812220538,-0.18077308058869457,-0.24397665668776702,17,"Admission grade,Admission grade_shuffled_1,Age at enrollment,Application mode,Course,Curricular units 1st sem (approved),Curricular units 1st sem (evaluations),Curricular units 2nd sem (approved),Curricular units 2nd sem (enrolled),Curricular units 2nd sem (evaluations),Curricular units 2nd sem (grade),Father's occupation_shuffled_1,Father's qualification,Mother's occupation,Previous qualification (grade),Previous qualification (grade)_shuffled_1,Previous qualification (grade)_shuffled_2,Target"
students_un_dirty,classification,2.6742048263549805,0.752542372881356,0.6685367376203647,0.6870931537598205,0.6620147190092948,0.869557058626523,-0.2228744115210176,-0.3029028746165001,18,"Admission grade,Admission grade_shuffled_1,Age at enrollment,Application mode,Course,Course_shuffled_2,Curricular units 1st sem (approved),Curricular units 1st sem (evaluations),Curricular units 2nd sem (approved),Curricular units 2nd sem (enrolled),Curricular units 2nd sem (evaluations),Curricular units 2nd sem (grade),Father's occupation_shuffled_1,Father's qualification,Mother's occupation,Previous qualification (grade),Previous qualification (grade)_shuffled_1,Previous qualification (grade)_shuffled_2,Target"
students_un_dirty,classification,2.6742048263549805,0.7638418079096045,0.6848884390029671,0.7021044546693198,0.6775263216893017,0.878080567945409,-0.19009998355691138,-0.2620861638165626,19,"Admission grade,Admission grade_shuffled_1,Age at enrollment,Application mode,Course,Course_shuffled_1,Course_shuffled_2,Curricular units 1st sem (approved),Curricular units 1st sem (evaluations),Curricular units 2nd sem (approved),Curricular units 2nd sem (enrolled),Curricular units 2nd sem (evaluations),Curricular units 2nd sem (grade),Father's occupation_shuffled_1,Father's qualification,Mother's occupation,Previous qualification (grade),Previous qualification (grade)_shuffled_1,Previous qualification (grade)_shuffled_2,Target"
students_un_dirty,classification,2.6742048263549805,0.7446327683615819,0.6648323508507881,0.6806500225479609,0.6589170947786571,0.8683752525438192,-0.2019623149952986,-0.27212413074616393,20,"Admission grade,Admission grade_shuffled_1,Age at enrollment,Application mode,Course,Course_shuffled_1,Course_shuffled_2,Curricular units 1st sem (approved),Curricular units 1st sem (evaluations),Curricular units 2nd sem (approved),Curricular units 2nd sem (enrolled),Curricular units 2nd sem (evaluations),Curricular units 2nd sem (grade),Father's occupation_shuffled_1,Father's qualification,Mother's occupation,Mother's occupation_shuffled_1,Previous qualification (grade),Previous qualification (grade)_shuffled_1,Previous qualification (grade)_shuffled_2,Target"
students_un_dirty,classification,2.6742048263549805,0.7548022598870057,0.6767322326145856,0.690060014777138,0.6706540169710982,0.8730062080804301,-0.24237208314774994,-0.32003942276757935,21,"Admission grade,Admission grade_shuffled_1,Age at enrollment,Age at enrollment_shuffled_2,Application mode,Course,Course_shuffled_1,Course_shuffled_2,Curricular units 1st sem (approved),Curricular units 1st sem (evaluations),Curricular units 2nd sem (approved),Curricular units 2nd sem (enrolled),Curricular units 2nd sem (evaluations),Curricular units 2nd sem (grade),Father's occupation_shuffled_1,Father's qualification,Mother's occupation,Mother's occupation_shuffled_1,Previous qualification (grade),Previous qualification (grade)_shuffled_1,Previous qualification (grade)_shuffled_2,Target"
students_un_dirty,classification,2.6742048263549805,0.7548022598870057,0.6648193952516107,0.6858167244258135,0.6594125449739713,0.8790451442962744,-0.24519774011299433,-0.3351806047483893,22,"Admission grade,Admission grade_shuffled_1,Age at enrollment,Age at enrollment_shuffled_2,Application mode,Course,Course_shuffled_1,Course_shuffled_2,Curricular units 1st sem (approved),Curricular units 1st sem (evaluations),Curricular units 2nd sem (approved),Curricular units 2nd sem (enrolled),Curricular units 2nd sem (evaluations),Curricular units 2nd sem (grade),Father's occupation_shuffled_1,Father's occupation_shuffled_2,Father's qualification,Mother's occupation,Mother's occupation_shuffled_1,Previous qualification (grade),Previous qualification (grade)_shuffled_1,Previous qualification (grade)_shuffled_2,Target"
students_un_dirty,classification,2.6742048263549805,0.751412429378531,0.665732848245791,0.689222519009753,0.6597510731024355,0.8747435521871605,-0.20478988766018047,-0.2841200117488124,23,"Admission grade,Admission grade_shuffled_1,Age at enrollment,Age at enrollment_shuffled_2,Application mode,Course,Course_shuffled_1,Course_shuffled_2,Curricular units 1st sem (approved),Curricular units 1st sem (evaluations),Curricular units 2nd sem (approved),Curricular units 2nd sem (enrolled),Curricular units 2nd sem (evaluations),Curricular units 2nd sem (grade),Father's occupation_shuffled_1,Father's occupation_shuffled_2,Father's qualification,Mother's occupation,Mother's occupation_shuffled_1,Mother's occupation_shuffled_2,Previous qualification (grade),Previous qualification (grade)_shuffled_1,Previous qualification (grade)_shuffled_2,Target"
students_un_dirty,classification,2.6742048263549805,0.7423728813559322,0.6443036200161852,0.6671426971326165,0.641301340203968,0.8709277824378864,-0.17370510677630857,-0.25512713802765785,24,"Admission grade,Admission grade_shuffled_1,Age at enrollment,Age at enrollment_shuffled_2,Application mode,Course,Course_shuffled_1,Course_shuffled_2,Curricular units 1st sem (approved),Curricular units 1st sem (credited),Curricular units 1st sem (evaluations),Curricular units 2nd sem (approved),Curricular units 2nd sem (enrolled),Curricular units 2nd sem (evaluations),Curricular units 2nd sem (grade),Father's occupation_shuffled_1,Father's occupation_shuffled_2,Father's qualification,Mother's occupation,Mother's occupation_shuffled_1,Mother's occupation_shuffled_2,Previous qualification (grade),Previous qualification (grade)_shuffled_1,Previous qualification (grade)_shuffled_2,Target"
students_un_dirty,classification,2.6742048263549805,0.7627118644067796,0.6797144196094839,0.7045641025641025,0.6729976603982012,0.8698767666006947,-0.23728813559322037,-0.32028558039051613,25,"Admission grade,Admission grade_shuffled_1,Age at enrollment,Age at enrollment_shuffled_2,Application mode,Course,Course_shuffled_1,Course_shuffled_2,Curricular units 1st sem (approved),Curricular units 1st sem (credited),Curricular units 1st sem (evaluations),Curricular units 2nd sem (approved),Curricular units 2nd sem (credited),Curricular units 2nd sem (enrolled),Curricular units 2nd sem (evaluations),Curricular units 2nd sem (grade),Father's occupation_shuffled_1,Father's occupation_shuffled_2,Father's qualification,Mother's occupation,Mother's occupation_shuffled_1,Mother's occupation_shuffled_2,Previous qualification (grade),Previous qualification (grade)_shuffled_1,Previous qualification (grade)_shuffled_2,Target"
students_un_dirty,classification,2.6742048263549805,0.7570621468926554,0.6768495011390803,0.6977013727013727,0.6705692095790735,0.8793569092572714,-0.24293785310734461,-0.32315049886091973,26,"Admission grade,Admission grade_shuffled_1,Age at enrollment,Age at enrollment_shuffled_2,Application mode,Course,Course_shuffled_1,Course_shuffled_2,Curricular units 1st sem (approved),Curricular units 1st sem (credited),Curricular units 1st sem (evaluations),Curricular units 2nd sem (approved),Curricular units 2nd sem (credited),Curricular units 2nd sem (enrolled),Curricular units 2nd sem (evaluations),Curricular units 2nd sem (grade),Father's occupation_shuffled_1,Father's occupation_shuffled_2,Father's qualification,Mother's occupation,Mother's occupation_shuffled_1,Mother's occupation_shuffled_2,Mother's qualification_shuffled_1,Previous qualification (grade),Previous qualification (grade)_shuffled_1,Previous qualification (grade)_shuffled_2,Target"
students_un_dirty,classification,2.6742048263549805,0.7672316384180791,0.6871992348736535,0.7103404646882908,0.6792019941728403,0.8827764043284482,-0.20140356926770786,-0.27828537272847653,27,"Admission grade,Admission grade_shuffled_1,Age at enrollment,Age at enrollment_shuffled_2,Application mode,Course,Course_shuffled_1,Course_shuffled_2,Curricular units 1st sem (approved),Curricular units 1st sem (credited),Curricular units 1st sem (evaluations),Curricular units 2nd sem (approved),Curricular units 2nd sem (credited),Curricular units 2nd sem (enrolled),Curricular units 2nd sem (evaluations),Curricular units 2nd sem (grade),Father's occupation_shuffled_1,Father's occupation_shuffled_2,Father's qualification,Mother's occupation,Mother's occupation_shuffled_1,Mother's occupation_shuffled_2,Mother's qualification_shuffled_1,Previous qualification,Previous qualification (grade),Previous qualification (grade)_shuffled_1,Previous qualification (grade)_shuffled_2,Target"
students_un_dirty,classification,2.6742048263549805,0.7559322033898305,0.6806094530897641,0.697726559849062,0.6743450925345846,0.8696797853967774,-0.24406779661016953,-0.31939054691023594,28,"Admission grade,Admission grade_shuffled_1,Age at enrollment,Age at enrollment_shuffled_2,Application mode,Application mode_shuffled_2,Course,Course_shuffled_1,Course_shuffled_2,Curricular units 1st sem (approved),Curricular units 1st sem (credited),Curricular units 1st sem (evaluations),Curricular units 2nd sem (approved),Curricular units 2nd sem (credited),Curricular units 2nd sem (enrolled),Curricular units 2nd sem (evaluations),Curricular units 2nd sem (grade),Father's occupation_shuffled_1,Father's occupation_shuffled_2,Father's qualification,Mother's occupation,Mother's occupation_shuffled_1,Mother's occupation_shuffled_2,Mother's qualification_shuffled_1,Previous qualification,Previous qualification (grade),Previous qualification (grade)_shuffled_1,Previous qualification (grade)_shuffled_2,Target"
students_un_dirty,classification,2.6742048263549805,0.7570621468926554,0.6705596588637041,0.7042601597930022,0.6618435677384263,0.8815927137536521,-0.19151089633989615,-0.26994695361227494,29,"Admission grade,Admission grade_shuffled_1,Age at enrollment,Age at enrollment_shuffled_2,Application mode,Application mode_shuffled_2,Course,Course_shuffled_1,Course_shuffled_2,Curricular units 1st sem (approved),Curricular units 1st sem (credited),Curricular units 1st sem (evaluations),Curricular units 2nd sem (approved),Curricular units 2nd sem (credited),Curricular units 2nd sem (enrolled),Curricular units 2nd sem (evaluations),Curricular units 2nd sem (grade),Father's occupation_shuffled_1,Father's occupation_shuffled_2,Father's qualification,Mother's occupation,Mother's occupation_shuffled_1,Mother's occupation_shuffled_2,Mother's qualification_shuffled_1,Mother's qualification_shuffled_2,Previous qualification,Previous qualification (grade),Previous qualification (grade)_shuffled_1,Previous qualification (grade)_shuffled_2,Target"
students_un_dirty,classification,2.6742048263549805,0.7536723163841808,0.6624328450082136,0.6899534726351426,0.6572325039911915,0.8723130442334385,-0.24632768361581925,-0.33756715499178636,30,"Admission grade,Admission grade_shuffled_1,Age at enrollment,Age at enrollment_shuffled_2,Application mode,Application mode_shuffled_2,Course,Course_shuffled_1,Course_shuffled_2,Curricular units 1st sem (approved),Curricular units 1st sem (credited),Curricular units 1st sem (evaluations),Curricular units 2nd sem (approved),Curricular units 2nd sem (credited),Curricular units 2nd sem (enrolled),Curricular units 2nd sem (evaluations),Curricular units 2nd sem (grade),Father's occupation_shuffled_1,Father's occupation_shuffled_2,Father's qualification,Father's qualification_shuffled_1,Mother's occupation,Mother's occupation_shuffled_1,Mother's occupation_shuffled_2,Mother's qualification_shuffled_1,Mother's qualification_shuffled_2,Previous qualification,Previous qualification (grade),Previous qualification (grade)_shuffled_1,Previous qualification (grade)_shuffled_2,Target"
students_un_dirty,classification,2.6742048263549805,0.7570621468926554,0.680802574920222,0.6945987277920489,0.6743437230572026,0.8768903449185834,-0.2423727217142957,-0.3184831257711198,31,"Admission grade,Admission grade_shuffled_1,Age at enrollment,Age at enrollment_shuffled_2,Application mode,Application mode_shuffled_2,Course,Course_shuffled_1,Course_shuffled_2,Curricular units 1st sem (approved),Curricular units 1st sem (credited),Curricular units 1st sem (evaluations),Curricular units 2nd sem (approved),Curricular units 2nd sem (credited),Curricular units 2nd sem (enrolled),Curricular units 2nd sem (evaluations),Curricular units 2nd sem (grade),Father's occupation_shuffled_1,Father's occupation_shuffled_2,Father's qualification,Father's qualification_shuffled_1,GDP_shuffled_2,Mother's occupation,Mother's occupation_shuffled_1,Mother's occupation_shuffled_2,Mother's qualification_shuffled_1,Mother's qualification_shuffled_2,Previous qualification,Previous qualification (grade),Previous qualification (grade)_shuffled_1,Previous qualification (grade)_shuffled_2,Target"
students_un_dirty,classification,2.6742048263549805,0.7502824858757062,0.6746519647985605,0.6902849193929006,0.6676374257192128,0.8766078309674358,-0.24886981703472044,-0.32450920847628817,32,"Admission grade,Admission grade_shuffled_1,Age at enrollment,Age at enrollment_shuffled_2,Application mode,Application mode_shuffled_2,Course,Course_shuffled_1,Course_shuffled_2,Curricular units 1st sem (approved),Curricular units 1st sem (credited),Curricular units 1st sem (evaluations),Curricular units 1st sem (grade),Curricular units 2nd sem (approved),Curricular units 2nd sem (credited),Curricular units 2nd sem (enrolled),Curricular units 2nd sem (evaluations),Curricular units 2nd sem (grade),Father's occupation_shuffled_1,Father's occupation_shuffled_2,Father's qualification,Father's qualification_shuffled_1,GDP_shuffled_2,Mother's occupation,Mother's occupation_shuffled_1,Mother's occupation_shuffled_2,Mother's qualification_shuffled_1,Mother's qualification_shuffled_2,Previous qualification,Previous qualification (grade),Previous qualification (grade)_shuffled_1,Previous qualification (grade)_shuffled_2,Target"
students_un_dirty,classification,2.6742048263549805,0.7389830508474576,0.6567593655311752,0.6690193702808012,0.6520422181151261,0.8704233143533903,-0.2596041206699201,-0.34168699842860095,33,"Admission grade,Admission grade_shuffled_1,Age at enrollment,Age at enrollment_shuffled_2,Application mode,Application mode_shuffled_2,Course,Course_shuffled_1,Course_shuffled_2,Curricular units 1st sem (approved),Curricular units 1st sem (credited),Curricular units 1st sem (evaluations),Curricular units 1st sem (grade),Curricular units 2nd sem (approved),Curricular units 2nd sem (credited),Curricular units 2nd sem (enrolled),Curricular units 2nd sem (evaluations),Curricular units 2nd sem (grade),Father's occupation_shuffled_1,Father's occupation_shuffled_2,Father's qualification,Father's qualification_shuffled_1,GDP_shuffled_2,Mother's occupation,Mother's occupation_shuffled_1,Mother's occupation_shuffled_2,Mother's qualification_shuffled_1,Mother's qualification_shuffled_2,Previous qualification,Previous qualification (grade),Previous qualification (grade)_shuffled_1,Previous qualification (grade)_shuffled_2,Target,noise_numeric_2"
students_un_dirty,classification,2.6742048263549805,0.7446327683615819,0.6585485618928879,0.6778502237895183,0.6527088195813087,0.8781741301852284,-0.2344573700956094,-0.3180746504699946,34,"Admission grade,Admission grade_shuffled_1,Age at enrollment,Age at enrollment_shuffled_2,Application mode,Application mode_shuffled_2,Course,Course_shuffled_1,Course_shuffled_2,Curricular units 1st sem (approved),Curricular units 1st sem (credited),Curricular units 1st sem (evaluations),Curricular units 1st sem (grade),Curricular units 1st sem (grade)_shuffled_2,Curricular units 2nd sem (approved),Curricular units 2nd sem (credited),Curricular units 2nd sem (enrolled),Curricular units 2nd sem (evaluations),Curricular units 2nd sem (grade),Father's occupation_shuffled_1,Father's occupation_shuffled_2,Father's qualification,Father's qualification_shuffled_1,GDP_shuffled_2,Mother's occupation,Mother's occupation_shuffled_1,Mother's occupation_shuffled_2,Mother's qualification_shuffled_1,Mother's qualification_shuffled_2,Previous qualification,Previous qualification (grade),Previous qualification (grade)_shuffled_1,Previous qualification (grade)_shuffled_2,Target,noise_numeric_2"
students_un_dirty,classification,2.6742048263549805,0.7548022598870057,0.6685926643931656,0.6982056012524808,0.6611743943269165,0.878260865255157,-0.18698920662895935,-0.2646080660536647,35,"Admission grade,Admission grade_shuffled_1,Age at enrollment,Age at enrollment_shuffled_2,Application mode,Application mode_shuffled_2,Course,Course_shuffled_1,Course_shuffled_2,Curricular units 1st sem (approved),Curricular units 1st sem (credited),Curricular units 1st sem (evaluations),Curricular units 1st sem (grade),Curricular units 1st sem (grade)_shuffled_1,Curricular units 1st sem (grade)_shuffled_2,Curricular units 2nd sem (approved),Curricular units 2nd sem (credited),Curricular units 2nd sem (enrolled),Curricular units 2nd sem (evaluations),Curricular units 2nd sem (grade),Father's occupation_shuffled_1,Father's occupation_shuffled_2,Father's qualification,Father's qualification_shuffled_1,GDP_shuffled_2,Mother's occupation,Mother's occupation_shuffled_1,Mother's occupation_shuffled_2,Mother's qualification_shuffled_1,Mother's qualification_shuffled_2,Previous qualification,Previous qualification (grade),Previous qualification (grade)_shuffled_1,Previous qualification (grade)_shuffled_2,Target,noise_numeric_2"
students_un_dirty,classification,2.6742048263549805,0.7649717514124293,0.666801687003166,0.7164690265572959,0.6609994686427757,0.8785134060779537,-0.22881180326403294,-0.3267222215356761,36,"Admission grade,Admission grade_shuffled_1,Age at enrollment,Age at enrollment_shuffled_2,Application mode,Application mode_shuffled_2,Course,Course_shuffled_1,Course_shuffled_2,Curricular units 1st sem (approved),Curricular units 1st sem (credited),Curricular units 1st sem (evaluations),Curricular units 1st sem (grade),Curricular units 1st sem (grade)_shuffled_1,Curricular units 1st sem (grade)_shuffled_2,Curricular units 2nd sem (approved),Curricular units 2nd sem (credited),Curricular units 2nd sem (enrolled),Curricular units 2nd sem (evaluations),Curricular units 2nd sem (grade),Father's occupation_shuffled_1,Father's occupation_shuffled_2,Father's qualification,Father's qualification_shuffled_1,GDP_shuffled_1,GDP_shuffled_2,Mother's occupation,Mother's occupation_shuffled_1,Mother's occupation_shuffled_2,Mother's qualification_shuffled_1,Mother's qualification_shuffled_2,Previous qualification,Previous qualification (grade),Previous qualification (grade)_shuffled_1,Previous qualification (grade)_shuffled_2,Target,noise_numeric_2"
students_un_dirty,classification,2.6742048263549805,0.7559322033898305,0.671683261061248,0.6963904050860573,0.6649490748144826,0.8803289508350532,-0.21355070138552978,-0.2933794225696338,37,"Admission grade,Admission grade_shuffled_1,Age at enrollment,Age at enrollment_shuffled_2,Application mode,Application mode_shuffled_2,Course,Course_shuffled_1,Course_shuffled_2,Curricular units 1st sem (approved),Curricular units 1st sem (credited),Curricular units 1st sem (enrolled),Curricular units 1st sem (evaluations),Curricular units 1st sem (grade),Curricular units 1st sem (grade)_shuffled_1,Curricular units 1st sem (grade)_shuffled_2,Curricular units 2nd sem (approved),Curricular units 2nd sem (credited),Curricular units 2nd sem (enrolled),Curricular units 2nd sem (evaluations),Curricular units 2nd sem (grade),Father's occupation_shuffled_1,Father's occupation_shuffled_2,Father's qualification,Father's qualification_shuffled_1,GDP_shuffled_1,GDP_shuffled_2,Mother's occupation,Mother's occupation_shuffled_1,Mother's occupation_shuffled_2,Mother's qualification_shuffled_1,Mother's qualification_shuffled_2,Previous qualification,Previous qualification (grade),Previous qualification (grade)_shuffled_1,Previous qualification (grade)_shuffled_2,Target,noise_numeric_2"
students_un_dirty,classification,2.6742048263549805,0.7672316384180791,0.6856436693025537,0.7166957148878891,0.6760978565741661,0.8826856873763833,-0.13641345906708624,-0.19697270412219403,38,"Admission grade,Admission grade_shuffled_1,Age at enrollment,Age at enrollment_shuffled_1,Age at enrollment_shuffled_2,Application mode,Application mode_shuffled_2,Course,Course_shuffled_1,Course_shuffled_2,Curricular units 1st sem (approved),Curricular units 1st sem (credited),Curricular units 1st sem (enrolled),Curricular units 1st sem (evaluations),Curricular units 1st sem (grade),Curricular units 1st sem (grade)_shuffled_1,Curricular units 1st sem (grade)_shuffled_2,Curricular units 2nd sem (approved),Curricular units 2nd sem (credited),Curricular units 2nd sem (enrolled),Curricular units 2nd sem (evaluations),Curricular units 2nd sem (grade),Father's occupation_shuffled_1,Father's occupation_shuffled_2,Father's qualification,Father's qualification_shuffled_1,GDP_shuffled_1,GDP_shuffled_2,Mother's occupation,Mother's occupation_shuffled_1,Mother's occupation_shuffled_2,Mother's qualification_shuffled_1,Mother's qualification_shuffled_2,Previous qualification,Previous qualification (grade),Previous qualification (grade)_shuffled_1,Previous qualification (grade)_shuffled_2,Target,noise_numeric_2"
students_un_dirty,classification,2.6742048263549805,0.7649717514124293,0.6625012515447147,0.7237761625243232,0.6573921650128056,0.8795666074430976,-0.2336154201049484,-0.3360617086179918,39,"Admission grade,Admission grade_shuffled_1,Age at enrollment,Age at enrollment_shuffled_1,Age at enrollment_shuffled_2,Application mode,Application mode_shuffled_2,Course,Course_shuffled_1,Course_shuffled_2,Curricular units 1st sem (approved),Curricular units 1st sem (credited),Curricular units 1st sem (enrolled),Curricular units 1st sem (evaluations),Curricular units 1st sem (evaluations)_shuffled_2,Curricular units 1st sem (grade),Curricular units 1st sem (grade)_shuffled_1,Curricular units 1st sem (grade)_shuffled_2,Curricular units 2nd sem (approved),Curricular units 2nd sem (credited),Curricular units 2nd sem (enrolled),Curricular units 2nd sem (evaluations),Curricular units 2nd sem (grade),Father's occupation_shuffled_1,Father's occupation_shuffled_2,Father's qualification,Father's qualification_shuffled_1,GDP_shuffled_1,GDP_shuffled_2,Mother's occupation,Mother's occupation_shuffled_1,Mother's occupation_shuffled_2,Mother's qualification_shuffled_1,Mother's qualification_shuffled_2,Previous qualification,Previous qualification (grade),Previous qualification (grade)_shuffled_1,Previous qualification (grade)_shuffled_2,Target,noise_numeric_2"
students_un_dirty,classification,2.6742048263549805,0.7694915254237288,0.6958556900714754,0.7164170368832896,0.6868349600720518,0.885501464609772,-0.23050847457627122,-0.3041443099285246,40,"Admission grade,Admission grade_shuffled_1,Age at enrollment,Age at enrollment_shuffled_1,Age at enrollment_shuffled_2,Application mode,Application mode_shuffled_2,Course,Course_shuffled_1,Course_shuffled_2,Curricular units 1st sem (approved),Curricular units 1st sem (credited),Curricular units 1st sem (enrolled),Curricular units 1st sem (evaluations),Curricular units 1st sem (evaluations)_shuffled_2,Curricular units 1st sem (grade),Curricular units 1st sem (grade)_shuffled_1,Curricular units 1st sem (grade)_shuffled_2,Curricular units 2nd sem (approved),Curricular units 2nd sem (credited),Curricular units 2nd sem (enrolled),Curricular units 2nd sem (evaluations),Curricular units 2nd sem (grade),Father's occupation_shuffled_1,Father's occupation_shuffled_2,Father's qualification,Father's qualification_shuffled_1,GDP_shuffled_1,GDP_shuffled_2,Mother's occupation,Mother's occupation_shuffled_1,Mother's occupation_shuffled_2,Mother's qualification_shuffled_1,Mother's qualification_shuffled_2,Previous qualification,Previous qualification (grade),Previous qualification (grade)_shuffled_1,Previous qualification (grade)_shuffled_2,Target,Tuition fees up to date,noise_numeric_2"
students_un_clean,classification,2.3089895248413086,0.7175141242937854,0.5178341384863124,0.47978316277422284,0.56783081596669,0.7997202676978539,0.006578831838289445,0.004636460480227367,1,"Curricular units 2nd sem (approved),Target"
students_un_clean,classification,2.3089895248413086,0.7288135593220338,0.6280082242028465,0.6629344250235657,0.6235259246076649,0.8454234125942194,-0.0024664632832218647,0.005834871668498054,2,"Curricular units 1st sem (approved),Curricular units 2nd sem (approved),Target"
students_un_clean,classification,2.3089895248413086,0.711864406779661,0.5670108795574634,0.6259183353706667,0.5842780055118458,0.8358859300406936,-0.002461674034128225,0.004718314484464914,3,"Curricular units 1st sem (approved),Curricular units 2nd sem (approved),Curricular units 2nd sem (grade),Target"
students_un_clean,classification,2.3089895248413086,0.7242937853107345,0.6235794601161472,0.6400095912419156,0.6226071388918616,0.8578266394781489,-0.014050379707632232,-0.014332668607950128,4,"Curricular units 1st sem (approved),Curricular units 2nd sem (approved),Curricular units 2nd sem (evaluations),Curricular units 2nd sem (grade),Target"
students_un_clean,classification,2.3089895248413086,0.7367231638418079,0.632952827164512,0.6789621556691184,0.6283017932671683,0.861141807514428,-0.027051913863758603,-0.03627699613136981,5,"Age at enrollment,Curricular units 1st sem (approved),Curricular units 2nd sem (approved),Curricular units 2nd sem (evaluations),Curricular units 2nd sem (grade),Target"
students_un_clean,classification,2.3089895248413086,0.727683615819209,0.6343274250757398,0.6596243977507736,0.6290636569161213,0.8642900664905063,-0.057001323429166195,-0.07581542894623039,6,"Age at enrollment,Curricular units 1st sem (approved),Curricular units 1st sem (evaluations),Curricular units 2nd sem (approved),Curricular units 2nd sem (evaluations),Curricular units 2nd sem (grade),Target"
students_un_clean,classification,2.3089895248413086,0.7265536723163842,0.6070385907047914,0.6472095167180796,0.6082587903412965,0.8578224558324014,-0.05643587275284434,-0.09107427146264746,7,"Admission grade,Age at enrollment,Curricular units 1st sem (approved),Curricular units 1st sem (evaluations),Curricular units 2nd sem (approved),Curricular units 2nd sem (evaluations),Curricular units 2nd sem (grade),Target"
students_un_clean,classification,2.3089895248413086,0.7401129943502824,0.6267116599439649,0.6794883797558321,0.6251114787990872,0.8755408507655836,-0.0767844343018792,-0.12452813618409997,8,"Admission grade,Age at enrollment,Curricular units 1st sem (approved),Curricular units 1st sem (evaluations),Curricular units 2nd sem (approved),Curricular units 2nd sem (enrolled),Curricular units 2nd sem (evaluations),Curricular units 2nd sem (grade),Target"
students_un_clean,classification,2.3089895248413086,0.7694915254237288,0.6965360685377561,0.716187866927593,0.6865826088129944,0.8848443113327397,-0.05418747994501949,-0.07439432208793295,9,"Admission grade,Age at enrollment,Curricular units 1st sem (approved),Curricular units 1st sem (evaluations),Curricular units 2nd sem (approved),Curricular units 2nd sem (enrolled),Curricular units 2nd sem (evaluations),Curricular units 2nd sem (grade),Target,Tuition fees up to date"
students_un_clean,classification,2.3089895248413086,0.7875706214689265,0.7187489834625853,0.7428306364617044,0.706702703294909,0.8962329709688234,-0.09205639181166125,-0.1310332348491995,10,"Admission grade,Age at enrollment,Course,Curricular units 1st sem (approved),Curricular units 1st sem (evaluations),Curricular units 2nd sem (approved),Curricular units 2nd sem (enrolled),Curricular units 2nd sem (evaluations),Curricular units 2nd sem (grade),Target,Tuition fees up to date"
students_un_clean,classification,2.3089895248413086,0.792090395480226,0.7270525828623583,0.7484693875843614,0.7155080086369265,0.8937362996520054,-0.19095566272830755,-0.2551101688730162,11,"Admission grade,Age at enrollment,Course,Curricular units 1st sem (approved),Curricular units 1st sem (evaluations),Curricular units 2nd sem (approved),Curricular units 2nd sem (enrolled),Curricular units 2nd sem (evaluations),Curricular units 2nd sem (grade),Previous qualification (grade),Target,Tuition fees up to date"
students_un_clean,classification,2.3089895248413086,0.7785310734463277,0.7065617189591341,0.7266008439979817,0.6966426560539518,0.8917794460673715,-0.1211581042874954,-0.168956836238229,12,"Admission grade,Age at enrollment,Application mode,Course,Curricular units 1st sem (approved),Curricular units 1st sem (evaluations),Curricular units 2nd sem (approved),Curricular units 2nd sem (enrolled),Curricular units 2nd sem (evaluations),Curricular units 2nd sem (grade),Previous qualification (grade),Target,Tuition fees up to date"
students_un_clean,classification,2.3089895248413086,0.7740112994350282,0.7048179140813762,0.7156472193599188,0.6984084468296063,0.8877270434966675,-0.21948968954490966,-0.2884136368539346,13,"Admission grade,Age at enrollment,Application mode,Course,Curricular units 1st sem (approved),Curricular units 1st sem (evaluations),Curricular units 2nd sem (approved),Curricular units 2nd sem (enrolled),Curricular units 2nd sem (evaluations),Curricular units 2nd sem (grade),Mother's occupation,Previous qualification (grade),Target,Tuition fees up to date"
students_un_clean,classification,2.3089895248413086,0.7988700564971751,0.7352457471441111,0.7612556634304207,0.7217111399436202,0.8975037771605588,-0.16609179713379407,-0.2257758282861766,14,"Admission grade,Age at enrollment,Application mode,Course,Curricular units 1st sem (approved),Curricular units 1st sem (evaluations),Curricular units 2nd sem (approved),Curricular units 2nd sem (enrolled),Curricular units 2nd sem (evaluations),Curricular units 2nd sem (grade),Father's qualification,Mother's occupation,Previous qualification (grade),Target,Tuition fees up to date"
students_un_clean,classification,2.3089895248413086,0.7875706214689265,0.718907741762183,0.7396428210960183,0.7079613866165584,0.8986003439659532,-0.18219484900295813,-0.247717979105868,15,"Admission grade,Age at enrollment,Application mode,Course,Curricular units 1st sem (approved),Curricular units 1st sem (credited),Curricular units 1st sem (evaluations),Curricular units 2nd sem (approved),Curricular units 2nd sem (enrolled),Curricular units 2nd sem (evaluations),Curricular units 2nd sem (grade),Father's qualification,Mother's occupation,Previous qualification (grade),Target,Tuition fees up to date"
students_un_clean,classification,2.3089895248413086,0.7785310734463277,0.7112116915101824,0.7220462652869993,0.7045291756801659,0.8966326902463077,-0.1881261743637882,-0.25030722862769894,16,"Admission grade,Age at enrollment,Application mode,Course,Curricular units 1st sem (approved),Curricular units 1st sem (credited),Curricular units 1st sem (evaluations),Curricular units 2nd sem (approved),Curricular units 2nd sem (enrolled),Curricular units 2nd sem (evaluations),Curricular units 2nd sem (grade),Father's qualification,Mother's occupation,Previous qualification (grade),Target,Tuition fees up to date,Unemployment rate"
students_un_clean,classification,2.3089895248413086,0.7819209039548023,0.7205089683165218,0.7317063094840872,0.7130834992405078,0.8905026401912876,-0.2090369937564156,-0.26964258934904617,17,"Admission grade,Age at enrollment,Application mode,Course,Curricular units 1st sem (approved),Curricular units 1st sem (credited),Curricular units 1st sem (evaluations),Curricular units 2nd sem (approved),Curricular units 2nd sem (credited),Curricular units 2nd sem (enrolled),Curricular units 2nd sem (evaluations),Curricular units 2nd sem (grade),Father's qualification,Mother's occupation,Previous qualification (grade),Target,Tuition fees up to date,Unemployment rate"
students_un_clean,classification,2.3089895248413086,0.7819209039548023,0.7125549279482107,0.7349726005726875,0.7014224661361644,0.8943375372521792,-0.08103473323084331,-0.11543141174003979,18,"Admission grade,Age at enrollment,Application mode,Course,Curricular units 1st sem (approved),Curricular units 1st sem (credited),Curricular units 1st sem (evaluations),Curricular units 1st sem (grade),Curricular units 2nd sem (approved),Curricular units 2nd sem (credited),Curricular units 2nd sem (enrolled),Curricular units 2nd sem (evaluations),Curricular units 2nd sem (grade),Father's qualification,Mother's occupation,Previous qualification (grade),Target,Tuition fees up to date,Unemployment rate"
students_un_clean,classification,2.3089895248413086,0.7819209039548023,0.7086886274478482,0.7284435158485444,0.6991574507519234,0.894184564967124,-0.14235148937664732,-0.19824950685600462,19,"Admission grade,Age at enrollment,Application mode,Course,Curricular units 1st sem (approved),Curricular units 1st sem (credited),Curricular units 1st sem (evaluations),Curricular units 1st sem (grade),Curricular units 2nd sem (approved),Curricular units 2nd sem (credited),Curricular units 2nd sem (enrolled),Curricular units 2nd sem (evaluations),Curricular units 2nd sem (grade),Father's qualification,Mother's occupation,Previous qualification (grade),Scholarship holder,Target,Tuition fees up to date,Unemployment rate"
students_un_clean,classification,2.3089895248413086,0.784180790960452,0.7151459047503087,0.734219221206463,0.7048598209632116,0.899737195341051,-0.12455048906215327,-0.17250585111642813,20,"Admission grade,Age at enrollment,Application mode,Course,Curricular units 1st sem (approved),Curricular units 1st sem (credited),Curricular units 1st sem (evaluations),Curricular units 1st sem (grade),Curricular units 2nd sem (approved),Curricular units 2nd sem (credited),Curricular units 2nd sem (enrolled),Curricular units 2nd sem (evaluations),Curricular units 2nd sem (grade),Father's qualification,Mother's occupation,Previous qualification,Previous qualification (grade),Scholarship holder,Target,Tuition fees up to date,Unemployment rate"
students_un_clean,classification,2.3089895248413086,0.7819209039548023,0.7067131076123125,0.7290305024670719,0.696556479184545,0.9008844771275601,-0.16043569395421153,-0.22576040540101017,21,"Admission grade,Age at enrollment,Application mode,Course,Curricular units 1st sem (approved),Curricular units 1st sem (credited),Curricular units 1st sem (evaluations),Curricular units 1st sem (grade),Curricular units 2nd sem (approved),Curricular units 2nd sem (credited),Curricular units 2nd sem (enrolled),Curricular units 2nd sem (evaluations),Curricular units 2nd sem (grade),Father's qualification,Mother's occupation,Previous qualification,Previous qualification (grade),Previous qualification_shuffled_1,Scholarship holder,Target,Tuition fees up to date,Unemployment rate"
students_un_clean,classification,2.3089895248413086,0.7774011299435029,0.7070958398371169,0.7237993558840238,0.6980699187011422,0.899236701048833,-0.13585120122349348,-0.18827716275407735,22,"Admission grade,Age at enrollment,Application mode,Course,Curricular units 1st sem (approved),Curricular units 1st sem (credited),Curricular units 1st sem (evaluations),Curricular units 1st sem (grade),Curricular units 2nd sem (approved),Curricular units 2nd sem (credited),Curricular units 2nd sem (enrolled),Curricular units 2nd sem (evaluations),Curricular units 2nd sem (grade),Father's qualification,Inflation rate,Mother's occupation,Previous qualification,Previous qualification (grade),Previous qualification_shuffled_1,Scholarship holder,Target,Tuition fees up to date,Unemployment rate"
students_un_clean,classification,2.3089895248413086,0.7728813559322034,0.6959583157482087,0.719014787161291,0.6864964319435877,0.8991713893916987,-0.09826868645265108,-0.14160033891565904,23,"Admission grade,Age at enrollment,Application mode,Course,Curricular units 1st sem (approved),Curricular units 1st sem (credited),Curricular units 1st sem (evaluations),Curricular units 1st sem (grade),Curricular units 2nd sem (approved),Curricular units 2nd sem (credited),Curricular units 2nd sem (enrolled),Curricular units 2nd sem (evaluations),Curricular units 2nd sem (grade),Father's occupation,Father's qualification,Inflation rate,Mother's occupation,Previous qualification,Previous qualification (grade),Previous qualification_shuffled_1,Scholarship holder,Target,Tuition fees up to date,Unemployment rate"
students_un_clean,classification,2.3089895248413086,0.7875706214689265,0.7151980176380787,0.7397283043957871,0.7038509169552923,0.8960290229200746,-0.1932149111674114,-0.2641539654277575,24,"Admission grade,Age at enrollment,Application mode,Course,Curricular units 1st sem (approved),Curricular units 1st sem (credited),Curricular units 1st sem (evaluations),Curricular units 1st sem (grade),Curricular units 2nd sem (approved),Curricular units 2nd sem (credited),Curricular units 2nd sem (enrolled),Curricular units 2nd sem (evaluations),Curricular units 2nd sem (grade),Father's occupation,Father's qualification,GDP,Inflation rate,Mother's occupation,Previous qualification,Previous qualification (grade),Previous qualification_shuffled_1,Scholarship holder,Target,Tuition fees up to date,Unemployment rate"
students_un_clean,classification,2.3089895248413086,0.7819209039548023,0.7201903676601807,0.7309186780914049,0.7129998943164284,0.8956757223971671,-0.21073238793556226,-0.27172207931282544,25,"Admission grade,Age at enrollment,Application mode,Course,Curricular units 1st sem (approved),Curricular units 1st sem (credited),Curricular units 1st sem (evaluations),Curricular units 1st sem (grade),Curricular units 2nd sem (approved),Curricular units 2nd sem (credited),Curricular units 2nd sem (enrolled),Curricular units 2nd sem (evaluations),Curricular units 2nd sem (grade),Father's occupation,Father's qualification,GDP,Gender,Inflation rate,Mother's occupation,Previous qualification,Previous qualification (grade),Previous qualification_shuffled_1,Scholarship holder,Target,Tuition fees up to date,Unemployment rate"
students_un_clean,classification,2.3089895248413086,0.7875706214689265,0.7236502982932365,0.7377786839519388,0.7150087840283397,0.9016081970784727,-0.17739123216204267,-0.23484250421659703,26,"Admission grade,Age at enrollment,Application mode,Course,Curricular units 1st sem (approved),Curricular units 1st sem (credited),Curricular units 1st sem (evaluations),Curricular units 1st sem (grade),Curricular units 2nd sem (approved),Curricular units 2nd sem (credited),Curricular units 2nd sem (enrolled),Curricular units 2nd sem (evaluations),Curricular units 2nd sem (grade),Debtor,Father's occupation,Father's qualification,GDP,Gender,Inflation rate,Mother's occupation,Previous qualification,Previous qualification (grade),Previous qualification_shuffled_1,Scholarship holder,Target,Tuition fees up to date,Unemployment rate"
students_un_clean,classification,2.3089895248413086,0.7785310734463277,0.7123619243446817,0.7303226104906543,0.7024313701440836,0.8996028347079514,-0.15930447331829511,-0.21219974190678437,27,"Admission grade,Age at enrollment,Application mode,Course,Curricular units 1st sem (approved),Curricular units 1st sem (credited),Curricular units 1st sem (enrolled),Curricular units 1st sem (evaluations),Curricular units 1st sem (grade),Curricular units 2nd sem (approved),Curricular units 2nd sem (credited),Curricular units 2nd sem (enrolled),Curricular units 2nd sem (evaluations),Curricular units 2nd sem (grade),Debtor,Father's occupation,Father's qualification,GDP,Gender,Inflation rate,Mother's occupation,Previous qualification,Previous qualification (grade),Previous qualification_shuffled_1,Scholarship holder,Target,Tuition fees up to date,Unemployment rate"
students_un_clean,classification,2.3089895248413086,0.8033898305084746,0.7443815185690528,0.7666128533216224,0.731775128607287,0.9046899292176939,-0.12879440232565942,-0.17326365721990655,28,"Admission grade,Age at enrollment,Application mode,Course,Curricular units 1st sem (approved),Curricular units 1st sem (credited),Curricular units 1st sem (enrolled),Curricular units 1st sem (evaluations),Curricular units 1st sem (grade),Curricular units 2nd sem (approved),Curricular units 2nd sem (credited),Curricular units 2nd sem (enrolled),Curricular units 2nd sem (evaluations),Curricular units 2nd sem (grade),Debtor,Father's occupation,Father's qualification,GDP,Gender,Inflation rate,Mother's occupation,Mother's qualification,Previous qualification,Previous qualification (grade),Previous qualification_shuffled_1,Scholarship holder,Target,Tuition fees up to date,Unemployment rate"
students_un_clean,classification,2.3089895248413086,0.7977401129943503,0.738621513265518,0.7579890209452532,0.7271652673279974,0.9031475382086307,-0.16580891215399662,-0.21843155987078733,29,"Admission grade,Age at enrollment,Application mode,Course,Curricular units 1st sem (approved),Curricular units 1st sem (credited),Curricular units 1st sem (enrolled),Curricular units 1st sem (evaluations),Curricular units 1st sem (grade),Curricular units 2nd sem (approved),Curricular units 2nd sem (credited),Curricular units 2nd sem (enrolled),Curricular units 2nd sem (evaluations),Curricular units 2nd sem (grade),Daytime/evening attendance	_shuffled_1,Debtor,Father's occupation,Father's qualification,GDP,Gender,Inflation rate,Mother's occupation,Mother's qualification,Previous qualification,Previous qualification (grade),Previous qualification_shuffled_1,Scholarship holder,Target,Tuition fees up to date,Unemployment rate"
students_un_clean,classification,2.3089895248413086,0.7966101694915254,0.7325611193750176,0.7566204648147794,0.7201192393935981,0.9039984663281936,-0.11212111053107987,-0.15621383947273404,30,"Admission grade,Age at enrollment,Application mode,Course,Curricular units 1st sem (approved),Curricular units 1st sem (credited),Curricular units 1st sem (enrolled),Curricular units 1st sem (evaluations),Curricular units 1st sem (grade),Curricular units 2nd sem (approved),Curricular units 2nd sem (credited),Curricular units 2nd sem (enrolled),Curricular units 2nd sem (evaluations),Curricular units 2nd sem (grade),Daytime/evening attendance	_shuffled_1,Debtor,Displaced,Father's occupation,Father's qualification,GDP,Gender,Inflation rate,Mother's occupation,Mother's qualification,Previous qualification,Previous qualification (grade),Previous qualification_shuffled_1,Scholarship holder,Target,Tuition fees up to date,Unemployment rate"
students_un_clean,classification,2.3089895248413086,0.7864406779661017,0.7225653678210299,0.7360692358519626,0.7142546362153683,0.9017408954321033,-0.20027873429724952,-0.2624669041437435,31,"Admission grade,Age at enrollment,Application mode,Course,Curricular units 1st sem (approved),Curricular units 1st sem (credited),Curricular units 1st sem (enrolled),Curricular units 1st sem (evaluations),Curricular units 1st sem (grade),Curricular units 2nd sem (approved),Curricular units 2nd sem (credited),Curricular units 2nd sem (enrolled),Curricular units 2nd sem (evaluations),Curricular units 2nd sem (grade),Daytime/evening attendance	_shuffled_1,Debtor,Debtor_shuffled_1,Displaced,Father's occupation,Father's qualification,GDP,Gender,Inflation rate,Mother's occupation,Mother's qualification,Previous qualification,Previous qualification (grade),Previous qualification_shuffled_1,Scholarship holder,Target,Tuition fees up to date,Unemployment rate"
students_un_clean,classification,2.3089895248413086,0.7898305084745763,0.723558335936731,0.7427240020045925,0.7136652933146657,0.9010047810542847,-0.20960436013237482,-0.27595969987997915,32,"Admission grade,Age at enrollment,Application mode,Course,Curricular units 1st sem (approved),Curricular units 1st sem (credited),Curricular units 1st sem (enrolled),Curricular units 1st sem (evaluations),Curricular units 1st sem (grade),Curricular units 2nd sem (approved),Curricular units 2nd sem (credited),Curricular units 2nd sem (enrolled),Curricular units 2nd sem (evaluations),Curricular units 2nd sem (grade),Daytime/evening attendance	,Daytime/evening attendance	_shuffled_1,Debtor,Debtor_shuffled_1,Displaced,Father's occupation,Father's qualification,GDP,Gender,Inflation rate,Mother's occupation,Mother's qualification,Previous qualification,Previous qualification (grade),Previous qualification_shuffled_1,Scholarship holder,Target,Tuition fees up to date,Unemployment rate"
students_un_clean,classification,2.3089895248413086,0.7932203389830509,0.7327477971690396,0.7530205550316937,0.7210445384774378,0.9048824685148258,-0.1273787002935809,-0.171949241757533,33,"Admission grade,Age at enrollment,Application mode,Application order,Course,Curricular units 1st sem (approved),Curricular units 1st sem (credited),Curricular units 1st sem (enrolled),Curricular units 1st sem (evaluations),Curricular units 1st sem (grade),Curricular units 2nd sem (approved),Curricular units 2nd sem (credited),Curricular units 2nd sem (enrolled),Curricular units 2nd sem (evaluations),Curricular units 2nd sem (grade),Daytime/evening attendance	,Daytime/evening attendance	_shuffled_1,Debtor,Debtor_shuffled_1,Displaced,Father's occupation,Father's qualification,GDP,Gender,Inflation rate,Mother's occupation,Mother's qualification,Previous qualification,Previous qualification (grade),Previous qualification_shuffled_1,Scholarship holder,Target,Tuition fees up to date,Unemployment rate"
students_un_clean,classification,2.3089895248413086,0.8,0.7386804367626286,0.7643595523857537,0.7254858204311864,0.9046392129015306,-0.14942074032212482,-0.20177695041634103,34,"Admission grade,Age at enrollment,Application mode,Application order,Course,Curricular units 1st sem (approved),Curricular units 1st sem (credited),Curricular units 1st sem (enrolled),Curricular units 1st sem (evaluations),Curricular units 1st sem (grade),Curricular units 2nd sem (approved),Curricular units 2nd sem (credited),Curricular units 2nd sem (enrolled),Curricular units 2nd sem (evaluations),Curricular units 2nd sem (grade),Daytime/evening attendance	,Daytime/evening attendance	_shuffled_1,Debtor,Debtor_shuffled_1,Debtor_shuffled_2,Displaced,Father's occupation,Father's qualification,GDP,Gender,Inflation rate,Mother's occupation,Mother's qualification,Previous qualification,Previous qualification (grade),Previous qualification_shuffled_1,Scholarship holder,Target,Tuition fees up to date,Unemployment rate"
students_un_clean,classification,2.3089895248413086,0.792090395480226,0.7329665364559389,0.7491678414786967,0.7228913622318446,0.9030405509335843,-0.1720237610611699,-0.22584515987624165,35,"Admission grade,Age at enrollment,Application mode,Application order,Course,Curricular units 1st sem (approved),Curricular units 1st sem (credited),Curricular units 1st sem (credited)_shuffled_2,Curricular units 1st sem (enrolled),Curricular units 1st sem (evaluations),Curricular units 1st sem (grade),Curricular units 2nd sem (approved),Curricular units 2nd sem (credited),Curricular units 2nd sem (enrolled),Curricular units 2nd sem (evaluations),Curricular units 2nd sem (grade),Daytime/evening attendance	,Daytime/evening attendance	_shuffled_1,Debtor,Debtor_shuffled_1,Debtor_shuffled_2,Displaced,Father's occupation,Father's qualification,GDP,Gender,Inflation rate,Mother's occupation,Mother's qualification,Previous qualification,Previous qualification (grade),Previous qualification_shuffled_1,Scholarship holder,Target,Tuition fees up to date,Unemployment rate"
students_un_clean,classification,2.3089895248413086,0.792090395480226,0.7333011450111822,0.7481832490877173,0.723814089370357,0.904449513259831,-0.1720237610611699,-0.22446596017614118,36,"Admission grade,Age at enrollment,Application mode,Application order,Course,Curricular units 1st sem (approved),Curricular units 1st sem (credited),Curricular units 1st sem (credited)_shuffled_1,Curricular units 1st sem (credited)_shuffled_2,Curricular units 1st sem (enrolled),Curricular units 1st sem (evaluations),Curricular units 1st sem (grade),Curricular units 2nd sem (approved),Curricular units 2nd sem (credited),Curricular units 2nd sem (enrolled),Curricular units 2nd sem (evaluations),Curricular units 2nd sem (grade),Daytime/evening attendance	,Daytime/evening attendance	_shuffled_1,Debtor,Debtor_shuffled_1,Debtor_shuffled_2,Displaced,Father's occupation,Father's qualification,GDP,Gender,Inflation rate,Mother's occupation,Mother's qualification,Previous qualification,Previous qualification (grade),Previous qualification_shuffled_1,Scholarship holder,Target,Tuition fees up to date,Unemployment rate"
students_un_clean,classification,2.3089895248413086,0.7898305084745763,0.7300202724577197,0.7459993455094497,0.7201243832842525,0.9039915440980596,-0.16072049463364646,-0.21096685971163143,37,"Admission grade,Age at enrollment,Application mode,Application order,Course,Curricular units 1st sem (approved),Curricular units 1st sem (credited),Curricular units 1st sem (credited)_shuffled_1,Curricular units 1st sem (credited)_shuffled_2,Curricular units 1st sem (enrolled),Curricular units 1st sem (evaluations),Curricular units 1st sem (grade),Curricular units 2nd sem (approved),Curricular units 2nd sem (credited),Curricular units 2nd sem (credited)_shuffled_1,Curricular units 2nd sem (enrolled),Curricular units 2nd sem (evaluations),Curricular units 2nd sem (grade),Daytime/evening attendance	,Daytime/evening attendance	_shuffled_1,Debtor,Debtor_shuffled_1,Debtor_shuffled_2,Displaced,Father's occupation,Father's qualification,GDP,Gender,Inflation rate,Mother's occupation,Mother's qualification,Previous qualification,Previous qualification (grade),Previous qualification_shuffled_1,Scholarship holder,Target,Tuition fees up to date,Unemployment rate"
students_un_clean,classification,2.3089895248413086,0.7966101694915254,0.7267035088600275,0.7599208006793656,0.7124850710264413,0.9042182849124633,-0.18671845441353252,-0.25520149721186547,38,"Admission grade,Age at enrollment,Application mode,Application order,Course,Curricular units 1st sem (approved),Curricular units 1st sem (credited),Curricular units 1st sem (credited)_shuffled_1,Curricular units 1st sem (credited)_shuffled_2,Curricular units 1st sem (enrolled),Curricular units 1st sem (evaluations),Curricular units 1st sem (grade),Curricular units 2nd sem (approved),Curricular units 2nd sem (credited),Curricular units 2nd sem (credited)_shuffled_1,Curricular units 2nd sem (enrolled),Curricular units 2nd sem (evaluations),Curricular units 2nd sem (grade),Daytime/evening attendance	,Daytime/evening attendance	_shuffled_1,Debtor,Debtor_shuffled_1,Debtor_shuffled_2,Displaced,Father's occupation,Father's qualification,GDP,Gender,Inflation rate,Marital status,Mother's occupation,Mother's qualification,Previous qualification,Previous qualification (grade),Previous qualification_shuffled_1,Scholarship holder,Target,Tuition fees up to date,Unemployment rate"
students_mn_dirty,classification,3.0629305839538574,0.7175141242937854,0.5178341384863124,0.47978316277422284,0.56783081596669,0.8268714298226291,0.006578831838289445,0.004636460480227367,1,"Curricular units 2nd sem (approved),Target"
students_mn_dirty,classification,3.0629305839538574,0.7288135593220338,0.6280082242028465,0.6629344250235657,0.6235259246076649,0.8454234125942194,-0.0024664632832218647,0.005834871668498054,2,"Curricular units 1st sem (approved),Curricular units 2nd sem (approved),Target"
students_mn_dirty,classification,3.0629305839538574,0.727683615819209,0.5858579073924252,0.6545906793584811,0.5992825007378477,0.8472740462067719,-0.009530286413059974,-0.019944264634471964,3,"Curricular units 1st sem (approved),Curricular units 2nd sem (approved),Curricular units 2nd sem (grade),Target"
students_mn_dirty,classification,3.0629305839538574,0.735593220338983,0.6466801698992581,0.656332678097178,0.6447465778764335,0.8679346610734012,-0.05333020435725888,-0.07405871828847277,4,"Curricular units 1st sem (approved),Curricular units 2nd sem (approved),Curricular units 2nd sem (enrolled),Curricular units 2nd sem (grade),Target"
students_mn_dirty,classification,3.0629305839538574,0.7423728813559322,0.6509049153418928,0.6684066302042638,0.6482651326916696,0.8753642990806374,-0.018011407991341044,-0.023307476214804335,5,"Curricular units 1st sem (approved),Curricular units 2nd sem (approved),Curricular units 2nd sem (enrolled),Curricular units 2nd sem (evaluations),Curricular units 2nd sem (grade),Target"
students_mn_dirty,classification,3.0629305839538574,0.7480225988700565,0.6260743068650045,0.6883321713401465,0.627202770967133,0.8797014906624921,-0.029315632268683278,-0.06265443024914064,6,"Curricular units 1st sem (approved),Curricular units 1st sem (evaluations),Curricular units 2nd sem (approved),Curricular units 2nd sem (enrolled),Curricular units 2nd sem (evaluations),Curricular units 2nd sem (grade),Target"
students_mn_dirty,classification,3.0629305839538574,0.7570621468926554,0.6757554837054278,0.7015382224097534,0.6662899935828294,0.8809045007764791,-0.03949055160974646,-0.055653883702496576,7,"Age at enrollment,Curricular units 1st sem (approved),Curricular units 1st sem (evaluations),Curricular units 2nd sem (approved),Curricular units 2nd sem (enrolled),Curricular units 2nd sem (evaluations),Curricular units 2nd sem (grade),Target"
students_mn_dirty,classification,3.0629305839538574,0.7502824858757062,0.6655385865271113,0.6866465426623426,0.6595000913207602,0.8780732783978488,-0.09515407812542398,-0.14148824992489284,8,"Age at enrollment,Application mode,Curricular units 1st sem (approved),Curricular units 1st sem (evaluations),Curricular units 2nd sem (approved),Curricular units 2nd sem (enrolled),Curricular units 2nd sem (evaluations),Curricular units 2nd sem (grade),Target"
students_mn_dirty,classification,3.0629305839538574,0.7480225988700565,0.6578504355590621,0.6756151485565386,0.6530422038191183,0.8714974845837292,-0.11267251274339363,-0.16316402108935768,9,"Admission grade,Age at enrollment,Application mode,Curricular units 1st sem (approved),Curricular units 1st sem (evaluations),Curricular units 2nd sem (approved),Curricular units 2nd sem (enrolled),Curricular units 2nd sem (evaluations),Curricular units 2nd sem (grade),Target"
students_mn_dirty,classification,3.0629305839538574,0.7536723163841808,0.6731758759014322,0.6942182253554513,0.6657893994968607,0.869443548253634,-0.0928945104030473,-0.1285606874264431,10,"Admission grade,Age at enrollment,Application mode,Curricular units 1st sem (approved),Curricular units 1st sem (evaluations),Curricular units 2nd sem (approved),Curricular units 2nd sem (enrolled),Curricular units 2nd sem (evaluations),Curricular units 2nd sem (grade),Previous qualification (grade),Target"
students_mn_dirty,classification,3.0629305839538574,0.7581920903954802,0.6753472990215603,0.701319572467355,0.6666245802885843,0.881431193096975,-0.16749313141859157,-0.23648596040801306,11,"Admission grade,Age at enrollment,Application mode,Course,Curricular units 1st sem (approved),Curricular units 1st sem (evaluations),Curricular units 2nd sem (approved),Curricular units 2nd sem (enrolled),Curricular units 2nd sem (evaluations),Curricular units 2nd sem (grade),Previous qualification (grade),Target"
students_mn_dirty,classification,3.0629305839538574,0.7627118644067796,0.6829842423860929,0.7081052386016925,0.6733320800945194,0.8822676181492263,-0.16014770044204774,-0.22551323955359792,12,"Admission grade,Admission grade_shuffled_1,Age at enrollment,Application mode,Course,Curricular units 1st sem (approved),Curricular units 1st sem (evaluations),Curricular units 2nd sem (approved),Curricular units 2nd sem (enrolled),Curricular units 2nd sem (evaluations),Curricular units 2nd sem (grade),Previous qualification (grade),Target"
students_mn_dirty,classification,3.0629305839538574,0.7615819209039548,0.6860714487104271,0.7056518164205409,0.6777798754163045,0.8857980688539707,-0.19009934499036563,-0.2578722278306991,13,"Admission grade,Admission grade_shuffled_1,Age at enrollment,Application mode,Course,Curricular units 1st sem (approved),Curricular units 1st sem (evaluations),Curricular units 2nd sem (approved),Curricular units 2nd sem (enrolled),Curricular units 2nd sem (evaluations),Curricular units 2nd sem (grade),Mother's occupation,Previous qualification (grade),Target"
students_mn_dirty,classification,3.0629305839538574,0.7638418079096045,0.6850019075556593,0.7075978563714412,0.6769395507339263,0.8829459299912784,-0.17794965860636047,-0.2474366723231466,14,"Admission grade,Admission grade_shuffled_1,Age at enrollment,Application mode,Course,Curricular units 1st sem (approved),Curricular units 1st sem (evaluations),Curricular units 2nd sem (approved),Curricular units 2nd sem (enrolled),Curricular units 2nd sem (evaluations),Curricular units 2nd sem (grade),Mother's occupation,Previous qualification (grade),Previous qualification (grade)_shuffled_2,Target"
students_mn_dirty,classification,3.0629305839538574,0.7740112994350282,0.7005377628719242,0.7155913978494625,0.6927869425876336,0.8826580596403747,-0.18614693735502552,-0.2541500796476248,15,"Admission grade,Admission grade_shuffled_1,Age at enrollment,Application mode,Course,Curricular units 1st sem (approved),Curricular units 1st sem (evaluations),Curricular units 2nd sem (approved),Curricular units 2nd sem (enrolled),Curricular units 2nd sem (evaluations),Curricular units 2nd sem (grade),Mother's occupation,Previous qualification (grade),Previous qualification (grade)_shuffled_1,Previous qualification (grade)_shuffled_2,Target"
students_mn_dirty,classification,3.0629305839538574,0.7468926553672316,0.6657754297825832,0.6793182490387459,0.6608449515118161,0.873112789197798,-0.2149609756019687,-0.28992819321742824,16,"Admission grade,Admission grade_shuffled_1,Age at enrollment,Application mode,Course,Curricular units 1st sem (approved),Curricular units 1st sem (evaluations),Curricular units 2nd sem (approved),Curricular units 2nd sem (enrolled),Curricular units 2nd sem (evaluations),Curricular units 2nd sem (grade),Father's occupation_shuffled_1,Mother's occupation,Previous qualification (grade),Previous qualification (grade)_shuffled_1,Previous qualification (grade)_shuffled_2,Target"
students_mn_dirty,classification,3.0629305839538574,0.7615819209039548,0.6833862839258149,0.702864882144706,0.6751789038489262,0.8787935201745439,-0.22598518844896975,-0.3027633373038938,17,"Admission grade,Admission grade_shuffled_1,Age at enrollment,Application mode,Course,Course_shuffled_1,Curricular units 1st sem (approved),Curricular units 1st sem (evaluations),Curricular units 2nd sem (approved),Curricular units 2nd sem (enrolled),Curricular units 2nd sem (evaluations),Curricular units 2nd sem (grade),Father's occupation_shuffled_1,Mother's occupation,Previous qualification (grade),Previous qualification (grade)_shuffled_1,Previous qualification (grade)_shuffled_2,Target"
students_mn_dirty,classification,3.0629305839538574,0.751412429378531,0.6843839609805267,0.6938303980448085,0.6786267134667191,0.865660815280373,-0.24237112529793126,-0.30831815489331127,18,"Admission grade,Admission grade_shuffled_1,Age at enrollment,Application mode,Course,Course_shuffled_1,Curricular units 1st sem (approved),Curricular units 1st sem (evaluations),Curricular units 2nd sem (approved),Curricular units 2nd sem (enrolled),Curricular units 2nd sem (evaluations),Curricular units 2nd sem (grade),Father's occupation_shuffled_1,Father's qualification,Mother's occupation,Previous qualification (grade),Previous qualification (grade)_shuffled_1,Previous qualification (grade)_shuffled_2,Target"
students_mn_dirty,classification,3.0629305839538574,0.7638418079096045,0.6848884390029671,0.7021044546693198,0.6775263216893017,0.878080567945409,-0.19009998355691138,-0.2620861638165626,19,"Admission grade,Admission grade_shuffled_1,Age at enrollment,Application mode,Course,Course_shuffled_1,Course_shuffled_2,Curricular units 1st sem (approved),Curricular units 1st sem (evaluations),Curricular units 2nd sem (approved),Curricular units 2nd sem (enrolled),Curricular units 2nd sem (evaluations),Curricular units 2nd sem (grade),Father's occupation_shuffled_1,Father's qualification,Mother's occupation,Previous qualification (grade),Previous qualification (grade)_shuffled_1,Previous qualification (grade)_shuffled_2,Target"
students_mn_dirty,classification,3.0629305839538574,0.7548022598870057,0.6695762984942831,0.6848678590614075,0.6646980930328072,0.878413796498477,-0.24519774011299433,-0.33042370150571687,20,"Admission grade,Admission grade_shuffled_1,Age at enrollment,Application mode,Course,Course_shuffled_1,Course_shuffled_2,Curricular units 1st sem (approved),Curricular units 1st sem (evaluations),Curricular units 2nd sem (approved),Curricular units 2nd sem (enrolled),Curricular units 2nd sem (evaluations),Curricular units 2nd sem (grade),Father's occupation_shuffled_1,Father's occupation_shuffled_2,Father's qualification,Mother's occupation,Previous qualification (grade),Previous qualification (grade)_shuffled_1,Previous qualification (grade)_shuffled_2,Target"
students_mn_dirty,classification,3.0629305839538574,0.7559322033898305,0.6644107093355218,0.6903995514927176,0.6587407996171342,0.8783013167438524,-0.17257867538948568,-0.250204374511908,21,"Admission grade,Admission grade_shuffled_1,Age at enrollment,Application mode,Course,Course_shuffled_1,Course_shuffled_2,Curricular units 1st sem (approved),Curricular units 1st sem (credited),Curricular units 1st sem (evaluations),Curricular units 2nd sem (approved),Curricular units 2nd sem (enrolled),Curricular units 2nd sem (evaluations),Curricular units 2nd sem (grade),Father's occupation_shuffled_1,Father's occupation_shuffled_2,Father's qualification,Mother's occupation,Previous qualification (grade),Previous qualification (grade)_shuffled_1,Previous qualification (grade)_shuffled_2,Target"
students_mn_dirty,classification,3.0629305839538574,0.752542372881356,0.6612360094278272,0.6878212262322377,0.6556392339637873,0.8727789574680062,-0.24745762711864405,-0.33876399057217277,22,"Admission grade,Admission grade_shuffled_1,Age at enrollment,Application mode,Course,Course_shuffled_1,Course_shuffled_2,Curricular units 1st sem (approved),Curricular units 1st sem (credited),Curricular units 1st sem (evaluations),Curricular units 2nd sem (approved),Curricular units 2nd sem (enrolled),Curricular units 2nd sem (evaluations),Curricular units 2nd sem (grade),Father's occupation_shuffled_1,Father's occupation_shuffled_2,Father's qualification,Mother's occupation,Mother's occupation_shuffled_1,Previous qualification (grade),Previous qualification (grade)_shuffled_1,Previous qualification (grade)_shuffled_2,Target"
students_mn_dirty,classification,3.0629305839538574,0.752542372881356,0.6581264447993904,0.6840842027982889,0.6529546574723296,0.8778620778238851,-0.24745762711864405,-0.3418735552006096,23,"Admission grade,Admission grade_shuffled_1,Age at enrollment,Application mode,Course,Course_shuffled_1,Course_shuffled_2,Curricular units 1st sem (approved),Curricular units 1st sem (credited),Curricular units 1st sem (evaluations),Curricular units 2nd sem (approved),Curricular units 2nd sem (credited),Curricular units 2nd sem (enrolled),Curricular units 2nd sem (evaluations),Curricular units 2nd sem (grade),Father's occupation_shuffled_1,Father's occupation_shuffled_2,Father's qualification,Mother's occupation,Mother's occupation_shuffled_1,Previous qualification (grade),Previous qualification (grade)_shuffled_1,Previous qualification (grade)_shuffled_2,Target"
students_mn_dirty,classification,3.0629305839538574,0.7559322033898305,0.6712945281518259,0.6910158730158731,0.6654522408457786,0.8710476161549643,-0.23248260305266744,-0.31590499370253167,24,"Admission grade,Admission grade_shuffled_1,Age at enrollment,Application mode,Course,Course_shuffled_1,Course_shuffled_2,Curricular units 1st sem (approved),Curricular units 1st sem (credited),Curricular units 1st sem (evaluations),Curricular units 2nd sem (approved),Curricular units 2nd sem (credited),Curricular units 2nd sem (enrolled),Curricular units 2nd sem (evaluations),Curricular units 2nd sem (grade),Father's occupation_shuffled_1,Father's occupation_shuffled_2,Father's qualification,Mother's occupation,Mother's occupation_shuffled_1,Mother's qualification_shuffled_1,Previous qualification (grade),Previous qualification (grade)_shuffled_1,Previous qualification (grade)_shuffled_2,Target"
students_mn_dirty,classification,3.0629305839538574,0.7457627118644068,0.6623043225193763,0.6749798355201758,0.65824534942182,0.8679708249473664,-0.2531070253494955,-0.33649962714520854,25,"Admission grade,Admission grade_shuffled_1,Age at enrollment,Application mode,Course,Course_shuffled_1,Course_shuffled_2,Curricular units 1st sem (approved),Curricular units 1st sem (credited),Curricular units 1st sem (evaluations),Curricular units 2nd sem (approved),Curricular units 2nd sem (credited),Curricular units 2nd sem (enrolled),Curricular units 2nd sem (evaluations),Curricular units 2nd sem (grade),Father's occupation_shuffled_1,Father's occupation_shuffled_2,Father's qualification,Mother's occupation,Mother's occupation_shuffled_1,Mother's occupation_shuffled_2,Mother's qualification_shuffled_1,Previous qualification (grade),Previous qualification (grade)_shuffled_1,Previous qualification (grade)_shuffled_2,Target"
students_mn_dirty,classification,3.0629305839538574,0.7581920903954802,0.6707691623886037,0.7021412070863534,0.6637727939489676,0.8743804754720985,-0.2418079096045198,-0.32923083761139627,26,"Admission grade,Admission grade_shuffled_1,Age at enrollment,Application mode,Course,Course_shuffled_1,Course_shuffled_2,Curricular units 1st sem (approved),Curricular units 1st sem (credited),Curricular units 1st sem (evaluations),Curricular units 2nd sem (approved),Curricular units 2nd sem (credited),Curricular units 2nd sem (enrolled),Curricular units 2nd sem (evaluations),Curricular units 2nd sem (grade),Father's occupation_shuffled_1,Father's occupation_shuffled_2,Father's qualification,Mother's occupation,Mother's occupation_shuffled_1,Mother's occupation_shuffled_2,Mother's qualification_shuffled_1,Previous qualification,Previous qualification (grade),Previous qualification (grade)_shuffled_1,Previous qualification (grade)_shuffled_2,Target"
students_mn_dirty,classification,3.0629305839538574,0.7638418079096045,0.6856957262004645,0.7072419649535862,0.6790373562700086,0.8798878703474301,-0.20168517711441358,-0.27479218793490745,27,"Admission grade,Admission grade_shuffled_1,Age at enrollment,Application mode,Application mode_shuffled_2,Course,Course_shuffled_1,Course_shuffled_2,Curricular units 1st sem (approved),Curricular units 1st sem (credited),Curricular units 1st sem (evaluations),Curricular units 2nd sem (approved),Curricular units 2nd sem (credited),Curricular units 2nd sem (enrolled),Curricular units 2nd sem (evaluations),Curricular units 2nd sem (grade),Father's occupation_shuffled_1,Father's occupation_shuffled_2,Father's qualification,Mother's occupation,Mother's occupation_shuffled_1,Mother's occupation_shuffled_2,Mother's qualification_shuffled_1,Previous qualification,Previous qualification (grade),Previous qualification (grade)_shuffled_1,Previous qualification (grade)_shuffled_2,Target"
students_mn_dirty,classification,3.0629305839538574,0.7581920903954802,0.6545699693833592,0.7035583959938873,0.6503499114916789,0.8796515267677063,-0.17173161686645821,-0.26215044301471324,28,"Admission grade,Admission grade_shuffled_1,Age at enrollment,Application mode,Application mode_shuffled_2,Course,Course_shuffled_1,Course_shuffled_2,Curricular units 1st sem (approved),Curricular units 1st sem (credited),Curricular units 1st sem (evaluations),Curricular units 2nd sem (approved),Curricular units 2nd sem (credited),Curricular units 2nd sem (enrolled),Curricular units 2nd sem (evaluations),Curricular units 2nd sem (grade),Father's occupation_shuffled_1,Father's occupation_shuffled_2,Father's qualification,Mother's occupation,Mother's occupation_shuffled_1,Mother's occupation_shuffled_2,Mother's qualification_shuffled_1,Mother's qualification_shuffled_2,Previous qualification,Previous qualification (grade),Previous qualification (grade)_shuffled_1,Previous qualification (grade)_shuffled_2,Target"
students_mn_dirty,classification,3.0629305839538574,0.7491525423728813,0.6681391802304294,0.687078011370787,0.6614305199992465,0.8685317443954585,-0.24886949775144762,-0.3297083516613233,29,"Admission grade,Admission grade_shuffled_1,Age at enrollment,Age at enrollment_shuffled_2,Application mode,Application mode_shuffled_2,Course,Course_shuffled_1,Course_shuffled_2,Curricular units 1st sem (approved),Curricular units 1st sem (credited),Curricular units 1st sem (evaluations),Curricular units 2nd sem (approved),Curricular units 2nd sem (credited),Curricular units 2nd sem (enrolled),Curricular units 2nd sem (evaluations),Curricular units 2nd sem (grade),Father's occupation_shuffled_1,Father's occupation_shuffled_2,Father's qualification,Mother's occupation,Mother's occupation_shuffled_1,Mother's occupation_shuffled_2,Mother's qualification_shuffled_1,Mother's qualification_shuffled_2,Previous qualification,Previous qualification (grade),Previous qualification (grade)_shuffled_1,Previous qualification (grade)_shuffled_2,Target"
students_mn_dirty,classification,3.0629305839538574,0.7548022598870057,0.6672132874264439,0.693088325035883,0.661090789402837,0.8734617668500295,-0.1799250642158482,-0.2555134253173956,30,"Admission grade,Admission grade_shuffled_1,Age at enrollment,Age at enrollment_shuffled_2,Application mode,Application mode_shuffled_2,Course,Course_shuffled_1,Course_shuffled_2,Curricular units 1st sem (approved),Curricular units 1st sem (credited),Curricular units 1st sem (evaluations),Curricular units 2nd sem (approved),Curricular units 2nd sem (credited),Curricular units 2nd sem (enrolled),Curricular units 2nd sem (evaluations),Curricular units 2nd sem (grade),Father's occupation_shuffled_1,Father's occupation_shuffled_2,Father's qualification,Father's qualification_shuffled_1,Mother's occupation,Mother's occupation_shuffled_1,Mother's occupation_shuffled_2,Mother's qualification_shuffled_1,Mother's qualification_shuffled_2,Previous qualification,Previous qualification (grade),Previous qualification (grade)_shuffled_1,Previous qualification (grade)_shuffled_2,Target"
students_mn_dirty,classification,3.0629305839538574,0.7536723163841808,0.6470435088275696,0.6912226652168659,0.6442291826411193,0.8804237241346056,-0.189249412917882,-0.28797415292826745,31,"Admission grade,Admission grade_shuffled_1,Age at enrollment,Age at enrollment_shuffled_2,Application mode,Application mode_shuffled_2,Course,Course_shuffled_1,Course_shuffled_2,Curricular units 1st sem (approved),Curricular units 1st sem (credited),Curricular units 1st sem (evaluations),Curricular units 1st sem (grade)_shuffled_2,Curricular units 2nd sem (approved),Curricular units 2nd sem (credited),Curricular units 2nd sem (enrolled),Curricular units 2nd sem (evaluations),Curricular units 2nd sem (grade),Father's occupation_shuffled_1,Father's occupation_shuffled_2,Father's qualification,Father's qualification_shuffled_1,Mother's occupation,Mother's occupation_shuffled_1,Mother's occupation_shuffled_2,Mother's qualification_shuffled_1,Mother's qualification_shuffled_2,Previous qualification,Previous qualification (grade),Previous qualification (grade)_shuffled_1,Previous qualification (grade)_shuffled_2,Target"
students_mn_dirty,classification,3.0629305839538574,0.7593220338983051,0.6639397760962874,0.7052742454615476,0.6569763783188617,0.8847425211237901,-0.21213883075272622,-0.30461996023308013,32,"Admission grade,Admission grade_shuffled_1,Age at enrollment,Age at enrollment_shuffled_2,Application mode,Application mode_shuffled_2,Course,Course_shuffled_1,Course_shuffled_2,Curricular units 1st sem (approved),Curricular units 1st sem (credited),Curricular units 1st sem (evaluations),Curricular units 1st sem (grade)_shuffled_2,Curricular units 2nd sem (approved),Curricular units 2nd sem (credited),Curricular units 2nd sem (enrolled),Curricular units 2nd sem (evaluations),Curricular units 2nd sem (grade),Father's occupation_shuffled_1,Father's occupation_shuffled_2,Father's qualification,Father's qualification_shuffled_1,Mother's occupation,Mother's occupation_shuffled_1,Mother's occupation_shuffled_2,Mother's qualification_shuffled_1,Mother's qualification_shuffled_2,Previous qualification,Previous qualification (grade),Previous qualification (grade)_shuffled_1,Previous qualification (grade)_shuffled_2,Target,spurious_num_1"
students_mn_dirty,classification,3.0629305839538574,0.7468926553672316,0.6381950318833369,0.6830126797944495,0.6361805970574006,0.8828948103559106,-0.21637380408459095,-0.32058808324389376,33,"Admission grade,Admission grade_shuffled_1,Age at enrollment,Age at enrollment_shuffled_2,Application mode,Application mode_shuffled_2,Course,Course_shuffled_1,Course_shuffled_2,Curricular units 1st sem (approved),Curricular units 1st sem (credited),Curricular units 1st sem (evaluations),Curricular units 1st sem (grade)_shuffled_2,Curricular units 2nd sem (approved),Curricular units 2nd sem (credited),Curricular units 2nd sem (enrolled),Curricular units 2nd sem (evaluations),Curricular units 2nd sem (grade),Father's occupation_shuffled_1,Father's occupation_shuffled_2,Father's qualification,Father's qualification_shuffled_1,Mother's occupation,Mother's occupation_shuffled_1,Mother's occupation_shuffled_2,Mother's qualification_shuffled_1,Mother's qualification_shuffled_2,Previous qualification,Previous qualification (grade),Previous qualification (grade)_shuffled_1,Previous qualification (grade)_shuffled_2,Target,spurious_num_1,spurious_num_11"
students_mn_dirty,classification,3.0629305839538574,0.7491525423728813,0.6578272678368271,0.6824192835028748,0.6528736244935773,0.8783591174912907,-0.19942050085967022,-0.28187532887324185,34,"Admission grade,Admission grade_shuffled_1,Age at enrollment,Age at enrollment_shuffled_2,Application mode,Application mode_shuffled_2,Course,Course_shuffled_1,Course_shuffled_2,Curricular units 1st sem (approved),Curricular units 1st sem (credited),Curricular units 1st sem (evaluations),Curricular units 1st sem (grade)_shuffled_2,Curricular units 2nd sem (approved),Curricular units 2nd sem (credited),Curricular units 2nd sem (enrolled),Curricular units 2nd sem (evaluations),Curricular units 2nd sem (grade),Father's occupation_shuffled_1,Father's occupation_shuffled_2,Father's qualification,Father's qualification_shuffled_1,Mother's occupation,Mother's occupation_shuffled_1,Mother's occupation_shuffled_2,Mother's qualification_shuffled_1,Mother's qualification_shuffled_2,Previous qualification,Previous qualification (grade),Previous qualification (grade)_shuffled_1,Previous qualification (grade)_shuffled_2,Target,spurious_num_1,spurious_num_11,spurious_num_8"
students_mn_dirty,classification,3.0629305839538574,0.7480225988700565,0.6424919387882351,0.6858488096737313,0.6400388824690462,0.8826265788775358,-0.23728398491067249,-0.3416041323226844,35,"Admission grade,Admission grade_shuffled_1,Age at enrollment,Age at enrollment_shuffled_2,Application mode,Application mode_shuffled_2,Course,Course_shuffled_1,Course_shuffled_2,Curricular units 1st sem (approved),Curricular units 1st sem (credited),Curricular units 1st sem (evaluations),Curricular units 1st sem (grade)_shuffled_2,Curricular units 2nd sem (approved),Curricular units 2nd sem (credited),Curricular units 2nd sem (enrolled),Curricular units 2nd sem (evaluations),Curricular units 2nd sem (grade),Father's occupation_shuffled_1,Father's occupation_shuffled_2,Father's qualification,Father's qualification_shuffled_1,Mother's occupation,Mother's occupation_shuffled_1,Mother's occupation_shuffled_2,Mother's qualification_shuffled_1,Mother's qualification_shuffled_2,Previous qualification,Previous qualification (grade),Previous qualification (grade)_shuffled_1,Previous qualification (grade)_shuffled_2,Target,spurious_num_1,spurious_num_11,spurious_num_2,spurious_num_8"
students_mn_dirty,classification,3.0629305839538574,0.7457627118644068,0.6629874717135427,0.6834311499521627,0.6569030611760911,0.8700146348852332,-0.2536721567425443,-0.3364146682428969,36,"Admission grade,Admission grade_shuffled_1,Age at enrollment,Age at enrollment_shuffled_2,Application mode,Application mode_shuffled_2,Course,Course_shuffled_1,Course_shuffled_2,Curricular units 1st sem (approved),Curricular units 1st sem (credited),Curricular units 1st sem (evaluations),Curricular units 1st sem (grade)_shuffled_2,Curricular units 2nd sem (approved),Curricular units 2nd sem (credited),Curricular units 2nd sem (enrolled),Curricular units 2nd sem (evaluations),Curricular units 2nd sem (grade),Father's occupation_shuffled_1,Father's occupation_shuffled_2,Father's qualification,Father's qualification_shuffled_1,Mother's occupation,Mother's occupation_shuffled_1,Mother's occupation_shuffled_2,Mother's qualification_shuffled_1,Mother's qualification_shuffled_2,Previous qualification,Previous qualification (grade),Previous qualification (grade)_shuffled_1,Previous qualification (grade)_shuffled_2,Target,spurious_num_1,spurious_num_11,spurious_num_2,spurious_num_8,spurious_num_9"
students_mn_dirty,classification,3.0629305839538574,0.7559322033898305,0.6677234700298363,0.7052753370132553,0.6588244045412137,0.8796453912874229,-0.175969463747779,-0.2523478304752067,37,"Admission grade,Admission grade_shuffled_1,Age at enrollment,Age at enrollment_shuffled_2,Application mode,Application mode_shuffled_2,Course,Course_shuffled_1,Course_shuffled_2,Curricular units 1st sem (approved),Curricular units 1st sem (credited),Curricular units 1st sem (evaluations),Curricular units 1st sem (grade)_shuffled_2,Curricular units 2nd sem (approved),Curricular units 2nd sem (credited),Curricular units 2nd sem (enrolled),Curricular units 2nd sem (evaluations),Curricular units 2nd sem (grade),Father's occupation_shuffled_1,Father's occupation_shuffled_2,Father's qualification,Father's qualification_shuffled_1,Mother's occupation,Mother's occupation_shuffled_1,Mother's occupation_shuffled_2,Mother's qualification_shuffled_1,Mother's qualification_shuffled_2,Previous qualification,Previous qualification (grade),Previous qualification (grade)_shuffled_1,Previous qualification (grade)_shuffled_2,Target,spurious_num_1,spurious_num_10,spurious_num_11,spurious_num_2,spurious_num_8,spurious_num_9"
students_mn_dirty,classification,3.0629305839538574,0.7446327683615819,0.6693754600839102,0.6888162770222767,0.6616016712701148,0.8720900173764171,-0.24943335201140482,-0.32394265852428805,38,"Admission grade,Admission grade_shuffled_1,Age at enrollment,Age at enrollment_shuffled_2,Application mode,Application mode_shuffled_2,Course,Course_shuffled_1,Course_shuffled_2,Curricular units 1st sem (approved),Curricular units 1st sem (credited),Curricular units 1st sem (evaluations),Curricular units 1st sem (grade)_shuffled_2,Curricular units 2nd sem (approved),Curricular units 2nd sem (credited),Curricular units 2nd sem (enrolled),Curricular units 2nd sem (evaluations),Curricular units 2nd sem (grade),Father's occupation_shuffled_1,Father's occupation_shuffled_2,Father's qualification,Father's qualification_shuffled_1,Mother's occupation,Mother's occupation_shuffled_1,Mother's occupation_shuffled_2,Mother's qualification_shuffled_1,Mother's qualification_shuffled_2,Previous qualification,Previous qualification (grade),Previous qualification (grade)_shuffled_1,Previous qualification (grade)_shuffled_2,Target,spurious_num_1,spurious_num_10,spurious_num_11,spurious_num_2,spurious_num_7,spurious_num_8,spurious_num_9"
students_mn_dirty,classification,3.0629305839538574,0.7457627118644068,0.6648370858341369,0.6859495774636213,0.6590008667121734,0.8733198743375713,-0.2542372881355932,-0.3351629141658631,39,"Admission grade,Admission grade_shuffled_1,Age at enrollment,Age at enrollment_shuffled_2,Application mode,Application mode_shuffled_2,Course,Course_shuffled_1,Course_shuffled_2,Curricular units 1st sem (approved),Curricular units 1st sem (credited),Curricular units 1st sem (evaluations),Curricular units 1st sem (grade)_shuffled_2,Curricular units 2nd sem (approved),Curricular units 2nd sem (credited),Curricular units 2nd sem (enrolled),Curricular units 2nd sem (evaluations),Curricular units 2nd sem (grade),Father's occupation_shuffled_1,Father's occupation_shuffled_2,Father's qualification,Father's qualification_shuffled_1,Mother's occupation,Mother's occupation_shuffled_1,Mother's occupation_shuffled_2,Mother's qualification_shuffled_1,Mother's qualification_shuffled_2,Previous qualification,Previous qualification (grade),Previous qualification (grade)_shuffled_1,Previous qualification (grade)_shuffled_2,Target,spurious_num_1,spurious_num_10,spurious_num_11,spurious_num_2,spurious_num_5,spurious_num_7,spurious_num_8,spurious_num_9"
students_mn_dirty,classification,3.0629305839538574,0.7491525423728813,0.6674623682375621,0.6924227085169559,0.660507792860734,0.8763718766665661,-0.1872701759091192,-0.25758252090086375,40,"Admission grade,Admission grade_shuffled_1,Age at enrollment,Age at enrollment_shuffled_2,Application mode,Application mode_shuffled_2,Course,Course_shuffled_1,Course_shuffled_2,Curricular units 1st sem (approved),Curricular units 1st sem (credited),Curricular units 1st sem (evaluations),Curricular units 1st sem (grade)_shuffled_2,Curricular units 2nd sem (approved),Curricular units 2nd sem (credited),Curricular units 2nd sem (enrolled),Curricular units 2nd sem (evaluations),Curricular units 2nd sem (grade),Father's occupation_shuffled_1,Father's occupation_shuffled_2,Father's qualification,Father's qualification_shuffled_1,Mother's occupation,Mother's occupation_shuffled_1,Mother's occupation_shuffled_2,Mother's qualification_shuffled_1,Mother's qualification_shuffled_2,Previous qualification,Previous qualification (grade),Previous qualification (grade)_shuffled_1,Previous qualification (grade)_shuffled_2,Target,spurious_cat_12,spurious_num_1,spurious_num_10,spurious_num_11,spurious_num_2,spurious_num_5,spurious_num_7,spurious_num_8,spurious_num_9"
students_mn_clean,classification,2.318620443344116,0.7175141242937854,0.5178341384863124,0.47978316277422284,0.56783081596669,0.8268714298226291,0.006578831838289445,0.004636460480227367,1,"Curricular units 2nd sem (approved),Target"
students_mn_clean,classification,2.318620443344116,0.7288135593220338,0.6280082242028465,0.6629344250235657,0.6235259246076649,0.8454234125942194,-0.0024664632832218647,0.005834871668498054,2,"Curricular units 1st sem (approved),Curricular units 2nd sem (approved),Target"
students_mn_clean,classification,2.318620443344116,0.727683615819209,0.5858579073924252,0.6545906793584811,0.5992825007378477,0.8472740462067719,-0.009530286413059974,-0.019944264634471964,3,"Curricular units 1st sem (approved),Curricular units 2nd sem (approved),Curricular units 2nd sem (grade),Target"
students_mn_clean,classification,2.318620443344116,0.7242937853107345,0.6235794601161472,0.6400095912419156,0.6226071388918616,0.8578266394781489,-0.014050379707632232,-0.014332668607950128,4,"Curricular units 1st sem (approved),Curricular units 2nd sem (approved),Curricular units 2nd sem (evaluations),Curricular units 2nd sem (grade),Target"
students_mn_clean,classification,2.318620443344116,0.7367231638418079,0.632952827164512,0.6789621556691184,0.6283017932671683,0.861141807514428,-0.027051913863758603,-0.03627699613136981,5,"Age at enrollment,Curricular units 1st sem (approved),Curricular units 2nd sem (approved),Curricular units 2nd sem (evaluations),Curricular units 2nd sem (grade),Target"
students_mn_clean,classification,2.318620443344116,0.727683615819209,0.6343274250757398,0.6596243977507736,0.6290636569161213,0.8642900664905063,-0.057001323429166195,-0.07581542894623039,6,"Age at enrollment,Curricular units 1st sem (approved),Curricular units 1st sem (evaluations),Curricular units 2nd sem (approved),Curricular units 2nd sem (evaluations),Curricular units 2nd sem (grade),Target"
students_mn_clean,classification,2.318620443344116,0.752542372881356,0.665802459533501,0.6937954609710335,0.6574846882408121,0.8792648451483456,-0.1519504216933827,-0.22473715293162477,7,"Age at enrollment,Curricular units 1st sem (approved),Curricular units 1st sem (evaluations),Curricular units 2nd sem (approved),Curricular units 2nd sem (enrolled),Curricular units 2nd sem (evaluations),Curricular units 2nd sem (grade),Target"
students_mn_clean,classification,2.318620443344116,0.7423728813559322,0.6307244332529204,0.6845861826993902,0.6279620626707588,0.8756119395795973,-0.07565481008232722,-0.12250500303398326,8,"Admission grade,Age at enrollment,Curricular units 1st sem (approved),Curricular units 1st sem (evaluations),Curricular units 2nd sem (approved),Curricular units 2nd sem (enrolled),Curricular units 2nd sem (evaluations),Curricular units 2nd sem (grade),Target"
students_mn_clean,classification,2.318620443344116,0.751412429378531,0.6585424305154272,0.6842115738667464,0.6518645534762213,0.8690874491937316,-0.06774552484582608,-0.10099751363568366,9,"Admission grade,Age at enrollment,Curricular units 1st sem (approved),Curricular units 1st sem (evaluations),Curricular units 2nd sem (approved),Curricular units 2nd sem (enrolled),Curricular units 2nd sem (evaluations),Curricular units 2nd sem (grade),Previous qualification (grade),Target"
students_mn_clean,classification,2.318620443344116,0.7559322033898305,0.6751903182977244,0.6951699284333649,0.6681368173372363,0.8716087735269396,-0.1406487516822238,-0.19575514039540642,10,"Admission grade,Age at enrollment,Application mode,Curricular units 1st sem (approved),Curricular units 1st sem (evaluations),Curricular units 2nd sem (approved),Curricular units 2nd sem (enrolled),Curricular units 2nd sem (evaluations),Curricular units 2nd sem (grade),Previous qualification (grade),Target"
students_mn_clean,classification,2.318620443344116,0.7615819209039548,0.678246891996892,0.7058206125428638,0.6693065848347147,0.8802239894573098,-0.19009934499036563,-0.267918946508488,11,"Admission grade,Age at enrollment,Application mode,Course,Curricular units 1st sem (approved),Curricular units 1st sem (evaluations),Curricular units 2nd sem (approved),Curricular units 2nd sem (enrolled),Curricular units 2nd sem (evaluations),Curricular units 2nd sem (grade),Previous qualification (grade),Target"
students_mn_clean,classification,2.318620443344116,0.7604519774011299,0.6816394952565165,0.6957931638913234,0.6760193955407412,0.8746908675106783,-0.20366217914026596,-0.27729552196589746,12,"Admission grade,Age at enrollment,Application mode,Course,Curricular units 1st sem (approved),Curricular units 1st sem (evaluations),Curricular units 1st sem (grade),Curricular units 2nd sem (approved),Curricular units 2nd sem (enrolled),Curricular units 2nd sem (evaluations),Curricular units 2nd sem (grade),Previous qualification (grade),Target"
students_mn_clean,classification,2.318620443344116,0.7694915254237288,0.6865189479773526,0.7213883946507491,0.6759279077712431,0.8817467429607447,-0.18671079161498272,-0.26406961098844384,13,"Admission grade,Age at enrollment,Application mode,Course,Curricular units 1st sem (approved),Curricular units 1st sem (credited),Curricular units 1st sem (evaluations),Curricular units 1st sem (grade),Curricular units 2nd sem (approved),Curricular units 2nd sem (enrolled),Curricular units 2nd sem (evaluations),Curricular units 2nd sem (grade),Previous qualification (grade),Target"
students_mn_clean,classification,2.318620443344116,0.7536723163841808,0.6684605520118657,0.6898932312985431,0.662937613157244,0.8739075819603938,-0.05531327276529652,-0.07828721567894392,14,"Admission grade,Age at enrollment,Application mode,Course,Curricular units 1st sem (approved),Curricular units 1st sem (credited),Curricular units 1st sem (evaluations),Curricular units 1st sem (grade),Curricular units 2nd sem (approved),Curricular units 2nd sem (credited),Curricular units 2nd sem (enrolled),Curricular units 2nd sem (evaluations),Curricular units 2nd sem (grade),Previous qualification (grade),Target"
students_mn_clean,classification,2.318620443344116,0.7694915254237288,0.6885758690089082,0.7183770013634234,0.6789484404458377,0.8814489599612659,-0.1392397545988765,-0.20061643912839366,15,"Admission grade,Age at enrollment,Application mode,Course,Curricular units 1st sem (approved),Curricular units 1st sem (credited),Curricular units 1st sem (evaluations),Curricular units 1st sem (grade),Curricular units 2nd sem (approved),Curricular units 2nd sem (credited),Curricular units 2nd sem (enrolled),Curricular units 2nd sem (evaluations),Curricular units 2nd sem (grade),Inflation rate,Previous qualification (grade),Target"
students_mn_clean,classification,2.318620443344116,0.7570621468926554,0.6753085012895075,0.6965485312018053,0.6684714040429912,0.8755877560991218,-0.07113790962048394,-0.10045226182797906,16,"Admission grade,Age at enrollment,Application mode,Course,Curricular units 1st sem (approved),Curricular units 1st sem (credited),Curricular units 1st sem (enrolled),Curricular units 1st sem (evaluations),Curricular units 1st sem (grade),Curricular units 2nd sem (approved),Curricular units 2nd sem (credited),Curricular units 2nd sem (enrolled),Curricular units 2nd sem (evaluations),Curricular units 2nd sem (grade),Inflation rate,Previous qualification (grade),Target"
students_mn_clean,classification,2.318620443344116,0.7604519774011299,0.6844696883927966,0.6973200843119542,0.6782008060009029,0.8841633253318036,-0.2395480225988701,-0.31553031160720335,17,"Admission grade,Age at enrollment,Application mode,Course,Curricular units 1st sem (approved),Curricular units 1st sem (credited),Curricular units 1st sem (enrolled),Curricular units 1st sem (evaluations),Curricular units 1st sem (grade),Curricular units 2nd sem (approved),Curricular units 2nd sem (credited),Curricular units 2nd sem (enrolled),Curricular units 2nd sem (evaluations),Curricular units 2nd sem (grade),Inflation rate,Previous qualification (grade),Target,Tuition fees up to date"
students_mn_clean,classification,2.318620443344116,0.7774011299435029,0.7013752942680717,0.7225574254289752,0.6921975996869308,0.8918646782433802,-0.06860056545067628,-0.1016303707791093,18,"Admission grade,Age at enrollment,Application mode,Course,Curricular units 1st sem (approved),Curricular units 1st sem (credited),Curricular units 1st sem (enrolled),Curricular units 1st sem (evaluations),Curricular units 1st sem (grade),Curricular units 2nd sem (approved),Curricular units 2nd sem (credited),Curricular units 2nd sem (enrolled),Curricular units 2nd sem (evaluations),Curricular units 2nd sem (grade),Inflation rate,Previous qualification,Previous qualification (grade),Target,Tuition fees up to date"
students_mn_clean,classification,2.318620443344116,0.7717514124293785,0.7049610911362064,0.7164297875233094,0.6978228783421762,0.8898125957666414,-0.14545683848895996,-0.19418837452657034,19,"Admission grade,Age at enrollment,Application mode,Course,Curricular units 1st sem (approved),Curricular units 1st sem (credited),Curricular units 1st sem (enrolled),Curricular units 1st sem (evaluations),Curricular units 1st sem (grade),Curricular units 2nd sem (approved),Curricular units 2nd sem (credited),Curricular units 2nd sem (enrolled),Curricular units 2nd sem (evaluations),Curricular units 2nd sem (grade),GDP,Inflation rate,Previous qualification,Previous qualification (grade),Target,Tuition fees up to date"
students_mn_clean,classification,2.318620443344116,0.7796610169491526,0.6962471373573571,0.7345564918367563,0.6843098775927713,0.8947553149292006,-0.16580380362163016,-0.2423896311479704,20,"Admission grade,Age at enrollment,Application mode,Course,Curricular units 1st sem (approved),Curricular units 1st sem (credited),Curricular units 1st sem (enrolled),Curricular units 1st sem (evaluations),Curricular units 1st sem (grade),Curricular units 2nd sem (approved),Curricular units 2nd sem (credited),Curricular units 2nd sem (enrolled),Curricular units 2nd sem (evaluations),Curricular units 2nd sem (grade),GDP,Inflation rate,Previous qualification,Previous qualification (grade),Scholarship holder,Target,Tuition fees up to date"
students_mn_clean,classification,2.318620443344116,0.784180790960452,0.7081847507627929,0.734993256561884,0.6978975649623287,0.894749966098186,-0.19038829635234822,-0.26334231159440424,21,"Admission grade,Age at enrollment,Application mode,Course,Curricular units 1st sem (approved),Curricular units 1st sem (credited),Curricular units 1st sem (enrolled),Curricular units 1st sem (evaluations),Curricular units 1st sem (grade),Curricular units 2nd sem (approved),Curricular units 2nd sem (credited),Curricular units 2nd sem (enrolled),Curricular units 2nd sem (evaluations),Curricular units 2nd sem (grade),GDP,Gender,Inflation rate,Previous qualification,Previous qualification (grade),Scholarship holder,Target,Tuition fees up to date"
students_mn_clean,classification,2.318620443344116,0.784180790960452,0.7012934916695226,0.735019175025471,0.6907665626264677,0.8956258133657377,-0.19434421610369035,-0.275630763445735,22,"Admission grade,Age at enrollment,Application mode,Course,Curricular units 1st sem (approved),Curricular units 1st sem (credited),Curricular units 1st sem (enrolled),Curricular units 1st sem (evaluations),Curricular units 1st sem (grade),Curricular units 2nd sem (approved),Curricular units 2nd sem (credited),Curricular units 2nd sem (enrolled),Curricular units 2nd sem (evaluations),Curricular units 2nd sem (grade),GDP,Gender,Inflation rate,Previous qualification,Previous qualification (grade),Scholarship holder,Target,Tuition fees up to date,Unemployment rate"
students_mn_clean,classification,2.318620443344116,0.7796610169491526,0.6927306478708348,0.726187706431581,0.6837231066373959,0.8948332443193013,-0.19123471630882993,-0.2755903845656559,23,"Admission grade,Age at enrollment,Application mode,Course,Curricular units 1st sem (approved),Curricular units 1st sem (credited),Curricular units 1st sem (credited)_shuffled_2,Curricular units 1st sem (enrolled),Curricular units 1st sem (evaluations),Curricular units 1st sem (grade),Curricular units 2nd sem (approved),Curricular units 2nd sem (credited),Curricular units 2nd sem (enrolled),Curricular units 2nd sem (evaluations),Curricular units 2nd sem (grade),GDP,Gender,Inflation rate,Previous qualification,Previous qualification (grade),Scholarship holder,Target,Tuition fees up to date,Unemployment rate"
students_mn_clean,classification,2.318620443344116,0.7774011299435029,0.6932932248876352,0.7203408439399152,0.6848993875029109,0.8948143678390063,-0.14941435465666664,-0.2187029244782388,24,"Admission grade,Age at enrollment,Application mode,Course,Curricular units 1st sem (approved),Curricular units 1st sem (credited),Curricular units 1st sem (credited)_shuffled_2,Curricular units 1st sem (enrolled),Curricular units 1st sem (evaluations),Curricular units 1st sem (grade),Curricular units 2nd sem (approved),Curricular units 2nd sem (credited),Curricular units 2nd sem (credited)_shuffled_1,Curricular units 2nd sem (enrolled),Curricular units 2nd sem (evaluations),Curricular units 2nd sem (grade),GDP,Gender,Inflation rate,Previous qualification,Previous qualification (grade),Scholarship holder,Target,Tuition fees up to date,Unemployment rate"
students_mn_clean,classification,2.318620443344116,0.7875706214689265,0.7021349532574224,0.7466198500195658,0.6907639906811406,0.8959994765232793,-0.19095438559521583,-0.27433125942683123,25,"Admission grade,Age at enrollment,Application mode,Course,Curricular units 1st sem (approved),Curricular units 1st sem (credited),Curricular units 1st sem (credited)_shuffled_2,Curricular units 1st sem (enrolled),Curricular units 1st sem (evaluations),Curricular units 1st sem (grade),Curricular units 2nd sem (approved),Curricular units 2nd sem (credited),Curricular units 2nd sem (credited)_shuffled_1,Curricular units 2nd sem (enrolled),Curricular units 2nd sem (evaluations),Curricular units 2nd sem (grade),Debtor,GDP,Gender,Inflation rate,Previous qualification,Previous qualification (grade),Scholarship holder,Target,Tuition fees up to date,Unemployment rate"
students_mn_clean,classification,2.318620443344116,0.7774011299435029,0.6955556424227664,0.720046330456015,0.6871644028871522,0.8914195900036924,-0.07283905089854292,-0.11242221097025529,26,"Admission grade,Age at enrollment,Application mode,Course,Curricular units 1st sem (approved),Curricular units 1st sem (credited),Curricular units 1st sem (credited)_shuffled_2,Curricular units 1st sem (enrolled),Curricular units 1st sem (evaluations),Curricular units 1st sem (grade),Curricular units 2nd sem (approved),Curricular units 2nd sem (credited),Curricular units 2nd sem (credited)_shuffled_1,Curricular units 2nd sem (enrolled),Curricular units 2nd sem (evaluations),Curricular units 2nd sem (grade),Debtor,GDP,Gender,Inflation rate,Previous qualification,Previous qualification (grade),Previous qualification_shuffled_1,Scholarship holder,Target,Tuition fees up to date,Unemployment rate"
students_mn_clean,classification,2.318620443344116,0.7830508474576271,0.706045786413196,0.7355441620304717,0.695045611613275,0.89839557723053,-0.16354423589925338,-0.23195914219042135,27,"Admission grade,Age at enrollment,Application mode,Course,Curricular units 1st sem (approved),Curricular units 1st sem (credited),Curricular units 1st sem (credited)_shuffled_2,Curricular units 1st sem (enrolled),Curricular units 1st sem (evaluations),Curricular units 1st sem (grade),Curricular units 2nd sem (approved),Curricular units 2nd sem (credited),Curricular units 2nd sem (credited)_shuffled_1,Curricular units 2nd sem (enrolled),Curricular units 2nd sem (evaluations),Curricular units 2nd sem (grade),Daytime/evening attendance	,Debtor,GDP,Gender,Inflation rate,Previous qualification,Previous qualification (grade),Previous qualification_shuffled_1,Scholarship holder,Target,Tuition fees up to date,Unemployment rate"
students_mn_clean,classification,2.318620443344116,0.7875706214689265,0.7198777608001111,0.739766084654604,0.7100591921526407,0.8930694726663081,-0.12229092133977648,-0.16828322396401574,28,"Admission grade,Age at enrollment,Application mode,Course,Curricular units 1st sem (approved),Curricular units 1st sem (credited),Curricular units 1st sem (credited)_shuffled_1,Curricular units 1st sem (credited)_shuffled_2,Curricular units 1st sem (enrolled),Curricular units 1st sem (evaluations),Curricular units 1st sem (grade),Curricular units 2nd sem (approved),Curricular units 2nd sem (credited),Curricular units 2nd sem (credited)_shuffled_1,Curricular units 2nd sem (enrolled),Curricular units 2nd sem (evaluations),Curricular units 2nd sem (grade),Daytime/evening attendance	,Debtor,GDP,Gender,Inflation rate,Previous qualification,Previous qualification (grade),Previous qualification_shuffled_1,Scholarship holder,Target,Tuition fees up to date,Unemployment rate"
students_mn_clean,classification,2.318620443344116,0.7898305084745763,0.7123913954236212,0.7485847962606152,0.7003260157814566,0.8977914717893016,-0.16976259692242857,-0.24183770828914242,29,"Admission grade,Age at enrollment,Application mode,Application order,Course,Curricular units 1st sem (approved),Curricular units 1st sem (credited),Curricular units 1st sem (credited)_shuffled_1,Curricular units 1st sem (credited)_shuffled_2,Curricular units 1st sem (enrolled),Curricular units 1st sem (evaluations),Curricular units 1st sem (grade),Curricular units 2nd sem (approved),Curricular units 2nd sem (credited),Curricular units 2nd sem (credited)_shuffled_1,Curricular units 2nd sem (enrolled),Curricular units 2nd sem (evaluations),Curricular units 2nd sem (grade),Daytime/evening attendance	,Debtor,GDP,Gender,Inflation rate,Previous qualification,Previous qualification (grade),Previous qualification_shuffled_1,Scholarship holder,Target,Tuition fees up to date,Unemployment rate"
students_mn_clean,classification,2.318620443344116,0.7785310734463277,0.7001265416359757,0.7283022853206473,0.6901835660843648,0.897176497279412,-0.20112419640391255,-0.27794865599400176,30,"Admission grade,Age at enrollment,Application mode,Application order,Course,Curricular units 1st sem (approved),Curricular units 1st sem (credited),Curricular units 1st sem (credited)_shuffled_1,Curricular units 1st sem (credited)_shuffled_2,Curricular units 1st sem (enrolled),Curricular units 1st sem (evaluations),Curricular units 1st sem (grade),Curricular units 2nd sem (approved),Curricular units 2nd sem (credited),Curricular units 2nd sem (credited)_shuffled_1,Curricular units 2nd sem (enrolled),Curricular units 2nd sem (evaluations),Curricular units 2nd sem (grade),Daytime/evening attendance	,Debtor,Debtor_shuffled_2,GDP,Gender,Inflation rate,Previous qualification,Previous qualification (grade),Previous qualification_shuffled_1,Scholarship holder,Target,Tuition fees up to date,Unemployment rate"
students_mn_clean,classification,2.318620443344116,0.7898305084745763,0.7120109148840695,0.7525426503640348,0.6994032886429441,0.8985518206741417,-0.18417344744517505,-0.2591830351413047,31,"Admission grade,Age at enrollment,Application mode,Application order,Course,Curricular units 1st sem (approved),Curricular units 1st sem (credited),Curricular units 1st sem (credited)_shuffled_1,Curricular units 1st sem (credited)_shuffled_2,Curricular units 1st sem (enrolled),Curricular units 1st sem (evaluations),Curricular units 1st sem (grade),Curricular units 2nd sem (approved),Curricular units 2nd sem (credited),Curricular units 2nd sem (credited)_shuffled_1,Curricular units 2nd sem (enrolled),Curricular units 2nd sem (evaluations),Curricular units 2nd sem (grade),Daytime/evening attendance	,Daytime/evening attendance	_shuffled_1,Debtor,Debtor_shuffled_2,GDP,Gender,Inflation rate,Previous qualification,Previous qualification (grade),Previous qualification_shuffled_1,Scholarship holder,Target,Tuition fees up to date,Unemployment rate"
students_mn_clean,classification,2.318620443344116,0.7785310734463277,0.7042164202200474,0.7297473692088055,0.6929517474999022,0.8984594760028716,-0.10109593983426013,-0.14309964345629778,32,"Admission grade,Age at enrollment,Application mode,Application order,Course,Curricular units 1st sem (approved),Curricular units 1st sem (credited),Curricular units 1st sem (credited)_shuffled_1,Curricular units 1st sem (credited)_shuffled_2,Curricular units 1st sem (enrolled),Curricular units 1st sem (evaluations),Curricular units 1st sem (grade),Curricular units 2nd sem (approved),Curricular units 2nd sem (credited),Curricular units 2nd sem (credited)_shuffled_1,Curricular units 2nd sem (enrolled),Curricular units 2nd sem (evaluations),Curricular units 2nd sem (grade),Daytime/evening attendance	,Daytime/evening attendance	_shuffled_1,Debtor,Debtor_shuffled_2,Displaced,GDP,Gender,Inflation rate,Previous qualification,Previous qualification (grade),Previous qualification_shuffled_1,Scholarship holder,Target,Tuition fees up to date,Unemployment rate"
students_mn_clean,classification,2.318620443344116,0.792090395480226,0.7162440553096951,0.7519882735399976,0.7032602045772075,0.8989084792166459,-0.183608954618672,-0.25711624416424816,33,"Admission grade,Age at enrollment,Application mode,Application order,Course,Curricular units 1st sem (approved),Curricular units 1st sem (credited),Curricular units 1st sem (credited)_shuffled_1,Curricular units 1st sem (credited)_shuffled_2,Curricular units 1st sem (enrolled),Curricular units 1st sem (evaluations),Curricular units 1st sem (grade),Curricular units 2nd sem (approved),Curricular units 2nd sem (credited),Curricular units 2nd sem (credited)_shuffled_1,Curricular units 2nd sem (enrolled),Curricular units 2nd sem (evaluations),Curricular units 2nd sem (grade),Daytime/evening attendance	,Daytime/evening attendance	_shuffled_1,Debtor,Debtor_shuffled_2,Displaced,GDP,Gender,Inflation rate,Marital status,Previous qualification,Previous qualification (grade),Previous qualification_shuffled_1,Scholarship holder,Target,Tuition fees up to date,Unemployment rate"
students_mn_clean,classification,2.318620443344116,0.7898305084745763,0.7086291743218022,0.7554586641720912,0.6954600288298369,0.8966881804501007,-0.19575864100267726,-0.275457360588505,34,"Admission grade,Age at enrollment,Application mode,Application order,Course,Curricular units 1st sem (approved),Curricular units 1st sem (credited),Curricular units 1st sem (credited)_shuffled_1,Curricular units 1st sem (credited)_shuffled_2,Curricular units 1st sem (enrolled),Curricular units 1st sem (evaluations),Curricular units 1st sem (grade),Curricular units 2nd sem (approved),Curricular units 2nd sem (credited),Curricular units 2nd sem (credited)_shuffled_1,Curricular units 2nd sem (enrolled),Curricular units 2nd sem (evaluations),Curricular units 2nd sem (grade),Daytime/evening attendance	,Daytime/evening attendance	_shuffled_1,Debtor,Debtor_shuffled_1,Debtor_shuffled_2,Displaced,GDP,Gender,Inflation rate,Marital status,Previous qualification,Previous qualification (grade),Previous qualification_shuffled_1,Scholarship holder,Target,Tuition fees up to date,Unemployment rate"
drive_diagnosis,classification,17.352258443832397,0.2199623995898137,0.21324082431815022,0.2354782872637159,0.219941128584739,0.6939160143624616,-0.011413249351583943,-0.012195741764635226,1,"NUM36,RES"
drive_diagnosis,classification,17.352258443832397,0.21415142710647753,0.20698895810257192,0.21778738214835094,0.21412970230245074,0.6936909566957262,-0.22524866262369106,-0.2354374108108522,2,"NUM35,NUM36,RES"
drive_diagnosis,classification,17.352258443832397,0.24773542984105282,0.2388971835303966,0.25991116492091865,0.24771182424546787,0.7194102309893801,-0.02527929017945693,-0.026586641289364082,3,"NUM35,NUM36,NUM41,RES"
drive_diagnosis,classification,17.352258443832397,0.8256708254999146,0.8256330513561008,0.8265415892033147,0.8256657315057077,0.9876996145557316,-0.05366346210663997,-0.05368186711263645,4,"NUM24,NUM35,NUM36,NUM41,RES"
drive_diagnosis,classification,17.352258443832397,0.8191762091950094,0.819207017872264,0.8201531084113586,0.8191706174698699,0.9876229936446861,-0.0668451124021876,-0.06678072340165253,5,"NUM24,NUM34,NUM35,NUM36,NUM41,RES"
drive_diagnosis,classification,17.352258443832397,0.8598530165783627,0.8597605922883766,0.8601628565489275,0.8598447339163783,0.9908143623277603,-0.06671779547966283,-0.0667827351317779,6,"NUM24,NUM34,NUM35,NUM36,NUM40,NUM41,RES"
drive_diagnosis,classification,17.352258443832397,0.8799350538369509,0.8800431540078317,0.8805853005194628,0.879929448182159,0.9943850092897819,-0.039820538275339934,-0.03972268603997131,7,"NUM24,NUM25,NUM34,NUM35,NUM36,NUM40,NUM41,RES"
drive_diagnosis,classification,17.352258443832397,0.8902751666381815,0.890295256153654,0.8906712977978887,0.8902685174408697,0.9941848313018393,-0.04484137575932312,-0.04485764972747519,8,"NUM23,NUM24,NUM25,NUM34,NUM35,NUM36,NUM40,NUM41,RES"
drive_diagnosis,classification,17.352258443832397,0.8962570500769099,0.896336130175539,0.8967553141051275,0.8962518703755027,0.9955034283132531,-0.0648385125526113,-0.06478584156894451,9,"NUM22,NUM23,NUM24,NUM25,NUM34,NUM35,NUM36,NUM40,NUM41,RES"
drive_diagnosis,classification,17.352258443832397,0.9102717484190737,0.9103839128979515,0.9107015874738829,0.9102659421580548,0.9962540792155863,-0.07299998444139588,-0.07289814789640237,10,"NUM22,NUM23,NUM24,NUM25,NUM28,NUM34,NUM35,NUM36,NUM40,NUM41,RES"
drive_diagnosis,classification,17.352258443832397,0.9494958126815929,0.9494606543584939,0.949483874338386,0.9494926274893597,0.9983160342949886,-0.04223619321496108,-0.042267870538609476,11,"NUM22,NUM23,NUM24,NUM25,NUM28,NUM33,NUM34,NUM35,NUM36,NUM40,NUM41,RES"
drive_diagnosis,classification,17.352258443832397,0.9489830798154162,0.9489396467272949,0.9489598477034015,0.9489792588458232,0.9981702927869549,-0.04217208928322291,-0.04221372663688927,12,"NUM22,NUM23,NUM24,NUM25,NUM28,NUM31,NUM33,NUM34,NUM35,NUM36,NUM40,NUM41,RES"
drive_diagnosis,classification,17.352258443832397,0.9500940010254657,0.9500524245247846,0.9500711861765659,0.9500899902197126,0.9983947845923055,-0.03535689307157108,-0.03539697350710247,13,"NUM22,NUM23,NUM24,NUM25,NUM28,NUM31,NUM33,NUM34,NUM35,NUM36,NUM40,NUM41,NUM45,RES"
drive_diagnosis,classification,17.352258443832397,0.95881045975047,0.958787549741404,0.9588193887558588,0.9588084156770101,0.9987419687856789,-0.0378353410912845,-0.037855278410786286,14,"NUM20,NUM22,NUM23,NUM24,NUM25,NUM28,NUM31,NUM33,NUM34,NUM35,NUM36,NUM40,NUM41,NUM45,RES"
drive_diagnosis,classification,17.352258443832397,0.9923090070073491,0.9923059561573275,0.9923232946081217,0.9923078295670759,0.9999267885193521,-0.006345040464182938,-0.006348170966681388,15,"NUM12,NUM20,NUM22,NUM23,NUM24,NUM25,NUM28,NUM31,NUM33,NUM34,NUM35,NUM36,NUM40,NUM41,NUM45,RES"
drive_diagnosis,classification,17.352258443832397,0.9936762946504871,0.9936778411943753,0.993689524275371,0.9936752854512917,0.999950619148925,-0.004251365742189206,-0.004249895835357509,16,"NUM12,NUM20,NUM21,NUM22,NUM23,NUM24,NUM25,NUM28,NUM31,NUM33,NUM34,NUM35,NUM36,NUM40,NUM41,NUM45,RES"
drive_diagnosis,classification,17.352258443832397,0.995043582293625,0.9950437114924903,0.9950487968194243,0.9950428217126241,0.9999540278397987,-0.0033968219194200344,-0.0033965369554426195,17,"NUM12,NUM20,NUM21,NUM22,NUM23,NUM24,NUM25,NUM28,NUM31,NUM33,NUM34,NUM35,NUM36,NUM40,NUM41,NUM44,NUM45,RES"
drive_diagnosis,classification,17.352258443832397,0.9952999487267133,0.9952997631688846,0.9953036330362405,0.9952992247144845,0.9999703013846063,-0.004657322621589244,-0.004657508862731308,18,"NUM12,NUM20,NUM21,NUM22,NUM23,NUM24,NUM25,NUM28,NUM31,NUM33,NUM34,NUM35,NUM36,NUM40,NUM41,NUM44,NUM45,NUM48,RES"
drive_diagnosis,classification,17.352258443832397,0.9946163049051444,0.9946176049976528,0.9946271756103033,0.994615536960935,0.9999646614202761,-0.00478549397109207,-0.004784163244912598,19,"NUM12,NUM20,NUM21,NUM22,NUM23,NUM24,NUM25,NUM28,NUM31,NUM32,NUM33,NUM34,NUM35,NUM36,NUM40,NUM41,NUM44,NUM45,NUM48,RES"
drive_diagnosis,classification,17.352258443832397,0.9947872158605366,0.9947896707109308,0.9948052423146695,0.9947867402192304,0.9999431812675621,-0.005212784139463356,-0.005210329289069171,20,"NUM12,NUM20,NUM21,NUM22,NUM23,NUM24,NUM25,NUM28,NUM31,NUM32,NUM33,NUM34,NUM35,NUM36,NUM37,NUM40,NUM41,NUM44,NUM45,NUM48,RES"
drive_diagnosis,classification,17.352258443832397,0.9957272261151939,0.9957281827958112,0.9957440425278423,0.9957265898432904,0.9999620044684616,-0.003247286244068559,-0.003246609905742104,21,"NUM12,NUM20,NUM21,NUM22,NUM23,NUM24,NUM25,NUM28,NUM31,NUM32,NUM33,NUM34,NUM35,NUM36,NUM37,NUM40,NUM41,NUM43,NUM44,NUM45,NUM48,RES"
drive_diagnosis,classification,17.352258443832397,0.9959835925482824,0.9959852419966826,0.9959947856124224,0.9959831535993838,0.999978149186994,-0.004016407451717607,-0.004014758003317409,22,"NUM11,NUM12,NUM20,NUM21,NUM22,NUM23,NUM24,NUM25,NUM28,NUM31,NUM32,NUM33,NUM34,NUM35,NUM36,NUM37,NUM40,NUM41,NUM43,NUM44,NUM45,NUM48,RES"
drive_diagnosis,classification,17.352258443832397,0.9959835925482824,0.995984040987209,0.9959908039376321,0.9959829124680339,0.9999658046642176,-0.003589120934743617,-0.0035886868716753506,23,"NUM11,NUM12,NUM20,NUM21,NUM22,NUM23,NUM24,NUM25,NUM28,NUM31,NUM32,NUM33,NUM34,NUM35,NUM36,NUM37,NUM40,NUM41,NUM43,NUM44,NUM45,NUM46,NUM48,RES"
drive_diagnosis,classification,17.352258443832397,0.996410869936763,0.9964119544876727,0.9964226715862676,0.9964104383510732,0.9999695157636327,-0.0031618435462630323,-0.0031608309924400224,24,"NUM11,NUM12,NUM20,NUM21,NUM22,NUM23,NUM24,NUM25,NUM28,NUM31,NUM32,NUM33,NUM34,NUM35,NUM36,NUM37,NUM40,NUM41,NUM43,NUM44,NUM45,NUM46,NUM47,NUM48,RES"
drive_diagnosis,classification,17.352258443832397,0.9962399589813707,0.9962392683904273,0.9962406557675648,0.9962396369783607,0.9999539907142737,-0.003482304782596146,-0.003483023664485385,25,"NUM11,NUM12,NUM19,NUM20,NUM21,NUM22,NUM23,NUM24,NUM25,NUM28,NUM31,NUM32,NUM33,NUM34,NUM35,NUM36,NUM37,NUM40,NUM41,NUM43,NUM44,NUM45,NUM46,NUM47,NUM48,RES"
drive_diagnosis,classification,17.352258443832397,0.9960690480259785,0.9960703467142693,0.9960806440298811,0.9960685944742984,0.9999623918380901,-0.0029909216366788005,-0.0029899662954793182,26,"NUM10,NUM11,NUM12,NUM19,NUM20,NUM21,NUM22,NUM23,NUM24,NUM25,NUM28,NUM31,NUM32,NUM33,NUM34,NUM35,NUM36,NUM37,NUM40,NUM41,NUM43,NUM44,NUM45,NUM46,NUM47,NUM48,RES"
drive_diagnosis,classification,17.352258443832397,0.9984618014014698,0.9984614193073097,0.9984631035733947,0.9984618231201882,0.999973688122486,-0.001388648317589336,-0.0013890215057755784,27,"NUM10,NUM11,NUM12,NUM19,NUM20,NUM21,NUM22,NUM23,NUM24,NUM25,NUM28,NUM31,NUM32,NUM33,NUM34,NUM35,NUM36,NUM37,NUM40,NUM41,NUM43,NUM44,NUM45,NUM46,NUM47,NUM48,NUM9,RES"
drive_diagnosis,classification,17.352258443832397,0.9991454452230388,0.9991454697408003,0.9991466335890388,0.9991455108737379,0.9999903700311127,-0.0008545547769611694,-0.0008545302591996817,28,"NUM10,NUM11,NUM12,NUM19,NUM20,NUM21,NUM22,NUM23,NUM24,NUM25,NUM28,NUM31,NUM32,NUM33,NUM34,NUM35,NUM36,NUM37,NUM40,NUM41,NUM43,NUM44,NUM45,NUM46,NUM47,NUM48,NUM8,NUM9,RES"
drive_diagnosis,classification,17.352258443832397,0.9984618014014698,0.998461580420193,0.9984629446270913,0.9984619034973048,0.9999800251214506,-0.0014741056209841563,-0.0014743213520485021,29,"NUM10,NUM11,NUM12,NUM19,NUM20,NUM21,NUM22,NUM23,NUM24,NUM25,NUM28,NUM31,NUM32,NUM33,NUM34,NUM35,NUM36,NUM37,NUM40,NUM41,NUM43,NUM44,NUM45,NUM46,NUM47,NUM48,NUM7,NUM8,NUM9,RES"
drive_diagnosis,classification,17.352258443832397,0.9982054349683814,0.9982050570601778,0.9982063807209062,0.9982055004954445,0.9999806195056183,-0.0016450147506776869,-0.0016453787275690912,30,"NUM10,NUM11,NUM12,NUM16,NUM19,NUM20,NUM21,NUM22,NUM23,NUM24,NUM25,NUM28,NUM31,NUM32,NUM33,NUM34,NUM35,NUM36,NUM37,NUM40,NUM41,NUM43,NUM44,NUM45,NUM46,NUM47,NUM48,NUM7,NUM8,NUM9,RES"
drive_diagnosis,classification,17.352258443832397,0.9982908904460776,0.9982904571038805,0.9982915789447873,0.9982909413703591,0.9999856874535765,-0.00155955927298157,-0.0015599811932909269,31,"NUM10,NUM11,NUM12,NUM13,NUM16,NUM19,NUM20,NUM21,NUM22,NUM23,NUM24,NUM25,NUM28,NUM31,NUM32,NUM33,NUM34,NUM35,NUM36,NUM37,NUM40,NUM41,NUM43,NUM44,NUM45,NUM46,NUM47,NUM48,NUM7,NUM8,NUM9,RES"
drive_diagnosis,classification,17.352258443832397,0.9983763459237737,0.998375818414597,0.9983769400506339,0.9983763822452736,0.9999761056814919,-0.001324553514344573,-0.0013250732483836014,32,"NUM10,NUM11,NUM12,NUM13,NUM16,NUM19,NUM20,NUM21,NUM22,NUM23,NUM24,NUM25,NUM28,NUM31,NUM32,NUM33,NUM34,NUM35,NUM36,NUM37,NUM38,NUM40,NUM41,NUM43,NUM44,NUM45,NUM46,NUM47,NUM48,NUM7,NUM8,NUM9,RES"
drive_diagnosis,classification,17.352258443832397,0.9983763459237737,0.9983756573579984,0.9983766978605485,0.9983763018681571,0.9999831090980273,-0.0012604605367985133,-0.0012611536502673548,33,"NUM10,NUM11,NUM12,NUM13,NUM16,NUM19,NUM20,NUM21,NUM22,NUM23,NUM24,NUM25,NUM28,NUM31,NUM32,NUM33,NUM34,NUM35,NUM36,NUM37,NUM38,NUM40,NUM41,NUM42,NUM43,NUM44,NUM45,NUM46,NUM47,NUM48,NUM7,NUM8,NUM9,RES"
drive_diagnosis,classification,17.352258443832397,0.9982054349683814,0.9982046957979415,0.9982051741478289,0.9982055808725612,0.9999817438914161,-0.0013245498629471664,-0.0013253040810532468,34,"NUM10,NUM11,NUM12,NUM13,NUM16,NUM19,NUM20,NUM21,NUM22,NUM23,NUM24,NUM25,NUM28,NUM31,NUM32,NUM33,NUM34,NUM35,NUM36,NUM37,NUM38,NUM39,NUM40,NUM41,NUM42,NUM43,NUM44,NUM45,NUM46,NUM47,NUM48,NUM7,NUM8,NUM9,RES"
drive_diagnosis,classification,17.352258443832397,0.9985472568791659,0.9985465786160478,0.9985479793835768,0.9985471836179862,0.9999765389971155,-0.0009399993004653995,-0.0009407083340012834,35,"NUM10,NUM11,NUM12,NUM13,NUM16,NUM17,NUM19,NUM20,NUM21,NUM22,NUM23,NUM24,NUM25,NUM28,NUM31,NUM32,NUM33,NUM34,NUM35,NUM36,NUM37,NUM38,NUM39,NUM40,NUM41,NUM42,NUM43,NUM44,NUM45,NUM46,NUM47,NUM48,NUM7,NUM8,NUM9,RES"
drive_diagnosis,classification,17.352258443832397,0.9980345240129892,0.9980336527094544,0.9980345294572724,0.9980346991227319,0.999970009557741,-0.0014527321666421011,-0.0014536091501842208,36,"NUM10,NUM11,NUM12,NUM13,NUM14,NUM16,NUM17,NUM19,NUM20,NUM21,NUM22,NUM23,NUM24,NUM25,NUM28,NUM31,NUM32,NUM33,NUM34,NUM35,NUM36,NUM37,NUM38,NUM39,NUM40,NUM41,NUM42,NUM43,NUM44,NUM45,NUM46,NUM47,NUM48,NUM7,NUM8,NUM9,RES"
drive_diagnosis,classification,17.352258443832397,0.9991454452230388,0.9991453094399823,0.9991460710984587,0.9991455108737379,0.999983390512378,-0.0008545547769611694,-0.0008546905600177457,37,"NUM10,NUM11,NUM12,NUM13,NUM14,NUM16,NUM17,NUM18,NUM19,NUM20,NUM21,NUM22,NUM23,NUM24,NUM25,NUM28,NUM31,NUM32,NUM33,NUM34,NUM35,NUM36,NUM37,NUM38,NUM39,NUM40,NUM41,NUM42,NUM43,NUM44,NUM45,NUM46,NUM47,NUM48,NUM7,NUM8,NUM9,RES"
drive_diagnosis,classification,17.352258443832397,0.9986327123568621,0.9986323012244417,0.9986336675841009,0.9986327852471338,0.9999824266103221,-0.0011322800588021709,-0.0011326836439105037,38,"NUM10,NUM11,NUM12,NUM13,NUM14,NUM16,NUM17,NUM18,NUM19,NUM20,NUM21,NUM22,NUM23,NUM24,NUM25,NUM28,NUM29,NUM31,NUM32,NUM33,NUM34,NUM35,NUM36,NUM37,NUM38,NUM39,NUM40,NUM41,NUM42,NUM43,NUM44,NUM45,NUM46,NUM47,NUM48,NUM7,NUM8,NUM9,RES"
drive_diagnosis,classification,17.352258443832397,0.9984618014014698,0.9984614202722899,0.9984622194238334,0.9984619034973047,0.9999776397843138,-0.001239098036648456,-0.0012394814272044252,39,"NUM10,NUM11,NUM12,NUM13,NUM14,NUM15,NUM16,NUM17,NUM18,NUM19,NUM20,NUM21,NUM22,NUM23,NUM24,NUM25,NUM28,NUM29,NUM31,NUM32,NUM33,NUM34,NUM35,NUM36,NUM37,NUM38,NUM39,NUM40,NUM41,NUM42,NUM43,NUM44,NUM45,NUM46,NUM47,NUM48,NUM7,NUM8,NUM9,RES"
drive_diagnosis,classification,17.352258443832397,0.9975217911468125,0.997520481185097,0.9975225980722453,0.9975216519876619,0.9999747158562773,-0.0016450001450882823,-0.0016462894935672656,40,"NUM10,NUM11,NUM12,NUM13,NUM14,NUM15,NUM16,NUM17,NUM18,NUM19,NUM20,NUM21,NUM22,NUM23,NUM24,NUM25,NUM26,NUM28,NUM29,NUM31,NUM32,NUM33,NUM34,NUM35,NUM36,NUM37,NUM38,NUM39,NUM40,NUM41,NUM42,NUM43,NUM44,NUM45,NUM46,NUM47,NUM48,NUM7,NUM8,NUM9,RES"
drive_diagnosis_un_dirty,classification,35.68462085723877,0.09596650145274312,0.08399030148436885,0.09357320097504611,0.0959561308127927,0.5144056171783357,-0.26953438516677963,-0.29551871202166347,1,"NUM41,RES"
drive_diagnosis_un_dirty,classification,35.68462085723877,0.09673560075200821,0.09133153758349931,0.09679802743084882,0.096727108114938,0.5080114018744948,-0.05358379591942983,-0.054853115113344494,2,"NUM41,NUM42_shuffled_2,RES"
drive_diagnosis_un_dirty,classification,35.68462085723877,0.24124081353614768,0.22946563261284927,0.2401639674526506,0.24121871963754424,0.7143912949430077,-0.024574128673350903,-0.024921483782146564,3,"NUM35,NUM41,NUM42_shuffled_2,RES"
drive_diagnosis_un_dirty,classification,35.68462085723877,0.24705178601948385,0.23765547914394106,0.2576949254939971,0.24702741309786916,0.719322648937542,-0.05858625957198749,-0.06326997004385351,4,"NUM34,NUM35,NUM41,NUM42_shuffled_2,RES"
drive_diagnosis_un_dirty,classification,35.68462085723877,0.24670996410869936,0.23857411547582144,0.2555097726684386,0.24668765902612516,0.7180785893399818,-0.02585610506898775,-0.026963353033662568,5,"NUM34,NUM35,NUM36,NUM41,NUM42_shuffled_2,RES"
drive_diagnosis_un_dirty,classification,35.68462085723877,0.8166125448641258,0.8166127635952745,0.8173663417361254,0.8166077127308995,0.9870598780712406,-0.09417003039171201,-0.09409924744709997,6,"NUM24,NUM34,NUM35,NUM36,NUM41,NUM42_shuffled_2,RES"
drive_diagnosis_un_dirty,classification,35.68462085723877,0.856520252948214,0.8565581757359811,0.8570248392256407,0.8565127809260602,0.991421040228529,-0.08378782063052426,-0.08370819437996435,7,"NUM24,NUM34,NUM35,NUM36,NUM40,NUM41,NUM42_shuffled_2,RES"
drive_diagnosis_un_dirty,classification,35.68462085723877,0.8667749102717485,0.8667509617873036,0.8671584551140622,0.8667675345894884,0.9916698345475077,-0.06977304195761891,-0.06981065659719343,8,"NUM23,NUM24,NUM34,NUM35,NUM36,NUM40,NUM41,NUM42_shuffled_2,RES"
drive_diagnosis_un_dirty,classification,35.68462085723877,0.8703640403349855,0.8705241249305306,0.8713965828960532,0.8703570158612987,0.9931168855931589,-0.0650088739727035,-0.06497767156419498,9,"NUM22,NUM23,NUM24,NUM34,NUM35,NUM36,NUM40,NUM41,NUM42_shuffled_2,RES"
drive_diagnosis_un_dirty,classification,35.68462085723877,0.9277046658690822,0.9276515630393513,0.9276837786093229,0.9276988545939381,0.997323678185995,-0.04356031586441922,-0.043614317417150494,10,"NUM22,NUM23,NUM24,NUM33,NUM34,NUM35,NUM36,NUM40,NUM41,NUM42_shuffled_2,RES"
drive_diagnosis_un_dirty,classification,35.68462085723877,0.9425739189882072,0.942538717687318,0.9426321651018852,0.9425699071933661,0.9980046543463531,-0.048709436065524137,-0.04874276911455666,11,"NUM22,NUM23,NUM24,NUM25,NUM33,NUM34,NUM35,NUM36,NUM40,NUM41,NUM42_shuffled_2,RES"
drive_diagnosis_un_dirty,classification,35.68462085723877,0.9498376345923774,0.9498041679363289,0.9498517795304049,0.9498357573999997,0.9984999158348896,-0.047855018215963274,-0.04788801216289729,12,"NUM21,NUM22,NUM23,NUM24,NUM25,NUM33,NUM34,NUM35,NUM36,NUM40,NUM41,NUM42_shuffled_2,RES"
drive_diagnosis_un_dirty,classification,35.68462085723877,0.9487267133823278,0.9486922124748207,0.9487527412505462,0.9487240615007114,0.998163145544132,-0.035634600096425384,-0.03567384695972231,13,"NUM21,NUM22,NUM23,NUM24,NUM25,NUM32,NUM33,NUM34,NUM35,NUM36,NUM40,NUM41,NUM42_shuffled_2,RES"
drive_diagnosis_un_dirty,classification,35.68462085723877,0.9512049222355153,0.9511984444721473,0.951254417221833,0.9512026506443995,0.9984645159653375,-0.04877371343863601,-0.04878019279940504,14,"NUM20,NUM21,NUM22,NUM23,NUM24,NUM25,NUM32,NUM33,NUM34,NUM35,NUM36,NUM40,NUM41,NUM42_shuffled_2,RES"
drive_diagnosis_un_dirty,classification,35.68462085723877,0.9569304392411554,0.9569322483021835,0.9569934970765506,0.9569280734119571,0.9988114691430693,-0.040142648117572954,-0.0401412958873526,15,"NUM20,NUM21,NUM22,NUM23,NUM24,NUM25,NUM32,NUM33,NUM34,NUM35,NUM36,NUM37,NUM40,NUM41,NUM42_shuffled_2,RES"
drive_diagnosis_un_dirty,classification,35.68462085723877,0.9580413604512049,0.9580460916846221,0.9581263159451403,0.9580387244087298,0.9989231435015544,-0.037685774379055514,-0.037681095604900294,16,"NUM20,NUM21,NUM22,NUM23,NUM24,NUM25,NUM32,NUM33,NUM34,NUM35,NUM36,NUM37,NUM40,NUM41,NUM42_shuffled_2,NUM45,RES"
drive_diagnosis_un_dirty,classification,35.68462085723877,0.9582977268842933,0.9582673430815191,0.9582771355180011,0.9582953685419398,0.9990000092199058,-0.03409657311357028,-0.03412690294385046,17,"NUM20,NUM21,NUM22,NUM23,NUM24,NUM25,NUM32,NUM33,NUM34,NUM35,NUM36,NUM37,NUM40,NUM41,NUM42_shuffled_2,NUM45,NUM48,RES"
drive_diagnosis_un_dirty,classification,35.68462085723877,0.960946846692873,0.9609303061978742,0.9609577141444263,0.9609445179269905,0.9990619150176859,-0.03796357268884343,-0.037980134015997535,18,"NUM20,NUM21,NUM22,NUM23,NUM24,NUM25,NUM31,NUM32,NUM33,NUM34,NUM35,NUM36,NUM37,NUM40,NUM41,NUM42_shuffled_2,NUM45,NUM48,RES"
drive_diagnosis_un_dirty,classification,35.68462085723877,0.9951290377713211,0.9951278195304304,0.9951276159428558,0.995128584096005,0.9999317647861208,-0.004849597902830238,-0.004850817741121949,19,"NUM12,NUM20,NUM21,NUM22,NUM23,NUM24,NUM25,NUM31,NUM32,NUM33,NUM34,NUM35,NUM36,NUM37,NUM40,NUM41,NUM42_shuffled_2,NUM45,NUM48,RES"
drive_diagnosis_un_dirty,classification,35.68462085723877,0.9946163049051444,0.9946144516050441,0.9946139236678302,0.9946157780922845,0.999948656157295,-0.005298237791460769,-0.005300102493526415,20,"NUM12,NUM20,NUM21,NUM22,NUM23,NUM24,NUM25,NUM28,NUM31,NUM32,NUM33,NUM34,NUM35,NUM36,NUM37,NUM40,NUM41,NUM42_shuffled_2,NUM45,NUM48,RES"
drive_diagnosis_un_dirty,classification,35.68462085723877,0.995043582293625,0.9950441498740047,0.9950506237081307,0.9950429020897407,0.9999171812778221,-0.004678681470341894,-0.004678142173536792,21,"NUM11,NUM12,NUM20,NUM21,NUM22,NUM23,NUM24,NUM25,NUM28,NUM31,NUM32,NUM33,NUM34,NUM35,NUM36,NUM37,NUM40,NUM41,NUM42_shuffled_2,NUM45,NUM48,RES"
drive_diagnosis_un_dirty,classification,35.68462085723877,0.9958126815928902,0.9958139107358123,0.9958225906906013,0.995812191472438,0.9999307382219332,-0.0036959389125897912,-0.003694746388962833,22,"NUM11,NUM12,NUM20,NUM21,NUM22,NUM23,NUM24,NUM25,NUM28,NUM31,NUM32,NUM33,NUM34,NUM35,NUM36,NUM37,NUM40,NUM41,NUM42_shuffled_2,NUM44,NUM45,NUM48,RES"
drive_diagnosis_un_dirty,classification,35.68462085723877,0.9962399589813707,0.99624226073704,0.9962561907922947,0.9962394762241273,0.9999751215748875,-0.0037600410186292565,-0.0037577392629599693,23,"NUM11,NUM12,NUM20,NUM21,NUM22,NUM23,NUM24,NUM25,NUM28,NUM31,NUM32,NUM33,NUM34,NUM35,NUM36,NUM37,NUM40,NUM41,NUM42_shuffled_2,NUM44,NUM45,NUM47,NUM48,RES"
drive_diagnosis_un_dirty,classification,35.68462085723877,0.9941890275166638,0.9941915524669217,0.9942064841875321,0.9941884129634786,0.9999542364357633,-0.005810972483336174,-0.005808447533078298,24,"NUM11,NUM12,NUM20,NUM21,NUM22,NUM23,NUM24,NUM25,NUM28,NUM31,NUM32,NUM33,NUM34,NUM35,NUM36,NUM37,NUM40,NUM41,NUM42_shuffled_2,NUM44,NUM45,NUM46,NUM47,NUM48,RES"
drive_diagnosis_un_dirty,classification,35.68462085723877,0.9944453939497522,0.9944421186228278,0.9944409390925512,0.994444815965339,0.9999449053143455,-0.005405055769306943,-0.00540834226978093,25,"NUM11,NUM12,NUM20,NUM21,NUM22,NUM23,NUM24,NUM25,NUM28,NUM31,NUM32,NUM33,NUM34,NUM35,NUM36,NUM37,NUM40,NUM41,NUM42_shuffled_2,NUM43,NUM44,NUM45,NUM46,NUM47,NUM48,RES"
drive_diagnosis_un_dirty,classification,35.68462085723877,0.9958126815928902,0.9958121434644487,0.995819010337338,0.9958119503410884,0.9999502472161891,-0.003909582171076731,-0.003910146063052622,26,"NUM11,NUM12,NUM20,NUM21,NUM22,NUM23,NUM24,NUM25,NUM28,NUM31,NUM32,NUM32_shuffled_2,NUM33,NUM34,NUM35,NUM36,NUM37,NUM40,NUM41,NUM42_shuffled_2,NUM43,NUM44,NUM45,NUM46,NUM47,NUM48,RES"
drive_diagnosis_un_dirty,classification,35.68462085723877,0.9959835925482824,0.9959834978554034,0.9959867060320665,0.9959829928451508,0.9999399019121257,-0.0036532139122897878,-0.003653363322785985,27,"NUM11,NUM12,NUM20,NUM21,NUM22,NUM23,NUM24,NUM25,NUM28,NUM31,NUM32,NUM32_shuffled_2,NUM33,NUM34,NUM35,NUM35_shuffled_1,NUM36,NUM37,NUM40,NUM41,NUM42_shuffled_2,NUM43,NUM44,NUM45,NUM46,NUM47,NUM48,RES"
drive_diagnosis_un_dirty,classification,35.68462085723877,0.9960690480259785,0.9960687021744034,0.9960717584769779,0.9960687552285314,0.999946714010255,-0.0039309519740214904,-0.003931297825596647,28,"NUM11,NUM12,NUM20,NUM21,NUM22,NUM23,NUM24,NUM25,NUM28,NUM31,NUM32,NUM32_shuffled_2,NUM33,NUM34,NUM35,NUM35_shuffled_1,NUM36,NUM37,NUM39_shuffled_1,NUM40,NUM41,NUM42_shuffled_2,NUM43,NUM44,NUM45,NUM46,NUM47,NUM48,RES"
drive_diagnosis_un_dirty,classification,35.68462085723877,0.9958981370705863,0.9959000397111215,0.9959199701892453,0.9958973108388864,0.9999658046098175,-0.0039950413001702545,-0.003993159181968742,29,"NUM11,NUM12,NUM20,NUM21,NUM22,NUM23,NUM24,NUM25,NUM28,NUM31,NUM32,NUM32_shuffled_2,NUM33,NUM34,NUM35,NUM35_shuffled_1,NUM35_shuffled_2,NUM36,NUM37,NUM39_shuffled_1,NUM40,NUM41,NUM42_shuffled_2,NUM43,NUM44,NUM45,NUM46,NUM47,NUM48,RES"
drive_diagnosis_un_dirty,classification,35.68462085723877,0.9945308494274483,0.9945347204555475,0.9945562740330488,0.9945301764631368,0.9999641570066721,-0.0054691505725517064,-0.005465279544452528,30,"NUM11,NUM12,NUM20,NUM21,NUM22,NUM23,NUM24,NUM25,NUM28,NUM31,NUM32,NUM32_shuffled_2,NUM33,NUM34,NUM35,NUM35_shuffled_1,NUM35_shuffled_2,NUM36,NUM37,NUM39_shuffled_1,NUM40,NUM41,NUM41_shuffled_2,NUM42_shuffled_2,NUM43,NUM44,NUM45,NUM46,NUM47,NUM48,RES"
drive_diagnosis_un_dirty,classification,35.68462085723877,0.9952999487267133,0.9952995764171931,0.9953021635935255,0.9952994658458341,0.9999600210342823,-0.004700051273286654,-0.0047004235828068675,31,"NUM11,NUM12,NUM20,NUM21,NUM22,NUM23,NUM24,NUM25,NUM26_shuffled_2,NUM28,NUM31,NUM32,NUM32_shuffled_2,NUM33,NUM34,NUM35,NUM35_shuffled_1,NUM35_shuffled_2,NUM36,NUM37,NUM39_shuffled_1,NUM40,NUM41,NUM41_shuffled_2,NUM42_shuffled_2,NUM43,NUM44,NUM45,NUM46,NUM47,NUM48,RES"
drive_diagnosis_un_dirty,classification,35.68462085723877,0.9958981370705863,0.995899563844488,0.9959124119014885,0.9958975519702361,0.9999609614533388,-0.004101862929413724,-0.004100436155512033,32,"NUM11,NUM12,NUM20,NUM21,NUM22,NUM23,NUM24,NUM25,NUM26_shuffled_2,NUM28,NUM31,NUM32,NUM32_shuffled_2,NUM33,NUM34,NUM35,NUM35_shuffled_1,NUM35_shuffled_2,NUM36,NUM37,NUM37_shuffled_1,NUM39_shuffled_1,NUM40,NUM41,NUM41_shuffled_2,NUM42_shuffled_2,NUM43,NUM44,NUM45,NUM46,NUM47,NUM48,RES"
drive_diagnosis_un_dirty,classification,35.68462085723877,0.9952144932490172,0.9952153287966815,0.9952202853583408,0.9952139445938031,0.9999526315469226,-0.004785506750982771,-0.004784671203318491,33,"NUM11,NUM12,NUM20,NUM21,NUM22,NUM23,NUM24,NUM25,NUM26_shuffled_2,NUM28,NUM31,NUM32,NUM32_shuffled_2,NUM33,NUM34,NUM35,NUM35_shuffled_1,NUM35_shuffled_2,NUM36,NUM37,NUM37_shuffled_1,NUM39_shuffled_1,NUM40,NUM40_shuffled_1,NUM41,NUM41_shuffled_2,NUM42_shuffled_2,NUM43,NUM44,NUM45,NUM46,NUM47,NUM48,RES"
drive_diagnosis_un_dirty,classification,35.68462085723877,0.9958126815928902,0.9958133568780031,0.9958211863865141,0.9958121110953214,0.9999491558070628,-0.004187318407109841,-0.0041866431219969025,34,"NUM11,NUM12,NUM20,NUM21,NUM22,NUM23,NUM24,NUM25,NUM26_shuffled_2,NUM28,NUM31,NUM32,NUM32_shuffled_2,NUM33,NUM34,NUM34_shuffled_1,NUM35,NUM35_shuffled_1,NUM35_shuffled_2,NUM36,NUM37,NUM37_shuffled_1,NUM39_shuffled_1,NUM40,NUM40_shuffled_1,NUM41,NUM41_shuffled_2,NUM42_shuffled_2,NUM43,NUM44,NUM45,NUM46,NUM47,NUM48,RES"
drive_diagnosis_un_dirty,classification,35.68462085723877,0.9956417706374978,0.9956418890058728,0.995647239156461,0.995641309722609,0.9999514511978558,-0.004358229362502186,-0.004358110994127196,35,"NUM11,NUM12,NUM20,NUM21,NUM22,NUM23,NUM24,NUM25,NUM26_shuffled_2,NUM28,NUM31,NUM32,NUM32_shuffled_2,NUM33,NUM34,NUM34_shuffled_1,NUM35,NUM35_shuffled_1,NUM35_shuffled_2,NUM36,NUM37,NUM37_shuffled_1,NUM39_shuffled_1,NUM40,NUM40_shuffled_1,NUM41,NUM41_shuffled_2,NUM42_shuffled_2,NUM43,NUM44,NUM45,NUM46,NUM47,NUM47_shuffled_1,NUM48,RES"
drive_diagnosis_un_dirty,classification,35.68462085723877,0.9947872158605366,0.9947880260019509,0.9947946925040516,0.9947864990878806,0.9999568244783653,-0.005212784139463356,-0.005211973998049069,36,"NUM11,NUM12,NUM19,NUM20,NUM21,NUM22,NUM23,NUM24,NUM25,NUM26_shuffled_2,NUM28,NUM31,NUM32,NUM32_shuffled_2,NUM33,NUM34,NUM34_shuffled_1,NUM35,NUM35_shuffled_1,NUM35_shuffled_2,NUM36,NUM37,NUM37_shuffled_1,NUM39_shuffled_1,NUM40,NUM40_shuffled_1,NUM41,NUM41_shuffled_2,NUM42_shuffled_2,NUM43,NUM44,NUM45,NUM46,NUM47,NUM47_shuffled_1,NUM48,RES"
drive_diagnosis_un_dirty,classification,35.68462085723877,0.9954708596821056,0.9954707677559398,0.9954747609183865,0.9954704279727798,0.9999664545356528,-0.00437959003695354,-0.004379698163479606,37,"NUM10,NUM11,NUM12,NUM19,NUM20,NUM21,NUM22,NUM23,NUM24,NUM25,NUM26_shuffled_2,NUM28,NUM31,NUM32,NUM32_shuffled_2,NUM33,NUM34,NUM34_shuffled_1,NUM35,NUM35_shuffled_1,NUM35_shuffled_2,NUM36,NUM37,NUM37_shuffled_1,NUM39_shuffled_1,NUM40,NUM40_shuffled_1,NUM41,NUM41_shuffled_2,NUM42_shuffled_2,NUM43,NUM44,NUM45,NUM46,NUM47,NUM47_shuffled_1,NUM48,RES"
drive_diagnosis_un_dirty,classification,35.68462085723877,0.9976927021022047,0.9976917643362405,0.9976953217399089,0.9976926141146074,0.9999748123110833,-0.001645003796485689,-0.0016459182026895558,38,"NUM10,NUM11,NUM12,NUM19,NUM20,NUM21,NUM22,NUM23,NUM24,NUM25,NUM26_shuffled_2,NUM28,NUM31,NUM32,NUM32_shuffled_2,NUM33,NUM34,NUM34_shuffled_1,NUM35,NUM35_shuffled_1,NUM35_shuffled_2,NUM36,NUM37,NUM37_shuffled_1,NUM39_shuffled_1,NUM40,NUM40_shuffled_1,NUM41,NUM41_shuffled_2,NUM42_shuffled_2,NUM43,NUM44,NUM45,NUM46,NUM47,NUM47_shuffled_1,NUM48,NUM9,RES"
drive_diagnosis_un_dirty,classification,35.68462085723877,0.9981199794906853,0.9981196563181517,0.9981204568234543,0.9981199792434133,0.9999852937590865,-0.0017945632059198635,-0.001794882720332569,39,"NUM10,NUM11,NUM12,NUM19,NUM20,NUM21,NUM22,NUM23,NUM24,NUM25,NUM26_shuffled_2,NUM28,NUM31,NUM32,NUM32_shuffled_2,NUM33,NUM34,NUM34_shuffled_1,NUM35,NUM35_shuffled_1,NUM35_shuffled_2,NUM36,NUM37,NUM37_shuffled_1,NUM39_shuffled_1,NUM40,NUM40_shuffled_1,NUM41,NUM41_shuffled_2,NUM42_shuffled_2,NUM43,NUM44,NUM45,NUM46,NUM47,NUM47_shuffled_1,NUM48,NUM8,NUM9,RES"
drive_diagnosis_un_dirty,classification,35.68462085723877,0.9988890787899505,0.998888665060371,0.9988891861310946,0.9988891078718776,0.9999745717010705,-0.0008545492998651705,-0.000854936984376331,40,"NUM10,NUM11,NUM12,NUM16,NUM19,NUM20,NUM21,NUM22,NUM23,NUM24,NUM25,NUM26_shuffled_2,NUM28,NUM31,NUM32,NUM32_shuffled_2,NUM33,NUM34,NUM34_shuffled_1,NUM35,NUM35_shuffled_1,NUM35_shuffled_2,NUM36,NUM37,NUM37_shuffled_1,NUM39_shuffled_1,NUM40,NUM40_shuffled_1,NUM41,NUM41_shuffled_2,NUM42_shuffled_2,NUM43,NUM44,NUM45,NUM46,NUM47,NUM47_shuffled_1,NUM48,NUM8,NUM9,RES"
drive_diagnosis_un_clean,classification,17.629300832748413,0.4933344727397026,0.4730103680297061,0.49656813064544514,0.49334670379875106,0.9028778597561774,-0.033445709711640126,-0.03574034849783958,1,"NUM9,RES"
drive_diagnosis_un_clean,classification,17.629300832748413,0.49803452401298925,0.48521947200666843,0.49988259319546735,0.49804265645727247,0.9073395549000156,-0.15447471605794033,-0.16329257880036457,2,"NUM8,NUM9,RES"
drive_diagnosis_un_clean,classification,17.629300832748413,0.5144419757306443,0.5039360107888465,0.5164579828457758,0.514447465195101,0.9114333461212137,-0.2155556741935123,-0.22486995273928378,3,"NUM7,NUM8,NUM9,RES"
drive_diagnosis_un_clean,classification,17.629300832748413,0.5784481285250385,0.5748983354773269,0.5803302180366716,0.5784489499211983,0.9309357725444596,-0.014326456472931959,-0.014464872787218974,4,"NUM5,NUM7,NUM8,NUM9,RES"
drive_diagnosis_un_clean,classification,17.629300832748413,0.5900700734917108,0.5865622779075153,0.5883763275300911,0.5900618357233202,0.9351548531001584,-0.05391480056558828,-0.054823517655102516,5,"NUM41,NUM5,NUM7,NUM8,NUM9,RES"
drive_diagnosis_un_clean,classification,17.629300832748413,0.7127841394633396,0.7117217451127149,0.7132215868729189,0.712773097328972,0.965453734337143,-0.058019372831829896,-0.058308962151102595,6,"NUM35,NUM41,NUM5,NUM7,NUM8,NUM9,RES"
drive_diagnosis_un_clean,classification,17.629300832748413,0.7136386942403008,0.7127375783105272,0.7140823928233693,0.7136269434383016,0.9652643029870759,-0.05765619754938878,-0.0577739729894261,7,"NUM35,NUM36,NUM41,NUM5,NUM7,NUM8,NUM9,RES"
drive_diagnosis_un_clean,classification,17.629300832748413,0.7137241497179969,0.7127258722739754,0.7143934244098475,0.7137138311013144,0.9656919366344074,-0.1042090653994,-0.10486721575735836,8,"NUM34,NUM35,NUM36,NUM41,NUM5,NUM7,NUM8,NUM9,RES"
drive_diagnosis_un_clean,classification,17.629300832748413,0.7987523500256366,0.7981246427309727,0.7982747298630237,0.7987384329291544,0.9820070077192224,-0.09096499994338514,-0.09124622966796203,9,"NUM34,NUM35,NUM36,NUM40,NUM41,NUM5,NUM7,NUM8,NUM9,RES"
drive_diagnosis_un_clean,classification,17.629300832748413,0.9830798154161682,0.9830819295335895,0.9831026208616612,0.9830784467797392,0.9994334276245909,-0.0131386989086123,-0.013136530405455815,10,"NUM24,NUM34,NUM35,NUM36,NUM40,NUM41,NUM5,NUM7,NUM8,NUM9,RES"
drive_diagnosis_un_clean,classification,17.629300832748413,0.9826525380276876,0.9826626495099348,0.9827179674133432,0.9826518854220988,0.9994850809810224,-0.013651433600487706,-0.013642663577726921,11,"NUM23,NUM24,NUM34,NUM35,NUM36,NUM40,NUM41,NUM5,NUM7,NUM8,NUM9,RES"
drive_diagnosis_un_clean,classification,17.629300832748413,0.9847034694923945,0.9847070748341568,0.9847313928048973,0.9847023860429317,0.999633636698883,-0.011194579944655447,-0.011191151921829401,12,"NUM23,NUM24,NUM34,NUM35,NUM36,NUM40,NUM41,NUM45,NUM5,NUM7,NUM8,NUM9,RES"
drive_diagnosis_un_clean,classification,17.629300832748413,0.9861562126132285,0.9861590745841148,0.9861854924167386,0.9861552024249455,0.999648555249875,-0.01241237755490876,-0.012409787488806168,13,"NUM22,NUM23,NUM24,NUM34,NUM35,NUM36,NUM40,NUM41,NUM45,NUM5,NUM7,NUM8,NUM9,RES"
drive_diagnosis_un_clean,classification,17.629300832748413,0.9869253119124936,0.9869272981855695,0.9869482960562158,0.9869244114305261,0.9997182266370044,-0.011921014491676818,-0.011919158150596632,14,"NUM22,NUM23,NUM24,NUM34,NUM35,NUM36,NUM40,NUM41,NUM44,NUM45,NUM5,NUM7,NUM8,NUM9,RES"
drive_diagnosis_un_clean,classification,17.629300832748413,0.9873525893009741,0.987342945868447,0.9873546575075324,0.9873514550508659,0.9997325009962598,-0.010874171653583953,-0.010884148247298553,15,"NUM22,NUM23,NUM24,NUM34,NUM35,NUM36,NUM40,NUM41,NUM44,NUM45,NUM47,NUM5,NUM7,NUM8,NUM9,RES"
drive_diagnosis_un_clean,classification,17.629300832748413,0.9915399077080841,0.9915350764646731,0.9915424534424503,0.9915391028241948,0.9998516337653787,-0.00835327066267244,-0.008358107379829671,16,"NUM22,NUM23,NUM24,NUM33,NUM34,NUM35,NUM36,NUM40,NUM41,NUM44,NUM45,NUM47,NUM5,NUM7,NUM8,NUM9,RES"
drive_diagnosis_un_clean,classification,17.629300832748413,0.9921380960519569,0.9921384312064819,0.9921500333945812,0.9921371889485967,0.9998563853630684,-0.007755082318799622,-0.0077547551512795465,17,"NUM22,NUM23,NUM24,NUM33,NUM34,NUM35,NUM36,NUM4,NUM40,NUM41,NUM44,NUM45,NUM47,NUM5,NUM7,NUM8,NUM9,RES"
drive_diagnosis_un_clean,classification,17.629300832748413,0.9927362843958297,0.9927393077297519,0.9927654432707468,0.9927356769585813,0.9998376415404369,-0.007135529649078043,-0.007132520918115337,18,"NUM22,NUM23,NUM24,NUM33,NUM34,NUM35,NUM36,NUM4,NUM40,NUM41,NUM44,NUM45,NUM46,NUM47,NUM5,NUM7,NUM8,NUM9,RES"
drive_diagnosis_un_clean,classification,17.629300832748413,0.9941035720389677,0.9940979835978069,0.9940998439250464,0.9941025702029812,0.9999118102021991,-0.0056827847025453515,-0.005688389043987829,19,"NUM22,NUM23,NUM24,NUM25,NUM33,NUM34,NUM35,NUM36,NUM4,NUM40,NUM41,NUM44,NUM45,NUM46,NUM47,NUM5,NUM7,NUM8,NUM9,RES"
drive_diagnosis_un_clean,classification,17.629300832748413,0.9937617501281832,0.9937583376757355,0.9937665497229964,0.9937607263262063,0.9998768325706547,-0.005896420658237589,-0.00589985844175378,20,"NUM22,NUM23,NUM24,NUM25,NUM32,NUM33,NUM34,NUM35,NUM36,NUM4,NUM40,NUM41,NUM44,NUM45,NUM46,NUM47,NUM5,NUM7,NUM8,NUM9,RES"
drive_diagnosis_un_clean,classification,17.629300832748413,0.9947872158605366,0.9947831722330341,0.9947845494106612,0.9947863383336473,0.9999041031337672,-0.005191419813614706,-0.005195465038518199,21,"NUM22,NUM23,NUM24,NUM25,NUM28,NUM32,NUM33,NUM34,NUM35,NUM36,NUM4,NUM40,NUM41,NUM44,NUM45,NUM46,NUM47,NUM5,NUM7,NUM8,NUM9,RES"
drive_diagnosis_un_clean,classification,17.629300832748413,0.9936762946504871,0.9936754324180488,0.9936787744798196,0.9936756873368747,0.9999204038344259,-0.006323705349512876,-0.006324567581951213,22,"NUM21,NUM22,NUM23,NUM24,NUM25,NUM28,NUM32,NUM33,NUM34,NUM35,NUM36,NUM4,NUM40,NUM41,NUM44,NUM45,NUM46,NUM47,NUM5,NUM7,NUM8,NUM9,RES"
drive_diagnosis_un_clean,classification,17.629300832748413,0.9952999487267133,0.9952992535966098,0.9953032808066508,0.9952993854687175,0.9999588230179149,-0.004700051273286654,-0.0047007464033902435,23,"NUM21,NUM22,NUM23,NUM24,NUM25,NUM28,NUM32,NUM33,NUM34,NUM35,NUM36,NUM4,NUM40,NUM41,NUM43,NUM44,NUM45,NUM46,NUM47,NUM5,NUM7,NUM8,NUM9,RES"
drive_diagnosis_un_clean,classification,17.629300832748413,0.9948726713382328,0.9948676133995842,0.9948721408213367,0.9948716184543287,0.9999034675508601,-0.004764135122339419,-0.004769240250329432,24,"NUM21,NUM22,NUM23,NUM24,NUM25,NUM28,NUM32,NUM33,NUM34,NUM35,NUM36,NUM37,NUM4,NUM40,NUM41,NUM43,NUM44,NUM45,NUM46,NUM47,NUM5,NUM7,NUM8,NUM9,RES"
drive_diagnosis_un_clean,classification,17.629300832748413,0.9957272261151939,0.9957253684491856,0.995727738118489,0.9957265898432904,0.9999058801586095,-0.004272773884806069,-0.004274631550814423,25,"NUM21,NUM22,NUM23,NUM24,NUM25,NUM28,NUM31,NUM32,NUM33,NUM34,NUM35,NUM36,NUM37,NUM4,NUM40,NUM41,NUM43,NUM44,NUM45,NUM46,NUM47,NUM5,NUM7,NUM8,NUM9,RES"
drive_diagnosis_un_clean,classification,17.629300832748413,0.9958126815928902,0.9958106771043149,0.995814750433609,0.995812030718205,0.9999411172855105,-0.004123225429563782,-0.004125234710341985,26,"NUM20,NUM21,NUM22,NUM23,NUM24,NUM25,NUM28,NUM31,NUM32,NUM33,NUM34,NUM35,NUM36,NUM37,NUM4,NUM40,NUM41,NUM43,NUM44,NUM45,NUM46,NUM47,NUM5,NUM7,NUM8,NUM9,RES"
drive_diagnosis_un_clean,classification,17.629300832748413,0.9953854042044095,0.9953839666309808,0.9953889505696091,0.995384826343632,0.9999287168742655,-0.004614595795590537,-0.004616033369019168,27,"NUM20,NUM21,NUM22,NUM23,NUM24,NUM25,NUM28,NUM31,NUM32,NUM33,NUM34,NUM35,NUM36,NUM37,NUM4,NUM40,NUM41,NUM43,NUM44,NUM45,NUM46,NUM47,NUM48,NUM5,NUM7,NUM8,NUM9,RES"
drive_diagnosis_un_clean,classification,17.629300832748413,0.9964963254144591,0.9964944849060088,0.9964993017560336,0.9964955577175213,0.9999332497469364,-0.003482310259692256,-0.003484152365543558,28,"NUM19,NUM20,NUM21,NUM22,NUM23,NUM24,NUM25,NUM28,NUM31,NUM32,NUM33,NUM34,NUM35,NUM36,NUM37,NUM4,NUM40,NUM41,NUM43,NUM44,NUM45,NUM46,NUM47,NUM48,NUM5,NUM7,NUM8,NUM9,RES"
drive_diagnosis_un_clean,classification,17.629300832748413,0.9977781575799008,0.9977775273288215,0.997779881055854,0.9977782157437551,0.9999848117842586,-0.0019868348357634513,-0.0019874776240674796,29,"NUM11,NUM19,NUM20,NUM21,NUM22,NUM23,NUM24,NUM25,NUM28,NUM31,NUM32,NUM33,NUM34,NUM35,NUM36,NUM37,NUM4,NUM40,NUM41,NUM43,NUM44,NUM45,NUM46,NUM47,NUM48,NUM5,NUM7,NUM8,NUM9,RES"
drive_diagnosis_un_clean,classification,17.629300832748413,0.9982908904460776,0.9982903766906802,0.9982915756304114,0.9982909413703591,0.999989654845537,-0.0013886446661919294,-0.0013891848468939871,30,"NUM11,NUM12,NUM19,NUM20,NUM21,NUM22,NUM23,NUM24,NUM25,NUM28,NUM31,NUM32,NUM33,NUM34,NUM35,NUM36,NUM37,NUM4,NUM40,NUM41,NUM43,NUM44,NUM45,NUM46,NUM47,NUM48,NUM5,NUM7,NUM8,NUM9,RES"
drive_diagnosis_un_clean,classification,17.629300832748413,0.9977781575799008,0.9977769669692119,0.9977785239572218,0.9977782157437552,0.9999845222090404,-0.001367269386151282,-0.0013683807474458298,31,"NUM10,NUM11,NUM12,NUM19,NUM20,NUM21,NUM22,NUM23,NUM24,NUM25,NUM28,NUM31,NUM32,NUM33,NUM34,NUM35,NUM36,NUM37,NUM4,NUM40,NUM41,NUM43,NUM44,NUM45,NUM46,NUM47,NUM48,NUM5,NUM7,NUM8,NUM9,RES"
drive_diagnosis_un_clean,classification,17.629300832748413,0.9982054349683814,0.9982049354537039,0.9982062986710214,0.998205420118328,0.9999829325509512,-0.0016236504248290373,-0.0016241551821835065,32,"NUM10,NUM11,NUM12,NUM19,NUM20,NUM21,NUM22,NUM23,NUM24,NUM25,NUM28,NUM31,NUM32,NUM33,NUM34,NUM35,NUM36,NUM37,NUM4,NUM40,NUM41,NUM43,NUM44,NUM45,NUM46,NUM47,NUM48,NUM5,NUM6,NUM7,NUM8,NUM9,RES"
drive_diagnosis_un_clean,classification,17.629300832748413,0.9988890787899505,0.9988886649840453,0.998889428776572,0.9988891078718776,0.9999866833871003,-0.0010254639066547,-0.0010258715497346582,33,"NUM10,NUM11,NUM12,NUM19,NUM20,NUM21,NUM22,NUM23,NUM24,NUM25,NUM28,NUM31,NUM32,NUM33,NUM34,NUM35,NUM36,NUM37,NUM38,NUM4,NUM40,NUM41,NUM43,NUM44,NUM45,NUM46,NUM47,NUM48,NUM5,NUM6,NUM7,NUM8,NUM9,RES"
drive_diagnosis_un_clean,classification,17.629300832748413,0.9984618014014698,0.998461379665094,0.9984621417517602,0.9984619034973048,0.9999813423216597,-0.001239098036648456,-0.0012395170288295176,34,"NUM10,NUM11,NUM12,NUM16,NUM19,NUM20,NUM21,NUM22,NUM23,NUM24,NUM25,NUM28,NUM31,NUM32,NUM33,NUM34,NUM35,NUM36,NUM37,NUM38,NUM4,NUM40,NUM41,NUM43,NUM44,NUM45,NUM46,NUM47,NUM48,NUM5,NUM6,NUM7,NUM8,NUM9,RES"
drive_diagnosis_un_clean,classification,17.629300832748413,0.9987181678345582,0.9987178231407964,0.998718945290516,0.9987182261220485,0.9999872617351339,-0.0012177391878956945,-0.0012180811411637293,35,"NUM10,NUM11,NUM12,NUM16,NUM19,NUM20,NUM21,NUM22,NUM23,NUM24,NUM25,NUM28,NUM31,NUM32,NUM33,NUM34,NUM35,NUM36,NUM37,NUM38,NUM4,NUM40,NUM41,NUM43,NUM44,NUM45,NUM46,NUM47,NUM48,NUM5,NUM6,NUM7,NUM8,NUM9,NUM9_shuffled_1,RES"
drive_diagnosis_un_clean,classification,17.629300832748413,0.9982054349683814,0.9982047352118246,0.9982061370158323,0.9982055004954447,0.9999827075010708,-0.0014313714921907472,-0.0014320557183997717,36,"NUM10,NUM11,NUM12,NUM16,NUM19,NUM20,NUM21,NUM22,NUM23,NUM24,NUM25,NUM28,NUM31,NUM32,NUM33,NUM34,NUM35,NUM36,NUM37,NUM38,NUM4,NUM40,NUM41,NUM42,NUM43,NUM44,NUM45,NUM46,NUM47,NUM48,NUM5,NUM6,NUM7,NUM8,NUM9,NUM9_shuffled_1,RES"
drive_diagnosis_un_clean,classification,17.629300832748413,0.9985472568791659,0.9985467403529044,0.9985476619501867,0.9985472639951027,0.9999863621476152,-0.0014313787949854495,-0.0014318944080440321,37,"NUM10,NUM11,NUM12,NUM16,NUM19,NUM20,NUM21,NUM22,NUM23,NUM24,NUM25,NUM28,NUM31,NUM32,NUM33,NUM34,NUM35,NUM36,NUM37,NUM38,NUM39,NUM4,NUM40,NUM41,NUM42,NUM43,NUM44,NUM45,NUM46,NUM47,NUM48,NUM5,NUM6,NUM7,NUM8,NUM9,NUM9_shuffled_1,RES"
drive_diagnosis_un_clean,classification,17.629300832748413,0.9983763459237737,0.9983756565637347,0.9983775799007144,0.9983763822452737,0.9999830450690911,-0.0014954681211341025,-0.0014961519981209204,38,"NUM10,NUM11,NUM12,NUM13,NUM16,NUM19,NUM20,NUM21,NUM22,NUM23,NUM24,NUM25,NUM28,NUM31,NUM32,NUM33,NUM34,NUM35,NUM36,NUM37,NUM38,NUM39,NUM4,NUM40,NUM41,NUM42,NUM43,NUM44,NUM45,NUM46,NUM47,NUM48,NUM5,NUM6,NUM7,NUM8,NUM9,NUM9_shuffled_1,RES"
drive_diagnosis_un_clean,classification,17.629300832748413,0.9979490685352931,0.997948413079031,0.9979492522070924,0.9979491778707008,0.9999779846359984,-0.0013245443858511674,-0.0013251109879448553,39,"NUM10,NUM11,NUM12,NUM13,NUM16,NUM19,NUM2,NUM20,NUM21,NUM22,NUM23,NUM24,NUM25,NUM28,NUM31,NUM32,NUM33,NUM34,NUM35,NUM36,NUM37,NUM38,NUM39,NUM4,NUM40,NUM41,NUM42,NUM43,NUM44,NUM45,NUM46,NUM47,NUM48,NUM5,NUM6,NUM7,NUM8,NUM9,NUM9_shuffled_1,RES"
drive_diagnosis_un_clean,classification,17.629300832748413,0.9993163561784311,0.9993162312834708,0.9993171145090362,0.999316392623567,0.9999920566812097,-0.0006836438215689356,-0.0006837687165291984,40,"NUM10,NUM11,NUM12,NUM13,NUM16,NUM17,NUM19,NUM2,NUM20,NUM21,NUM22,NUM23,NUM24,NUM25,NUM28,NUM31,NUM32,NUM33,NUM34,NUM35,NUM36,NUM37,NUM38,NUM39,NUM4,NUM40,NUM41,NUM42,NUM43,NUM44,NUM45,NUM46,NUM47,NUM48,NUM5,NUM6,NUM7,NUM8,NUM9,NUM9_shuffled_1,RES"
drive_diagnosis_mn_dirty,classification,46.23961853981018,0.32857631174158264,0.32379572182799665,0.3298288154298673,0.3285654163631091,0.8338205736040848,-0.01921354874936959,-0.019032761941264298,1,"NUM16,RES"
drive_diagnosis_mn_dirty,classification,46.23961853981018,0.5543496838147325,0.5498756534145285,0.5509247971565613,0.5543272949756586,0.92185354432922,-0.11764382143020946,-0.11896429451952262,2,"NUM16,NUM32,RES"
drive_diagnosis_mn_dirty,classification,46.23961853981018,0.8975388822423518,0.8975547409243657,0.8978537672201317,0.8975313133170736,0.9950007378962126,-0.04704205650612603,-0.04702350381250919,3,"NUM16,NUM22,NUM32,RES"
drive_diagnosis_mn_dirty,classification,46.23961853981018,0.9029225773372073,0.9028806643656001,0.9031141534971379,0.9029154548476724,0.9962622436434319,-0.04285476365879759,-0.04289814411066106,4,"NUM16,NUM22,NUM24,NUM32,RES"
drive_diagnosis_mn_dirty,classification,46.23961853981018,0.9001025465732353,0.9001206524577179,0.9004050691636862,0.9000954237127927,0.9960764986003562,-0.04274788178149802,-0.04273887374906127,5,"NUM16,NUM22,NUM23,NUM24,NUM32,RES"
drive_diagnosis_mn_dirty,classification,46.23961853981018,0.921124594086481,0.9210564468093861,0.9211410876831129,0.9211201483568665,0.9970379677575489,-0.060373899728546676,-0.06044099512022172,6,"NUM16,NUM22,NUM23,NUM24,NUM25,NUM32,RES"
drive_diagnosis_mn_dirty,classification,46.23961853981018,0.9354811143394292,0.9354749751587043,0.9356245677503395,0.935477671558525,0.9980939489747634,-0.052853963747181876,-0.052861897816788184,7,"NUM16,NUM21,NUM22,NUM23,NUM24,NUM25,NUM32,RES"
drive_diagnosis_mn_dirty,classification,46.23961853981018,0.9353102033840369,0.9353337650202797,0.9354932476420138,0.9353061467917635,0.9978982503220678,-0.04702149913908993,-0.04700151892834792,8,"NUM16,NUM20,NUM21,NUM22,NUM23,NUM24,NUM25,NUM32,RES"
drive_diagnosis_mn_dirty,classification,46.23961853981018,0.9423175525551187,0.9423333849994742,0.9426015559971667,0.9423145490940211,0.9983829629515348,-0.04838896570069773,-0.04837818191563892,9,"NUM16,NUM20,NUM21,NUM22,NUM23,NUM24,NUM25,NUM28,NUM32,RES"
drive_diagnosis_mn_dirty,classification,46.23961853981018,0.9406938984788925,0.9406962338941198,0.9409529307296217,0.9406905294537121,0.9982917827699924,-0.04849575264166639,-0.04849595774651061,10,"NUM16,NUM20,NUM21,NUM22,NUM23,NUM24,NUM25,NUM28,NUM31,NUM32,RES"
drive_diagnosis_mn_dirty,classification,46.23961853981018,0.941035720389677,0.9410296511533858,0.9412177799693281,0.9410326144618364,0.9983231556994011,-0.04364605797680665,-0.04366618293184399,11,"NUM16,NUM19,NUM20,NUM21,NUM22,NUM23,NUM24,NUM25,NUM28,NUM31,NUM32,RES"
drive_diagnosis_mn_dirty,classification,46.23961853981018,0.941804819688942,0.9417985124194028,0.9418556167732518,0.941802064598767,0.99855016306049,-0.05804563003011709,-0.05805194596496133,12,"NUM16,NUM17,NUM19,NUM20,NUM21,NUM22,NUM23,NUM24,NUM25,NUM28,NUM31,NUM32,RES"
drive_diagnosis_mn_dirty,classification,46.23961853981018,0.9393266108357545,0.939350138841942,0.9394561702915433,0.9393237969635454,0.99846660688862,-0.06067338916424547,-0.06064986115805804,13,"NUM16,NUM17,NUM19,NUM20,NUM21,NUM22,NUM23,NUM24,NUM25,NUM28,NUM31,NUM32,NUM41,RES"
drive_diagnosis_mn_dirty,classification,46.23961853981018,0.9423175525551187,0.9423146811430942,0.9424847223583425,0.942314790225371,0.9982019922721658,-0.05349503957853652,-0.05349690472237145,14,"NUM16,NUM17,NUM19,NUM20,NUM21,NUM22,NUM23,NUM24,NUM25,NUM28,NUM29,NUM31,NUM32,NUM41,RES"
drive_diagnosis_mn_dirty,classification,46.23961853981018,0.9441121175867373,0.9440949570880854,0.9441527433710472,0.9441101738782087,0.9986974590850156,-0.0558878824132627,-0.05590504291191456,15,"NUM1,NUM16,NUM17,NUM19,NUM20,NUM21,NUM22,NUM23,NUM24,NUM25,NUM28,NUM29,NUM31,NUM32,NUM41,RES"
drive_diagnosis_mn_dirty,classification,46.23961853981018,0.9491539907708084,0.9491482481483284,0.9492016908166822,0.9491523107777997,0.9987748181962739,-0.05073918759994811,-0.0507449306726081,16,"NUM1,NUM16,NUM17,NUM18,NUM19,NUM20,NUM21,NUM22,NUM23,NUM24,NUM25,NUM28,NUM29,NUM31,NUM32,NUM41,RES"
drive_diagnosis_mn_dirty,classification,46.23961853981018,0.9499230900700735,0.9499026023160859,0.9499337494152499,0.9499213590291472,0.9987492752779974,-0.049905995323137,-0.049926490830406234,17,"NUM1,NUM16,NUM17,NUM18,NUM19,NUM20,NUM21,NUM22,NUM23,NUM24,NUM25,NUM26,NUM28,NUM29,NUM31,NUM32,NUM41,RES"
drive_diagnosis_mn_dirty,classification,46.23961853981018,0.943855751153649,0.9438610684516743,0.9439518466405392,0.9438541727619313,0.9985007500130672,-0.05614424884635105,-0.05613893154832572,18,"NUM1,NUM16,NUM17,NUM18,NUM19,NUM20,NUM21,NUM22,NUM23,NUM24,NUM25,NUM26,NUM28,NUM29,NUM30,NUM31,NUM32,NUM41,RES"
drive_diagnosis_mn_dirty,classification,46.23961853981018,0.9472739702614937,0.9472472629074805,0.9472826043303804,0.9472725311525628,0.9987641375001978,-0.05259784378341403,-0.052624553184123735,19,"NUM1,NUM16,NUM17,NUM18,NUM19,NUM20,NUM21,NUM22,NUM23,NUM24,NUM25,NUM26,NUM27,NUM28,NUM29,NUM30,NUM31,NUM32,NUM41,RES"
drive_diagnosis_mn_dirty,classification,46.23961853981018,0.9453939497521792,0.9453801021717116,0.9454311711942313,0.945392349641743,0.9987315291908957,-0.054606050247820836,-0.054619897828288355,20,"NUM1,NUM16,NUM17,NUM18,NUM19,NUM20,NUM21,NUM22,NUM23,NUM24,NUM25,NUM26,NUM27,NUM28,NUM29,NUM30,NUM31,NUM32,NUM38_shuffled_2,NUM41,RES"
drive_diagnosis_mn_dirty,classification,46.23961853981018,0.9482994359938473,0.9482925422369607,0.9483605142799901,0.9482978216515374,0.9986603697225792,-0.05170056400615275,-0.05170745776303931,21,"NUM1,NUM16,NUM17,NUM18,NUM19,NUM20,NUM21,NUM22,NUM23,NUM24,NUM25,NUM26,NUM27,NUM28,NUM29,NUM30,NUM31,NUM32,NUM38_shuffled_2,NUM41,NUM42_shuffled_1,RES"
drive_diagnosis_mn_dirty,classification,46.23961853981018,0.9940181165612716,0.9940218937992945,0.9940708470880248,0.9940165666882504,0.9999193837166608,-0.004593202258563078,-0.004590025144750709,22,"NUM1,NUM12,NUM16,NUM17,NUM18,NUM19,NUM20,NUM21,NUM22,NUM23,NUM24,NUM25,NUM26,NUM27,NUM28,NUM29,NUM30,NUM31,NUM32,NUM38_shuffled_2,NUM41,NUM42_shuffled_1,RES"
drive_diagnosis_mn_dirty,classification,46.23961853981018,0.9932490172620065,0.9932539401262583,0.9933194134559314,0.9932472773055533,0.9999218731050693,-0.0049350150408541404,-0.0049310917183647,23,"NUM1,NUM11,NUM12,NUM16,NUM17,NUM18,NUM19,NUM20,NUM21,NUM22,NUM23,NUM24,NUM25,NUM26,NUM27,NUM28,NUM29,NUM30,NUM31,NUM32,NUM38_shuffled_2,NUM41,NUM42_shuffled_1,RES"
drive_diagnosis_mn_dirty,classification,46.23961853981018,0.9934199282173988,0.9934227175398154,0.9934584161733017,0.993418400186732,0.9999299465693391,-0.005875049029594237,-0.005872513111583211,24,"NUM1,NUM11,NUM12,NUM16,NUM17,NUM18,NUM19,NUM20,NUM21,NUM22,NUM23,NUM24,NUM25,NUM26,NUM27,NUM28,NUM29,NUM30,NUM31,NUM32,NUM38_shuffled_2,NUM41,NUM41_shuffled_1,NUM42_shuffled_1,RES"
drive_diagnosis_mn_dirty,classification,46.23961853981018,0.9923090070073491,0.9923107479157429,0.9923401775060392,0.9923076688128428,0.9998338366620675,-0.005618653385327188,-0.0056178660448052975,25,"NUM1,NUM11,NUM12,NUM16,NUM17,NUM18,NUM19,NUM20,NUM21,NUM22,NUM23,NUM24,NUM25,NUM26,NUM27,NUM27_shuffled_2,NUM28,NUM29,NUM30,NUM31,NUM32,NUM38_shuffled_2,NUM41,NUM41_shuffled_1,NUM42_shuffled_1,RES"
drive_diagnosis_mn_dirty,classification,46.23961853981018,0.9934199282173988,0.9934224652776785,0.993452768447866,0.993418400186732,0.9998612428319177,-0.006387792849962937,-0.006385287706905829,26,"NUM1,NUM10,NUM11,NUM12,NUM16,NUM17,NUM18,NUM19,NUM20,NUM21,NUM22,NUM23,NUM24,NUM25,NUM26,NUM27,NUM27_shuffled_2,NUM28,NUM29,NUM30,NUM31,NUM32,NUM38_shuffled_2,NUM41,NUM41_shuffled_1,NUM42_shuffled_1,RES"
drive_diagnosis_mn_dirty,classification,46.23961853981018,0.9927362843958297,0.9927366986871266,0.9927608873592384,0.9927352750729984,0.9999170638156031,-0.007263715604170273,-0.007263301312873449,27,"NUM1,NUM10,NUM11,NUM12,NUM16,NUM17,NUM18,NUM19,NUM20,NUM21,NUM22,NUM23,NUM24,NUM25,NUM26,NUM27,NUM27_shuffled_2,NUM28,NUM29,NUM30,NUM31,NUM32,NUM34_shuffled_1,NUM38_shuffled_2,NUM41,NUM41_shuffled_1,NUM42_shuffled_1,RES"
drive_diagnosis_mn_dirty,classification,46.23961853981018,0.9933344727397027,0.993337447628173,0.9933641418856568,0.9933334415745169,0.9999158682060666,-0.006665527260297344,-0.006662552371827002,28,"NUM1,NUM10,NUM11,NUM12,NUM16,NUM17,NUM18,NUM19,NUM20,NUM21,NUM22,NUM23,NUM24,NUM25,NUM26,NUM27,NUM27_shuffled_2,NUM28,NUM29,NUM30,NUM31,NUM32,NUM34_shuffled_1,NUM38_shuffled_2,NUM41,NUM41_shuffled_1,NUM42_shuffled_1,NUM42_shuffled_2,RES"
drive_diagnosis_mn_dirty,classification,46.23961853981018,0.9980345240129892,0.9980336519531403,0.9980346896043115,0.9980344579913822,0.9999748364332846,-0.0018159257060699208,-0.0018167989029509446,29,"NUM1,NUM10,NUM11,NUM12,NUM16,NUM17,NUM18,NUM19,NUM20,NUM21,NUM22,NUM23,NUM24,NUM25,NUM26,NUM27,NUM27_shuffled_2,NUM28,NUM29,NUM30,NUM31,NUM32,NUM34_shuffled_1,NUM38_shuffled_2,NUM41,NUM41_shuffled_1,NUM42_shuffled_1,NUM42_shuffled_2,NUM9,RES"
drive_diagnosis_mn_dirty,classification,46.23961853981018,0.9975217911468125,0.9975199589212181,0.9975208285164289,0.9975217323647784,0.9999713664538841,-0.0016663644709369319,-0.0016682495325457403,30,"NUM1,NUM10,NUM11,NUM12,NUM16,NUM17,NUM18,NUM19,NUM20,NUM21,NUM22,NUM23,NUM24,NUM25,NUM26,NUM26_shuffled_2,NUM27,NUM27_shuffled_2,NUM28,NUM29,NUM30,NUM31,NUM32,NUM34_shuffled_1,NUM38_shuffled_2,NUM41,NUM41_shuffled_1,NUM42_shuffled_1,NUM42_shuffled_2,NUM9,RES"
drive_diagnosis_mn_dirty,classification,46.23961853981018,0.9986327123568621,0.9986318559141494,0.9986344557873007,0.9986327852471338,0.9999531108281019,-0.0013459233172892215,-0.0013467788467990127,31,"NUM1,NUM10,NUM11,NUM12,NUM16,NUM17,NUM18,NUM19,NUM20,NUM21,NUM22,NUM23,NUM24,NUM25,NUM26,NUM26_shuffled_2,NUM27,NUM27_shuffled_2,NUM28,NUM29,NUM30,NUM31,NUM32,NUM34_shuffled_1,NUM38_shuffled_2,NUM41,NUM41_shuffled_1,NUM42_shuffled_1,NUM42_shuffled_2,NUM8,NUM9,RES"
drive_diagnosis_mn_dirty,classification,46.23961853981018,0.9984618014014698,0.9984608536739306,0.9984630926783044,0.9984618231201883,0.9999799125761105,-0.0012818266883458662,-0.0012827684706944176,32,"NUM1,NUM10,NUM11,NUM12,NUM16,NUM17,NUM18,NUM19,NUM20,NUM21,NUM22,NUM23,NUM24,NUM25,NUM26,NUM26_shuffled_2,NUM27,NUM27_shuffled_2,NUM28,NUM29,NUM30,NUM31,NUM32,NUM34_shuffled_1,NUM36,NUM38_shuffled_2,NUM41,NUM41_shuffled_1,NUM42_shuffled_1,NUM42_shuffled_2,NUM8,NUM9,RES"
drive_diagnosis_mn_dirty,classification,46.23961853981018,0.9983763459237737,0.998375494141436,0.998377816654534,0.9983764626223902,0.9999593112887254,-0.0014313751435880429,-0.0014322312521547476,33,"NUM1,NUM10,NUM11,NUM12,NUM16,NUM17,NUM18,NUM19,NUM20,NUM21,NUM22,NUM23,NUM24,NUM25,NUM26,NUM26_shuffled_2,NUM27,NUM27_shuffled_2,NUM28,NUM29,NUM30,NUM31,NUM32,NUM34,NUM34_shuffled_1,NUM36,NUM38_shuffled_2,NUM41,NUM41_shuffled_1,NUM42_shuffled_1,NUM42_shuffled_2,NUM8,NUM9,RES"
drive_diagnosis_mn_dirty,classification,46.23961853981018,0.9985472568791659,0.9985464966643534,0.9985486193844586,0.998547424749336,0.9999803865872715,-0.001452743120834099,-0.0014535033356466442,34,"NUM1,NUM10,NUM11,NUM12,NUM16,NUM17,NUM18,NUM19,NUM20,NUM21,NUM22,NUM23,NUM24,NUM25,NUM26,NUM26_shuffled_2,NUM27,NUM27_shuffled_2,NUM28,NUM29,NUM30,NUM31,NUM32,NUM34,NUM34_shuffled_1,NUM36,NUM38_shuffled_2,NUM41,NUM41_shuffled_1,NUM42_shuffled_1,NUM42_shuffled_2,NUM7,NUM8,NUM9,RES"
drive_diagnosis_mn_dirty,classification,46.23961853981018,0.9981199794906853,0.9981194564900833,0.9981195749410346,0.9981198988662968,0.9999727482610316,-0.0013886410147946338,-0.0013891780973572798,35,"NUM1,NUM10,NUM11,NUM12,NUM16,NUM17,NUM18,NUM19,NUM20,NUM21,NUM22,NUM23,NUM24,NUM25,NUM26,NUM26_shuffled_2,NUM27,NUM27_shuffled_2,NUM28,NUM29,NUM30,NUM31,NUM32,NUM34,NUM34_shuffled_1,NUM35,NUM36,NUM38_shuffled_2,NUM41,NUM41_shuffled_1,NUM42_shuffled_1,NUM42_shuffled_2,NUM7,NUM8,NUM9,RES"
drive_diagnosis_mn_dirty,classification,46.23961853981018,0.9981199794906853,0.9981191319157937,0.9981208520486451,0.9981199792434133,0.999982185551508,-0.0016022842732815734,-0.0016031350254113175,36,"NUM1,NUM10,NUM11,NUM12,NUM16,NUM17,NUM18,NUM19,NUM20,NUM21,NUM22,NUM23,NUM24,NUM25,NUM26,NUM26_shuffled_2,NUM27,NUM27_shuffled_2,NUM28,NUM29,NUM30,NUM31,NUM32,NUM34,NUM34_shuffled_1,NUM35,NUM36,NUM38_shuffled_2,NUM40,NUM41,NUM41_shuffled_1,NUM42_shuffled_1,NUM42_shuffled_2,NUM7,NUM8,NUM9,RES"
drive_diagnosis_mn_dirty,classification,46.23961853981018,0.9972654247137241,0.9972641483595623,0.9972704043475136,0.9972652489858015,0.9999709402587246,-0.0011749794993208829,-0.0011760855644937784,37,"NUM1,NUM10,NUM11,NUM12,NUM13,NUM16,NUM17,NUM18,NUM19,NUM20,NUM21,NUM22,NUM23,NUM24,NUM25,NUM26,NUM26_shuffled_2,NUM27,NUM27_shuffled_2,NUM28,NUM29,NUM30,NUM31,NUM32,NUM34,NUM34_shuffled_1,NUM35,NUM36,NUM38_shuffled_2,NUM40,NUM41,NUM41_shuffled_1,NUM42_shuffled_1,NUM42_shuffled_2,NUM7,NUM8,NUM9,RES"
drive_diagnosis_mn_dirty,classification,46.23961853981018,0.9986327123568621,0.9986320595068001,0.9986337422184701,0.9986328656242506,0.9999838642175379,-0.001324558991440461,-0.0013252100133265277,38,"NUM1,NUM10,NUM11,NUM12,NUM13,NUM16,NUM17,NUM18,NUM19,NUM20,NUM21,NUM22,NUM23,NUM24,NUM25,NUM26,NUM26_shuffled_2,NUM27,NUM27_shuffled_2,NUM28,NUM29,NUM30,NUM31,NUM32,NUM34,NUM34_shuffled_1,NUM35,NUM35_shuffled_1,NUM36,NUM38_shuffled_2,NUM40,NUM41,NUM41_shuffled_1,NUM42_shuffled_1,NUM42_shuffled_2,NUM7,NUM8,NUM9,RES"
drive_diagnosis_mn_dirty,classification,46.23961853981018,0.9988036233122544,0.9988030612748954,0.9988053437537026,0.9988036669969631,0.9999877275650273,-0.0011963766877456372,-0.0011969387251046237,39,"NUM1,NUM10,NUM11,NUM12,NUM13,NUM16,NUM17,NUM18,NUM19,NUM20,NUM21,NUM22,NUM23,NUM24,NUM25,NUM26,NUM26_shuffled_2,NUM27,NUM27_shuffled_2,NUM28,NUM29,NUM30,NUM31,NUM32,NUM34,NUM34_shuffled_1,NUM35,NUM35_shuffled_1,NUM36,NUM38_shuffled_1,NUM38_shuffled_2,NUM40,NUM41,NUM41_shuffled_1,NUM42_shuffled_1,NUM42_shuffled_2,NUM7,NUM8,NUM9,RES"
drive_diagnosis_mn_dirty,classification,46.23961853981018,0.9982908904460776,0.9982896478571461,0.9982929299245197,0.9982908609932426,0.9999861691360032,-0.0014954662954355102,-0.001496692206366168,40,"NUM1,NUM10,NUM11,NUM12,NUM13,NUM16,NUM17,NUM18,NUM19,NUM20,NUM20_shuffled_1,NUM21,NUM22,NUM23,NUM24,NUM25,NUM26,NUM26_shuffled_2,NUM27,NUM27_shuffled_2,NUM28,NUM29,NUM30,NUM31,NUM32,NUM34,NUM34_shuffled_1,NUM35,NUM35_shuffled_1,NUM36,NUM38_shuffled_1,NUM38_shuffled_2,NUM40,NUM41,NUM41_shuffled_1,NUM42_shuffled_1,NUM42_shuffled_2,NUM7,NUM8,NUM9,RES"
drive_diagnosis_mn_clean,classification,17.614670753479004,0.573149888907879,0.5522881904906735,0.5692670138748596,0.5731638329982144,0.9298007199344105,-0.026845838226951302,-0.029743740355783865,1,"NUM11,RES"
drive_diagnosis_mn_clean,classification,17.614670753479004,0.8541274995727226,0.8531309176417037,0.8552054374720826,0.8541250983012136,0.9899365552249773,-0.03189382202447444,-0.03228491749593265,2,"NUM11,NUM9,RES"
drive_diagnosis_mn_clean,classification,17.614670753479004,0.9106135703298581,0.9105924515095217,0.9111526431988373,0.9106045709501669,0.9955357755485845,-0.04200035493773002,-0.042060152178804655,3,"NUM11,NUM25,NUM9,RES"
drive_diagnosis_mn_clean,classification,17.614670753479004,0.9101008374636814,0.9100742448190807,0.9104996114301014,0.9100937743743605,0.9949800958462983,-0.031937746508801323,-0.031916095177957904,4,"NUM11,NUM12,NUM25,NUM9,RES"
drive_diagnosis_mn_clean,classification,17.614670753479004,0.9947872158605366,0.9947858818987616,0.9947913368253346,0.9947872224819296,0.9999419399525497,-0.004571854364002426,-0.004573238595296014,5,"NUM11,NUM12,NUM21,NUM25,NUM9,RES"
drive_diagnosis_mn_clean,classification,17.614670753479004,0.9959835925482824,0.9959827385200083,0.9959875211749926,0.9959837162391998,0.999972257540534,-0.004016407451717607,-0.004017261479991707,6,"NUM11,NUM12,NUM21,NUM25,NUM7,NUM9,RES"
drive_diagnosis_mn_clean,classification,17.614670753479004,0.9961545035036746,0.9961540727061782,0.9961550657547474,0.996154758743262,0.9999472072263612,-0.0038454964963253735,-0.003845927293821827,7,"NUM11,NUM12,NUM19,NUM21,NUM25,NUM7,NUM9,RES"
drive_diagnosis_mn_clean,classification,17.614670753479004,0.9973508801914203,0.997350800805899,0.9973548368434426,0.9973510113691824,0.9999859037169867,-0.0026491198085797363,-0.002649199194101004,8,"NUM11,NUM12,NUM19,NUM21,NUM25,NUM33,NUM7,NUM9,RES"
drive_diagnosis_mn_clean,classification,17.614670753479004,0.9983763459237737,0.9983758556337228,0.9983783789737859,0.9983764626223902,0.999986249575075,-0.001623654076226333,-0.0016241443662772248,9,"NUM11,NUM12,NUM17,NUM19,NUM21,NUM25,NUM33,NUM7,NUM9,RES"
drive_diagnosis_mn_clean,classification,17.614670753479004,0.9970090582806358,0.997007510254101,0.9970098625262125,0.9970090067381744,0.9999851323097411,-0.0027772984608772644,-0.0027788549240078675,10,"NUM11,NUM12,NUM17,NUM19,NUM21,NUM25,NUM33,NUM35,NUM7,NUM9,RES"
drive_diagnosis_mn_clean,classification,17.614670753479004,0.9984618014014698,0.9984611395178064,0.998461257001431,0.9984618231201883,0.9999886750229475,-0.0014741056209841563,-0.0014747672762329689,11,"NUM10,NUM11,NUM12,NUM17,NUM19,NUM21,NUM25,NUM33,NUM35,NUM7,NUM9,RES"
drive_diagnosis_mn_clean,classification,17.614670753479004,0.9981199794906853,0.9981194964332794,0.9981201356185859,0.9981199792434136,0.9999900404131594,-0.0017518345542224534,-0.001752322174237264,12,"NUM10,NUM11,NUM12,NUM17,NUM19,NUM21,NUM25,NUM32,NUM33,NUM35,NUM7,NUM9,RES"
drive_diagnosis_mn_clean,classification,17.614670753479004,0.9982054349683814,0.9982049371373709,0.9982055770917323,0.9982053397412115,0.9999911729054246,-0.0017304720540725071,-0.001730969656668413,13,"NUM10,NUM11,NUM12,NUM17,NUM19,NUM21,NUM25,NUM32,NUM33,NUM35,NUM4,NUM7,NUM9,RES"
drive_diagnosis_mn_clean,classification,17.614670753479004,0.9976927021022047,0.9976911181668284,0.9976939471260561,0.9976927748688407,0.9999890925268378,-0.0022218405944004482,-0.002223423387569312,14,"NUM10,NUM11,NUM12,NUM17,NUM18,NUM19,NUM21,NUM25,NUM32,NUM33,NUM35,NUM4,NUM7,NUM9,RES"
drive_diagnosis_mn_clean,classification,17.614670753479004,0.9979490685352931,0.9979481702837341,0.9979497255656703,0.9979490171164677,0.99998808067958,-0.0020509314647069177,-0.0020518297162659405,15,"NUM10,NUM11,NUM12,NUM17,NUM18,NUM19,NUM20,NUM21,NUM25,NUM32,NUM33,NUM35,NUM4,NUM7,NUM9,RES"
drive_diagnosis_mn_clean,classification,17.614670753479004,0.9982054349683814,0.9982046542086546,0.998205490803437,0.998205420118328,0.9999935985504976,-0.0017518363799211567,-0.0017526178238462808,16,"NUM10,NUM11,NUM12,NUM17,NUM18,NUM19,NUM20,NUM21,NUM25,NUM32,NUM33,NUM35,NUM4,NUM5,NUM7,NUM9,RES"
drive_diagnosis_mn_clean,classification,17.614670753479004,0.9984618014014698,0.9984608149275828,0.998463254663686,0.9984619034973048,0.9999687887987377,-0.001345919665891926,-0.0013469079400684203,17,"NUM10,NUM11,NUM12,NUM13,NUM17,NUM18,NUM19,NUM20,NUM21,NUM25,NUM32,NUM33,NUM35,NUM4,NUM5,NUM7,NUM9,RES"
drive_diagnosis_mn_clean,classification,17.614670753479004,0.9984618014014698,0.9984608550406431,0.9984634151160332,0.9984619034973048,0.9999656322855558,-0.001345919665891926,-0.0013468728426104803,18,"NUM10,NUM11,NUM12,NUM13,NUM17,NUM18,NUM19,NUM20,NUM21,NUM25,NUM32,NUM33,NUM35,NUM4,NUM47,NUM5,NUM7,NUM9,RES"
drive_diagnosis_mn_clean,classification,17.614670753479004,0.9986327123568621,0.998632141587468,0.9986325413945394,0.9986326244929007,0.9999956226598147,-0.001367287643137871,-0.0013678584125319526,19,"NUM10,NUM11,NUM12,NUM13,NUM17,NUM18,NUM19,NUM20,NUM21,NUM25,NUM32,NUM33,NUM35,NUM4,NUM47,NUM5,NUM7,NUM8,NUM9,RES"
drive_diagnosis_mn_clean,classification,17.614670753479004,0.9988036233122544,0.9988031036384626,0.9988034232910394,0.9988036669969631,0.9999976867506665,-0.0011963766877456372,-0.001196896361537414,20,"NUM10,NUM11,NUM12,NUM13,NUM16,NUM17,NUM18,NUM19,NUM20,NUM21,NUM25,NUM32,NUM33,NUM35,NUM4,NUM47,NUM5,NUM7,NUM8,NUM9,RES"
drive_diagnosis_mn_clean,classification,17.614670753479004,0.9990599897453427,0.9990597072804548,0.9990610322613523,0.9990600699988232,0.9999869003441131,-0.0009400102546572864,-0.0009402927195452104,21,"NUM10,NUM11,NUM12,NUM13,NUM16,NUM17,NUM18,NUM19,NUM20,NUM21,NUM23,NUM25,NUM32,NUM33,NUM35,NUM4,NUM47,NUM5,NUM7,NUM8,NUM9,RES"
drive_diagnosis_mn_clean,classification,17.614670753479004,0.9984618014014698,0.9984615403063862,0.9984629438642543,0.9984619034973048,0.9999784991590964,-0.001388648317589336,-0.0013889055311523402,22,"NUM10,NUM11,NUM12,NUM13,NUM16,NUM17,NUM18,NUM19,NUM20,NUM21,NUM22,NUM23,NUM25,NUM32,NUM33,NUM35,NUM4,NUM47,NUM5,NUM7,NUM8,NUM9,RES"
drive_diagnosis_mn_clean,classification,17.614670753479004,0.9983763459237737,0.998375456641381,0.9983758147616101,0.9983763018681571,0.9999967310026783,-0.001623654076226333,-0.0016245433586189462,23,"NUM10,NUM11,NUM12,NUM13,NUM16,NUM17,NUM18,NUM19,NUM20,NUM21,NUM22,NUM23,NUM25,NUM32,NUM33,NUM35,NUM4,NUM43,NUM47,NUM5,NUM7,NUM8,NUM9,RES"
drive_diagnosis_mn_clean,classification,17.614670753479004,0.9986327123568621,0.9986325819808998,0.998634063584116,0.9986328656242504,0.9999881371664507,-0.0012391016880456407,-0.001239239129846914,24,"NUM10,NUM11,NUM12,NUM13,NUM16,NUM17,NUM18,NUM19,NUM2,NUM20,NUM21,NUM22,NUM23,NUM25,NUM32,NUM33,NUM35,NUM4,NUM43,NUM47,NUM5,NUM7,NUM8,NUM9,RES"
drive_diagnosis_mn_clean,classification,17.614670753479004,0.9983763459237737,0.9983756162989844,0.9983766964909385,0.9983763822452737,0.9999972611403088,-0.001623654076226333,-0.001624383701015586,25,"NUM1,NUM10,NUM11,NUM12,NUM13,NUM16,NUM17,NUM18,NUM19,NUM2,NUM20,NUM21,NUM22,NUM23,NUM25,NUM32,NUM33,NUM35,NUM4,NUM43,NUM47,NUM5,NUM7,NUM8,NUM9,RES"
drive_diagnosis_mn_clean,classification,17.614670753479004,0.9988890787899505,0.9988888660032423,0.9988895878661609,0.9988891882489941,0.9999842980635634,-0.0010468282325034606,-0.0010470407905017742,26,"NUM1,NUM10,NUM11,NUM12,NUM13,NUM16,NUM17,NUM18,NUM19,NUM2,NUM20,NUM21,NUM22,NUM23,NUM25,NUM31,NUM32,NUM33,NUM35,NUM4,NUM43,NUM47,NUM5,NUM7,NUM8,NUM9,RES"
drive_diagnosis_mn_clean,classification,17.614670753479004,0.997863613057597,0.9978630109913023,0.9978646938144823,0.9978637369957862,0.9999813338139909,-0.0017518290771264544,-0.0017524347560819997,27,"NUM1,NUM10,NUM11,NUM12,NUM13,NUM16,NUM17,NUM18,NUM19,NUM2,NUM20,NUM21,NUM22,NUM23,NUM25,NUM31,NUM32,NUM33,NUM35,NUM4,NUM41,NUM43,NUM47,NUM5,NUM7,NUM8,NUM9,RES"
drive_diagnosis_mn_clean,classification,17.614670753479004,0.9988036233122544,0.9988033041661876,0.9988047070684306,0.998803666996963,0.999989896135552,-0.0010895550585021674,-0.0010898721485681495,28,"NUM1,NUM10,NUM11,NUM12,NUM13,NUM16,NUM17,NUM18,NUM19,NUM2,NUM20,NUM21,NUM22,NUM23,NUM25,NUM31,NUM32,NUM33,NUM35,NUM4,NUM41,NUM43,NUM47,NUM5,NUM6,NUM7,NUM8,NUM9,RES"
drive_diagnosis_mn_clean,classification,17.614670753479004,0.9985472568791659,0.9985469001430091,0.9985482227773841,0.9985472639951027,0.9999859685891259,-0.0013672858174392788,-0.0013676389016696877,29,"NUM1,NUM10,NUM11,NUM12,NUM13,NUM16,NUM17,NUM18,NUM19,NUM2,NUM20,NUM21,NUM22,NUM23,NUM25,NUM31,NUM32,NUM33,NUM35,NUM4,NUM41,NUM43,NUM45,NUM47,NUM5,NUM6,NUM7,NUM8,NUM9,RES"
drive_diagnosis_mn_clean,classification,17.614670753479004,0.9982908904460776,0.9982903781636014,0.9982905366117355,0.9982909413703591,0.9999861211704012,-0.0015809235988302195,-0.0015814354221171945,30,"NUM1,NUM10,NUM11,NUM12,NUM13,NUM14_shuffled_2,NUM16,NUM17,NUM18,NUM19,NUM2,NUM20,NUM21,NUM22,NUM23,NUM25,NUM31,NUM32,NUM33,NUM35,NUM4,NUM41,NUM43,NUM45,NUM47,NUM5,NUM6,NUM7,NUM8,NUM9,RES"
drive_diagnosis_mn_clean,classification,17.614670753479004,0.9982054349683814,0.998204493152749,0.9982054113375454,0.998205420118328,0.999996522186133,-0.0017945650316185668,-0.0017955068472510494,31,"NUM1,NUM10,NUM11,NUM12,NUM13,NUM14_shuffled_2,NUM16,NUM17,NUM18,NUM19,NUM2,NUM20,NUM21,NUM22,NUM23,NUM24,NUM25,NUM31,NUM32,NUM33,NUM35,NUM4,NUM41,NUM43,NUM45,NUM47,NUM5,NUM6,NUM7,NUM8,NUM9,RES"
drive_diagnosis_mn_clean,classification,17.614670753479004,0.9985472568791659,0.99854690142869,0.998547743238937,0.9985471836179862,0.9999884745100701,-0.0012390998623471594,-0.0012394737750234253,32,"NUM1,NUM10,NUM11,NUM12,NUM13,NUM14_shuffled_2,NUM16,NUM17,NUM18,NUM19,NUM2,NUM20,NUM21,NUM22,NUM23,NUM24,NUM25,NUM31,NUM32,NUM33,NUM35,NUM4,NUM41,NUM43,NUM44,NUM45,NUM47,NUM5,NUM6,NUM7,NUM8,NUM9,RES"
drive_diagnosis_mn_clean,classification,17.614670753479004,0.9984618014014698,0.9984613800441585,0.998462060468994,0.9984618231201882,0.9999870127126527,-0.0014527412951353957,-0.0014531640190732498,33,"NUM1,NUM10,NUM11,NUM12,NUM13,NUM14,NUM14_shuffled_2,NUM16,NUM17,NUM18,NUM19,NUM2,NUM20,NUM21,NUM22,NUM23,NUM24,NUM25,NUM31,NUM32,NUM33,NUM35,NUM4,NUM41,NUM43,NUM44,NUM45,NUM47,NUM5,NUM6,NUM7,NUM8,NUM9,RES"
drive_diagnosis_mn_clean,classification,17.614670753479004,0.9981199794906853,0.9981192135817434,0.9981201322837431,0.9981199792434136,0.9999963614847901,-0.0018800205093146838,-0.0018807864182566192,34,"NUM1,NUM10,NUM11,NUM12,NUM13,NUM14,NUM14_shuffled_2,NUM16,NUM17,NUM18,NUM19,NUM2,NUM20,NUM21,NUM22,NUM23,NUM24,NUM25,NUM31,NUM32,NUM33,NUM35,NUM36,NUM4,NUM41,NUM43,NUM44,NUM45,NUM47,NUM5,NUM6,NUM7,NUM8,NUM9,RES"
drive_diagnosis_mn_clean,classification,17.614670753479004,0.9982908904460776,0.9982898936112239,0.9982908526631519,0.9982907806161259,0.9999965783670025,-0.00170910955392245,-0.0017101063887761114,35,"NUM1,NUM10,NUM11,NUM12,NUM13,NUM14,NUM14_shuffled_2,NUM16,NUM17,NUM18,NUM19,NUM2,NUM20,NUM21,NUM22,NUM23,NUM24,NUM25,NUM31,NUM32,NUM33,NUM35,NUM36,NUM37,NUM4,NUM41,NUM43,NUM44,NUM45,NUM47,NUM5,NUM6,NUM7,NUM8,NUM9,RES"
drive_diagnosis_mn_clean,classification,17.614670753479004,0.9983763459237737,0.9983754961868054,0.9983762154379341,0.9983762214910405,0.9999936306567662,-0.001623654076226333,-0.0016245038131945666,36,"NUM1,NUM10,NUM11,NUM12,NUM13,NUM14,NUM14_shuffled_2,NUM16,NUM17,NUM18,NUM19,NUM2,NUM20,NUM21,NUM22,NUM23,NUM24,NUM25,NUM28,NUM31,NUM32,NUM33,NUM35,NUM36,NUM37,NUM4,NUM41,NUM43,NUM44,NUM45,NUM47,NUM5,NUM6,NUM7,NUM8,NUM9,RES"
drive_diagnosis_mn_clean,classification,17.614670753479004,0.9986327123568621,0.9986323423978916,0.998632863355408,0.9986327852471338,0.9999875829338187,-0.0012177373621969911,-0.0012181109637875442,37,"NUM1,NUM10,NUM11,NUM12,NUM13,NUM14,NUM14_shuffled_2,NUM16,NUM17,NUM18,NUM19,NUM2,NUM20,NUM21,NUM22,NUM23,NUM24,NUM25,NUM28,NUM31,NUM32,NUM33,NUM35,NUM36,NUM37,NUM39,NUM4,NUM41,NUM43,NUM44,NUM45,NUM47,NUM5,NUM6,NUM7,NUM8,NUM9,RES"
drive_diagnosis_mn_clean,classification,17.614670753479004,0.9982054349683814,0.9982049757588551,0.9982062955101564,0.9982055004954445,0.9999800412187849,-0.001495464469736807,-0.0014959334638988686,38,"NUM1,NUM10,NUM11,NUM12,NUM13,NUM14,NUM14_shuffled_2,NUM16,NUM17,NUM18,NUM19,NUM2,NUM20,NUM21,NUM22,NUM23,NUM24,NUM25,NUM28,NUM29,NUM31,NUM32,NUM33,NUM35,NUM36,NUM37,NUM39,NUM4,NUM41,NUM43,NUM44,NUM45,NUM47,NUM5,NUM6,NUM7,NUM8,NUM9,RES"
drive_diagnosis_mn_clean,classification,17.614670753479004,0.9982054349683814,0.9982044522639165,0.99820605330553,0.9982053397412115,0.9999936306363661,-0.0017945650316185668,-0.0017955477360834804,39,"NUM1,NUM10,NUM11,NUM12,NUM13,NUM14,NUM14_shuffled_2,NUM16,NUM17,NUM18,NUM19,NUM2,NUM20,NUM21,NUM22,NUM23,NUM24,NUM25,NUM28,NUM29,NUM31,NUM32,NUM33,NUM34,NUM35,NUM36,NUM37,NUM39,NUM4,NUM41,NUM43,NUM44,NUM45,NUM47,NUM5,NUM6,NUM7,NUM8,NUM9,RES"
drive_diagnosis_mn_clean,classification,17.614670753479004,0.9982908904460776,0.9982901752352824,0.998291656758833,0.9982907806161259,0.9999950443321811,-0.00170910955392245,-0.0017098247647175935,40,"NUM1,NUM10,NUM11,NUM12,NUM13,NUM14,NUM14_shuffled_2,NUM16,NUM17,NUM18,NUM19,NUM2,NUM20,NUM21,NUM22,NUM23,NUM24,NUM25,NUM28,NUM29,NUM31,NUM32,NUM33,NUM34,NUM35,NUM36,NUM37,NUM39,NUM4,NUM40,NUM41,NUM43,NUM44,NUM45,NUM47,NUM5,NUM6,NUM7,NUM8,NUM9,RES"
covertype,classification,6.0150063037872314,0.671419791026429,0.3412496475890718,0.34951718927650616,0.3427857427605712,0.9062325798983543,-0.0039859134240258776,-0.007605185575235762,1,"Elevation,class"
covertype,classification,6.0150063037872314,0.6846957590657652,0.43392789642181884,0.4977641102706931,0.41474546900535325,0.9218737159986292,-0.033923616395262646,-0.10852416589251901,2,"Elevation,Vertical_Distance_To_Hydrology,class"
covertype,classification,6.0150063037872314,0.741979102642901,0.5263663049576052,0.6998392760295331,0.4752003289890468,0.9463782607101671,-0.13243692882992908,-0.31298249495427166,3,"Elevation,Horizontal_Distance_To_Roadways,Vertical_Distance_To_Hydrology,class"
covertype,classification,6.0150063037872314,0.8078672403196067,0.7038295411728176,0.7908431054506891,0.6621065760279802,0.9700779794428704,-0.11234421775760017,-0.22417217352382768,4,"Elevation,Horizontal_Distance_To_Roadways,Soil_Type,Vertical_Distance_To_Hydrology,class"
covertype,classification,6.0150063037872314,0.8156115550092194,0.723224556027074,0.7837370201940151,0.6870656178449482,0.9722712737586312,-0.12411674594971833,-0.25583109898907697,5,"Elevation,Horizontal_Distance_To_Roadways,Soil_Type,Vertical_Distance_To_Hydrology,Wilderness_Area,class"
covertype,classification,6.0150063037872314,0.828641671788568,0.7378761591386146,0.7911402322658788,0.7043869953549999,0.9736544005902318,-0.15236398348558988,-0.2556067318214761,6,"Aspect,Elevation,Horizontal_Distance_To_Roadways,Soil_Type,Vertical_Distance_To_Hydrology,Wilderness_Area,class"
covertype,classification,6.0150063037872314,0.8881376767055931,0.8214294762987194,0.8727773855414179,0.7864003839690692,0.985699439149224,-0.11186232329440693,-0.17857052370128057,7,"Aspect,Elevation,Horizontal_Distance_To_Fire_Points,Horizontal_Distance_To_Roadways,Soil_Type,Vertical_Distance_To_Hydrology,Wilderness_Area,class"
covertype,classification,6.0150063037872314,0.8875230485556238,0.8196172487838986,0.8606503632372726,0.7901465170794681,0.9862919115926291,-0.1124769514443762,-0.18038275121610137,8,"Aspect,Elevation,Hillshade_3pm,Horizontal_Distance_To_Fire_Points,Horizontal_Distance_To_Roadways,Soil_Type,Vertical_Distance_To_Hydrology,Wilderness_Area,class"
covertype,classification,6.0150063037872314,0.8935464044253226,0.8193808572262375,0.8658021742973643,0.7870778896125399,0.9873976233159746,-0.10645359557467737,-0.18061914277376245,9,"Aspect,Elevation,Hillshade_3pm,Horizontal_Distance_To_Fire_Points,Horizontal_Distance_To_Hydrology,Horizontal_Distance_To_Roadways,Soil_Type,Vertical_Distance_To_Hydrology,Wilderness_Area,class"
covertype,classification,6.0150063037872314,0.8881376767055931,0.822267648816421,0.8675244004786736,0.7910665845282858,0.9856003919562928,-0.11186232329440693,-0.177732351183579,10,"Aspect,Elevation,Hillshade_3pm,Horizontal_Distance_To_Fire_Points,Horizontal_Distance_To_Hydrology,Horizontal_Distance_To_Roadways,Slope,Soil_Type,Vertical_Distance_To_Hydrology,Wilderness_Area,class"
covertype,classification,6.0150063037872314,0.8912108174554395,0.8258470311829322,0.8777689475536686,0.7902888671832866,0.9863304907056631,-0.10878918254456049,-0.17415296881706777,11,"Aspect,Elevation,Hillshade_3pm,Hillshade_Noon,Horizontal_Distance_To_Fire_Points,Horizontal_Distance_To_Hydrology,Horizontal_Distance_To_Roadways,Slope,Soil_Type,Vertical_Distance_To_Hydrology,Wilderness_Area,class"
covertype,classification,6.0150063037872314,0.8935464044253226,0.8229883049532137,0.8633585237496684,0.7946638248205676,0.9867189987355599,-0.10645359557467737,-0.17701169504678627,12,"Aspect,Elevation,Hillshade_3pm,Hillshade_9am,Hillshade_Noon,Horizontal_Distance_To_Fire_Points,Horizontal_Distance_To_Hydrology,Horizontal_Distance_To_Roadways,Slope,Soil_Type,Vertical_Distance_To_Hydrology,Wilderness_Area,class"
covertype_un_dirty,classification,13.616021394729614,0.671419791026429,0.3412496475890718,0.34951718927650616,0.3427857427605712,0.9062325798983543,-0.0039859134240258776,-0.007605185575235762,1,"Elevation,class"
covertype_un_dirty,classification,13.616021394729614,0.6783036263060849,0.38860330913162766,0.42711522910587085,0.3808830669243772,0.9122907941897554,-0.024271982250590796,-0.048266617241450704,2,"Elevation,Wilderness_Area,class"
covertype_un_dirty,classification,13.616021394729614,0.7178856791641057,0.4869988535775472,0.6684446004711891,0.441221071256461,0.9414655996061685,-0.0874376549888326,-0.20196862727312864,3,"Elevation,Horizontal_Distance_To_Roadways,Wilderness_Area,class"
covertype_un_dirty,classification,13.616021394729614,0.7671788567916411,0.568930639806079,0.6808525143145888,0.524523298296855,0.9574239297762286,-0.14181425852677543,-0.3264087611178833,4,"Elevation,Horizontal_Distance_To_Roadways,Vertical_Distance_To_Hydrology,Wilderness_Area,class"
covertype_un_dirty,classification,13.616021394729614,0.7938537185003073,0.6697182573284329,0.7781467620544407,0.6160199796808297,0.9676508794342302,-0.15853747894252523,-0.31380260153573547,5,"Aspect,Elevation,Horizontal_Distance_To_Roadways,Vertical_Distance_To_Hydrology,Wilderness_Area,class"
covertype_un_dirty,classification,13.616021394729614,0.7992624462200368,0.6754985950568996,0.786465703590183,0.6233382834169653,0.9675477426087821,-0.17135471630762478,-0.31441448911069614,6,"Aspect,Elevation,Hillshade_3pm,Horizontal_Distance_To_Roadways,Vertical_Distance_To_Hydrology,Wilderness_Area,class"
covertype_un_dirty,classification,13.616021394729614,0.8383527965580824,0.7483067281767669,0.825205640902915,0.7035954743710475,0.9777913732475382,-0.14969121622775483,-0.24759321667695933,7,"Aspect,Elevation,Hillshade_3pm,Horizontal_Distance_To_Roadways,Soil_Type,Vertical_Distance_To_Hydrology,Wilderness_Area,class"
covertype_un_dirty,classification,13.616021394729614,0.8888752304855563,0.8189468199685737,0.8572922308275489,0.7906226623769891,0.9859229594199567,-0.11112476951444372,-0.18105318003142634,8,"Aspect,Elevation,Hillshade_3pm,Horizontal_Distance_To_Fire_Points,Horizontal_Distance_To_Roadways,Soil_Type,Vertical_Distance_To_Hydrology,Wilderness_Area,class"
covertype_un_dirty,classification,13.616021394729614,0.8876459741856177,0.8156721502949483,0.8738923512304945,0.776657386541108,0.9858679997333402,-0.11235402581438225,-0.18432784970505167,9,"Aspect,Elevation,Hillshade_3pm,Horizontal_Distance_To_Fire_Points,Horizontal_Distance_To_Roadways,Slope,Soil_Type,Vertical_Distance_To_Hydrology,Wilderness_Area,class"
covertype_un_dirty,classification,13.616021394729614,0.8791641057160418,0.8006545836467093,0.8582715552966019,0.7621282256777917,0.9841913667844319,-0.12083589428395825,-0.19934541635329073,10,"Aspect,Elevation,Hillshade_3pm,Horizontal_Distance_To_Fire_Points,Horizontal_Distance_To_Roadways,Slope,Soil_Type,Vertical_Distance_To_Hydrology,Wilderness_Area,class,noise_numeric_2"
covertype_un_dirty,classification,13.616021394729614,0.881499692685925,0.8087732562742538,0.8704123738182268,0.7692323630157574,0.9836731624119662,-0.11850030731407502,-0.19122674372574622,11,"Aspect,Elevation,Hillshade_3pm,Horizontal_Distance_To_Fire_Points,Horizontal_Distance_To_Roadways,Slope,Soil_Type,Vertical_Distance_To_Hydrology,Wilderness_Area,class,noise_numeric_1,noise_numeric_2"
covertype_un_dirty,classification,13.616021394729614,0.8594960049170252,0.7672002340870183,0.8396221431628096,0.7252125694860175,0.9809556350527583,-0.14050399508297484,-0.23279976591298168,12,"Aspect,Elevation,Hillshade_3pm,Horizontal_Distance_To_Fire_Points,Horizontal_Distance_To_Roadways,Horizontal_Distance_To_Roadways_shuffled_1,Slope,Soil_Type,Vertical_Distance_To_Hydrology,Wilderness_Area,class,noise_numeric_1,noise_numeric_2"
covertype_un_dirty,classification,13.616021394729614,0.8519975414874001,0.7486627559365188,0.8495931634021556,0.697944016822957,0.9801784612638238,-0.14099483618656106,-0.2489360427704781,13,"Aspect,Aspect_shuffled_2,Elevation,Hillshade_3pm,Horizontal_Distance_To_Fire_Points,Horizontal_Distance_To_Roadways,Horizontal_Distance_To_Roadways_shuffled_1,Slope,Soil_Type,Vertical_Distance_To_Hydrology,Wilderness_Area,class,noise_numeric_1,noise_numeric_2"
covertype_un_dirty,classification,13.616021394729614,0.851259987707437,0.7522513165683079,0.8582584589394503,0.6999027017321053,0.9794728820717092,-0.14179386033780517,-0.24536802867522955,14,"Aspect,Aspect_shuffled_2,Elevation,Hillshade_3pm,Horizontal_Distance_To_Fire_Points,Horizontal_Distance_To_Fire_Points_shuffled_2,Horizontal_Distance_To_Roadways,Horizontal_Distance_To_Roadways_shuffled_1,Slope,Soil_Type,Vertical_Distance_To_Hydrology,Wilderness_Area,class,noise_numeric_1,noise_numeric_2"
covertype_un_dirty,classification,13.616021394729614,0.8624462200368777,0.7602305457674541,0.8446051499578849,0.7148735559345607,0.9807269004655749,-0.13755377996312235,-0.23976945423254592,15,"Aspect,Aspect_shuffled_2,Elevation,Hillshade_3pm,Horizontal_Distance_To_Fire_Points,Horizontal_Distance_To_Fire_Points_shuffled_1,Horizontal_Distance_To_Fire_Points_shuffled_2,Horizontal_Distance_To_Roadways,Horizontal_Distance_To_Roadways_shuffled_1,Slope,Soil_Type,Vertical_Distance_To_Hydrology,Wilderness_Area,class,noise_numeric_1,noise_numeric_2"
covertype_un_dirty,classification,13.616021394729614,0.8448678549477566,0.7517631253749555,0.8411839999385096,0.7051318143491552,0.9782535376095215,-0.15464038208199504,-0.24806848141785043,16,"Aspect,Aspect_shuffled_2,Elevation,Hillshade_3pm,Horizontal_Distance_To_Fire_Points,Horizontal_Distance_To_Fire_Points_shuffled_1,Horizontal_Distance_To_Fire_Points_shuffled_2,Horizontal_Distance_To_Roadways,Horizontal_Distance_To_Roadways_shuffled_1,Slope,Soil_Type,Vertical_Distance_To_Hydrology,Wilderness_Area,Wilderness_Area_shuffled_2,class,noise_numeric_1,noise_numeric_2"
covertype_un_dirty,classification,13.616021394729614,0.8597418561770129,0.7636623744338275,0.8674012167451411,0.7126301324292327,0.9802458822576631,-0.14025814382298707,-0.23633762556617255,17,"Aspect,Aspect_shuffled_2,Elevation,Hillshade_3pm,Horizontal_Distance_To_Fire_Points,Horizontal_Distance_To_Fire_Points_shuffled_1,Horizontal_Distance_To_Fire_Points_shuffled_2,Horizontal_Distance_To_Roadways,Horizontal_Distance_To_Roadways_shuffled_1,Slope,Soil_Type,Vertical_Distance_To_Hydrology,Wilderness_Area,Wilderness_Area_shuffled_2,class,noise_categorical_2,noise_numeric_1,noise_numeric_2"
covertype_un_dirty,classification,13.616021394729614,0.8494161032575291,0.7491335920815754,0.8572572826817048,0.696097485521891,0.979185136716228,-0.1459736188963927,-0.24928663601818357,18,"Aspect,Aspect_shuffled_2,Elevation,Hillshade_3pm,Horizontal_Distance_To_Fire_Points,Horizontal_Distance_To_Fire_Points_shuffled_1,Horizontal_Distance_To_Fire_Points_shuffled_2,Horizontal_Distance_To_Roadways,Horizontal_Distance_To_Roadways_shuffled_1,Slope,Soil_Type,Soil_Type_shuffled_1,Vertical_Distance_To_Hydrology,Wilderness_Area,Wilderness_Area_shuffled_2,class,noise_categorical_2,noise_numeric_1,noise_numeric_2"
covertype_un_dirty,classification,13.616021394729614,0.8527350952673632,0.7648724929744427,0.8636180487124344,0.7132167872574303,0.9795343805450555,-0.14726490473263676,-0.2351275070255573,19,"Aspect,Aspect_shuffled_2,Elevation,Hillshade_3pm,Horizontal_Distance_To_Fire_Points,Horizontal_Distance_To_Fire_Points_shuffled_1,Horizontal_Distance_To_Fire_Points_shuffled_2,Horizontal_Distance_To_Roadways,Horizontal_Distance_To_Roadways_shuffled_1,Slope,Soil_Type,Soil_Type_shuffled_1,Vertical_Distance_To_Hydrology,Wilderness_Area,Wilderness_Area_shuffled_2,class,noise_categorical_1,noise_categorical_2,noise_numeric_1,noise_numeric_2"
covertype_un_dirty,classification,13.616021394729614,0.8550706822372465,0.7605730105274301,0.8546382852934187,0.7124719026041004,0.9804233602068251,-0.14492931776275353,-0.2394269894725699,20,"Aspect,Aspect_shuffled_2,Elevation,Hillshade_3pm,Horizontal_Distance_To_Fire_Points,Horizontal_Distance_To_Fire_Points_shuffled_1,Horizontal_Distance_To_Fire_Points_shuffled_2,Horizontal_Distance_To_Hydrology,Horizontal_Distance_To_Roadways,Horizontal_Distance_To_Roadways_shuffled_1,Slope,Soil_Type,Soil_Type_shuffled_1,Vertical_Distance_To_Hydrology,Wilderness_Area,Wilderness_Area_shuffled_2,class,noise_categorical_1,noise_categorical_2,noise_numeric_1,noise_numeric_2"
covertype_un_dirty,classification,13.616021394729614,0.8559311616472034,0.7618659074578548,0.8384970141745188,0.7225621932822587,0.9782542620712873,-0.1440688383527966,-0.23813409254214524,21,"Aspect,Aspect_shuffled_2,Elevation,Hillshade_3pm,Hillshade_9am,Horizontal_Distance_To_Fire_Points,Horizontal_Distance_To_Fire_Points_shuffled_1,Horizontal_Distance_To_Fire_Points_shuffled_2,Horizontal_Distance_To_Hydrology,Horizontal_Distance_To_Roadways,Horizontal_Distance_To_Roadways_shuffled_1,Slope,Soil_Type,Soil_Type_shuffled_1,Vertical_Distance_To_Hydrology,Wilderness_Area,Wilderness_Area_shuffled_2,class,noise_categorical_1,noise_categorical_2,noise_numeric_1,noise_numeric_2"
covertype_un_dirty,classification,13.616021394729614,0.8598647818070068,0.7804467955537822,0.8598914682124458,0.7380923844909936,0.9801475538399302,-0.14013521819299324,-0.21955320444621784,22,"Aspect,Aspect_shuffled_2,Elevation,Hillshade_3pm,Hillshade_9am,Hillshade_Noon,Horizontal_Distance_To_Fire_Points,Horizontal_Distance_To_Fire_Points_shuffled_1,Horizontal_Distance_To_Fire_Points_shuffled_2,Horizontal_Distance_To_Hydrology,Horizontal_Distance_To_Roadways,Horizontal_Distance_To_Roadways_shuffled_1,Slope,Soil_Type,Soil_Type_shuffled_1,Vertical_Distance_To_Hydrology,Wilderness_Area,Wilderness_Area_shuffled_2,class,noise_categorical_1,noise_categorical_2,noise_numeric_1,noise_numeric_2"
covertype_un_dirty,classification,13.616021394729614,0.8619545175169022,0.7677028250139115,0.8539824879411849,0.7217239317103227,0.9807999604404817,-0.13804548248309778,-0.23229717498608848,23,"Aspect,Aspect_shuffled_2,Elevation,Hillshade_3pm,Hillshade_9am,Hillshade_Noon,Horizontal_Distance_To_Fire_Points,Horizontal_Distance_To_Fire_Points_shuffled_1,Horizontal_Distance_To_Fire_Points_shuffled_2,Horizontal_Distance_To_Hydrology,Horizontal_Distance_To_Roadways,Horizontal_Distance_To_Roadways_shuffled_1,Horizontal_Distance_To_Roadways_shuffled_2,Slope,Soil_Type,Soil_Type_shuffled_1,Vertical_Distance_To_Hydrology,Wilderness_Area,Wilderness_Area_shuffled_2,class,noise_categorical_1,noise_categorical_2,noise_numeric_1,noise_numeric_2"
covertype_un_dirty,classification,13.616021394729614,0.8506453595574678,0.7549731692061254,0.8590241524399215,0.7040305793063956,0.9797260354322487,-0.14674214966308796,-0.24413227045683594,24,"Aspect,Aspect_shuffled_1,Aspect_shuffled_2,Elevation,Hillshade_3pm,Hillshade_9am,Hillshade_Noon,Horizontal_Distance_To_Fire_Points,Horizontal_Distance_To_Fire_Points_shuffled_1,Horizontal_Distance_To_Fire_Points_shuffled_2,Horizontal_Distance_To_Hydrology,Horizontal_Distance_To_Roadways,Horizontal_Distance_To_Roadways_shuffled_1,Horizontal_Distance_To_Roadways_shuffled_2,Slope,Soil_Type,Soil_Type_shuffled_1,Vertical_Distance_To_Hydrology,Wilderness_Area,Wilderness_Area_shuffled_2,class,noise_categorical_1,noise_categorical_2,noise_numeric_1,noise_numeric_2"
covertype_un_dirty,classification,13.616021394729614,0.8549477566072526,0.7624842852621107,0.8478000264552186,0.7185470608653618,0.9797448424987029,-0.14499077302146635,-0.23749466693120524,25,"Aspect,Aspect_shuffled_1,Aspect_shuffled_2,Elevation,Hillshade_3pm,Hillshade_9am,Hillshade_Noon,Horizontal_Distance_To_Fire_Points,Horizontal_Distance_To_Fire_Points_shuffled_1,Horizontal_Distance_To_Fire_Points_shuffled_2,Horizontal_Distance_To_Hydrology,Horizontal_Distance_To_Roadways,Horizontal_Distance_To_Roadways_shuffled_1,Horizontal_Distance_To_Roadways_shuffled_2,Slope,Soil_Type,Soil_Type_shuffled_1,Soil_Type_shuffled_2,Vertical_Distance_To_Hydrology,Wilderness_Area,Wilderness_Area_shuffled_2,class,noise_categorical_1,noise_categorical_2,noise_numeric_1,noise_numeric_2"
covertype_un_dirty,classification,13.616021394729614,0.8473263675476337,0.7521708587498094,0.8552328578924778,0.7009538409416693,0.9788679473255464,-0.1486165879478175,-0.24643960052150315,26,"Aspect,Aspect_shuffled_1,Aspect_shuffled_2,Elevation,Hillshade_3pm,Hillshade_3pm_shuffled_2,Hillshade_9am,Hillshade_Noon,Horizontal_Distance_To_Fire_Points,Horizontal_Distance_To_Fire_Points_shuffled_1,Horizontal_Distance_To_Fire_Points_shuffled_2,Horizontal_Distance_To_Hydrology,Horizontal_Distance_To_Roadways,Horizontal_Distance_To_Roadways_shuffled_1,Horizontal_Distance_To_Roadways_shuffled_2,Slope,Soil_Type,Soil_Type_shuffled_1,Soil_Type_shuffled_2,Vertical_Distance_To_Hydrology,Wilderness_Area,Wilderness_Area_shuffled_2,class,noise_categorical_1,noise_categorical_2,noise_numeric_1,noise_numeric_2"
covertype_un_dirty,classification,13.616021394729614,0.8440073755377996,0.7370753757393768,0.8502355787822203,0.6889662188284097,0.9779305818876624,-0.15215072625713522,-0.2616085312263795,27,"Aspect,Aspect_shuffled_1,Aspect_shuffled_2,Elevation,Elevation_shuffled_1,Hillshade_3pm,Hillshade_3pm_shuffled_2,Hillshade_9am,Hillshade_Noon,Horizontal_Distance_To_Fire_Points,Horizontal_Distance_To_Fire_Points_shuffled_1,Horizontal_Distance_To_Fire_Points_shuffled_2,Horizontal_Distance_To_Hydrology,Horizontal_Distance_To_Roadways,Horizontal_Distance_To_Roadways_shuffled_1,Horizontal_Distance_To_Roadways_shuffled_2,Slope,Soil_Type,Soil_Type_shuffled_1,Soil_Type_shuffled_2,Vertical_Distance_To_Hydrology,Wilderness_Area,Wilderness_Area_shuffled_2,class,noise_categorical_1,noise_categorical_2,noise_numeric_1,noise_numeric_2"
covertype_un_dirty,classification,13.616021394729614,0.8443761524277812,0.7446001340868323,0.8582028602617522,0.6916937477454013,0.9787300618815429,-0.1456656474246899,-0.2519861472245014,28,"Aspect,Aspect_shuffled_1,Aspect_shuffled_2,Elevation,Elevation_shuffled_1,Hillshade_3pm,Hillshade_3pm_shuffled_2,Hillshade_9am,Hillshade_Noon,Horizontal_Distance_To_Fire_Points,Horizontal_Distance_To_Fire_Points_shuffled_1,Horizontal_Distance_To_Fire_Points_shuffled_2,Horizontal_Distance_To_Hydrology,Horizontal_Distance_To_Roadways,Horizontal_Distance_To_Roadways_shuffled_1,Horizontal_Distance_To_Roadways_shuffled_2,Slope,Soil_Type,Soil_Type_shuffled_1,Soil_Type_shuffled_2,Vertical_Distance_To_Hydrology,Wilderness_Area,Wilderness_Area_shuffled_1,Wilderness_Area_shuffled_2,class,noise_categorical_1,noise_categorical_2,noise_numeric_1,noise_numeric_2"
covertype_un_dirty,classification,13.616021394729614,0.8532267977873387,0.766260786495957,0.8537135468650495,0.7216409984760109,0.9794550541127088,-0.14677320221266132,-0.23373921350404303,29,"Aspect,Aspect_shuffled_1,Aspect_shuffled_2,Elevation,Elevation_shuffled_1,Hillshade_3pm,Hillshade_3pm_shuffled_2,Hillshade_9am,Hillshade_Noon,Hillshade_Noon_shuffled_1,Horizontal_Distance_To_Fire_Points,Horizontal_Distance_To_Fire_Points_shuffled_1,Horizontal_Distance_To_Fire_Points_shuffled_2,Horizontal_Distance_To_Hydrology,Horizontal_Distance_To_Roadways,Horizontal_Distance_To_Roadways_shuffled_1,Horizontal_Distance_To_Roadways_shuffled_2,Slope,Soil_Type,Soil_Type_shuffled_1,Soil_Type_shuffled_2,Vertical_Distance_To_Hydrology,Wilderness_Area,Wilderness_Area_shuffled_1,Wilderness_Area_shuffled_2,class,noise_categorical_1,noise_categorical_2,noise_numeric_1,noise_numeric_2"
covertype_un_dirty,classification,13.616021394729614,0.8501536570374923,0.7470335797096024,0.848638498514749,0.7003036843384135,0.9788380338380703,-0.14984634296250765,-0.2529664202903976,30,"Aspect,Aspect_shuffled_1,Aspect_shuffled_2,Elevation,Elevation_shuffled_1,Hillshade_3pm,Hillshade_3pm_shuffled_2,Hillshade_9am,Hillshade_Noon,Hillshade_Noon_shuffled_1,Hillshade_Noon_shuffled_2,Horizontal_Distance_To_Fire_Points,Horizontal_Distance_To_Fire_Points_shuffled_1,Horizontal_Distance_To_Fire_Points_shuffled_2,Horizontal_Distance_To_Hydrology,Horizontal_Distance_To_Roadways,Horizontal_Distance_To_Roadways_shuffled_1,Horizontal_Distance_To_Roadways_shuffled_2,Slope,Soil_Type,Soil_Type_shuffled_1,Soil_Type_shuffled_2,Vertical_Distance_To_Hydrology,Wilderness_Area,Wilderness_Area_shuffled_1,Wilderness_Area_shuffled_2,class,noise_categorical_1,noise_categorical_2,noise_numeric_1,noise_numeric_2"
covertype_un_dirty,classification,13.616021394729614,0.8430239704978488,0.7308530476524828,0.8723088313732271,0.6742936440398376,0.9782357302762017,-0.151720312757622,-0.26734587572925306,31,"Aspect,Aspect_shuffled_1,Aspect_shuffled_2,Elevation,Elevation_shuffled_1,Hillshade_3pm,Hillshade_3pm_shuffled_2,Hillshade_9am,Hillshade_Noon,Hillshade_Noon_shuffled_1,Hillshade_Noon_shuffled_2,Horizontal_Distance_To_Fire_Points,Horizontal_Distance_To_Fire_Points_shuffled_1,Horizontal_Distance_To_Fire_Points_shuffled_2,Horizontal_Distance_To_Hydrology,Horizontal_Distance_To_Roadways,Horizontal_Distance_To_Roadways_shuffled_1,Horizontal_Distance_To_Roadways_shuffled_2,Slope,Soil_Type,Soil_Type_shuffled_1,Soil_Type_shuffled_2,Vertical_Distance_To_Hydrology,Vertical_Distance_To_Hydrology_shuffled_1,Wilderness_Area,Wilderness_Area_shuffled_1,Wilderness_Area_shuffled_2,class,noise_categorical_1,noise_categorical_2,noise_numeric_1,noise_numeric_2"
covertype_un_dirty,classification,13.616021394729614,0.85039950829748,0.748715468520302,0.8517089082176106,0.7023578583972669,0.9783235590039462,-0.14960049170252,-0.251284531479698,32,"Aspect,Aspect_shuffled_1,Aspect_shuffled_2,Elevation,Elevation_shuffled_1,Elevation_shuffled_2,Hillshade_3pm,Hillshade_3pm_shuffled_2,Hillshade_9am,Hillshade_Noon,Hillshade_Noon_shuffled_1,Hillshade_Noon_shuffled_2,Horizontal_Distance_To_Fire_Points,Horizontal_Distance_To_Fire_Points_shuffled_1,Horizontal_Distance_To_Fire_Points_shuffled_2,Horizontal_Distance_To_Hydrology,Horizontal_Distance_To_Roadways,Horizontal_Distance_To_Roadways_shuffled_1,Horizontal_Distance_To_Roadways_shuffled_2,Slope,Soil_Type,Soil_Type_shuffled_1,Soil_Type_shuffled_2,Vertical_Distance_To_Hydrology,Vertical_Distance_To_Hydrology_shuffled_1,Wilderness_Area,Wilderness_Area_shuffled_1,Wilderness_Area_shuffled_2,class,noise_categorical_1,noise_categorical_2,noise_numeric_1,noise_numeric_2"
covertype_un_dirty,classification,13.616021394729614,0.8388444990780578,0.7267310408131465,0.8265152374224033,0.682957077932552,0.9754707773201706,-0.1611555009219422,-0.27326895918685346,33,"Aspect,Aspect_shuffled_1,Aspect_shuffled_2,Elevation,Elevation_shuffled_1,Elevation_shuffled_2,Hillshade_3pm,Hillshade_3pm_shuffled_2,Hillshade_9am,Hillshade_Noon,Hillshade_Noon_shuffled_1,Hillshade_Noon_shuffled_2,Horizontal_Distance_To_Fire_Points,Horizontal_Distance_To_Fire_Points_shuffled_1,Horizontal_Distance_To_Fire_Points_shuffled_2,Horizontal_Distance_To_Hydrology,Horizontal_Distance_To_Roadways,Horizontal_Distance_To_Roadways_shuffled_1,Horizontal_Distance_To_Roadways_shuffled_2,Slope,Soil_Type,Soil_Type_shuffled_1,Soil_Type_shuffled_2,Vertical_Distance_To_Hydrology,Vertical_Distance_To_Hydrology_shuffled_1,Vertical_Distance_To_Hydrology_shuffled_2,Wilderness_Area,Wilderness_Area_shuffled_1,Wilderness_Area_shuffled_2,class,noise_categorical_1,noise_categorical_2,noise_numeric_1,noise_numeric_2"
covertype_un_dirty,classification,13.616021394729614,0.8406883835279656,0.7286008752377654,0.8426241865025486,0.6803572574306075,0.977702353939745,-0.1593116164720344,-0.2713991247622346,34,"Aspect,Aspect_shuffled_1,Aspect_shuffled_2,Elevation,Elevation_shuffled_1,Elevation_shuffled_2,Hillshade_3pm,Hillshade_3pm_shuffled_1,Hillshade_3pm_shuffled_2,Hillshade_9am,Hillshade_Noon,Hillshade_Noon_shuffled_1,Hillshade_Noon_shuffled_2,Horizontal_Distance_To_Fire_Points,Horizontal_Distance_To_Fire_Points_shuffled_1,Horizontal_Distance_To_Fire_Points_shuffled_2,Horizontal_Distance_To_Hydrology,Horizontal_Distance_To_Roadways,Horizontal_Distance_To_Roadways_shuffled_1,Horizontal_Distance_To_Roadways_shuffled_2,Slope,Soil_Type,Soil_Type_shuffled_1,Soil_Type_shuffled_2,Vertical_Distance_To_Hydrology,Vertical_Distance_To_Hydrology_shuffled_1,Vertical_Distance_To_Hydrology_shuffled_2,Wilderness_Area,Wilderness_Area_shuffled_1,Wilderness_Area_shuffled_2,class,noise_categorical_1,noise_categorical_2,noise_numeric_1,noise_numeric_2"
covertype_un_dirty,classification,13.616021394729614,0.8351567301782422,0.7247554036323061,0.838734737533608,0.67333285868758,0.976764119121792,-0.13592146013402728,-0.26531019263980493,35,"Aspect,Aspect_shuffled_1,Aspect_shuffled_2,Elevation,Elevation_shuffled_1,Elevation_shuffled_2,Hillshade_3pm,Hillshade_3pm_shuffled_1,Hillshade_3pm_shuffled_2,Hillshade_9am,Hillshade_Noon,Hillshade_Noon_shuffled_1,Hillshade_Noon_shuffled_2,Horizontal_Distance_To_Fire_Points,Horizontal_Distance_To_Fire_Points_shuffled_1,Horizontal_Distance_To_Fire_Points_shuffled_2,Horizontal_Distance_To_Hydrology,Horizontal_Distance_To_Hydrology_shuffled_1,Horizontal_Distance_To_Roadways,Horizontal_Distance_To_Roadways_shuffled_1,Horizontal_Distance_To_Roadways_shuffled_2,Slope,Soil_Type,Soil_Type_shuffled_1,Soil_Type_shuffled_2,Vertical_Distance_To_Hydrology,Vertical_Distance_To_Hydrology_shuffled_1,Vertical_Distance_To_Hydrology_shuffled_2,Wilderness_Area,Wilderness_Area_shuffled_1,Wilderness_Area_shuffled_2,class,noise_categorical_1,noise_categorical_2,noise_numeric_1,noise_numeric_2"
covertype_un_dirty,classification,13.616021394729614,0.8350338045482483,0.6856570527446524,0.8383278746860007,0.6350170435900633,0.9762984348500888,-0.14892242854739968,-0.30883942988287216,36,"Aspect,Aspect_shuffled_1,Aspect_shuffled_2,Elevation,Elevation_shuffled_1,Elevation_shuffled_2,Hillshade_3pm,Hillshade_3pm_shuffled_1,Hillshade_3pm_shuffled_2,Hillshade_9am,Hillshade_Noon,Hillshade_Noon_shuffled_1,Hillshade_Noon_shuffled_2,Horizontal_Distance_To_Fire_Points,Horizontal_Distance_To_Fire_Points_shuffled_1,Horizontal_Distance_To_Fire_Points_shuffled_2,Horizontal_Distance_To_Hydrology,Horizontal_Distance_To_Hydrology_shuffled_1,Horizontal_Distance_To_Roadways,Horizontal_Distance_To_Roadways_shuffled_1,Horizontal_Distance_To_Roadways_shuffled_2,Slope,Slope_shuffled_1,Soil_Type,Soil_Type_shuffled_1,Soil_Type_shuffled_2,Vertical_Distance_To_Hydrology,Vertical_Distance_To_Hydrology_shuffled_1,Vertical_Distance_To_Hydrology_shuffled_2,Wilderness_Area,Wilderness_Area_shuffled_1,Wilderness_Area_shuffled_2,class,noise_categorical_1,noise_categorical_2,noise_numeric_1,noise_numeric_2"
covertype_un_dirty,classification,13.616021394729614,0.8413030116779349,0.7340363289557488,0.8595709950711681,0.6807895623215667,0.9772614738204141,-0.15755978645336588,-0.2655742326888716,37,"Aspect,Aspect_shuffled_1,Aspect_shuffled_2,Elevation,Elevation_shuffled_1,Elevation_shuffled_2,Hillshade_3pm,Hillshade_3pm_shuffled_1,Hillshade_3pm_shuffled_2,Hillshade_9am,Hillshade_Noon,Hillshade_Noon_shuffled_1,Hillshade_Noon_shuffled_2,Horizontal_Distance_To_Fire_Points,Horizontal_Distance_To_Fire_Points_shuffled_1,Horizontal_Distance_To_Fire_Points_shuffled_2,Horizontal_Distance_To_Hydrology,Horizontal_Distance_To_Hydrology_shuffled_1,Horizontal_Distance_To_Roadways,Horizontal_Distance_To_Roadways_shuffled_1,Horizontal_Distance_To_Roadways_shuffled_2,Slope,Slope_shuffled_1,Slope_shuffled_2,Soil_Type,Soil_Type_shuffled_1,Soil_Type_shuffled_2,Vertical_Distance_To_Hydrology,Vertical_Distance_To_Hydrology_shuffled_1,Vertical_Distance_To_Hydrology_shuffled_2,Wilderness_Area,Wilderness_Area_shuffled_1,Wilderness_Area_shuffled_2,class,noise_categorical_1,noise_categorical_2,noise_numeric_1,noise_numeric_2"
covertype_un_dirty,classification,13.616021394729614,0.8451137062077443,0.7358218727356174,0.8463175370332416,0.6877120154182536,0.9779532955047444,-0.1548862937922557,-0.2641781272643826,38,"Aspect,Aspect_shuffled_1,Aspect_shuffled_2,Elevation,Elevation_shuffled_1,Elevation_shuffled_2,Hillshade_3pm,Hillshade_3pm_shuffled_1,Hillshade_3pm_shuffled_2,Hillshade_9am,Hillshade_Noon,Hillshade_Noon_shuffled_1,Hillshade_Noon_shuffled_2,Horizontal_Distance_To_Fire_Points,Horizontal_Distance_To_Fire_Points_shuffled_1,Horizontal_Distance_To_Fire_Points_shuffled_2,Horizontal_Distance_To_Hydrology,Horizontal_Distance_To_Hydrology_shuffled_1,Horizontal_Distance_To_Hydrology_shuffled_2,Horizontal_Distance_To_Roadways,Horizontal_Distance_To_Roadways_shuffled_1,Horizontal_Distance_To_Roadways_shuffled_2,Slope,Slope_shuffled_1,Slope_shuffled_2,Soil_Type,Soil_Type_shuffled_1,Soil_Type_shuffled_2,Vertical_Distance_To_Hydrology,Vertical_Distance_To_Hydrology_shuffled_1,Vertical_Distance_To_Hydrology_shuffled_2,Wilderness_Area,Wilderness_Area_shuffled_1,Wilderness_Area_shuffled_2,class,noise_categorical_1,noise_categorical_2,noise_numeric_1,noise_numeric_2"
covertype_un_dirty,classification,13.616021394729614,0.8426551936078672,0.7346670922013853,0.8552184675317908,0.6853977039290922,0.9772019153949897,-0.1573140712064922,-0.2653223842309168,39,"Aspect,Aspect_shuffled_1,Aspect_shuffled_2,Elevation,Elevation_shuffled_1,Elevation_shuffled_2,Hillshade_3pm,Hillshade_3pm_shuffled_1,Hillshade_3pm_shuffled_2,Hillshade_9am,Hillshade_9am_shuffled_2,Hillshade_Noon,Hillshade_Noon_shuffled_1,Hillshade_Noon_shuffled_2,Horizontal_Distance_To_Fire_Points,Horizontal_Distance_To_Fire_Points_shuffled_1,Horizontal_Distance_To_Fire_Points_shuffled_2,Horizontal_Distance_To_Hydrology,Horizontal_Distance_To_Hydrology_shuffled_1,Horizontal_Distance_To_Hydrology_shuffled_2,Horizontal_Distance_To_Roadways,Horizontal_Distance_To_Roadways_shuffled_1,Horizontal_Distance_To_Roadways_shuffled_2,Slope,Slope_shuffled_1,Slope_shuffled_2,Soil_Type,Soil_Type_shuffled_1,Soil_Type_shuffled_2,Vertical_Distance_To_Hydrology,Vertical_Distance_To_Hydrology_shuffled_1,Vertical_Distance_To_Hydrology_shuffled_2,Wilderness_Area,Wilderness_Area_shuffled_1,Wilderness_Area_shuffled_2,class,noise_categorical_1,noise_categorical_2,noise_numeric_1,noise_numeric_2"
covertype_un_dirty,classification,13.616021394729614,0.8350338045482483,0.7317093524711986,0.8561958657705311,0.6775802745852308,0.975752106652623,-0.14421994514439984,-0.26117013390329735,40,"Aspect,Aspect_shuffled_1,Aspect_shuffled_2,Elevation,Elevation_shuffled_1,Elevation_shuffled_2,Hillshade_3pm,Hillshade_3pm_shuffled_1,Hillshade_3pm_shuffled_2,Hillshade_9am,Hillshade_9am_shuffled_1,Hillshade_9am_shuffled_2,Hillshade_Noon,Hillshade_Noon_shuffled_1,Hillshade_Noon_shuffled_2,Horizontal_Distance_To_Fire_Points,Horizontal_Distance_To_Fire_Points_shuffled_1,Horizontal_Distance_To_Fire_Points_shuffled_2,Horizontal_Distance_To_Hydrology,Horizontal_Distance_To_Hydrology_shuffled_1,Horizontal_Distance_To_Hydrology_shuffled_2,Horizontal_Distance_To_Roadways,Horizontal_Distance_To_Roadways_shuffled_1,Horizontal_Distance_To_Roadways_shuffled_2,Slope,Slope_shuffled_1,Slope_shuffled_2,Soil_Type,Soil_Type_shuffled_1,Soil_Type_shuffled_2,Vertical_Distance_To_Hydrology,Vertical_Distance_To_Hydrology_shuffled_1,Vertical_Distance_To_Hydrology_shuffled_2,Wilderness_Area,Wilderness_Area_shuffled_1,Wilderness_Area_shuffled_2,class,noise_categorical_1,noise_categorical_2,noise_numeric_1,noise_numeric_2"
covertype_un_clean,classification,6.364824533462524,0.671419791026429,0.3412496475890718,0.34951718927650616,0.3427857427605712,0.9062325798983543,-0.0039859134240258776,-0.007605185575235762,1,"Elevation,class"
covertype_un_clean,classification,6.364824533462524,0.6846957590657652,0.43392789642181884,0.4977641102706931,0.41474546900535325,0.9218737159986292,-0.033923616395262646,-0.10852416589251901,2,"Elevation,Vertical_Distance_To_Hydrology,class"
covertype_un_clean,classification,6.364824533462524,0.741979102642901,0.5263663049576052,0.6998392760295331,0.4752003289890468,0.9463782607101671,-0.13243692882992908,-0.31298249495427166,3,"Elevation,Horizontal_Distance_To_Roadways,Vertical_Distance_To_Hydrology,class"
covertype_un_clean,classification,6.364824533462524,0.8078672403196067,0.7038295411728176,0.7908431054506891,0.6621065760279802,0.9700779794428704,-0.11234421775760017,-0.22417217352382768,4,"Elevation,Horizontal_Distance_To_Roadways,Soil_Type,Vertical_Distance_To_Hydrology,class"
covertype_un_clean,classification,6.364824533462524,0.8156115550092194,0.723224556027074,0.7837370201940151,0.6870656178449482,0.9722712737586312,-0.12411674594971833,-0.25583109898907697,5,"Elevation,Horizontal_Distance_To_Roadways,Soil_Type,Vertical_Distance_To_Hydrology,Wilderness_Area,class"
covertype_un_clean,classification,6.364824533462524,0.828641671788568,0.7378761591386146,0.7911402322658788,0.7043869953549999,0.9736544005902318,-0.15236398348558988,-0.2556067318214761,6,"Aspect,Elevation,Horizontal_Distance_To_Roadways,Soil_Type,Vertical_Distance_To_Hydrology,Wilderness_Area,class"
covertype_un_clean,classification,6.364824533462524,0.8881376767055931,0.8214294762987194,0.8727773855414179,0.7864003839690692,0.985699439149224,-0.11186232329440693,-0.17857052370128057,7,"Aspect,Elevation,Horizontal_Distance_To_Fire_Points,Horizontal_Distance_To_Roadways,Soil_Type,Vertical_Distance_To_Hydrology,Wilderness_Area,class"
covertype_un_clean,classification,6.364824533462524,0.8875230485556238,0.8196172487838986,0.8606503632372726,0.7901465170794681,0.9862919115926291,-0.1124769514443762,-0.18038275121610137,8,"Aspect,Elevation,Hillshade_3pm,Horizontal_Distance_To_Fire_Points,Horizontal_Distance_To_Roadways,Soil_Type,Vertical_Distance_To_Hydrology,Wilderness_Area,class"
covertype_un_clean,classification,6.364824533462524,0.8935464044253226,0.8193808572262375,0.8658021742973643,0.7870778896125399,0.9873976233159746,-0.10645359557467737,-0.18061914277376245,9,"Aspect,Elevation,Hillshade_3pm,Horizontal_Distance_To_Fire_Points,Horizontal_Distance_To_Hydrology,Horizontal_Distance_To_Roadways,Soil_Type,Vertical_Distance_To_Hydrology,Wilderness_Area,class"
covertype_un_clean,classification,6.364824533462524,0.8881376767055931,0.822267648816421,0.8675244004786736,0.7910665845282858,0.9856003919562928,-0.11186232329440693,-0.177732351183579,10,"Aspect,Elevation,Hillshade_3pm,Horizontal_Distance_To_Fire_Points,Horizontal_Distance_To_Hydrology,Horizontal_Distance_To_Roadways,Slope,Soil_Type,Vertical_Distance_To_Hydrology,Wilderness_Area,class"
covertype_un_clean,classification,6.364824533462524,0.8912108174554395,0.8258470311829322,0.8777689475536686,0.7902888671832866,0.9863304907056631,-0.10878918254456049,-0.17415296881706777,11,"Aspect,Elevation,Hillshade_3pm,Hillshade_Noon,Horizontal_Distance_To_Fire_Points,Horizontal_Distance_To_Hydrology,Horizontal_Distance_To_Roadways,Slope,Soil_Type,Vertical_Distance_To_Hydrology,Wilderness_Area,class"
covertype_un_clean,classification,6.364824533462524,0.8935464044253226,0.8229883049532137,0.8633585237496684,0.7946638248205676,0.9867189987355599,-0.10645359557467737,-0.17701169504678627,12,"Aspect,Elevation,Hillshade_3pm,Hillshade_9am,Hillshade_Noon,Horizontal_Distance_To_Fire_Points,Horizontal_Distance_To_Hydrology,Horizontal_Distance_To_Roadways,Slope,Soil_Type,Vertical_Distance_To_Hydrology,Wilderness_Area,class"
covertype_mn_dirty,classification,20.260375261306763,0.671419791026429,0.3412496475890718,0.34951718927650616,0.3427857427605712,0.9062325798983543,-0.0039859134240258776,-0.007605185575235762,1,"Elevation,class"
covertype_mn_dirty,classification,20.260375261306763,0.6783036263060849,0.38860330913162766,0.42711522910587085,0.3808830669243772,0.9122907941897554,-0.024271982250590796,-0.048266617241450704,2,"Elevation,Wilderness_Area,class"
covertype_mn_dirty,classification,20.260375261306763,0.69920098340504,0.46141214548031567,0.635470334429152,0.4373361094615569,0.9328681363932997,-0.03976508495001285,-0.14379070494210228,3,"Elevation,Vertical_Distance_To_Hydrology,Wilderness_Area,class"
covertype_mn_dirty,classification,20.260375261306763,0.7650891210817455,0.5607640755168295,0.6844259189344685,0.51581247663472,0.9566269018973103,-0.14187547198439654,-0.3054868721399705,4,"Elevation,Horizontal_Distance_To_Roadways,Vertical_Distance_To_Hydrology,Wilderness_Area,class"
covertype_mn_dirty,classification,20.260375261306763,0.7931161647203442,0.6765857104754459,0.7789784491914247,0.6234693373998913,0.9670273038443865,-0.1597360605070962,-0.3072353478856722,5,"Aspect,Elevation,Horizontal_Distance_To_Roadways,Vertical_Distance_To_Hydrology,Wilderness_Area,class"
covertype_mn_dirty,classification,20.260375261306763,0.7969268592501536,0.6798691640637958,0.7943154549739911,0.6241893979485571,0.9680468448804113,-0.1581382993434043,-0.30464576425607237,6,"Aspect,Elevation,Hillshade_3pm,Horizontal_Distance_To_Roadways,Vertical_Distance_To_Hydrology,Wilderness_Area,class"
covertype_mn_dirty,classification,20.260375261306763,0.8433927473878303,0.7540289746345364,0.816578651178924,0.7159221582401053,0.9766945958600151,-0.1563613711270455,-0.2458868305551245,7,"Aspect,Elevation,Hillshade_3pm,Horizontal_Distance_To_Roadways,Soil_Type,Vertical_Distance_To_Hydrology,Wilderness_Area,class"
covertype_mn_dirty,classification,20.260375261306763,0.8478180700676091,0.7673880772176416,0.8272944896995618,0.7326561409303661,0.9764366077549339,-0.15218192993239088,-0.23261192278235843,8,"Aspect,Elevation,Hillshade_3pm,Horizontal_Distance_To_Roadways,Slope,Soil_Type,Vertical_Distance_To_Hydrology,Wilderness_Area,class"
covertype_mn_dirty,classification,20.260375261306763,0.8903503380454825,0.8127560990678457,0.8634958256099254,0.777649204878224,0.9860463928137807,-0.10964966195451753,-0.18724390093215426,9,"Aspect,Elevation,Hillshade_3pm,Horizontal_Distance_To_Fire_Points,Horizontal_Distance_To_Roadways,Slope,Soil_Type,Vertical_Distance_To_Hydrology,Wilderness_Area,class"
covertype_mn_dirty,classification,20.260375261306763,0.8812538414259373,0.8030659163380521,0.855469840937519,0.7676750529888535,0.9838660275002041,-0.11874615857406268,-0.19693408366194787,10,"Aspect,Elevation,Hillshade_3pm,Horizontal_Distance_To_Fire_Points,Horizontal_Distance_To_Roadways,Slope,Soil_Type,Vertical_Distance_To_Hydrology,Wilderness_Area,class,noise_numeric_2"
covertype_mn_dirty,classification,20.260375261306763,0.8725261216963737,0.7874670857159544,0.8462675526834029,0.7533889149889121,0.9827666240298026,-0.12747387830362633,-0.21253291428404564,11,"Aspect,Elevation,Hillshade_3pm,Horizontal_Distance_To_Fire_Points,Horizontal_Distance_To_Roadways,Horizontal_Distance_To_Roadways_shuffled_1,Slope,Soil_Type,Vertical_Distance_To_Hydrology,Wilderness_Area,class,noise_numeric_2"
covertype_mn_dirty,classification,20.260375261306763,0.8687154271665642,0.7777174294994188,0.8586232209444699,0.7314014018989713,0.9819600229054275,-0.13128457283343575,-0.2222825705005812,12,"Aspect,Elevation,Hillshade_3pm,Horizontal_Distance_To_Fire_Points,Horizontal_Distance_To_Roadways,Horizontal_Distance_To_Roadways_shuffled_1,Slope,Soil_Type,Vertical_Distance_To_Hydrology,Wilderness_Area,class,noise_numeric_1,noise_numeric_2"
covertype_mn_dirty,classification,20.260375261306763,0.8571604179471419,0.7620523749959663,0.8418885136929897,0.7185890575654359,0.9803976940024823,-0.1428088468672175,-0.23793710121260325,13,"Aspect,Elevation,Hillshade_3pm,Horizontal_Distance_To_Fire_Points,Horizontal_Distance_To_Roadways,Horizontal_Distance_To_Roadways_shuffled_1,Slope,Soil_Type,Vertical_Distance_To_Hydrology,Wilderness_Area,class,noise_numeric_1,noise_numeric_2,spurious_num_1"
covertype_mn_dirty,classification,20.260375261306763,0.8658881376767056,0.7563679441029487,0.8365857545120428,0.7128845825819381,0.9803636017570329,-0.13411186232329442,-0.24363205589705128,14,"Aspect,Elevation,Hillshade_3pm,Horizontal_Distance_To_Fire_Points,Horizontal_Distance_To_Roadways,Horizontal_Distance_To_Roadways_shuffled_1,Slope,Soil_Type,Vertical_Distance_To_Hydrology,Wilderness_Area,class,noise_numeric_1,noise_numeric_2,spurious_num_1,spurious_num_4"
covertype_mn_dirty,classification,20.260375261306763,0.8442532267977874,0.7364953111807384,0.8302724477380172,0.6884812538731021,0.9757415029196702,-0.12381291532171101,-0.25254437229052284,15,"Aspect,Elevation,Hillshade_3pm,Horizontal_Distance_To_Fire_Points,Horizontal_Distance_To_Roadways,Horizontal_Distance_To_Roadways_shuffled_1,Slope,Soil_Type,Vertical_Distance_To_Hydrology,Wilderness_Area,class,noise_numeric_1,noise_numeric_2,spurious_num_1,spurious_num_3,spurious_num_4"
covertype_mn_dirty,classification,20.260375261306763,0.8519975414874001,0.7420637852733435,0.8456256131484619,0.6931255962675572,0.9790459776169469,-0.14800245851259985,-0.2579362147266565,16,"Aspect,Aspect_shuffled_2,Elevation,Hillshade_3pm,Horizontal_Distance_To_Fire_Points,Horizontal_Distance_To_Roadways,Horizontal_Distance_To_Roadways_shuffled_1,Slope,Soil_Type,Vertical_Distance_To_Hydrology,Wilderness_Area,class,noise_numeric_1,noise_numeric_2,spurious_num_1,spurious_num_3,spurious_num_4"
covertype_mn_dirty,classification,20.260375261306763,0.8446220036877689,0.737914210816719,0.8375143153440191,0.6880391561631641,0.9783876140999759,-0.14956904622617262,-0.2600959420738901,17,"Aspect,Aspect_shuffled_2,Elevation,Hillshade_3pm,Horizontal_Distance_To_Fire_Points,Horizontal_Distance_To_Roadways,Horizontal_Distance_To_Roadways_shuffled_1,Slope,Soil_Type,Vertical_Distance_To_Hydrology,Wilderness_Area,class,noise_numeric_1,noise_numeric_2,spurious_num_1,spurious_num_2,spurious_num_3,spurious_num_4"
covertype_mn_dirty,classification,20.260375261306763,0.8441303011677935,0.7353064105262658,0.8354742154554121,0.6834616607234147,0.9781124580458851,-0.14978413207538321,-0.26260901013317917,18,"Aspect,Aspect_shuffled_2,Elevation,Hillshade_3pm,Horizontal_Distance_To_Fire_Points,Horizontal_Distance_To_Roadways,Horizontal_Distance_To_Roadways_shuffled_1,Slope,Soil_Type,Vertical_Distance_To_Hydrology,Wilderness_Area,Wilderness_Area_shuffled_2,class,noise_numeric_1,noise_numeric_2,spurious_num_1,spurious_num_2,spurious_num_3,spurious_num_4"
covertype_mn_dirty,classification,20.260375261306763,0.8416717885679164,0.7348171786680346,0.8450295884180269,0.6821750200251524,0.9773898732643854,-0.13358638699146397,-0.256684402452909,19,"Aspect,Aspect_shuffled_2,Elevation,Hillshade_3pm,Horizontal_Distance_To_Fire_Points,Horizontal_Distance_To_Roadways,Horizontal_Distance_To_Roadways_shuffled_1,Slope,Soil_Type,Vertical_Distance_To_Hydrology,Wilderness_Area,Wilderness_Area_shuffled_2,class,noise_numeric_1,noise_numeric_2,spurious_cat_3,spurious_num_1,spurious_num_2,spurious_num_3,spurious_num_4"
covertype_mn_dirty,classification,20.260375261306763,0.8438844499078058,0.7214977395159428,0.813690196302945,0.6754489787119243,0.975699290757212,-0.14099383875705773,-0.2733185787795609,20,"Aspect,Aspect_shuffled_2,Elevation,Hillshade_3pm,Horizontal_Distance_To_Fire_Points,Horizontal_Distance_To_Roadways,Horizontal_Distance_To_Roadways_shuffled_1,Slope,Soil_Type,Vertical_Distance_To_Hydrology,Wilderness_Area,Wilderness_Area_shuffled_2,class,noise_categorical_1,noise_numeric_1,noise_numeric_2,spurious_cat_3,spurious_num_1,spurious_num_2,spurious_num_3,spurious_num_4"
covertype_mn_dirty,classification,20.260375261306763,0.842901044867855,0.7331278154872948,0.8248540691863487,0.6869367645132609,0.9776872176177355,-0.157098955132145,-0.2668721845127052,21,"Aspect,Aspect_shuffled_2,Elevation,Hillshade_3pm,Horizontal_Distance_To_Fire_Points,Horizontal_Distance_To_Roadways,Horizontal_Distance_To_Roadways_shuffled_1,Slope,Soil_Type,Vertical_Distance_To_Hydrology,Wilderness_Area,Wilderness_Area_shuffled_2,class,noise_categorical_1,noise_numeric_1,noise_numeric_2,spurious_cat_2,spurious_cat_3,spurious_num_1,spurious_num_2,spurious_num_3,spurious_num_4"
covertype_mn_dirty,classification,20.260375261306763,0.8459741856177013,0.7306462603930607,0.8328292643058264,0.6826796174030086,0.978647719907159,-0.15322669955564516,-0.26908012393866665,22,"Aspect,Aspect_shuffled_2,Elevation,Hillshade_3pm,Horizontal_Distance_To_Fire_Points,Horizontal_Distance_To_Roadways,Horizontal_Distance_To_Roadways_shuffled_1,Slope,Soil_Type,Soil_Type_shuffled_1,Vertical_Distance_To_Hydrology,Wilderness_Area,Wilderness_Area_shuffled_2,class,noise_categorical_1,noise_numeric_1,noise_numeric_2,spurious_cat_2,spurious_cat_3,spurious_num_1,spurious_num_2,spurious_num_3,spurious_num_4"
covertype_mn_dirty,classification,20.260375261306763,0.8495390288875231,0.7277495591285,0.825981748427935,0.6806174788360924,0.9786491572607445,-0.15046097111247692,-0.27225044087149997,23,"Aspect,Aspect_shuffled_2,Elevation,Hillshade_3pm,Horizontal_Distance_To_Fire_Points,Horizontal_Distance_To_Fire_Points_shuffled_2,Horizontal_Distance_To_Roadways,Horizontal_Distance_To_Roadways_shuffled_1,Slope,Soil_Type,Soil_Type_shuffled_1,Vertical_Distance_To_Hydrology,Wilderness_Area,Wilderness_Area_shuffled_2,class,noise_categorical_1,noise_numeric_1,noise_numeric_2,spurious_cat_2,spurious_cat_3,spurious_num_1,spurious_num_2,spurious_num_3,spurious_num_4"
covertype_mn_dirty,classification,20.260375261306763,0.8389674247080516,0.7336125500268457,0.8249586084036917,0.6933380535017649,0.9753962684573907,-0.16103257529194837,-0.26638744997315433,24,"Aspect,Aspect_shuffled_2,Elevation,Hillshade_3pm,Horizontal_Distance_To_Fire_Points,Horizontal_Distance_To_Fire_Points_shuffled_2,Horizontal_Distance_To_Roadways,Horizontal_Distance_To_Roadways_shuffled_1,Slope,Soil_Type,Soil_Type_shuffled_1,Vertical_Distance_To_Hydrology,Wilderness_Area,Wilderness_Area_shuffled_2,class,noise_categorical_1,noise_categorical_2,noise_numeric_1,noise_numeric_2,spurious_cat_2,spurious_cat_3,spurious_num_1,spurious_num_2,spurious_num_3,spurious_num_4"
covertype_mn_dirty,classification,20.260375261306763,0.8368776889981561,0.7177472095938615,0.8260715968521577,0.6663306047815443,0.9768722025532036,-0.14910706634976623,-0.27744798195860354,25,"Aspect,Aspect_shuffled_2,Elevation,Hillshade_3pm,Horizontal_Distance_To_Fire_Points,Horizontal_Distance_To_Fire_Points_shuffled_2,Horizontal_Distance_To_Roadways,Horizontal_Distance_To_Roadways_shuffled_1,Slope,Soil_Type,Soil_Type_shuffled_1,Soil_Type_shuffled_2,Vertical_Distance_To_Hydrology,Wilderness_Area,Wilderness_Area_shuffled_2,class,noise_categorical_1,noise_categorical_2,noise_numeric_1,noise_numeric_2,spurious_cat_2,spurious_cat_3,spurious_num_1,spurious_num_2,spurious_num_3,spurious_num_4"
covertype_mn_dirty,classification,20.260375261306763,0.8400737553779963,0.7246729269675767,0.8266306626744111,0.6797292065920199,0.9751058750738635,-0.15992624462200367,-0.2753270730324233,26,"Aspect,Aspect_shuffled_2,Elevation,Hillshade_3pm,Horizontal_Distance_To_Fire_Points,Horizontal_Distance_To_Fire_Points_shuffled_1,Horizontal_Distance_To_Fire_Points_shuffled_2,Horizontal_Distance_To_Roadways,Horizontal_Distance_To_Roadways_shuffled_1,Slope,Soil_Type,Soil_Type_shuffled_1,Soil_Type_shuffled_2,Vertical_Distance_To_Hydrology,Wilderness_Area,Wilderness_Area_shuffled_2,class,noise_categorical_1,noise_categorical_2,noise_numeric_1,noise_numeric_2,spurious_cat_2,spurious_cat_3,spurious_num_1,spurious_num_2,spurious_num_3,spurious_num_4"
covertype_mn_dirty,classification,20.260375261306763,0.8532267977873387,0.7479124964207786,0.8407076424912022,0.7011042036252919,0.9777798780281964,-0.14677320221266132,-0.2520875035792214,27,"Aspect,Aspect_shuffled_2,Elevation,Hillshade_3pm,Horizontal_Distance_To_Fire_Points,Horizontal_Distance_To_Fire_Points_shuffled_1,Horizontal_Distance_To_Fire_Points_shuffled_2,Horizontal_Distance_To_Roadways,Horizontal_Distance_To_Roadways_shuffled_1,Slope,Soil_Type,Soil_Type_shuffled_1,Soil_Type_shuffled_2,Vertical_Distance_To_Hydrology,Wilderness_Area,Wilderness_Area_shuffled_2,class,noise_categorical_1,noise_categorical_2,noise_numeric_1,noise_numeric_2,spurious_cat_1,spurious_cat_2,spurious_cat_3,spurious_num_1,spurious_num_2,spurious_num_3,spurious_num_4"
covertype_mn_dirty,classification,20.260375261306763,0.8404425322679778,0.7262154589927331,0.8301016575331642,0.6757479565184396,0.9768160476959007,-0.15556189359875439,-0.2724158189700058,28,"Aspect,Aspect_shuffled_2,Elevation,Hillshade_3pm,Horizontal_Distance_To_Fire_Points,Horizontal_Distance_To_Fire_Points_shuffled_1,Horizontal_Distance_To_Fire_Points_shuffled_2,Horizontal_Distance_To_Roadways,Horizontal_Distance_To_Roadways_shuffled_1,Slope,Soil_Type,Soil_Type_shuffled_1,Soil_Type_shuffled_2,Vertical_Distance_To_Hydrology,Wilderness_Area,Wilderness_Area_shuffled_2,class,noise_categorical_1,noise_categorical_2,noise_numeric_1,noise_numeric_2,spurious_cat_1,spurious_cat_2,spurious_cat_3,spurious_cat_4,spurious_num_1,spurious_num_2,spurious_num_3,spurious_num_4"
covertype_mn_dirty,classification,20.260375261306763,0.8463429625076828,0.7444389053203107,0.8447823036924531,0.697904358795604,0.9787137841845409,-0.15295012822258525,-0.2553190474767917,29,"Aspect,Aspect_shuffled_2,Elevation,Hillshade_3pm,Horizontal_Distance_To_Fire_Points,Horizontal_Distance_To_Fire_Points_shuffled_1,Horizontal_Distance_To_Fire_Points_shuffled_2,Horizontal_Distance_To_Hydrology,Horizontal_Distance_To_Roadways,Horizontal_Distance_To_Roadways_shuffled_1,Slope,Soil_Type,Soil_Type_shuffled_1,Soil_Type_shuffled_2,Vertical_Distance_To_Hydrology,Wilderness_Area,Wilderness_Area_shuffled_2,class,noise_categorical_1,noise_categorical_2,noise_numeric_1,noise_numeric_2,spurious_cat_1,spurious_cat_2,spurious_cat_3,spurious_cat_4,spurious_num_1,spurious_num_2,spurious_num_3,spurious_num_4"
covertype_mn_dirty,classification,20.260375261306763,0.842901044867855,0.7395123817101261,0.84373561434641,0.6915111612376593,0.9778500304397468,-0.15580807733524316,-0.26004559553559403,30,"Aspect,Aspect_shuffled_2,Elevation,Hillshade_3pm,Hillshade_Noon,Horizontal_Distance_To_Fire_Points,Horizontal_Distance_To_Fire_Points_shuffled_1,Horizontal_Distance_To_Fire_Points_shuffled_2,Horizontal_Distance_To_Hydrology,Horizontal_Distance_To_Roadways,Horizontal_Distance_To_Roadways_shuffled_1,Slope,Soil_Type,Soil_Type_shuffled_1,Soil_Type_shuffled_2,Vertical_Distance_To_Hydrology,Wilderness_Area,Wilderness_Area_shuffled_2,class,noise_categorical_1,noise_categorical_2,noise_numeric_1,noise_numeric_2,spurious_cat_1,spurious_cat_2,spurious_cat_3,spurious_cat_4,spurious_num_1,spurious_num_2,spurious_num_3,spurious_num_4"
covertype_mn_dirty,classification,20.260375261306763,0.8533497234173325,0.7641017555087861,0.8678988694200999,0.7149359487925817,0.9797186800695225,-0.1466502765826675,-0.23589824449121388,31,"Aspect,Aspect_shuffled_2,Elevation,Hillshade_3pm,Hillshade_9am,Hillshade_Noon,Horizontal_Distance_To_Fire_Points,Horizontal_Distance_To_Fire_Points_shuffled_1,Horizontal_Distance_To_Fire_Points_shuffled_2,Horizontal_Distance_To_Hydrology,Horizontal_Distance_To_Roadways,Horizontal_Distance_To_Roadways_shuffled_1,Slope,Soil_Type,Soil_Type_shuffled_1,Soil_Type_shuffled_2,Vertical_Distance_To_Hydrology,Wilderness_Area,Wilderness_Area_shuffled_2,class,noise_categorical_1,noise_categorical_2,noise_numeric_1,noise_numeric_2,spurious_cat_1,spurious_cat_2,spurious_cat_3,spurious_cat_4,spurious_num_1,spurious_num_2,spurious_num_3,spurious_num_4"
covertype_mn_dirty,classification,20.260375261306763,0.8523663183773816,0.7641803501012668,0.867171672114876,0.7142550955597411,0.9791035598669853,-0.14763368162261836,-0.23581964989873316,32,"Aspect,Aspect_shuffled_2,Elevation,Hillshade_3pm,Hillshade_9am,Hillshade_Noon,Horizontal_Distance_To_Fire_Points,Horizontal_Distance_To_Fire_Points_shuffled_1,Horizontal_Distance_To_Fire_Points_shuffled_2,Horizontal_Distance_To_Hydrology,Horizontal_Distance_To_Roadways,Horizontal_Distance_To_Roadways_shuffled_1,Slope,Soil_Type,Soil_Type_shuffled_1,Soil_Type_shuffled_2,Vertical_Distance_To_Hydrology,Wilderness_Area,Wilderness_Area_shuffled_2,class,noise_categorical_1,noise_categorical_2,noise_numeric_1,noise_numeric_2,spurious_cat_1,spurious_cat_2,spurious_cat_3,spurious_cat_4,spurious_cat_5,spurious_num_1,spurious_num_2,spurious_num_3,spurious_num_4"
covertype_mn_dirty,classification,20.260375261306763,0.8502765826674862,0.7490419130691082,0.8625843691475951,0.6976496360650717,0.9792041103206289,-0.1496619469612328,-0.25093703912420773,33,"Aspect,Aspect_shuffled_2,Elevation,Hillshade_3pm,Hillshade_9am,Hillshade_Noon,Horizontal_Distance_To_Fire_Points,Horizontal_Distance_To_Fire_Points_shuffled_1,Horizontal_Distance_To_Fire_Points_shuffled_2,Horizontal_Distance_To_Hydrology,Horizontal_Distance_To_Roadways,Horizontal_Distance_To_Roadways_shuffled_1,Horizontal_Distance_To_Roadways_shuffled_2,Slope,Soil_Type,Soil_Type_shuffled_1,Soil_Type_shuffled_2,Vertical_Distance_To_Hydrology,Wilderness_Area,Wilderness_Area_shuffled_2,class,noise_categorical_1,noise_categorical_2,noise_numeric_1,noise_numeric_2,spurious_cat_1,spurious_cat_2,spurious_cat_3,spurious_cat_4,spurious_cat_5,spurious_num_1,spurious_num_2,spurious_num_3,spurious_num_4"
covertype_mn_dirty,classification,20.260375261306763,0.8510141364474493,0.7455468460195166,0.8422501068387643,0.6997500350226733,0.9794468313831796,-0.14898586355255072,-0.2544531539804834,34,"Aspect,Aspect_shuffled_2,Elevation,Elevation_shuffled_1,Hillshade_3pm,Hillshade_9am,Hillshade_Noon,Horizontal_Distance_To_Fire_Points,Horizontal_Distance_To_Fire_Points_shuffled_1,Horizontal_Distance_To_Fire_Points_shuffled_2,Horizontal_Distance_To_Hydrology,Horizontal_Distance_To_Roadways,Horizontal_Distance_To_Roadways_shuffled_1,Horizontal_Distance_To_Roadways_shuffled_2,Slope,Soil_Type,Soil_Type_shuffled_1,Soil_Type_shuffled_2,Vertical_Distance_To_Hydrology,Wilderness_Area,Wilderness_Area_shuffled_2,class,noise_categorical_1,noise_categorical_2,noise_numeric_1,noise_numeric_2,spurious_cat_1,spurious_cat_2,spurious_cat_3,spurious_cat_4,spurious_cat_5,spurious_num_1,spurious_num_2,spurious_num_3,spurious_num_4"
covertype_mn_dirty,classification,20.260375261306763,0.8415488629379225,0.7428694820953633,0.852407702599005,0.6911720368038896,0.976704768037686,-0.1524577758621758,-0.2550772359373925,35,"Aspect,Aspect_shuffled_1,Aspect_shuffled_2,Elevation,Elevation_shuffled_1,Hillshade_3pm,Hillshade_9am,Hillshade_Noon,Horizontal_Distance_To_Fire_Points,Horizontal_Distance_To_Fire_Points_shuffled_1,Horizontal_Distance_To_Fire_Points_shuffled_2,Horizontal_Distance_To_Hydrology,Horizontal_Distance_To_Roadways,Horizontal_Distance_To_Roadways_shuffled_1,Horizontal_Distance_To_Roadways_shuffled_2,Slope,Soil_Type,Soil_Type_shuffled_1,Soil_Type_shuffled_2,Vertical_Distance_To_Hydrology,Wilderness_Area,Wilderness_Area_shuffled_2,class,noise_categorical_1,noise_categorical_2,noise_numeric_1,noise_numeric_2,spurious_cat_1,spurious_cat_2,spurious_cat_3,spurious_cat_4,spurious_cat_5,spurious_num_1,spurious_num_2,spurious_num_3,spurious_num_4"
covertype_mn_dirty,classification,20.260375261306763,0.8363859864781807,0.7336752398871299,0.8236380048380789,0.691117130998996,0.9729426508952299,-0.16361401352181926,-0.2663247601128701,36,"Aspect,Aspect_shuffled_1,Aspect_shuffled_2,Elevation,Elevation_shuffled_1,Hillshade_3pm,Hillshade_3pm_shuffled_2,Hillshade_9am,Hillshade_Noon,Horizontal_Distance_To_Fire_Points,Horizontal_Distance_To_Fire_Points_shuffled_1,Horizontal_Distance_To_Fire_Points_shuffled_2,Horizontal_Distance_To_Hydrology,Horizontal_Distance_To_Roadways,Horizontal_Distance_To_Roadways_shuffled_1,Horizontal_Distance_To_Roadways_shuffled_2,Slope,Soil_Type,Soil_Type_shuffled_1,Soil_Type_shuffled_2,Vertical_Distance_To_Hydrology,Wilderness_Area,Wilderness_Area_shuffled_2,class,noise_categorical_1,noise_categorical_2,noise_numeric_1,noise_numeric_2,spurious_cat_1,spurious_cat_2,spurious_cat_3,spurious_cat_4,spurious_cat_5,spurious_num_1,spurious_num_2,spurious_num_3,spurious_num_4"
covertype_mn_dirty,classification,20.260375261306763,0.8390903503380455,0.7324382907428953,0.8429417683296424,0.683616085341612,0.9772684580686172,-0.1558383440312685,-0.2658242043908967,37,"Aspect,Aspect_shuffled_1,Aspect_shuffled_2,Elevation,Elevation_shuffled_1,Hillshade_3pm,Hillshade_3pm_shuffled_2,Hillshade_9am,Hillshade_Noon,Horizontal_Distance_To_Fire_Points,Horizontal_Distance_To_Fire_Points_shuffled_1,Horizontal_Distance_To_Fire_Points_shuffled_2,Horizontal_Distance_To_Hydrology,Horizontal_Distance_To_Roadways,Horizontal_Distance_To_Roadways_shuffled_1,Horizontal_Distance_To_Roadways_shuffled_2,Slope,Soil_Type,Soil_Type_shuffled_1,Soil_Type_shuffled_2,Vertical_Distance_To_Hydrology,Wilderness_Area,Wilderness_Area_shuffled_1,Wilderness_Area_shuffled_2,class,noise_categorical_1,noise_categorical_2,noise_numeric_1,noise_numeric_2,spurious_cat_1,spurious_cat_2,spurious_cat_3,spurious_cat_4,spurious_cat_5,spurious_num_1,spurious_num_2,spurious_num_3,spurious_num_4"
covertype_mn_dirty,classification,20.260375261306763,0.8433927473878303,0.7355861064841239,0.849718647430525,0.6831221737372865,0.9781247401730061,-0.15531637481526783,-0.2639718236375751,38,"Aspect,Aspect_shuffled_1,Aspect_shuffled_2,Elevation,Elevation_shuffled_1,Elevation_shuffled_2,Hillshade_3pm,Hillshade_3pm_shuffled_2,Hillshade_9am,Hillshade_Noon,Horizontal_Distance_To_Fire_Points,Horizontal_Distance_To_Fire_Points_shuffled_1,Horizontal_Distance_To_Fire_Points_shuffled_2,Horizontal_Distance_To_Hydrology,Horizontal_Distance_To_Roadways,Horizontal_Distance_To_Roadways_shuffled_1,Horizontal_Distance_To_Roadways_shuffled_2,Slope,Soil_Type,Soil_Type_shuffled_1,Soil_Type_shuffled_2,Vertical_Distance_To_Hydrology,Wilderness_Area,Wilderness_Area_shuffled_1,Wilderness_Area_shuffled_2,class,noise_categorical_1,noise_categorical_2,noise_numeric_1,noise_numeric_2,spurious_cat_1,spurious_cat_2,spurious_cat_3,spurious_cat_4,spurious_cat_5,spurious_num_1,spurious_num_2,spurious_num_3,spurious_num_4"
covertype_mn_dirty,classification,20.260375261306763,0.840319606637984,0.7190023568507106,0.859232388197183,0.6647150721468214,0.9749837409155516,-0.14671014502171598,-0.2765503071443757,39,"Aspect,Aspect_shuffled_1,Aspect_shuffled_2,Elevation,Elevation_shuffled_1,Elevation_shuffled_2,Hillshade_3pm,Hillshade_3pm_shuffled_2,Hillshade_9am,Hillshade_Noon,Horizontal_Distance_To_Fire_Points,Horizontal_Distance_To_Fire_Points_shuffled_1,Horizontal_Distance_To_Fire_Points_shuffled_2,Horizontal_Distance_To_Hydrology,Horizontal_Distance_To_Roadways,Horizontal_Distance_To_Roadways_shuffled_1,Horizontal_Distance_To_Roadways_shuffled_2,Slope,Soil_Type,Soil_Type_shuffled_1,Soil_Type_shuffled_2,Vertical_Distance_To_Hydrology,Vertical_Distance_To_Hydrology_shuffled_1,Wilderness_Area,Wilderness_Area_shuffled_1,Wilderness_Area_shuffled_2,class,noise_categorical_1,noise_categorical_2,noise_numeric_1,noise_numeric_2,spurious_cat_1,spurious_cat_2,spurious_cat_3,spurious_cat_4,spurious_cat_5,spurious_num_1,spurious_num_2,spurious_num_3,spurious_num_4"
covertype_mn_dirty,classification,20.260375261306763,0.8329440688383528,0.7011998877597112,0.8328364136380024,0.6476220625298792,0.9754988470569559,-0.13463031031089723,-0.2876621781989255,40,"Aspect,Aspect_shuffled_1,Aspect_shuffled_2,Elevation,Elevation_shuffled_1,Elevation_shuffled_2,Hillshade_3pm,Hillshade_3pm_shuffled_2,Hillshade_9am,Hillshade_Noon,Hillshade_Noon_shuffled_1,Horizontal_Distance_To_Fire_Points,Horizontal_Distance_To_Fire_Points_shuffled_1,Horizontal_Distance_To_Fire_Points_shuffled_2,Horizontal_Distance_To_Hydrology,Horizontal_Distance_To_Roadways,Horizontal_Distance_To_Roadways_shuffled_1,Horizontal_Distance_To_Roadways_shuffled_2,Slope,Soil_Type,Soil_Type_shuffled_1,Soil_Type_shuffled_2,Vertical_Distance_To_Hydrology,Vertical_Distance_To_Hydrology_shuffled_1,Wilderness_Area,Wilderness_Area_shuffled_1,Wilderness_Area_shuffled_2,class,noise_categorical_1,noise_categorical_2,noise_numeric_1,noise_numeric_2,spurious_cat_1,spurious_cat_2,spurious_cat_3,spurious_cat_4,spurious_cat_5,spurious_num_1,spurious_num_2,spurious_num_3,spurious_num_4"
covertype_mn_clean,classification,6.007809638977051,0.671419791026429,0.3412496475890718,0.34951718927650616,0.3427857427605712,0.9062325798983543,-0.0039859134240258776,-0.007605185575235762,1,"Elevation,class"
covertype_mn_clean,classification,6.007809638977051,0.696619545175169,0.43399029254589905,0.6533578638595442,0.39790739325606295,0.9300219994675915,-0.04634209731315164,-0.12921423381038766,2,"Elevation,Horizontal_Distance_To_Roadways,class"
covertype_mn_clean,classification,6.007809638977051,0.7153042409342348,0.5149142513719138,0.710771397378582,0.4589266547591852,0.93960420013577,-0.13181894568981234,-0.2763536966116884,3,"Elevation,Hillshade_3pm,Horizontal_Distance_To_Roadways,class"
covertype_mn_clean,classification,6.007809638977051,0.7409956976029503,0.6039444024879457,0.7375133561571295,0.546094817983765,0.9506057589572443,-0.17611150672456388,-0.328124273438096,4,"Aspect,Elevation,Hillshade_3pm,Horizontal_Distance_To_Roadways,class"
covertype_mn_clean,classification,6.007809638977051,0.8039336201598033,0.7039285823693494,0.8068370820924334,0.6512185650566058,0.9689796126585056,-0.12955543811410863,-0.2730940108555322,5,"Aspect,Elevation,Hillshade_3pm,Horizontal_Distance_To_Roadways,Soil_Type,class"
covertype_mn_clean,classification,6.007809638977051,0.8652735095267363,0.7770336295501489,0.8413302257951977,0.7350919480126229,0.9818097201176632,-0.13472649047326368,-0.22296637044985113,6,"Aspect,Elevation,Hillshade_3pm,Horizontal_Distance_To_Fire_Points,Horizontal_Distance_To_Roadways,Soil_Type,class"
covertype_mn_clean,classification,6.007809638977051,0.8642901044867854,0.7809912978002445,0.8497880577446516,0.7367551623589572,0.9818408176114984,-0.12080333047756175,-0.21389179022950067,7,"Aspect,Elevation,Hillshade_3pm,Horizontal_Distance_To_Fire_Points,Horizontal_Distance_To_Roadways,Soil_Type,Wilderness_Area,class"
covertype_mn_clean,classification,6.007809638977051,0.8623232944068838,0.7790351521806022,0.8549918442385268,0.7324239618348801,0.9819078587952917,-0.11634648675859438,-0.21363867900623745,8,"Aspect,Elevation,Hillshade_3pm,Horizontal_Distance_To_Fire_Points,Horizontal_Distance_To_Roadways,Slope,Soil_Type,Wilderness_Area,class"
covertype_mn_clean,classification,6.007809638977051,0.8806392132759681,0.7901739167467735,0.8597563502547251,0.746102159731376,0.9836150136936244,-0.11936078672403194,-0.2098260832532265,9,"Aspect,Elevation,Hillshade_3pm,Hillshade_Noon,Horizontal_Distance_To_Fire_Points,Horizontal_Distance_To_Roadways,Slope,Soil_Type,Wilderness_Area,class"
covertype_mn_clean,classification,6.007809638977051,0.8726490473263675,0.7813126411631647,0.8474631264920977,0.7392622394886529,0.9823301658862544,-0.1273509526736325,-0.21868735883683532,10,"Aspect,Elevation,Hillshade_3pm,Hillshade_9am,Hillshade_Noon,Horizontal_Distance_To_Fire_Points,Horizontal_Distance_To_Roadways,Slope,Soil_Type,Wilderness_Area,class"
default_payment,classification,11.13253927230835,0.7788333333333334,0.43783378618945,0.3894166666666667,0.5,0.6106780586772833,4.166666666671759e-05,1.3168260612539395e-05,1,"PAY_AMT1,default"
default_payment,classification,11.13253927230835,0.7803333333333333,0.47744640719955683,0.6637101660002422,0.5163411288146837,0.6461100832420722,-0.0011250000000000426,-0.009398123875995701,2,"LIMIT_BAL,PAY_AMT1,default"
default_payment,classification,11.13253927230835,0.7815,0.48913715030882654,0.6731340739195262,0.5219463702318519,0.6661704889365079,-0.006500000000000061,-0.021953624461913623,3,"BILL_AMT1,LIMIT_BAL,PAY_AMT1,default"
default_payment,classification,11.13253927230835,0.7828333333333334,0.5309122412884709,0.6689264120560265,0.5430367592952895,0.6894613849768855,-0.04220833333333329,-0.1075568085916826,4,"BILL_AMT1,LIMIT_BAL,PAY_AMT1,PAY_AMT2,default"
default_payment,classification,11.13253927230835,0.7863333333333333,0.5523158401271675,0.6832290445389997,0.5560753940730561,0.7010406750704837,-0.016874999999999973,-0.03992677051210669,5,"BILL_AMT1,BILL_AMT6,LIMIT_BAL,PAY_AMT1,PAY_AMT2,default"
default_payment,classification,11.13253927230835,0.7863333333333333,0.5558972480640654,0.6821220910440241,0.5582337309151919,0.7130605342206209,-0.04337500000000005,-0.10213012512104191,6,"BILL_AMT1,BILL_AMT2,BILL_AMT6,LIMIT_BAL,PAY_AMT1,PAY_AMT2,default"
default_payment,classification,11.13253927230835,0.7868333333333334,0.5628091534341044,0.6826709694906066,0.5626016054323519,0.711866869448842,-0.030708333333333337,-0.07199707771480779,7,"BILL_AMT1,BILL_AMT2,BILL_AMT6,LIMIT_BAL,PAY_AMT1,PAY_AMT2,PAY_AMT4,default"
default_payment,classification,11.13253927230835,0.8243333333333334,0.6791591005577478,0.7758450760501852,0.6519657652686125,0.7759031464080962,0.0020416666666667194,0.0034965469784991043,8,"BILL_AMT1,BILL_AMT2,BILL_AMT6,LIMIT_BAL,PAY_0,PAY_AMT1,PAY_AMT2,PAY_AMT4,default"
default_payment,classification,11.13253927230835,0.8191666666666667,0.6772043656845135,0.7562296937510795,0.6521561356094778,0.7631242248314848,-0.04654166666666659,-0.09071277699098834,9,"BILL_AMT1,BILL_AMT2,BILL_AMT6,LIMIT_BAL,PAY_0,PAY_AMT1,PAY_AMT2,PAY_AMT4,PAY_AMT5,default"
default_payment,classification,11.13253927230835,0.8233333333333334,0.6804639261859612,0.7701629801996498,0.6537519083397045,0.7766800283370405,-0.0005416666666666625,-0.002161842152079374,10,"BILL_AMT1,BILL_AMT2,BILL_AMT3,BILL_AMT6,LIMIT_BAL,PAY_0,PAY_AMT1,PAY_AMT2,PAY_AMT4,PAY_AMT5,default"
default_payment,classification,11.13253927230835,0.8215,0.6777970423212532,0.7649187432651999,0.6517655579173339,0.7770391598483553,-0.005916666666666681,-0.011863200454796607,11,"BILL_AMT1,BILL_AMT2,BILL_AMT3,BILL_AMT5,BILL_AMT6,LIMIT_BAL,PAY_0,PAY_AMT1,PAY_AMT2,PAY_AMT4,PAY_AMT5,default"
default_payment,classification,11.13253927230835,0.8211666666666667,0.6802695469755202,0.7615205109309752,0.6545192757831672,0.7750334579300898,-0.015083333333333337,-0.029259539806101964,12,"BILL_AMT1,BILL_AMT2,BILL_AMT3,BILL_AMT5,BILL_AMT6,LIMIT_BAL,PAY_0,PAY_AMT1,PAY_AMT2,PAY_AMT3,PAY_AMT4,PAY_AMT5,default"
default_payment,classification,11.13253927230835,0.8241666666666667,0.6838792027023983,0.7704827753302006,0.6569848176226333,0.7788353011923262,-0.0020416666666666083,-0.0036394086680691107,13,"BILL_AMT1,BILL_AMT2,BILL_AMT3,BILL_AMT5,BILL_AMT6,LIMIT_BAL,PAY_0,PAY_AMT1,PAY_AMT2,PAY_AMT3,PAY_AMT4,PAY_AMT5,PAY_AMT6,default"
default_payment,classification,11.13253927230835,0.824,0.6801199388673661,0.7733784765545026,0.6531007305028438,0.7774572327909162,0.000791666666666635,-0.00015012328904184802,14,"BILL_AMT1,BILL_AMT2,BILL_AMT3,BILL_AMT5,BILL_AMT6,LIMIT_BAL,PAY_0,PAY_2,PAY_AMT1,PAY_AMT2,PAY_AMT3,PAY_AMT4,PAY_AMT5,PAY_AMT6,default"
default_payment,classification,11.13253927230835,0.8213333333333334,0.6679386735595549,0.7737015990485001,0.641946044481671,0.7762809843654427,0.0007083333333333108,-0.0020432660008570247,15,"BILL_AMT1,BILL_AMT2,BILL_AMT3,BILL_AMT4,BILL_AMT5,BILL_AMT6,LIMIT_BAL,PAY_0,PAY_2,PAY_AMT1,PAY_AMT2,PAY_AMT3,PAY_AMT4,PAY_AMT5,PAY_AMT6,default"
default_payment,classification,11.13253927230835,0.8221666666666667,0.6810469392587725,0.7648265339096236,0.654891469554211,0.7787444297928535,-0.00187499999999996,-0.00401998173663598,16,"AGE,BILL_AMT1,BILL_AMT2,BILL_AMT3,BILL_AMT4,BILL_AMT5,BILL_AMT6,LIMIT_BAL,PAY_0,PAY_2,PAY_AMT1,PAY_AMT2,PAY_AMT3,PAY_AMT4,PAY_AMT5,PAY_AMT6,default"
default_payment,classification,11.13253927230835,0.8221666666666667,0.6771812039588012,0.7682609403893893,0.6508445879752063,0.7796725759147088,-0.0030416666666666092,-0.008225254412256855,17,"AGE,BILL_AMT1,BILL_AMT2,BILL_AMT3,BILL_AMT4,BILL_AMT5,BILL_AMT6,LIMIT_BAL,PAY_0,PAY_2,PAY_4,PAY_AMT1,PAY_AMT2,PAY_AMT3,PAY_AMT4,PAY_AMT5,PAY_AMT6,default"
default_payment,classification,11.13253927230835,0.8243333333333334,0.6781034613345451,0.7769565046225104,0.6508865968475446,0.7789964023956507,0.0015416666666666634,0.002191609157730645,18,"AGE,BILL_AMT1,BILL_AMT2,BILL_AMT3,BILL_AMT4,BILL_AMT5,BILL_AMT6,LIMIT_BAL,PAY_0,PAY_2,PAY_4,PAY_5,PAY_AMT1,PAY_AMT2,PAY_AMT3,PAY_AMT4,PAY_AMT5,PAY_AMT6,default"
default_payment,classification,11.13253927230835,0.8235,0.6869122675844661,0.7651601480337602,0.6606037086174308,0.7814005032356507,-0.0032083333333333686,-0.007033944897349653,19,"AGE,BILL_AMT1,BILL_AMT2,BILL_AMT3,BILL_AMT4,BILL_AMT5,BILL_AMT6,LIMIT_BAL,PAY_0,PAY_2,PAY_4,PAY_5,PAY_6,PAY_AMT1,PAY_AMT2,PAY_AMT3,PAY_AMT4,PAY_AMT5,PAY_AMT6,default"
default_payment,classification,11.13253927230835,0.8226666666666667,0.6845709542420365,0.7638600018099835,0.65844996775557,0.7806818370568567,-0.0001666666666666483,-0.00334763449235298,20,"AGE,BILL_AMT1,BILL_AMT2,BILL_AMT3,BILL_AMT4,BILL_AMT5,BILL_AMT6,LIMIT_BAL,PAY_0,PAY_2,PAY_3,PAY_4,PAY_5,PAY_6,PAY_AMT1,PAY_AMT2,PAY_AMT3,PAY_AMT4,PAY_AMT5,PAY_AMT6,default"
default_payment,classification,11.13253927230835,0.825,0.6894517709727515,0.7688596997482753,0.6626458558529648,0.7844475575267563,-0.013833333333333364,-0.026101605666542627,21,"AGE,BILL_AMT1,BILL_AMT2,BILL_AMT3,BILL_AMT4,BILL_AMT5,BILL_AMT6,EDUCATION,LIMIT_BAL,PAY_0,PAY_2,PAY_3,PAY_4,PAY_5,PAY_6,PAY_AMT1,PAY_AMT2,PAY_AMT3,PAY_AMT4,PAY_AMT5,PAY_AMT6,default"
default_payment,classification,11.13253927230835,0.824,0.6766934557979334,0.7769179768414962,0.6495934331343731,0.7817914034527261,0.001083333333333325,0.002664113325490769,22,"AGE,BILL_AMT1,BILL_AMT2,BILL_AMT3,BILL_AMT4,BILL_AMT5,BILL_AMT6,EDUCATION,LIMIT_BAL,MARRIAGE,PAY_0,PAY_2,PAY_3,PAY_4,PAY_5,PAY_6,PAY_AMT1,PAY_AMT2,PAY_AMT3,PAY_AMT4,PAY_AMT5,PAY_AMT6,default"
default_payment,classification,11.13253927230835,0.8225,0.6836535783904205,0.7639640228750788,0.6575335937937172,0.7822015745344635,-0.00216666666666665,-0.00581306827590411,23,"AGE,BILL_AMT1,BILL_AMT2,BILL_AMT3,BILL_AMT4,BILL_AMT5,BILL_AMT6,EDUCATION,LIMIT_BAL,MARRIAGE,PAY_0,PAY_2,PAY_3,PAY_4,PAY_5,PAY_6,PAY_AMT1,PAY_AMT2,PAY_AMT3,PAY_AMT4,PAY_AMT5,PAY_AMT6,SEX,default"
default_payment_un_dirty,classification,25.28026032447815,0.7788333333333334,0.43783378618945,0.3894166666666667,0.5,0.6005086056908556,4.166666666671759e-05,1.3168260612539395e-05,1,"PAY_AMT1,default"
default_payment_un_dirty,classification,25.28026032447815,0.7803333333333333,0.47744640719955683,0.6637101660002422,0.5163411288146837,0.6461100832420722,-0.0011250000000000426,-0.009398123875995701,2,"LIMIT_BAL,PAY_AMT1,default"
default_payment_un_dirty,classification,25.28026032447815,0.7815,0.48913715030882654,0.6731340739195262,0.5219463702318519,0.6661704889365079,-0.006500000000000061,-0.021953624461913623,3,"BILL_AMT1,LIMIT_BAL,PAY_AMT1,default"
default_payment_un_dirty,classification,25.28026032447815,0.7801666666666667,0.4670419596370148,0.6685221333381981,0.5119174574843603,0.6820795956053397,-0.006291666666666695,-0.02134108908914656,4,"BILL_AMT1,LIMIT_BAL,PAY_AMT1,PAY_AMT3,default"
default_payment_un_dirty,classification,25.28026032447815,0.7833333333333333,0.5427927251992016,0.669513686265023,0.5498327627598523,0.7019297150443851,-0.06254166666666672,-0.15280378390008342,5,"BILL_AMT1,LIMIT_BAL,PAY_AMT1,PAY_AMT2,PAY_AMT3,default"
default_payment_un_dirty,classification,25.28026032447815,0.7865,0.5555780419934226,0.6830813627156698,0.5580709364559767,0.7120924756384825,-0.05120833333333341,-0.12164535661277709,6,"BILL_AMT1,BILL_AMT2,LIMIT_BAL,PAY_AMT1,PAY_AMT2,PAY_AMT3,default"
default_payment_un_dirty,classification,25.28026032447815,0.7851666666666667,0.5611075955454975,0.6753060908055546,0.561261836866567,0.7116481169139975,-0.02287499999999998,-0.04886447548746076,7,"BILL_AMT1,BILL_AMT2,BILL_AMT2_shuffled_1,LIMIT_BAL,PAY_AMT1,PAY_AMT2,PAY_AMT3,default"
default_payment_un_dirty,classification,25.28026032447815,0.7871666666666667,0.5515679057700311,0.6881574139326077,0.5558010059875141,0.7152445924260503,-0.04804166666666665,-0.11392520863726185,8,"BILL_AMT1,BILL_AMT1_shuffled_2,BILL_AMT2,BILL_AMT2_shuffled_1,LIMIT_BAL,PAY_AMT1,PAY_AMT2,PAY_AMT3,default"
default_payment_un_dirty,classification,25.28026032447815,0.7866666666666666,0.5479800357849138,0.6866959058578194,0.5535914683124898,0.7196770525607592,-0.021791666666666654,-0.05165288267319634,9,"BILL_AMT1,BILL_AMT1_shuffled_2,BILL_AMT2,BILL_AMT2_shuffled_1,LIMIT_BAL,PAY_AMT1,PAY_AMT2,PAY_AMT3,PAY_AMT4,default"
default_payment_un_dirty,classification,25.28026032447815,0.7886666666666666,0.5603080710053919,0.6929006657036131,0.5613504505915188,0.7228057056595546,-0.025416666666666754,-0.05894782998771708,10,"BILL_AMT1,BILL_AMT1_shuffled_2,BILL_AMT2,BILL_AMT2_shuffled_1,BILL_AMT3_shuffled_1,LIMIT_BAL,PAY_AMT1,PAY_AMT2,PAY_AMT3,PAY_AMT4,default"
default_payment_un_dirty,classification,25.28026032447815,0.788,0.5567028824303091,0.690754783935419,0.5590339152704429,0.7252248845401061,-0.014374999999999916,-0.03553323916263562,11,"BILL_AMT1,BILL_AMT1_shuffled_2,BILL_AMT2,BILL_AMT2_shuffled_1,BILL_AMT3_shuffled_1,BILL_AMT5,LIMIT_BAL,PAY_AMT1,PAY_AMT2,PAY_AMT3,PAY_AMT4,default"
default_payment_un_dirty,classification,25.28026032447815,0.7918333333333333,0.5755529125628238,0.7025846702317291,0.5714771690245121,0.7284685984082426,-0.06095833333333334,-0.13870437784688527,12,"BILL_AMT1,BILL_AMT1_shuffled_2,BILL_AMT2,BILL_AMT2_shuffled_1,BILL_AMT3_shuffled_1,BILL_AMT5,BILL_AMT6,LIMIT_BAL,PAY_AMT1,PAY_AMT2,PAY_AMT3,PAY_AMT4,default"
default_payment_un_dirty,classification,25.28026032447815,0.7911666666666667,0.5786790529122059,0.6979093549978803,0.5734773073877077,0.7274894933471976,-0.030874999999999986,-0.07049442126612637,13,"BILL_AMT1,BILL_AMT1_shuffled_2,BILL_AMT2,BILL_AMT2_shuffled_1,BILL_AMT3_shuffled_1,BILL_AMT5,BILL_AMT6,LIMIT_BAL,PAY_AMT1,PAY_AMT2,PAY_AMT3,PAY_AMT4,PAY_AMT5,default"
default_payment_un_dirty,classification,25.28026032447815,0.7903333333333333,0.5611399291497976,0.7019462584709639,0.5621506349467698,0.7311728893283113,-0.06912499999999999,-0.16654836557938557,14,"BILL_AMT1,BILL_AMT1_shuffled_2,BILL_AMT2,BILL_AMT2_shuffled_1,BILL_AMT3_shuffled_1,BILL_AMT5,BILL_AMT6,BILL_AMT6_shuffled_1,LIMIT_BAL,PAY_AMT1,PAY_AMT2,PAY_AMT3,PAY_AMT4,PAY_AMT5,default"
default_payment_un_dirty,classification,25.28026032447815,0.7903333333333333,0.5589133513679413,0.7032458595924361,0.5608016744204348,0.7299692262836532,-0.051000000000000045,-0.12309951608826353,15,"BILL_AMT1,BILL_AMT1_shuffled_2,BILL_AMT2,BILL_AMT2_shuffled_1,BILL_AMT2_shuffled_2,BILL_AMT3_shuffled_1,BILL_AMT5,BILL_AMT6,BILL_AMT6_shuffled_1,LIMIT_BAL,PAY_AMT1,PAY_AMT2,PAY_AMT3,PAY_AMT4,PAY_AMT5,default"
default_payment_un_dirty,classification,25.28026032447815,0.7895,0.560060890173654,0.6976771980877157,0.5613458546112438,0.7287027515085702,-0.04908333333333337,-0.11674622440798477,16,"BILL_AMT1,BILL_AMT1_shuffled_2,BILL_AMT2,BILL_AMT2_shuffled_1,BILL_AMT2_shuffled_2,BILL_AMT3_shuffled_1,BILL_AMT3_shuffled_2,BILL_AMT5,BILL_AMT6,BILL_AMT6_shuffled_1,LIMIT_BAL,PAY_AMT1,PAY_AMT2,PAY_AMT3,PAY_AMT4,PAY_AMT5,default"
default_payment_un_dirty,classification,25.28026032447815,0.7903333333333333,0.5685080875578724,0.6981658804831927,0.5667371007363082,0.7282711325188825,-0.035833333333333384,-0.08515306562181413,17,"BILL_AMT1,BILL_AMT1_shuffled_2,BILL_AMT2,BILL_AMT2_shuffled_1,BILL_AMT2_shuffled_2,BILL_AMT3,BILL_AMT3_shuffled_1,BILL_AMT3_shuffled_2,BILL_AMT5,BILL_AMT6,BILL_AMT6_shuffled_1,LIMIT_BAL,PAY_AMT1,PAY_AMT2,PAY_AMT3,PAY_AMT4,PAY_AMT5,default"
default_payment_un_dirty,classification,25.28026032447815,0.7885,0.5606198848990295,0.6918659863507597,0.561513245050734,0.7289702859393159,-0.025583333333333402,-0.06176454332481485,18,"BILL_AMT1,BILL_AMT1_shuffled_2,BILL_AMT2,BILL_AMT2_shuffled_1,BILL_AMT2_shuffled_2,BILL_AMT3,BILL_AMT3_shuffled_1,BILL_AMT3_shuffled_2,BILL_AMT5,BILL_AMT6,BILL_AMT6_shuffled_1,LIMIT_BAL,PAY_AMT1,PAY_AMT2,PAY_AMT2_shuffled_2,PAY_AMT3,PAY_AMT4,PAY_AMT5,default"
default_payment_un_dirty,classification,25.28026032447815,0.7876666666666666,0.5463669475979049,0.6936133206517214,0.5528844936624657,0.7266902765667416,-0.012791666666666757,-0.03475070838582972,19,"BILL_AMT1,BILL_AMT1_shuffled_2,BILL_AMT2,BILL_AMT2_shuffled_1,BILL_AMT2_shuffled_2,BILL_AMT3,BILL_AMT3_shuffled_1,BILL_AMT3_shuffled_2,BILL_AMT5,BILL_AMT5_shuffled_2,BILL_AMT6,BILL_AMT6_shuffled_1,LIMIT_BAL,PAY_AMT1,PAY_AMT2,PAY_AMT2_shuffled_2,PAY_AMT3,PAY_AMT4,PAY_AMT5,default"
default_payment_un_dirty,classification,25.28026032447815,0.7888333333333334,0.5747834860941279,0.6885469473220189,0.5706303798166479,0.7246183764062692,-0.043041666666666645,-0.09537098594142412,20,"BILL_AMT1,BILL_AMT1_shuffled_2,BILL_AMT2,BILL_AMT2_shuffled_1,BILL_AMT2_shuffled_2,BILL_AMT3,BILL_AMT3_shuffled_1,BILL_AMT3_shuffled_2,BILL_AMT5,BILL_AMT5_shuffled_2,BILL_AMT6,BILL_AMT6_shuffled_1,BILL_AMT6_shuffled_2,LIMIT_BAL,PAY_AMT1,PAY_AMT2,PAY_AMT2_shuffled_2,PAY_AMT3,PAY_AMT4,PAY_AMT5,default"
default_payment_un_dirty,classification,25.28026032447815,0.7871666666666667,0.5388113262208032,0.6944638355633119,0.5485166191453057,0.7263474325644715,-0.014041666666666619,-0.039059015274326536,21,"BILL_AMT1,BILL_AMT1_shuffled_2,BILL_AMT2,BILL_AMT2_shuffled_1,BILL_AMT2_shuffled_2,BILL_AMT3,BILL_AMT3_shuffled_1,BILL_AMT3_shuffled_2,BILL_AMT4_shuffled_1,BILL_AMT5,BILL_AMT5_shuffled_2,BILL_AMT6,BILL_AMT6_shuffled_1,BILL_AMT6_shuffled_2,LIMIT_BAL,PAY_AMT1,PAY_AMT2,PAY_AMT2_shuffled_2,PAY_AMT3,PAY_AMT4,PAY_AMT5,default"
default_payment_un_dirty,classification,25.28026032447815,0.7881666666666667,0.5518480801426799,0.6939343393402757,0.5561731997585578,0.7299721290080375,-0.029458333333333364,-0.06989030872146929,22,"BILL_AMT1,BILL_AMT1_shuffled_2,BILL_AMT2,BILL_AMT2_shuffled_1,BILL_AMT2_shuffled_2,BILL_AMT3,BILL_AMT3_shuffled_1,BILL_AMT3_shuffled_2,BILL_AMT4_shuffled_1,BILL_AMT5,BILL_AMT5_shuffled_2,BILL_AMT6,BILL_AMT6_shuffled_1,BILL_AMT6_shuffled_2,LIMIT_BAL,PAY_AMT1,PAY_AMT2,PAY_AMT2_shuffled_2,PAY_AMT3,PAY_AMT4,PAY_AMT5,PAY_AMT6_shuffled_2,default"
default_payment_un_dirty,classification,25.28026032447815,0.788,0.53443020406012,0.7038635436798525,0.5463536863228948,0.7331248102142356,-0.05479166666666668,-0.14622524252448676,23,"BILL_AMT1,BILL_AMT1_shuffled_2,BILL_AMT2,BILL_AMT2_shuffled_1,BILL_AMT2_shuffled_2,BILL_AMT3,BILL_AMT3_shuffled_1,BILL_AMT3_shuffled_2,BILL_AMT4_shuffled_1,BILL_AMT5,BILL_AMT5_shuffled_2,BILL_AMT6,BILL_AMT6_shuffled_1,BILL_AMT6_shuffled_2,LIMIT_BAL,PAY_AMT1,PAY_AMT2,PAY_AMT2_shuffled_2,PAY_AMT3,PAY_AMT4,PAY_AMT5,PAY_AMT6,PAY_AMT6_shuffled_2,default"
default_payment_un_dirty,classification,25.28026032447815,0.7873333333333333,0.565745240384059,0.6842462887234368,0.5645413510021091,0.7236912784904415,-0.03516666666666668,-0.07936193724829599,24,"BILL_AMT1,BILL_AMT1_shuffled_2,BILL_AMT2,BILL_AMT2_shuffled_1,BILL_AMT2_shuffled_2,BILL_AMT3,BILL_AMT3_shuffled_1,BILL_AMT3_shuffled_2,BILL_AMT4_shuffled_1,BILL_AMT5,BILL_AMT5_shuffled_2,BILL_AMT6,BILL_AMT6_shuffled_1,BILL_AMT6_shuffled_2,LIMIT_BAL,PAY_AMT1,PAY_AMT2,PAY_AMT2_shuffled_1,PAY_AMT2_shuffled_2,PAY_AMT3,PAY_AMT4,PAY_AMT5,PAY_AMT6,PAY_AMT6_shuffled_2,default"
default_payment_un_dirty,classification,25.28026032447815,0.7883333333333333,0.5501251502239574,0.6958548443113464,0.5552010289835417,0.7301727395154805,-0.023791666666666655,-0.059623081885876394,25,"BILL_AMT1,BILL_AMT1_shuffled_2,BILL_AMT2,BILL_AMT2_shuffled_1,BILL_AMT2_shuffled_2,BILL_AMT3,BILL_AMT3_shuffled_1,BILL_AMT3_shuffled_2,BILL_AMT4_shuffled_1,BILL_AMT5,BILL_AMT5_shuffled_2,BILL_AMT6,BILL_AMT6_shuffled_1,BILL_AMT6_shuffled_2,LIMIT_BAL,PAY_AMT1,PAY_AMT1_shuffled_2,PAY_AMT2,PAY_AMT2_shuffled_1,PAY_AMT2_shuffled_2,PAY_AMT3,PAY_AMT4,PAY_AMT5,PAY_AMT6,PAY_AMT6_shuffled_2,default"
default_payment_un_dirty,classification,25.28026032447815,0.7898333333333334,0.5516941499404718,0.7046491228070175,0.5564337999032748,0.7306263708317483,-0.037124999999999964,-0.09055842913534917,26,"BILL_AMT1,BILL_AMT1_shuffled_2,BILL_AMT2,BILL_AMT2_shuffled_1,BILL_AMT2_shuffled_2,BILL_AMT3,BILL_AMT3_shuffled_1,BILL_AMT3_shuffled_2,BILL_AMT4_shuffled_1,BILL_AMT4_shuffled_2,BILL_AMT5,BILL_AMT5_shuffled_2,BILL_AMT6,BILL_AMT6_shuffled_1,BILL_AMT6_shuffled_2,LIMIT_BAL,PAY_AMT1,PAY_AMT1_shuffled_2,PAY_AMT2,PAY_AMT2_shuffled_1,PAY_AMT2_shuffled_2,PAY_AMT3,PAY_AMT4,PAY_AMT5,PAY_AMT6,PAY_AMT6_shuffled_2,default"
default_payment_un_dirty,classification,25.28026032447815,0.7896666666666666,0.5552491873253771,0.7013146186728807,0.5584851390993588,0.7292243549541684,-0.034666666666666734,-0.08569898203262638,27,"BILL_AMT1,BILL_AMT1_shuffled_2,BILL_AMT2,BILL_AMT2_shuffled_1,BILL_AMT2_shuffled_2,BILL_AMT3,BILL_AMT3_shuffled_1,BILL_AMT3_shuffled_2,BILL_AMT4_shuffled_1,BILL_AMT4_shuffled_2,BILL_AMT5,BILL_AMT5_shuffled_2,BILL_AMT6,BILL_AMT6_shuffled_1,BILL_AMT6_shuffled_2,LIMIT_BAL,LIMIT_BAL_shuffled_1,PAY_AMT1,PAY_AMT1_shuffled_2,PAY_AMT2,PAY_AMT2_shuffled_1,PAY_AMT2_shuffled_2,PAY_AMT3,PAY_AMT4,PAY_AMT5,PAY_AMT6,PAY_AMT6_shuffled_2,default"
default_payment_un_dirty,classification,25.28026032447815,0.7895,0.5438674275778187,0.708037618770603,0.5519031309268996,0.7271112522336868,-0.009708333333333319,-0.028433833819497933,28,"BILL_AMT1,BILL_AMT1_shuffled_2,BILL_AMT2,BILL_AMT2_shuffled_1,BILL_AMT2_shuffled_2,BILL_AMT3,BILL_AMT3_shuffled_1,BILL_AMT3_shuffled_2,BILL_AMT4_shuffled_1,BILL_AMT4_shuffled_2,BILL_AMT5,BILL_AMT5_shuffled_2,BILL_AMT6,BILL_AMT6_shuffled_1,BILL_AMT6_shuffled_2,LIMIT_BAL,LIMIT_BAL_shuffled_1,PAY_AMT1,PAY_AMT1_shuffled_2,PAY_AMT2,PAY_AMT2_shuffled_1,PAY_AMT2_shuffled_2,PAY_AMT3,PAY_AMT4,PAY_AMT4_shuffled_1,PAY_AMT5,PAY_AMT6,PAY_AMT6_shuffled_2,default"
default_payment_un_dirty,classification,25.28026032447815,0.7886666666666666,0.5508336145543133,0.6975713359626171,0.5556848163809123,0.7303465804536023,-0.04866666666666675,-0.12137787519702714,29,"BILL_AMT1,BILL_AMT1_shuffled_2,BILL_AMT2,BILL_AMT2_shuffled_1,BILL_AMT2_shuffled_2,BILL_AMT3,BILL_AMT3_shuffled_1,BILL_AMT3_shuffled_2,BILL_AMT4_shuffled_1,BILL_AMT4_shuffled_2,BILL_AMT5,BILL_AMT5_shuffled_2,BILL_AMT6,BILL_AMT6_shuffled_1,BILL_AMT6_shuffled_2,LIMIT_BAL,LIMIT_BAL_shuffled_1,LIMIT_BAL_shuffled_2,PAY_AMT1,PAY_AMT1_shuffled_2,PAY_AMT2,PAY_AMT2_shuffled_1,PAY_AMT2_shuffled_2,PAY_AMT3,PAY_AMT4,PAY_AMT4_shuffled_1,PAY_AMT5,PAY_AMT6,PAY_AMT6_shuffled_2,default"
default_payment_un_dirty,classification,25.28026032447815,0.7871666666666667,0.5358550743513284,0.6963075016403003,0.5468978665137039,0.7273125884222258,-0.013041666666666618,-0.03513117610469907,30,"BILL_AMT1,BILL_AMT1_shuffled_1,BILL_AMT1_shuffled_2,BILL_AMT2,BILL_AMT2_shuffled_1,BILL_AMT2_shuffled_2,BILL_AMT3,BILL_AMT3_shuffled_1,BILL_AMT3_shuffled_2,BILL_AMT4_shuffled_1,BILL_AMT4_shuffled_2,BILL_AMT5,BILL_AMT5_shuffled_2,BILL_AMT6,BILL_AMT6_shuffled_1,BILL_AMT6_shuffled_2,LIMIT_BAL,LIMIT_BAL_shuffled_1,LIMIT_BAL_shuffled_2,PAY_AMT1,PAY_AMT1_shuffled_2,PAY_AMT2,PAY_AMT2_shuffled_1,PAY_AMT2_shuffled_2,PAY_AMT3,PAY_AMT4,PAY_AMT4_shuffled_1,PAY_AMT5,PAY_AMT6,PAY_AMT6_shuffled_2,default"
default_payment_un_dirty,classification,25.28026032447815,0.7908333333333334,0.5615230093566798,0.7047040757877115,0.5624716278849251,0.7307216769490302,-0.04295833333333332,-0.10572937759113177,31,"BILL_AMT1,BILL_AMT1_shuffled_1,BILL_AMT1_shuffled_2,BILL_AMT2,BILL_AMT2_shuffled_1,BILL_AMT2_shuffled_2,BILL_AMT3,BILL_AMT3_shuffled_1,BILL_AMT3_shuffled_2,BILL_AMT4_shuffled_1,BILL_AMT4_shuffled_2,BILL_AMT5,BILL_AMT5_shuffled_2,BILL_AMT6,BILL_AMT6_shuffled_1,BILL_AMT6_shuffled_2,LIMIT_BAL,LIMIT_BAL_shuffled_1,LIMIT_BAL_shuffled_2,PAY_AMT1,PAY_AMT1_shuffled_2,PAY_AMT2,PAY_AMT2_shuffled_1,PAY_AMT2_shuffled_2,PAY_AMT3,PAY_AMT3_shuffled_2,PAY_AMT4,PAY_AMT4_shuffled_1,PAY_AMT5,PAY_AMT6,PAY_AMT6_shuffled_2,default"
default_payment_un_dirty,classification,25.28026032447815,0.7888333333333334,0.5462638661243241,0.7014675034451023,0.5530938929742943,0.7275494023532387,-0.018583333333333285,-0.05002285683316077,32,"BILL_AMT1,BILL_AMT1_shuffled_1,BILL_AMT1_shuffled_2,BILL_AMT2,BILL_AMT2_shuffled_1,BILL_AMT2_shuffled_2,BILL_AMT3,BILL_AMT3_shuffled_1,BILL_AMT3_shuffled_2,BILL_AMT4_shuffled_1,BILL_AMT4_shuffled_2,BILL_AMT5,BILL_AMT5_shuffled_2,BILL_AMT6,BILL_AMT6_shuffled_1,BILL_AMT6_shuffled_2,LIMIT_BAL,LIMIT_BAL_shuffled_1,LIMIT_BAL_shuffled_2,PAY_AMT1,PAY_AMT1_shuffled_2,PAY_AMT2,PAY_AMT2_shuffled_1,PAY_AMT2_shuffled_2,PAY_AMT3,PAY_AMT3_shuffled_2,PAY_AMT4,PAY_AMT4_shuffled_1,PAY_AMT5,PAY_AMT5_shuffled_1,PAY_AMT6,PAY_AMT6_shuffled_2,default"
default_payment_un_dirty,classification,25.28026032447815,0.8206666666666667,0.6751165876533031,0.7638142168689114,0.6493420249502062,0.7716863748213816,-0.02849999999999997,-0.061470118161527254,33,"BILL_AMT1,BILL_AMT1_shuffled_1,BILL_AMT1_shuffled_2,BILL_AMT2,BILL_AMT2_shuffled_1,BILL_AMT2_shuffled_2,BILL_AMT3,BILL_AMT3_shuffled_1,BILL_AMT3_shuffled_2,BILL_AMT4_shuffled_1,BILL_AMT4_shuffled_2,BILL_AMT5,BILL_AMT5_shuffled_2,BILL_AMT6,BILL_AMT6_shuffled_1,BILL_AMT6_shuffled_2,LIMIT_BAL,LIMIT_BAL_shuffled_1,LIMIT_BAL_shuffled_2,PAY_0,PAY_AMT1,PAY_AMT1_shuffled_2,PAY_AMT2,PAY_AMT2_shuffled_1,PAY_AMT2_shuffled_2,PAY_AMT3,PAY_AMT3_shuffled_2,PAY_AMT4,PAY_AMT4_shuffled_1,PAY_AMT5,PAY_AMT5_shuffled_1,PAY_AMT6,PAY_AMT6_shuffled_2,default"
default_payment_un_dirty,classification,25.28026032447815,0.8198333333333333,0.6650097751965613,0.7696470812453055,0.63963410514087,0.7720822741748966,-0.007208333333333372,-0.01769717151704442,34,"BILL_AMT1,BILL_AMT1_shuffled_1,BILL_AMT1_shuffled_2,BILL_AMT2,BILL_AMT2_shuffled_1,BILL_AMT2_shuffled_2,BILL_AMT3,BILL_AMT3_shuffled_1,BILL_AMT3_shuffled_2,BILL_AMT4_shuffled_1,BILL_AMT4_shuffled_2,BILL_AMT5,BILL_AMT5_shuffled_2,BILL_AMT6,BILL_AMT6_shuffled_1,BILL_AMT6_shuffled_2,LIMIT_BAL,LIMIT_BAL_shuffled_1,LIMIT_BAL_shuffled_2,PAY_0,PAY_5,PAY_AMT1,PAY_AMT1_shuffled_2,PAY_AMT2,PAY_AMT2_shuffled_1,PAY_AMT2_shuffled_2,PAY_AMT3,PAY_AMT3_shuffled_2,PAY_AMT4,PAY_AMT4_shuffled_1,PAY_AMT5,PAY_AMT5_shuffled_1,PAY_AMT6,PAY_AMT6_shuffled_2,default"
default_payment_un_dirty,classification,25.28026032447815,0.825,0.6887213364230623,0.7694994160520825,0.6618364795371638,0.7776129317016367,-0.005125000000000046,-0.010207293129801065,35,"BILL_AMT1,BILL_AMT1_shuffled_1,BILL_AMT1_shuffled_2,BILL_AMT2,BILL_AMT2_shuffled_1,BILL_AMT2_shuffled_2,BILL_AMT3,BILL_AMT3_shuffled_1,BILL_AMT3_shuffled_2,BILL_AMT4_shuffled_1,BILL_AMT4_shuffled_2,BILL_AMT5,BILL_AMT5_shuffled_2,BILL_AMT6,BILL_AMT6_shuffled_1,BILL_AMT6_shuffled_2,LIMIT_BAL,LIMIT_BAL_shuffled_1,LIMIT_BAL_shuffled_2,PAY_0,PAY_3,PAY_5,PAY_AMT1,PAY_AMT1_shuffled_2,PAY_AMT2,PAY_AMT2_shuffled_1,PAY_AMT2_shuffled_2,PAY_AMT3,PAY_AMT3_shuffled_2,PAY_AMT4,PAY_AMT4_shuffled_1,PAY_AMT5,PAY_AMT5_shuffled_1,PAY_AMT6,PAY_AMT6_shuffled_2,default"
default_payment_un_dirty,classification,25.28026032447815,0.8248333333333333,0.6900032843134436,0.7677351041829662,0.6633482345227139,0.7763308950986048,-0.01779166666666665,-0.03269828627435556,36,"BILL_AMT1,BILL_AMT1_shuffled_1,BILL_AMT1_shuffled_2,BILL_AMT2,BILL_AMT2_shuffled_1,BILL_AMT2_shuffled_2,BILL_AMT3,BILL_AMT3_shuffled_1,BILL_AMT3_shuffled_2,BILL_AMT4_shuffled_1,BILL_AMT4_shuffled_2,BILL_AMT5,BILL_AMT5_shuffled_2,BILL_AMT6,BILL_AMT6_shuffled_1,BILL_AMT6_shuffled_2,LIMIT_BAL,LIMIT_BAL_shuffled_1,LIMIT_BAL_shuffled_2,PAY_0,PAY_2,PAY_3,PAY_5,PAY_AMT1,PAY_AMT1_shuffled_2,PAY_AMT2,PAY_AMT2_shuffled_1,PAY_AMT2_shuffled_2,PAY_AMT3,PAY_AMT3_shuffled_2,PAY_AMT4,PAY_AMT4_shuffled_1,PAY_AMT5,PAY_AMT5_shuffled_1,PAY_AMT6,PAY_AMT6_shuffled_2,default"
default_payment_un_dirty,classification,25.28026032447815,0.8218333333333333,0.675257590246265,0.7686270508245161,0.6490118400515008,0.7755737678217198,-0.009000000000000008,-0.021212733423028984,37,"BILL_AMT1,BILL_AMT1_shuffled_1,BILL_AMT1_shuffled_2,BILL_AMT2,BILL_AMT2_shuffled_1,BILL_AMT2_shuffled_2,BILL_AMT3,BILL_AMT3_shuffled_1,BILL_AMT3_shuffled_2,BILL_AMT4_shuffled_1,BILL_AMT4_shuffled_2,BILL_AMT5,BILL_AMT5_shuffled_2,BILL_AMT6,BILL_AMT6_shuffled_1,BILL_AMT6_shuffled_2,LIMIT_BAL,LIMIT_BAL_shuffled_1,LIMIT_BAL_shuffled_2,PAY_0,PAY_2,PAY_3,PAY_5,PAY_AMT1,PAY_AMT1_shuffled_2,PAY_AMT2,PAY_AMT2_shuffled_1,PAY_AMT2_shuffled_2,PAY_AMT3,PAY_AMT3_shuffled_2,PAY_AMT4,PAY_AMT4_shuffled_1,PAY_AMT5,PAY_AMT5_shuffled_1,PAY_AMT6,PAY_AMT6_shuffled_2,default,noise_numeric_1"
default_payment_un_dirty,classification,25.28026032447815,0.818,0.6611725457091268,0.7649189684798695,0.6365685862974315,0.7739380826312101,-0.015166666666666773,-0.03468010822017553,38,"BILL_AMT1,BILL_AMT1_shuffled_1,BILL_AMT1_shuffled_2,BILL_AMT2,BILL_AMT2_shuffled_1,BILL_AMT2_shuffled_2,BILL_AMT3,BILL_AMT3_shuffled_1,BILL_AMT3_shuffled_2,BILL_AMT4_shuffled_1,BILL_AMT4_shuffled_2,BILL_AMT5,BILL_AMT5_shuffled_2,BILL_AMT6,BILL_AMT6_shuffled_1,BILL_AMT6_shuffled_2,LIMIT_BAL,LIMIT_BAL_shuffled_1,LIMIT_BAL_shuffled_2,PAY_0,PAY_2,PAY_3,PAY_5,PAY_AMT1,PAY_AMT1_shuffled_2,PAY_AMT2,PAY_AMT2_shuffled_1,PAY_AMT2_shuffled_2,PAY_AMT3,PAY_AMT3_shuffled_2,PAY_AMT4,PAY_AMT4_shuffled_1,PAY_AMT4_shuffled_2,PAY_AMT5,PAY_AMT5_shuffled_1,PAY_AMT6,PAY_AMT6_shuffled_2,default,noise_numeric_1"
default_payment_un_dirty,classification,25.28026032447815,0.8235,0.6819181586535557,0.7695121951219512,0.6552078665120913,0.7738347133906385,-0.04408333333333336,-0.07702252750633254,39,"BILL_AMT1,BILL_AMT1_shuffled_1,BILL_AMT1_shuffled_2,BILL_AMT2,BILL_AMT2_shuffled_1,BILL_AMT2_shuffled_2,BILL_AMT3,BILL_AMT3_shuffled_1,BILL_AMT3_shuffled_2,BILL_AMT4_shuffled_1,BILL_AMT4_shuffled_2,BILL_AMT5,BILL_AMT5_shuffled_2,BILL_AMT6,BILL_AMT6_shuffled_1,BILL_AMT6_shuffled_2,LIMIT_BAL,LIMIT_BAL_shuffled_1,LIMIT_BAL_shuffled_2,PAY_0,PAY_2,PAY_3,PAY_5,PAY_AMT1,PAY_AMT1_shuffled_2,PAY_AMT2,PAY_AMT2_shuffled_1,PAY_AMT2_shuffled_2,PAY_AMT3,PAY_AMT3_shuffled_2,PAY_AMT4,PAY_AMT4_shuffled_1,PAY_AMT4_shuffled_2,PAY_AMT5,PAY_AMT5_shuffled_1,PAY_AMT5_shuffled_2,PAY_AMT6,PAY_AMT6_shuffled_2,default,noise_numeric_1"
default_payment_un_dirty,classification,25.28026032447815,0.8211666666666667,0.6800163023691865,0.7617242224712805,0.6542494836779001,0.7751480349120337,-0.08187499999999992,-0.1507052867760882,40,"BILL_AMT1,BILL_AMT1_shuffled_1,BILL_AMT1_shuffled_2,BILL_AMT2,BILL_AMT2_shuffled_1,BILL_AMT2_shuffled_2,BILL_AMT3,BILL_AMT3_shuffled_1,BILL_AMT3_shuffled_2,BILL_AMT4_shuffled_1,BILL_AMT4_shuffled_2,BILL_AMT5,BILL_AMT5_shuffled_2,BILL_AMT6,BILL_AMT6_shuffled_1,BILL_AMT6_shuffled_2,LIMIT_BAL,LIMIT_BAL_shuffled_1,LIMIT_BAL_shuffled_2,PAY_0,PAY_2,PAY_3,PAY_4,PAY_5,PAY_AMT1,PAY_AMT1_shuffled_2,PAY_AMT2,PAY_AMT2_shuffled_1,PAY_AMT2_shuffled_2,PAY_AMT3,PAY_AMT3_shuffled_2,PAY_AMT4,PAY_AMT4_shuffled_1,PAY_AMT4_shuffled_2,PAY_AMT5,PAY_AMT5_shuffled_1,PAY_AMT5_shuffled_2,PAY_AMT6,PAY_AMT6_shuffled_2,default,noise_numeric_1"
default_payment_un_clean,classification,11.116312503814697,0.7788333333333334,0.43783378618945,0.3894166666666667,0.5,0.6106780586772833,4.166666666671759e-05,1.3168260612539395e-05,1,"PAY_AMT1,default"
default_payment_un_clean,classification,11.116312503814697,0.7831666666666667,0.47946504263672096,0.7148618161308518,0.5184298809028312,0.6295316567089781,-0.0026249999999999885,-0.0079455561927394,2,"BILL_AMT1,PAY_AMT1,default"
default_payment_un_clean,classification,11.116312503814697,0.7815,0.48913715030882654,0.6731340739195262,0.5219463702318519,0.6661704889365079,-0.006500000000000061,-0.021953624461913623,3,"BILL_AMT1,LIMIT_BAL,PAY_AMT1,default"
default_payment_un_clean,classification,11.116312503814697,0.7853333333333333,0.5260104233546342,0.6882803417541659,0.5411344266175956,0.6821907054442692,-0.0017916666666666359,-0.007191490851010007,4,"BILL_AMT1,BILL_AMT2,LIMIT_BAL,PAY_AMT1,default"
default_payment_un_clean,classification,11.116312503814697,0.7858333333333334,0.5129783684699543,0.7032749821508846,0.5347106169240765,0.7042281083380597,-0.0055833333333332735,-0.016824565953600934,5,"BILL_AMT1,BILL_AMT2,LIMIT_BAL,PAY_AMT1,PAY_AMT2,default"
default_payment_un_clean,classification,11.116312503814697,0.8221666666666667,0.6679474186801828,0.777752625402157,0.641671656396129,0.7692656639474051,0.0038333333333333552,0.0070138433481258255,6,"BILL_AMT1,BILL_AMT2,LIMIT_BAL,PAY_0,PAY_AMT1,PAY_AMT2,default"
default_payment_un_clean,classification,11.116312503814697,0.8235,0.6798611663583765,0.771451346629736,0.6530495296699554,0.7714481095281767,-0.013041666666666618,-0.0254716256417431,7,"BILL_AMT1,BILL_AMT2,BILL_AMT6,LIMIT_BAL,PAY_0,PAY_AMT1,PAY_AMT2,default"
default_payment_un_clean,classification,11.116312503814697,0.8235,0.6777690297698513,0.7735162334739178,0.6508911928278196,0.7783294208371425,-0.01258333333333328,-0.0264706130041632,8,"BILL_AMT1,BILL_AMT2,BILL_AMT6,LIMIT_BAL,PAY_0,PAY_AMT1,PAY_AMT2,PAY_AMT4,default"
default_payment_un_clean,classification,11.116312503814697,0.8251666666666667,0.6826270693090746,0.776004216931047,0.6551986745515412,0.7763800801506708,0.0017083333333334227,0.0033938702833277157,9,"BILL_AMT1,BILL_AMT2,BILL_AMT5,BILL_AMT6,LIMIT_BAL,PAY_0,PAY_AMT1,PAY_AMT2,PAY_AMT4,default"
default_payment_un_clean,classification,11.116312503814697,0.823,0.6798610279334818,0.7693129000512597,0.653268120942334,0.7762370403435149,-0.006166666666666765,-0.01233106797245409,10,"BILL_AMT1,BILL_AMT2,BILL_AMT5,BILL_AMT6,LIMIT_BAL,PAY_0,PAY_AMT1,PAY_AMT2,PAY_AMT4,PAY_AMT5,default"
default_payment_un_clean,classification,11.116312503814697,0.8236666666666667,0.6823458131196584,0.7698144645654251,0.65558465626341,0.7770974562297384,-0.0020416666666667194,-0.003960555263210819,11,"BILL_AMT1,BILL_AMT2,BILL_AMT3,BILL_AMT5,BILL_AMT6,LIMIT_BAL,PAY_0,PAY_AMT1,PAY_AMT2,PAY_AMT4,PAY_AMT5,default"
default_payment_un_clean,classification,11.116312503814697,0.8216666666666667,0.6815413004226274,0.7624415029728766,0.6556496450371234,0.7742396434422377,-0.015375000000000028,-0.030095414334683546,12,"BILL_AMT1,BILL_AMT2,BILL_AMT3,BILL_AMT5,BILL_AMT6,LIMIT_BAL,PAY_0,PAY_AMT1,PAY_AMT2,PAY_AMT3,PAY_AMT4,PAY_AMT5,default"
default_payment_un_clean,classification,11.116312503814697,0.8236666666666667,0.6828536536478125,0.7693479394887845,0.6561242404739439,0.77852180695883,-0.020791666666666653,-0.0399620714140978,13,"BILL_AMT1,BILL_AMT2,BILL_AMT3,BILL_AMT5,BILL_AMT6,LIMIT_BAL,PAY_0,PAY_2,PAY_AMT1,PAY_AMT2,PAY_AMT3,PAY_AMT4,PAY_AMT5,default"
default_payment_un_clean,classification,11.116312503814697,0.8225,0.6732623526900249,0.773582744351001,0.6467419095830382,0.7756888285910611,-0.00024999999999997247,-0.003402011289118434,14,"BILL_AMT1,BILL_AMT2,BILL_AMT3,BILL_AMT5,BILL_AMT6,LIMIT_BAL,PAY_0,PAY_2,PAY_AMT1,PAY_AMT2,PAY_AMT3,PAY_AMT4,PAY_AMT5,PAY_AMT6,default"
default_payment_un_clean,classification,11.116312503814697,0.8208333333333333,0.6750243190134605,0.7645869157082205,0.649179230490991,0.7768283898055675,-0.0018333333333333535,-0.004878624991967562,15,"AGE,BILL_AMT1,BILL_AMT2,BILL_AMT3,BILL_AMT5,BILL_AMT6,LIMIT_BAL,PAY_0,PAY_2,PAY_AMT1,PAY_AMT2,PAY_AMT3,PAY_AMT4,PAY_AMT5,PAY_AMT6,default"
default_payment_un_clean,classification,11.116312503814697,0.8235,0.6829337361947807,0.7685870638824316,0.6562870349331591,0.779614924583189,-0.014833333333333365,-0.02871150064282768,16,"AGE,BILL_AMT1,BILL_AMT2,BILL_AMT3,BILL_AMT4,BILL_AMT5,BILL_AMT6,LIMIT_BAL,PAY_0,PAY_2,PAY_AMT1,PAY_AMT2,PAY_AMT3,PAY_AMT4,PAY_AMT5,PAY_AMT6,default"
default_payment_un_clean,classification,11.116312503814697,0.8238333333333333,0.6870143682711729,0.7663684153635897,0.6605479118042674,0.7835095743944878,-0.00666666666666671,-0.010837614084363345,17,"AGE,BILL_AMT1,BILL_AMT2,BILL_AMT3,BILL_AMT4,BILL_AMT5,BILL_AMT6,LIMIT_BAL,PAY_0,PAY_2,PAY_6,PAY_AMT1,PAY_AMT2,PAY_AMT3,PAY_AMT4,PAY_AMT5,PAY_AMT6,default"
default_payment_un_clean,classification,11.116312503814697,0.8225,0.6772625398528994,0.7696153739688867,0.6507887911620428,0.7802127245438732,-0.00024999999999997247,-0.0036874601471006407,18,"AGE,BILL_AMT1,BILL_AMT2,BILL_AMT3,BILL_AMT4,BILL_AMT5,BILL_AMT6,LIMIT_BAL,PAY_0,PAY_2,PAY_3,PAY_6,PAY_AMT1,PAY_AMT2,PAY_AMT3,PAY_AMT4,PAY_AMT5,PAY_AMT6,default"
default_payment_un_clean,classification,11.116312503814697,0.8226666666666667,0.6728904920989527,0.7747459217722806,0.646309323018556,0.7810091998624109,0.0003750000000000142,-2.2274263086874413e-05,19,"AGE,BILL_AMT1,BILL_AMT2,BILL_AMT3,BILL_AMT4,BILL_AMT5,BILL_AMT6,LIMIT_BAL,MARRIAGE,PAY_0,PAY_2,PAY_3,PAY_6,PAY_AMT1,PAY_AMT2,PAY_AMT3,PAY_AMT4,PAY_AMT5,PAY_AMT6,default"
default_payment_un_clean,classification,11.116312503814697,0.8231666666666667,0.688023743127983,0.7630032169021399,0.6620084659569291,0.784184135288888,-0.0017083333333333117,-0.004174052279920737,20,"AGE,BILL_AMT1,BILL_AMT2,BILL_AMT3,BILL_AMT4,BILL_AMT5,BILL_AMT6,LIMIT_BAL,MARRIAGE,PAY_0,PAY_2,PAY_3,PAY_4,PAY_6,PAY_AMT1,PAY_AMT2,PAY_AMT3,PAY_AMT4,PAY_AMT5,PAY_AMT6,default"
default_payment_un_clean,classification,11.116312503814697,0.8245,0.6862291080756969,0.7697085073282568,0.6593571497568727,0.7831160133467268,-0.0011666666666666492,-0.0020241765933251,21,"AGE,BILL_AMT1,BILL_AMT2,BILL_AMT3,BILL_AMT4,BILL_AMT5,BILL_AMT6,LIMIT_BAL,MARRIAGE,PAY_0,PAY_2,PAY_3,PAY_4,PAY_5,PAY_6,PAY_AMT1,PAY_AMT2,PAY_AMT3,PAY_AMT4,PAY_AMT5,PAY_AMT6,default"
default_payment_mn_dirty,classification,31.357755422592163,0.7788333333333334,0.43783378618945,0.3894166666666667,0.5,0.6106780586772833,4.166666666671759e-05,1.3168260612539395e-05,1,"PAY_AMT1,default"
default_payment_mn_dirty,classification,31.357755422592163,0.7803333333333333,0.47744640719955683,0.6637101660002422,0.5163411288146837,0.6461100832420722,-0.0011250000000000426,-0.009398123875995701,2,"LIMIT_BAL,PAY_AMT1,default"
default_payment_mn_dirty,classification,31.357755422592163,0.7813333333333333,0.4635437352239419,0.7095190763819863,0.511047688375121,0.6773626684809769,0.0017500000000000293,0.0032744820215224735,3,"LIMIT_BAL,PAY_AMT1,PAY_AMT2,default"
default_payment_mn_dirty,classification,31.357755422592163,0.7841666666666667,0.511404061860899,0.6874581030890479,0.5333708483582916,0.6915740845412026,-0.013624999999999998,-0.03997557114189565,4,"BILL_AMT1,LIMIT_BAL,PAY_AMT1,PAY_AMT2,default"
default_payment_mn_dirty,classification,31.357755422592163,0.7858333333333334,0.5129783684699543,0.7032749821508846,0.5347106169240765,0.7042281083380597,-0.0055833333333332735,-0.016824565953600934,5,"BILL_AMT1,BILL_AMT2,LIMIT_BAL,PAY_AMT1,PAY_AMT2,default"
default_payment_mn_dirty,classification,31.357755422592163,0.7861666666666667,0.5605812999087427,0.6800516509483281,0.5610944464270768,0.7121920552111078,-0.011458333333333348,-0.024513124015946852,6,"BILL_AMT1,BILL_AMT2,LIMIT_BAL,PAY_AMT1,PAY_AMT2,PAY_AMT3,default"
default_payment_mn_dirty,classification,31.357755422592163,0.7856666666666666,0.5580341892287273,0.6782487008485902,0.5594244929625866,0.7148651418440458,-0.014583333333333393,-0.03448239570326028,7,"BILL_AMT1,BILL_AMT2,BILL_AMT2_shuffled_1,LIMIT_BAL,PAY_AMT1,PAY_AMT2,PAY_AMT3,default"
default_payment_mn_dirty,classification,31.357755422592163,0.787,0.5633646297106567,0.6833181637461103,0.5629783951836707,0.7210764882388865,-0.08162499999999995,-0.1906254173609836,8,"BILL_AMT1,BILL_AMT2,BILL_AMT2_shuffled_1,LIMIT_BAL,PAY_AMT1,PAY_AMT2,PAY_AMT3,PAY_AMT4,default"
default_payment_mn_dirty,classification,31.357755422592163,0.7885,0.5632300759287857,0.6908287773262933,0.5631319976823358,0.7208570906541789,-0.08220833333333333,-0.19346731183092036,9,"BILL_AMT1,BILL_AMT1_shuffled_2,BILL_AMT2,BILL_AMT2_shuffled_1,LIMIT_BAL,PAY_AMT1,PAY_AMT2,PAY_AMT3,PAY_AMT4,default"
default_payment_mn_dirty,classification,31.357755422592163,0.7891666666666667,0.5566841257580248,0.697467663146307,0.5592433145822714,0.7209149838793976,-0.014291666666666702,-0.03556992728253805,10,"BILL_AMT1,BILL_AMT1_shuffled_2,BILL_AMT2,BILL_AMT2_shuffled_1,BILL_AMT3_shuffled_1,LIMIT_BAL,PAY_AMT1,PAY_AMT2,PAY_AMT3,PAY_AMT4,default"
default_payment_mn_dirty,classification,31.357755422592163,0.7886666666666666,0.5633583755645981,0.6916447849729577,0.5632389953283876,0.719737122829266,-0.015041666666666731,-0.03684370300623785,11,"BILL_AMT1,BILL_AMT1_shuffled_2,BILL_AMT2,BILL_AMT2_shuffled_1,BILL_AMT3,BILL_AMT3_shuffled_1,LIMIT_BAL,PAY_AMT1,PAY_AMT2,PAY_AMT3,PAY_AMT4,default"
default_payment_mn_dirty,classification,31.357755422592163,0.788,0.583551234111432,0.6830421593507268,0.5765704021127963,0.7171348304188099,-0.09770833333333329,-0.21168474328316988,12,"BILL_AMT1,BILL_AMT1_shuffled_2,BILL_AMT2,BILL_AMT2_shuffled_1,BILL_AMT3,BILL_AMT3_shuffled_1,BILL_AMT5,LIMIT_BAL,PAY_AMT1,PAY_AMT2,PAY_AMT3,PAY_AMT4,default"
default_payment_mn_dirty,classification,31.357755422592163,0.7916666666666666,0.5729309758515814,0.7030331507506482,0.5697514187468584,0.7231502429177155,-0.024708333333333332,-0.061092975337577626,13,"BILL_AMT1,BILL_AMT1_shuffled_2,BILL_AMT2,BILL_AMT2_shuffled_1,BILL_AMT3,BILL_AMT3_shuffled_1,BILL_AMT3_shuffled_2,BILL_AMT5,LIMIT_BAL,PAY_AMT1,PAY_AMT2,PAY_AMT3,PAY_AMT4,default"
default_payment_mn_dirty,classification,31.357755422592163,0.7885,0.5610575871807139,0.69168662980241,0.561783037156001,0.7262730905677424,-0.04270833333333335,-0.10142123846361484,14,"BILL_AMT1,BILL_AMT1_shuffled_2,BILL_AMT2,BILL_AMT2_shuffled_1,BILL_AMT3,BILL_AMT3_shuffled_1,BILL_AMT3_shuffled_2,BILL_AMT5,BILL_AMT6_shuffled_1,LIMIT_BAL,PAY_AMT1,PAY_AMT2,PAY_AMT3,PAY_AMT4,default"
default_payment_mn_dirty,classification,31.357755422592163,0.7915,0.5723801805676816,0.7024345965114376,0.5693746289955396,0.7276794605318985,-0.0764583333333334,-0.17682080068644712,15,"BILL_AMT1,BILL_AMT1_shuffled_2,BILL_AMT2,BILL_AMT2_shuffled_1,BILL_AMT3,BILL_AMT3_shuffled_1,BILL_AMT3_shuffled_2,BILL_AMT5,BILL_AMT6,BILL_AMT6_shuffled_1,LIMIT_BAL,PAY_AMT1,PAY_AMT2,PAY_AMT3,PAY_AMT4,default"
default_payment_mn_dirty,classification,31.357755422592163,0.7885,0.5820367130299973,0.6852975241133137,0.5755424345246167,0.7214512622093829,-0.05645833333333339,-0.12231772166788324,16,"BILL_AMT1,BILL_AMT1_shuffled_2,BILL_AMT2,BILL_AMT2_shuffled_1,BILL_AMT3,BILL_AMT3_shuffled_1,BILL_AMT3_shuffled_2,BILL_AMT5,BILL_AMT6,BILL_AMT6_shuffled_1,LIMIT_BAL,PAY_AMT1,PAY_AMT2,PAY_AMT3,PAY_AMT4,PAY_AMT5,default"
default_payment_mn_dirty,classification,31.357755422592163,0.7881666666666667,0.5532198838359981,0.6932669188477265,0.5569825760743587,0.7299919642913297,-0.03008333333333335,-0.0731996651385477,17,"BILL_AMT1,BILL_AMT1_shuffled_2,BILL_AMT2,BILL_AMT2_shuffled_1,BILL_AMT2_shuffled_2,BILL_AMT3,BILL_AMT3_shuffled_1,BILL_AMT3_shuffled_2,BILL_AMT5,BILL_AMT6,BILL_AMT6_shuffled_1,LIMIT_BAL,PAY_AMT1,PAY_AMT2,PAY_AMT3,PAY_AMT4,PAY_AMT5,default"
default_payment_mn_dirty,classification,31.357755422592163,0.79,0.550417469492614,0.7066766099473074,0.5557314212335256,0.7284820638241362,-0.009666666666666601,-0.026949457016917977,18,"BILL_AMT1,BILL_AMT1_shuffled_2,BILL_AMT2,BILL_AMT2_shuffled_1,BILL_AMT2_shuffled_2,BILL_AMT3,BILL_AMT3_shuffled_1,BILL_AMT3_shuffled_2,BILL_AMT5,BILL_AMT5_shuffled_2,BILL_AMT6,BILL_AMT6_shuffled_1,LIMIT_BAL,PAY_AMT1,PAY_AMT2,PAY_AMT3,PAY_AMT4,PAY_AMT5,default"
default_payment_mn_dirty,classification,31.357755422592163,0.789,0.5627482710251538,0.6936563035634243,0.5629134064099572,0.7321861014008708,-0.02879166666666666,-0.07160863315468868,19,"BILL_AMT1,BILL_AMT1_shuffled_2,BILL_AMT2,BILL_AMT2_shuffled_1,BILL_AMT2_shuffled_2,BILL_AMT3,BILL_AMT3_shuffled_1,BILL_AMT3_shuffled_2,BILL_AMT5,BILL_AMT5_shuffled_2,BILL_AMT6,BILL_AMT6_shuffled_1,LIMIT_BAL,PAY_AMT1,PAY_AMT2,PAY_AMT3,PAY_AMT4,PAY_AMT5,PAY_AMT6,default"
default_payment_mn_dirty,classification,31.357755422592163,0.789,0.5439918221092648,0.7042318380309647,0.5518519300940111,0.7318290663016115,-0.020749999999999935,-0.05576937867492038,20,"BILL_AMT1,BILL_AMT1_shuffled_2,BILL_AMT2,BILL_AMT2_shuffled_1,BILL_AMT2_shuffled_2,BILL_AMT3,BILL_AMT3_shuffled_1,BILL_AMT3_shuffled_2,BILL_AMT4_shuffled_1,BILL_AMT5,BILL_AMT5_shuffled_2,BILL_AMT6,BILL_AMT6_shuffled_1,LIMIT_BAL,PAY_AMT1,PAY_AMT2,PAY_AMT3,PAY_AMT4,PAY_AMT5,PAY_AMT6,default"
default_payment_mn_dirty,classification,31.357755422592163,0.7898333333333334,0.5642586340976776,0.6974822621616672,0.5639879788507501,0.7311067717173373,-0.020749999999999935,-0.05203430809379306,21,"BILL_AMT1,BILL_AMT1_shuffled_2,BILL_AMT2,BILL_AMT2_shuffled_1,BILL_AMT2_shuffled_2,BILL_AMT3,BILL_AMT3_shuffled_1,BILL_AMT3_shuffled_2,BILL_AMT4_shuffled_1,BILL_AMT5,BILL_AMT5_shuffled_2,BILL_AMT6,BILL_AMT6_shuffled_1,BILL_AMT6_shuffled_2,LIMIT_BAL,PAY_AMT1,PAY_AMT2,PAY_AMT3,PAY_AMT4,PAY_AMT5,PAY_AMT6,default"
default_payment_mn_dirty,classification,31.357755422592163,0.7901666666666667,0.5560792548384217,0.7039558075521785,0.5590759241427812,0.7300768689795682,-0.02762500000000001,-0.07145281032213069,22,"BILL_AMT1,BILL_AMT1_shuffled_2,BILL_AMT2,BILL_AMT2_shuffled_1,BILL_AMT2_shuffled_2,BILL_AMT3,BILL_AMT3_shuffled_1,BILL_AMT3_shuffled_2,BILL_AMT4_shuffled_1,BILL_AMT5,BILL_AMT5_shuffled_2,BILL_AMT6,BILL_AMT6_shuffled_1,BILL_AMT6_shuffled_2,LIMIT_BAL,PAY_AMT1,PAY_AMT2,PAY_AMT2_shuffled_2,PAY_AMT3,PAY_AMT4,PAY_AMT5,PAY_AMT6,default"
default_payment_mn_dirty,classification,31.357755422592163,0.792,0.5615283267457181,0.711973412896861,0.5626810271967536,0.733430321955675,-0.030541666666666578,-0.07571362740904819,23,"BILL_AMT1,BILL_AMT1_shuffled_2,BILL_AMT2,BILL_AMT2_shuffled_1,BILL_AMT2_shuffled_2,BILL_AMT3,BILL_AMT3_shuffled_1,BILL_AMT3_shuffled_2,BILL_AMT4_shuffled_1,BILL_AMT5,BILL_AMT5_shuffled_2,BILL_AMT6,BILL_AMT6_shuffled_1,BILL_AMT6_shuffled_2,LIMIT_BAL,PAY_AMT1,PAY_AMT2,PAY_AMT2_shuffled_2,PAY_AMT3,PAY_AMT4,PAY_AMT5,PAY_AMT6,PAY_AMT6_shuffled_2,default"
default_payment_mn_dirty,classification,31.357755422592163,0.7873333333333333,0.565745240384059,0.6842462887234368,0.5645413510021091,0.7236912784904415,-0.03516666666666668,-0.07936193724829599,24,"BILL_AMT1,BILL_AMT1_shuffled_2,BILL_AMT2,BILL_AMT2_shuffled_1,BILL_AMT2_shuffled_2,BILL_AMT3,BILL_AMT3_shuffled_1,BILL_AMT3_shuffled_2,BILL_AMT4_shuffled_1,BILL_AMT5,BILL_AMT5_shuffled_2,BILL_AMT6,BILL_AMT6_shuffled_1,BILL_AMT6_shuffled_2,LIMIT_BAL,PAY_AMT1,PAY_AMT2,PAY_AMT2_shuffled_1,PAY_AMT2_shuffled_2,PAY_AMT3,PAY_AMT4,PAY_AMT5,PAY_AMT6,PAY_AMT6_shuffled_2,default"
default_payment_mn_dirty,classification,31.357755422592163,0.7905,0.5690630217618603,0.6987843042850265,0.5671138904876271,0.7287695948006401,-0.03516666666666668,-0.08064033751510868,25,"BILL_AMT1,BILL_AMT1_shuffled_2,BILL_AMT2,BILL_AMT2_shuffled_1,BILL_AMT2_shuffled_2,BILL_AMT3,BILL_AMT3_shuffled_1,BILL_AMT3_shuffled_2,BILL_AMT4_shuffled_1,BILL_AMT5,BILL_AMT5_shuffled_2,BILL_AMT6,BILL_AMT6_shuffled_1,BILL_AMT6_shuffled_2,LIMIT_BAL,PAY_AMT1,PAY_AMT1_shuffled_2,PAY_AMT2,PAY_AMT2_shuffled_1,PAY_AMT2_shuffled_2,PAY_AMT3,PAY_AMT4,PAY_AMT5,PAY_AMT6,PAY_AMT6_shuffled_2,default"
default_payment_mn_dirty,classification,31.357755422592163,0.7905,0.5526524559777571,0.7084968420358805,0.557131582592749,0.7304955063407597,-0.03416666666666668,-0.08409748671410788,26,"BILL_AMT1,BILL_AMT1_shuffled_2,BILL_AMT2,BILL_AMT2_shuffled_1,BILL_AMT2_shuffled_2,BILL_AMT3,BILL_AMT3_shuffled_1,BILL_AMT3_shuffled_2,BILL_AMT4_shuffled_1,BILL_AMT4_shuffled_2,BILL_AMT5,BILL_AMT5_shuffled_2,BILL_AMT6,BILL_AMT6_shuffled_1,BILL_AMT6_shuffled_2,LIMIT_BAL,PAY_AMT1,PAY_AMT1_shuffled_2,PAY_AMT2,PAY_AMT2_shuffled_1,PAY_AMT2_shuffled_2,PAY_AMT3,PAY_AMT4,PAY_AMT5,PAY_AMT6,PAY_AMT6_shuffled_2,default"
default_payment_mn_dirty,classification,31.357755422592163,0.7881666666666667,0.54719995183433,0.6964031879003829,0.5534752787058881,0.7285073820312652,-0.021166666666666667,-0.05461249187777062,27,"BILL_AMT1,BILL_AMT1_shuffled_2,BILL_AMT2,BILL_AMT2_shuffled_1,BILL_AMT2_shuffled_2,BILL_AMT3,BILL_AMT3_shuffled_1,BILL_AMT3_shuffled_2,BILL_AMT4_shuffled_1,BILL_AMT4_shuffled_2,BILL_AMT5,BILL_AMT5_shuffled_2,BILL_AMT6,BILL_AMT6_shuffled_1,BILL_AMT6_shuffled_2,LIMIT_BAL,LIMIT_BAL_shuffled_1,PAY_AMT1,PAY_AMT1_shuffled_2,PAY_AMT2,PAY_AMT2_shuffled_1,PAY_AMT2_shuffled_2,PAY_AMT3,PAY_AMT4,PAY_AMT5,PAY_AMT6,PAY_AMT6_shuffled_2,default"
default_payment_mn_dirty,classification,31.357755422592163,0.7893333333333333,0.5471010165384568,0.7043882672560666,0.5536846780177166,0.7307353842586224,-0.06458333333333333,-0.16441148995528898,28,"BILL_AMT1,BILL_AMT1_shuffled_2,BILL_AMT2,BILL_AMT2_shuffled_1,BILL_AMT2_shuffled_2,BILL_AMT3,BILL_AMT3_shuffled_1,BILL_AMT3_shuffled_2,BILL_AMT4_shuffled_1,BILL_AMT4_shuffled_2,BILL_AMT5,BILL_AMT5_shuffled_2,BILL_AMT6,BILL_AMT6_shuffled_1,BILL_AMT6_shuffled_2,LIMIT_BAL,LIMIT_BAL_shuffled_1,LIMIT_BAL_shuffled_2,PAY_AMT1,PAY_AMT1_shuffled_2,PAY_AMT2,PAY_AMT2_shuffled_1,PAY_AMT2_shuffled_2,PAY_AMT3,PAY_AMT4,PAY_AMT5,PAY_AMT6,PAY_AMT6_shuffled_2,default"
default_payment_mn_dirty,classification,31.357755422592163,0.7886666666666666,0.551757513540953,0.6970585193177561,0.5562244005914463,0.7310356549699237,-0.05979166666666669,-0.14761863099936035,29,"BILL_AMT1,BILL_AMT1_shuffled_2,BILL_AMT2,BILL_AMT2_shuffled_1,BILL_AMT2_shuffled_2,BILL_AMT3,BILL_AMT3_shuffled_1,BILL_AMT3_shuffled_2,BILL_AMT4_shuffled_1,BILL_AMT4_shuffled_2,BILL_AMT5,BILL_AMT5_shuffled_2,BILL_AMT6,BILL_AMT6_shuffled_1,BILL_AMT6_shuffled_2,LIMIT_BAL,LIMIT_BAL_shuffled_1,LIMIT_BAL_shuffled_2,PAY_AMT1,PAY_AMT1_shuffled_2,PAY_AMT2,PAY_AMT2_shuffled_1,PAY_AMT2_shuffled_2,PAY_AMT3,PAY_AMT4,PAY_AMT5,PAY_AMT6,PAY_AMT6_shuffled_2,default,spurious_num_3"
default_payment_mn_dirty,classification,31.357755422592163,0.7875,0.5462465245597776,0.6926069741218788,0.5527774960164139,0.725897429653684,-0.018416666666666637,-0.048022671557105046,30,"BILL_AMT1,BILL_AMT1_shuffled_2,BILL_AMT2,BILL_AMT2_shuffled_1,BILL_AMT2_shuffled_2,BILL_AMT3,BILL_AMT3_shuffled_1,BILL_AMT3_shuffled_2,BILL_AMT4_shuffled_1,BILL_AMT4_shuffled_2,BILL_AMT5,BILL_AMT5_shuffled_2,BILL_AMT6,BILL_AMT6_shuffled_1,BILL_AMT6_shuffled_2,LIMIT_BAL,LIMIT_BAL_shuffled_1,LIMIT_BAL_shuffled_2,PAY_AMT1,PAY_AMT1_shuffled_2,PAY_AMT2,PAY_AMT2_shuffled_1,PAY_AMT2_shuffled_2,PAY_AMT3,PAY_AMT4,PAY_AMT5,PAY_AMT6,PAY_AMT6_shuffled_2,default,spurious_num_2,spurious_num_3"
default_payment_mn_dirty,classification,31.357755422592163,0.7855,0.5322204234065463,0.6861821907932574,0.5444789295268511,0.72886957752943,-0.06362500000000004,-0.16728765176933835,31,"BILL_AMT1,BILL_AMT1_shuffled_2,BILL_AMT2,BILL_AMT2_shuffled_1,BILL_AMT2_shuffled_2,BILL_AMT3,BILL_AMT3_shuffled_1,BILL_AMT3_shuffled_2,BILL_AMT4_shuffled_1,BILL_AMT4_shuffled_2,BILL_AMT5,BILL_AMT5_shuffled_2,BILL_AMT6,BILL_AMT6_shuffled_1,BILL_AMT6_shuffled_2,LIMIT_BAL,LIMIT_BAL_shuffled_1,LIMIT_BAL_shuffled_2,PAY_AMT1,PAY_AMT1_shuffled_2,PAY_AMT2,PAY_AMT2_shuffled_1,PAY_AMT2_shuffled_2,PAY_AMT3,PAY_AMT4,PAY_AMT5,PAY_AMT6,PAY_AMT6_shuffled_2,default,spurious_num_2,spurious_num_3,spurious_num_6"
default_payment_mn_dirty,classification,31.357755422592163,0.7946666666666666,0.5835496711664936,0.7128704404375736,0.5770732184811301,0.7383402802515888,-0.061291666666666744,-0.14069134525623217,32,"BILL_AMT1,BILL_AMT1_shuffled_2,BILL_AMT2,BILL_AMT2_shuffled_1,BILL_AMT2_shuffled_2,BILL_AMT3,BILL_AMT3_shuffled_1,BILL_AMT3_shuffled_2,BILL_AMT4_shuffled_1,BILL_AMT4_shuffled_2,BILL_AMT5,BILL_AMT5_shuffled_2,BILL_AMT6,BILL_AMT6_shuffled_1,BILL_AMT6_shuffled_2,LIMIT_BAL,LIMIT_BAL_shuffled_1,LIMIT_BAL_shuffled_2,PAY_5,PAY_AMT1,PAY_AMT1_shuffled_2,PAY_AMT2,PAY_AMT2_shuffled_1,PAY_AMT2_shuffled_2,PAY_AMT3,PAY_AMT4,PAY_AMT5,PAY_AMT6,PAY_AMT6_shuffled_2,default,spurious_num_2,spurious_num_3,spurious_num_6"
default_payment_mn_dirty,classification,31.357755422592163,0.821,0.6746674378253326,0.7656037680268855,0.6487466439265088,0.7749885463333672,-0.003958333333333397,-0.009467282049980486,33,"BILL_AMT1,BILL_AMT1_shuffled_2,BILL_AMT2,BILL_AMT2_shuffled_1,BILL_AMT2_shuffled_2,BILL_AMT3,BILL_AMT3_shuffled_1,BILL_AMT3_shuffled_2,BILL_AMT4_shuffled_1,BILL_AMT4_shuffled_2,BILL_AMT5,BILL_AMT5_shuffled_2,BILL_AMT6,BILL_AMT6_shuffled_1,BILL_AMT6_shuffled_2,LIMIT_BAL,LIMIT_BAL_shuffled_1,LIMIT_BAL_shuffled_2,PAY_0,PAY_5,PAY_AMT1,PAY_AMT1_shuffled_2,PAY_AMT2,PAY_AMT2_shuffled_1,PAY_AMT2_shuffled_2,PAY_AMT3,PAY_AMT4,PAY_AMT5,PAY_AMT6,PAY_AMT6_shuffled_2,default,spurious_num_2,spurious_num_3,spurious_num_6"
default_payment_mn_dirty,classification,31.357755422592163,0.8226666666666667,0.6758495088693546,0.7717166528461669,0.6492770361764927,0.7728540763361684,-0.08183333333333331,-0.15778178478428417,34,"BILL_AMT1,BILL_AMT1_shuffled_2,BILL_AMT2,BILL_AMT2_shuffled_1,BILL_AMT2_shuffled_2,BILL_AMT3,BILL_AMT3_shuffled_1,BILL_AMT3_shuffled_2,BILL_AMT4_shuffled_1,BILL_AMT4_shuffled_2,BILL_AMT5,BILL_AMT5_shuffled_2,BILL_AMT6,BILL_AMT6_shuffled_1,BILL_AMT6_shuffled_2,LIMIT_BAL,LIMIT_BAL_shuffled_1,LIMIT_BAL_shuffled_2,PAY_0,PAY_5,PAY_AMT1,PAY_AMT1_shuffled_2,PAY_AMT2,PAY_AMT2_shuffled_1,PAY_AMT2_shuffled_2,PAY_AMT3,PAY_AMT4,PAY_AMT5,PAY_AMT6,PAY_AMT6_shuffled_2,default,spurious_cat_9,spurious_num_2,spurious_num_3,spurious_num_6"
default_payment_mn_dirty,classification,31.357755422592163,0.8225,0.6759433585504171,0.7708853899319372,0.649439830635708,0.7765843996948268,-0.07704166666666667,-0.14752358753132566,35,"BILL_AMT1,BILL_AMT1_shuffled_2,BILL_AMT2,BILL_AMT2_shuffled_1,BILL_AMT2_shuffled_2,BILL_AMT3,BILL_AMT3_shuffled_1,BILL_AMT3_shuffled_2,BILL_AMT4_shuffled_1,BILL_AMT4_shuffled_2,BILL_AMT5,BILL_AMT5_shuffled_2,BILL_AMT6,BILL_AMT6_shuffled_1,BILL_AMT6_shuffled_2,LIMIT_BAL,LIMIT_BAL_shuffled_1,LIMIT_BAL_shuffled_2,PAY_0,PAY_3,PAY_5,PAY_AMT1,PAY_AMT1_shuffled_2,PAY_AMT2,PAY_AMT2_shuffled_1,PAY_AMT2_shuffled_2,PAY_AMT3,PAY_AMT4,PAY_AMT5,PAY_AMT6,PAY_AMT6_shuffled_2,default,spurious_cat_9,spurious_num_2,spurious_num_3,spurious_num_6"
default_payment_mn_dirty,classification,31.357755422592163,0.8206666666666667,0.6779722868616483,0.7614155045767195,0.652309738108143,0.7750143483278936,-0.08904166666666669,-0.16647952338469385,36,"BILL_AMT1,BILL_AMT1_shuffled_2,BILL_AMT2,BILL_AMT2_shuffled_1,BILL_AMT2_shuffled_2,BILL_AMT3,BILL_AMT3_shuffled_1,BILL_AMT3_shuffled_2,BILL_AMT4_shuffled_1,BILL_AMT4_shuffled_2,BILL_AMT5,BILL_AMT5_shuffled_2,BILL_AMT6,BILL_AMT6_shuffled_1,BILL_AMT6_shuffled_2,LIMIT_BAL,LIMIT_BAL_shuffled_1,LIMIT_BAL_shuffled_2,PAY_0,PAY_2,PAY_3,PAY_5,PAY_AMT1,PAY_AMT1_shuffled_2,PAY_AMT2,PAY_AMT2_shuffled_1,PAY_AMT2_shuffled_2,PAY_AMT3,PAY_AMT4,PAY_AMT5,PAY_AMT6,PAY_AMT6_shuffled_2,default,spurious_cat_9,spurious_num_2,spurious_num_3,spurious_num_6"
default_payment_mn_dirty,classification,31.357755422592163,0.8196666666666667,0.6654043566702972,0.7684729749236445,0.6400666917053521,0.7788041775364287,-0.0023333333333332984,-0.008423439065276095,37,"BILL_AMT1,BILL_AMT1_shuffled_2,BILL_AMT2,BILL_AMT2_shuffled_1,BILL_AMT2_shuffled_2,BILL_AMT3,BILL_AMT3_shuffled_1,BILL_AMT3_shuffled_2,BILL_AMT4_shuffled_1,BILL_AMT4_shuffled_2,BILL_AMT5,BILL_AMT5_shuffled_2,BILL_AMT6,BILL_AMT6_shuffled_1,BILL_AMT6_shuffled_2,LIMIT_BAL,LIMIT_BAL_shuffled_1,LIMIT_BAL_shuffled_2,PAY_0,PAY_2,PAY_3,PAY_4,PAY_5,PAY_AMT1,PAY_AMT1_shuffled_2,PAY_AMT2,PAY_AMT2_shuffled_1,PAY_AMT2_shuffled_2,PAY_AMT3,PAY_AMT4,PAY_AMT5,PAY_AMT6,PAY_AMT6_shuffled_2,default,spurious_cat_9,spurious_num_2,spurious_num_3,spurious_num_6"
default_payment_mn_dirty,classification,31.357755422592163,0.8231666666666667,0.6823349330525612,0.7677556511125966,0.6558032475357886,0.7786271113489911,-0.0030416666666666092,-0.007163371624745896,38,"BILL_AMT1,BILL_AMT1_shuffled_2,BILL_AMT2,BILL_AMT2_shuffled_1,BILL_AMT2_shuffled_2,BILL_AMT3,BILL_AMT3_shuffled_1,BILL_AMT3_shuffled_2,BILL_AMT4_shuffled_1,BILL_AMT4_shuffled_2,BILL_AMT5,BILL_AMT5_shuffled_2,BILL_AMT6,BILL_AMT6_shuffled_1,BILL_AMT6_shuffled_2,LIMIT_BAL,LIMIT_BAL_shuffled_1,LIMIT_BAL_shuffled_2,PAY_0,PAY_2,PAY_3,PAY_4,PAY_5,PAY_6,PAY_AMT1,PAY_AMT1_shuffled_2,PAY_AMT2,PAY_AMT2_shuffled_1,PAY_AMT2_shuffled_2,PAY_AMT3,PAY_AMT4,PAY_AMT5,PAY_AMT6,PAY_AMT6_shuffled_2,default,spurious_cat_9,spurious_num_2,spurious_num_3,spurious_num_6"
default_payment_mn_dirty,classification,31.357755422592163,0.8243333333333334,0.6882687301002667,0.767260262323732,0.6616782810582237,0.7774803739547573,-0.022791666666666655,-0.0418926647711616,39,"BILL_AMT1,BILL_AMT1_shuffled_2,BILL_AMT2,BILL_AMT2_shuffled_1,BILL_AMT2_shuffled_2,BILL_AMT3,BILL_AMT3_shuffled_1,BILL_AMT3_shuffled_2,BILL_AMT4_shuffled_1,BILL_AMT4_shuffled_2,BILL_AMT5,BILL_AMT5_shuffled_2,BILL_AMT6,BILL_AMT6_shuffled_1,BILL_AMT6_shuffled_2,LIMIT_BAL,LIMIT_BAL_shuffled_1,LIMIT_BAL_shuffled_2,PAY_0,PAY_2,PAY_3,PAY_4,PAY_5,PAY_6,PAY_AMT1,PAY_AMT1_shuffled_2,PAY_AMT2,PAY_AMT2_shuffled_1,PAY_AMT2_shuffled_2,PAY_AMT3,PAY_AMT4,PAY_AMT5,PAY_AMT6,PAY_AMT6_shuffled_2,default,noise_numeric_1,spurious_cat_9,spurious_num_2,spurious_num_3,spurious_num_6"
default_payment_mn_dirty,classification,31.357755422592163,0.8236666666666667,0.686840863656195,0.7658646056773231,0.6604409141582156,0.7731774075800778,-0.028416666666666646,-0.052853142370560824,40,"BILL_AMT1,BILL_AMT1_shuffled_2,BILL_AMT2,BILL_AMT2_shuffled_1,BILL_AMT2_shuffled_2,BILL_AMT3,BILL_AMT3_shuffled_1,BILL_AMT3_shuffled_2,BILL_AMT4_shuffled_1,BILL_AMT4_shuffled_2,BILL_AMT5,BILL_AMT5_shuffled_2,BILL_AMT6,BILL_AMT6_shuffled_1,BILL_AMT6_shuffled_2,LIMIT_BAL,LIMIT_BAL_shuffled_1,LIMIT_BAL_shuffled_2,PAY_0,PAY_2,PAY_3,PAY_4,PAY_5,PAY_6,PAY_AMT1,PAY_AMT1_shuffled_2,PAY_AMT2,PAY_AMT2_shuffled_1,PAY_AMT2_shuffled_2,PAY_AMT3,PAY_AMT4,PAY_AMT5,PAY_AMT6,PAY_AMT6_shuffled_2,default,noise_numeric_1,spurious_cat_9,spurious_num_1,spurious_num_2,spurious_num_3,spurious_num_6"
default_payment_mn_clean,classification,13.461008548736572,0.7788333333333334,0.43783378618945,0.3894166666666667,0.5,0.6106780586772833,4.166666666671759e-05,1.3168260612539395e-05,1,"PAY_AMT1,default"
default_payment_mn_clean,classification,13.461008548736572,0.7803333333333333,0.47744640719955683,0.6637101660002422,0.5163411288146837,0.6461100832420722,-0.0011250000000000426,-0.009398123875995701,2,"LIMIT_BAL,PAY_AMT1,default"
default_payment_mn_clean,classification,13.461008548736572,0.7815,0.48913715030882654,0.6731340739195262,0.5219463702318519,0.6661704889365079,-0.006500000000000061,-0.021953624461913623,3,"BILL_AMT1,LIMIT_BAL,PAY_AMT1,default"
default_payment_mn_clean,classification,13.461008548736572,0.7841666666666667,0.48563345101095534,0.7216155027626514,0.5214999957265446,0.6835840131486963,-0.008124999999999938,-0.02358907768829721,4,"BILL_AMT1,BILL_AMT2,LIMIT_BAL,PAY_AMT1,default"
default_payment_mn_clean,classification,13.461008548736572,0.7848333333333334,0.5317679375163474,0.6817021384156514,0.544050938942644,0.6953348865058955,-0.011041666666666616,-0.03002794932891195,5,"BILL_AMT1,BILL_AMT2,BILL_AMT6,LIMIT_BAL,PAY_AMT1,default"
default_payment_mn_clean,classification,13.461008548736572,0.7865,0.558663401258171,0.6821759018812752,0.5599594811928456,0.7119179090192647,-0.02949999999999997,-0.06869176723956905,6,"BILL_AMT1,BILL_AMT2,BILL_AMT6,LIMIT_BAL,PAY_AMT1,PAY_AMT2,default"
default_payment_mn_clean,classification,13.461008548736572,0.7873333333333333,0.5640479401492942,0.6847263771035774,0.5634621825810412,0.7114701637829981,-0.02862500000000001,-0.06767611692048403,7,"BILL_AMT1,BILL_AMT2,BILL_AMT6,LIMIT_BAL,PAY_AMT1,PAY_AMT2,PAY_AMT4,default"
default_payment_mn_clean,classification,13.461008548736572,0.7895,0.5613839869037986,0.6970209846832055,0.5621552309270447,0.7176295030326214,-0.03945833333333337,-0.0934160406126896,8,"BILL_AMT1,BILL_AMT2,BILL_AMT5,BILL_AMT6,LIMIT_BAL,PAY_AMT1,PAY_AMT2,PAY_AMT4,default"
default_payment_mn_clean,classification,13.461008548736572,0.7895,0.5551243911065973,0.700349664282441,0.558378141453307,0.7196462514297933,-0.03395833333333331,-0.08106236047911719,9,"BILL_AMT1,BILL_AMT2,BILL_AMT5,BILL_AMT6,LIMIT_BAL,PAY_AMT1,PAY_AMT2,PAY_AMT4,PAY_AMT5,default"
default_payment_mn_clean,classification,13.461008548736572,0.789,0.5627482710251538,0.6936563035634243,0.5629134064099572,0.7189284721945612,-0.027833333333333266,-0.06638366302551646,10,"BILL_AMT1,BILL_AMT2,BILL_AMT3,BILL_AMT5,BILL_AMT6,LIMIT_BAL,PAY_AMT1,PAY_AMT2,PAY_AMT4,PAY_AMT5,default"
default_payment_mn_clean,classification,13.461008548736572,0.8225,0.6798593184610702,0.7672211840385246,0.6534867122147126,0.7762560693144781,-0.002375000000000016,-0.004188469141915618,11,"BILL_AMT1,BILL_AMT2,BILL_AMT3,BILL_AMT5,BILL_AMT6,LIMIT_BAL,PAY_0,PAY_AMT1,PAY_AMT2,PAY_AMT4,PAY_AMT5,default"
default_payment_mn_clean,classification,13.461008548736572,0.8246666666666667,0.6851550611323923,0.7713796364697192,0.6581151868765895,0.778074706772427,-0.0003333333333332966,-0.001844137585556349,12,"BILL_AMT1,BILL_AMT2,BILL_AMT3,BILL_AMT5,BILL_AMT6,LIMIT_BAL,PAY_0,PAY_AMT1,PAY_AMT2,PAY_AMT3,PAY_AMT4,PAY_AMT5,default"
default_payment_mn_clean,classification,13.461008548736572,0.8226666666666667,0.6815636739970203,0.7663975705232193,0.6552124624923663,0.7784449653938811,-0.0047916666666666385,-0.009127865853587491,13,"BILL_AMT1,BILL_AMT2,BILL_AMT3,BILL_AMT5,BILL_AMT6,LIMIT_BAL,PAY_0,PAY_AMT1,PAY_AMT2,PAY_AMT3,PAY_AMT4,PAY_AMT5,PAY_AMT6,default"
default_payment_mn_clean,classification,13.461008548736572,0.8221666666666667,0.6815532323167659,0.7643984041274986,0.6554310537647449,0.7792915127080468,-0.005958333333333288,-0.011065686321247159,14,"BILL_AMT1,BILL_AMT2,BILL_AMT3,BILL_AMT4,BILL_AMT5,BILL_AMT6,LIMIT_BAL,PAY_0,PAY_AMT1,PAY_AMT2,PAY_AMT3,PAY_AMT4,PAY_AMT5,PAY_AMT6,default"
default_payment_mn_clean,classification,13.461008548736572,0.8238333333333333,0.6842872261426903,0.7687368817076552,0.6575801986463305,0.781067496243794,-0.0025416666666666643,-0.005201994212364336,15,"BILL_AMT1,BILL_AMT2,BILL_AMT3,BILL_AMT4,BILL_AMT5,BILL_AMT6,LIMIT_BAL,PAY_0,PAY_2,PAY_AMT1,PAY_AMT2,PAY_AMT3,PAY_AMT4,PAY_AMT5,PAY_AMT6,default"
default_payment_mn_clean,classification,13.461008548736572,0.8216666666666667,0.6713193242325306,0.7717417397015196,0.6451277529317113,0.7780787383340716,0.001291666666666691,9.712982403176085e-05,16,"BILL_AMT1,BILL_AMT2,BILL_AMT3,BILL_AMT4,BILL_AMT5,BILL_AMT6,LIMIT_BAL,PAY_0,PAY_2,PAY_3,PAY_AMT1,PAY_AMT2,PAY_AMT3,PAY_AMT4,PAY_AMT5,PAY_AMT6,default"
default_payment_mn_clean,classification,13.461008548736572,0.8228333333333333,0.6814820781731274,0.767148538048093,0.655049668033151,0.778039309661186,-0.00024999999999997247,-0.00364468889314451,17,"BILL_AMT1,BILL_AMT2,BILL_AMT3,BILL_AMT4,BILL_AMT5,BILL_AMT6,LIMIT_BAL,PAY_0,PAY_2,PAY_3,PAY_5,PAY_AMT1,PAY_AMT2,PAY_AMT3,PAY_AMT4,PAY_AMT5,PAY_AMT6,default"
default_payment_mn_clean,classification,13.461008548736572,0.8215,0.6697758746352876,0.7725553144858424,0.6436717947593247,0.7787883738147814,-0.001083333333333325,-0.005254606203085932,18,"BILL_AMT1,BILL_AMT2,BILL_AMT3,BILL_AMT4,BILL_AMT5,BILL_AMT6,LIMIT_BAL,PAY_0,PAY_2,PAY_3,PAY_4,PAY_5,PAY_AMT1,PAY_AMT2,PAY_AMT3,PAY_AMT4,PAY_AMT5,PAY_AMT6,default"
default_payment_mn_clean,classification,13.461008548736572,0.8251666666666667,0.6839072796695882,0.7747113835816621,0.6565476350778761,0.7812695581134292,-0.011208333333333265,-0.021949950586928058,19,"BILL_AMT1,BILL_AMT2,BILL_AMT3,BILL_AMT4,BILL_AMT5,BILL_AMT6,LIMIT_BAL,PAY_0,PAY_2,PAY_3,PAY_4,PAY_5,PAY_6,PAY_AMT1,PAY_AMT2,PAY_AMT3,PAY_AMT4,PAY_AMT5,PAY_AMT6,default"
dry_beans,classification,8.59126901626587,0.6228424531766434,0.5935247331338266,0.6088334424687437,0.6157810211337981,0.9225760382057603,-0.020342704795435873,-0.024370833821906968,1,"Class,ConvexArea"
dry_beans,classification,8.59126901626587,0.879544619904517,0.8830561347524174,0.8863087557453456,0.8805115095606262,0.989042579058865,-0.016579553497393262,-0.015793744667581877,2,"Class,Compactness,ConvexArea"
dry_beans,classification,8.59126901626587,0.8773411678295997,0.8808549910948542,0.8859571757816337,0.8770760491154255,0.9867496169431996,-0.01832378441139959,-0.01803984186983265,3,"Class,Compactness,ConvexArea,ShapeFactor3"
dry_beans,classification,8.59126901626587,0.8828497980168931,0.8863616714241419,0.8902958996973294,0.8835609598149313,0.9893488972415924,-0.019611627405590304,-0.01887658937068748,4,"Class,Compactness,ConvexArea,ShapeFactor1,ShapeFactor3"
dry_beans,classification,8.59126901626587,0.8799118619170033,0.8832115093718539,0.886298843403826,0.881105256584503,0.9895180501532506,-0.010701657553973898,-0.011457511523360941,5,"Class,Compactness,ConvexArea,ShapeFactor1,ShapeFactor2,ShapeFactor3"
dry_beans,classification,8.59126901626587,0.9012118986412045,0.9071759579038489,0.9089333096466559,0.9055557342780229,0.9924798443340226,-0.012730055804056284,-0.012280545474135263,6,"Class,Compactness,ConvexArea,ShapeFactor1,ShapeFactor2,ShapeFactor3,ShapeFactor4"
dry_beans,classification,8.59126901626587,0.9199412412780023,0.932560109235509,0.9333360729144624,0.9322657645675774,0.9954456123032077,-0.0795076933289044,-0.06708557185626873,7,"Class,Compactness,ConvexArea,ShapeFactor1,ShapeFactor2,ShapeFactor3,ShapeFactor4,roundness"
dry_beans,classification,8.59126901626587,0.9221446933529196,0.9349706646908736,0.936473978036268,0.9338584850009081,0.9950258205596867,-0.0778553066470804,-0.06502933530912636,8,"Class,Compactness,ConvexArea,MinorAxisLength,ShapeFactor1,ShapeFactor2,ShapeFactor3,ShapeFactor4,roundness"
dry_beans,classification,8.59126901626587,0.9250826294528094,0.937702688372508,0.9395211838160991,0.9362129499052134,0.9954186555357201,-0.07381523976100401,-0.06158867381104771,9,"Class,Compactness,ConvexArea,MinorAxisLength,Perimeter,ShapeFactor1,ShapeFactor2,ShapeFactor3,ShapeFactor4,roundness"
dry_beans,classification,8.59126901626587,0.9243481454278369,0.9358336518574986,0.9368641004776883,0.9350194736476308,0.996225315628803,-0.017147078672089533,-0.01599678563893281,10,"Class,Compactness,ConvexArea,MajorAxisLength,MinorAxisLength,Perimeter,ShapeFactor1,ShapeFactor2,ShapeFactor3,ShapeFactor4,roundness"
dry_beans,classification,8.59126901626587,0.9243481454278369,0.9367920505640707,0.9383013708548413,0.9355513126144094,0.9961789331130751,-0.0543439927058883,-0.04535125918138294,11,"AspectRation,Class,Compactness,ConvexArea,MajorAxisLength,MinorAxisLength,Perimeter,ShapeFactor1,ShapeFactor2,ShapeFactor3,ShapeFactor4,roundness"
dry_beans,classification,8.59126901626587,0.9261843554902681,0.9377653060243771,0.9392458423780541,0.9364701717408999,0.9961606448091612,-0.017331441717667206,-0.015296730689796534,12,"AspectRation,Class,Compactness,ConvexArea,EquivDiameter,MajorAxisLength,MinorAxisLength,Perimeter,ShapeFactor1,ShapeFactor2,ShapeFactor3,ShapeFactor4,roundness"
dry_beans,classification,8.59126901626587,0.9243481454278369,0.9376887650212267,0.9398889495264946,0.9357225377668278,0.995131626472576,-0.07565185457216306,-0.06231123497877333,13,"AspectRation,Class,Compactness,ConvexArea,EquivDiameter,MajorAxisLength,MinorAxisLength,Perimeter,ShapeFactor1,ShapeFactor2,ShapeFactor3,ShapeFactor4,Solidity,roundness"
dry_beans,classification,8.59126901626587,0.9243481454278369,0.9376887650212267,0.9398889495264946,0.9357225377668278,0.995131626472576,-0.07565185457216306,-0.06231123497877333,14,"AspectRation,Class,Compactness,ConvexArea,Eccentricity,EquivDiameter,MajorAxisLength,MinorAxisLength,Perimeter,ShapeFactor1,ShapeFactor2,ShapeFactor3,ShapeFactor4,Solidity,roundness"
dry_beans,classification,8.59126901626587,0.9298567756151304,0.9422919924803513,0.9434465391191827,0.9413941955465127,0.9962274450349238,-0.05994851461264339,-0.051025607517773186,15,"AspectRation,Class,Compactness,ConvexArea,Eccentricity,EquivDiameter,Extent,MajorAxisLength,MinorAxisLength,Perimeter,ShapeFactor1,ShapeFactor2,ShapeFactor3,ShapeFactor4,Solidity,roundness"
dry_beans,classification,8.59126901626587,0.9298567756151304,0.9423981973909893,0.9435392275958893,0.9414682520570006,0.9963142733218943,-0.05866269536209223,-0.04993237944846696,16,"Area,AspectRation,Class,Compactness,ConvexArea,Eccentricity,EquivDiameter,Extent,MajorAxisLength,MinorAxisLength,Perimeter,ShapeFactor1,ShapeFactor2,ShapeFactor3,ShapeFactor4,Solidity,roundness"
dry_beans_un_dirty,classification,23.120948553085327,0.6228424531766434,0.5935247331338266,0.6088334424687437,0.6157810211337981,0.9225760382057603,-0.020342704795435873,-0.024370833821906968,1,"Class,ConvexArea"
dry_beans_un_dirty,classification,23.120948553085327,0.6165993389643776,0.5811156538130915,0.5950057044124727,0.6043390280193817,0.9201343960587522,-0.1155828799922719,-0.14366388101749628,2,"Class,ConvexArea,ConvexArea_shuffled_1"
dry_beans_un_dirty,classification,23.120948553085327,0.6210062431142123,0.5843179382728853,0.5935300230978676,0.6093903660345258,0.921361850925602,-0.03375128811282668,-0.03888002141783331,3,"Area_shuffled_1,Class,ConvexArea,ConvexArea_shuffled_1"
dry_beans_un_dirty,classification,23.120948553085327,0.6188027910392949,0.5665833289919806,0.5924976499715454,0.6007189558237253,0.9205949890932068,-0.05395620969545889,-0.06708147659004482,4,"Area_shuffled_1,Class,ConvexArea,ConvexArea_shuffled_1,ConvexArea_shuffled_2"
dry_beans_un_dirty,classification,23.120948553085327,0.620639001101726,0.5832919015293861,0.6041591288509279,0.6092256407982635,0.9210257412260875,-0.07462183651767151,-0.08808559527455972,5,"Area_shuffled_1,Class,ConvexArea,ConvexArea_shuffled_1,ConvexArea_shuffled_2,ShapeFactor1_shuffled_1"
dry_beans_un_dirty,classification,23.120948553085327,0.6235769372016159,0.5907377905028854,0.6104642844446408,0.6134262071321744,0.9210642252378382,-0.13321953597986835,-0.15135942809610514,6,"Area_shuffled_1,Class,ConvexArea,ConvexArea_shuffled_1,ConvexArea_shuffled_2,ShapeFactor1_shuffled_1,ShapeFactor3_shuffled_1"
dry_beans_un_dirty,classification,23.120948553085327,0.6151303709144326,0.584705775872331,0.5968858704582113,0.605814187006504,0.9198448863475185,-0.09399894576447998,-0.10422116897587819,7,"Area_shuffled_1,Class,ConvexArea,ConvexArea_shuffled_1,ConvexArea_shuffled_2,ShapeFactor1_shuffled_1,ShapeFactor3_shuffled_1,roundness_shuffled_2"
dry_beans_un_dirty,classification,23.120948553085327,0.876239441792141,0.8805551278825084,0.8852839376066755,0.8769133606818824,0.9877679666168001,-0.11742330618728591,-0.11303458065660643,8,"Area_shuffled_1,Class,ConvexArea,ConvexArea_shuffled_1,ConvexArea_shuffled_2,ShapeFactor1_shuffled_1,ShapeFactor3,ShapeFactor3_shuffled_1,roundness_shuffled_2"
dry_beans_un_dirty,classification,23.120948553085327,0.8773411678295997,0.8816314673103972,0.8852040376135547,0.8788552201920393,0.9882312420858265,-0.05680651769574929,-0.054344021751063454,9,"Area_shuffled_1,Class,ConvexArea,ConvexArea_shuffled_1,ConvexArea_shuffled_2,ShapeFactor1_shuffled_1,ShapeFactor1_shuffled_2,ShapeFactor3,ShapeFactor3_shuffled_1,roundness_shuffled_2"
dry_beans_un_dirty,classification,23.120948553085327,0.8758721997796548,0.8794488974243247,0.882876363748433,0.8769122146011169,0.9879083778238994,-0.04881552983092563,-0.04727557371544111,10,"Area_shuffled_1,Class,ConvexArea,ConvexArea_shuffled_1,ConvexArea_shuffled_2,ShapeFactor1_shuffled_1,ShapeFactor1_shuffled_2,ShapeFactor2_shuffled_2,ShapeFactor3,ShapeFactor3_shuffled_1,roundness_shuffled_2"
dry_beans_un_dirty,classification,23.120948553085327,0.8846860080793243,0.8877306708674545,0.8921944778818697,0.8842326891482957,0.9883241989283863,-0.09648592432332082,-0.09226106480402996,11,"Area_shuffled_1,Class,ConvexArea,ConvexArea_shuffled_1,ConvexArea_shuffled_2,ShapeFactor1,ShapeFactor1_shuffled_1,ShapeFactor1_shuffled_2,ShapeFactor2_shuffled_2,ShapeFactor3,ShapeFactor3_shuffled_1,roundness_shuffled_2"
dry_beans_un_dirty,classification,23.120948553085327,0.8744032317297099,0.8779119833410364,0.8809640801736397,0.8756342776136314,0.9876770147240878,-0.10245202176037094,-0.09940861643892496,12,"Area_shuffled_1,Class,ConvexArea,ConvexArea_shuffled_1,ConvexArea_shuffled_2,ShapeFactor1,ShapeFactor1_shuffled_1,ShapeFactor1_shuffled_2,ShapeFactor2_shuffled_2,ShapeFactor3,ShapeFactor3_shuffled_1,Solidity_shuffled_2,roundness_shuffled_2"
dry_beans_un_dirty,classification,23.120948553085327,0.8747704737421961,0.8776950516323553,0.8808609298159843,0.8751937213339013,0.987731842390318,-0.07682761589777454,-0.07422934770378498,13,"Area_shuffled_1,Class,ConvexArea,ConvexArea_shuffled_1,ConvexArea_shuffled_2,ShapeFactor1,ShapeFactor1_shuffled_1,ShapeFactor1_shuffled_2,ShapeFactor2_shuffled_2,ShapeFactor3,ShapeFactor3_shuffled_1,ShapeFactor4_shuffled_1,Solidity_shuffled_2,roundness_shuffled_2"
dry_beans_un_dirty,classification,23.120948553085327,0.8747704737421961,0.8777533385567006,0.8808241733209912,0.8753440951841369,0.9877855448000987,-0.07737868129086789,-0.07451081730759634,14,"Area_shuffled_1,Class,Compactness,ConvexArea,ConvexArea_shuffled_1,ConvexArea_shuffled_2,ShapeFactor1,ShapeFactor1_shuffled_1,ShapeFactor1_shuffled_2,ShapeFactor2_shuffled_2,ShapeFactor3,ShapeFactor3_shuffled_1,ShapeFactor4_shuffled_1,Solidity_shuffled_2,roundness_shuffled_2"
dry_beans_un_dirty,classification,23.120948553085327,0.8758721997796548,0.8796490754991593,0.8837363634305256,0.8764789227040042,0.9880175816291287,-0.11641288471703881,-0.1130209509156973,15,"Area_shuffled_1,Class,Compactness,ConvexArea,ConvexArea_shuffled_1,ConvexArea_shuffled_2,ShapeFactor1,ShapeFactor1_shuffled_1,ShapeFactor1_shuffled_2,ShapeFactor2_shuffled_2,ShapeFactor3,ShapeFactor3_shuffled_1,ShapeFactor3_shuffled_2,ShapeFactor4_shuffled_1,Solidity_shuffled_2,roundness_shuffled_2"
dry_beans_un_dirty,classification,23.120948553085327,0.8791773778920309,0.8821174998375542,0.8858288886144121,0.8793303634105574,0.9880432310622774,-0.08298279844889489,-0.08066353678990046,16,"Area_shuffled_1,Class,Compactness,ConvexArea,ConvexArea_shuffled_1,ConvexArea_shuffled_2,ShapeFactor1,ShapeFactor1_shuffled_1,ShapeFactor1_shuffled_2,ShapeFactor2,ShapeFactor2_shuffled_2,ShapeFactor3,ShapeFactor3_shuffled_1,ShapeFactor3_shuffled_2,ShapeFactor4_shuffled_1,Solidity_shuffled_2,roundness_shuffled_2"
dry_beans_un_dirty,classification,23.120948553085327,0.8802791039294895,0.8844947024573692,0.8883841048356205,0.8815565236625652,0.9879748344279051,-0.11705741333722619,-0.11368746257225526,17,"Area_shuffled_1,Class,Compactness,ConvexArea,ConvexArea_shuffled_1,ConvexArea_shuffled_2,MinorAxisLength,ShapeFactor1,ShapeFactor1_shuffled_1,ShapeFactor1_shuffled_2,ShapeFactor2,ShapeFactor2_shuffled_2,ShapeFactor3,ShapeFactor3_shuffled_1,ShapeFactor3_shuffled_2,ShapeFactor4_shuffled_1,Solidity_shuffled_2,roundness_shuffled_2"
dry_beans_un_dirty,classification,23.120948553085327,0.8968049944913699,0.9031285220768578,0.9068041554011658,0.8999194081044651,0.9910555714793254,-0.029076710137579398,-0.027812199585988573,18,"Area_shuffled_1,Class,Compactness,ConvexArea,ConvexArea_shuffled_1,ConvexArea_shuffled_2,MinorAxisLength,ShapeFactor1,ShapeFactor1_shuffled_1,ShapeFactor1_shuffled_2,ShapeFactor2,ShapeFactor2_shuffled_2,ShapeFactor3,ShapeFactor3_shuffled_1,ShapeFactor3_shuffled_2,ShapeFactor4,ShapeFactor4_shuffled_1,Solidity_shuffled_2,roundness_shuffled_2"
dry_beans_un_dirty,classification,23.120948553085327,0.8960705104663974,0.9030667997108003,0.9065851454495342,0.9000524408082612,0.9893631333192889,-0.028617219144183026,-0.026749279348534438,19,"Area_shuffled_1,Class,Compactness,ConvexArea,ConvexArea_shuffled_1,ConvexArea_shuffled_2,MinorAxisLength,MinorAxisLength_shuffled_2,ShapeFactor1,ShapeFactor1_shuffled_1,ShapeFactor1_shuffled_2,ShapeFactor2,ShapeFactor2_shuffled_2,ShapeFactor3,ShapeFactor3_shuffled_1,ShapeFactor3_shuffled_2,ShapeFactor4,ShapeFactor4_shuffled_1,Solidity_shuffled_2,roundness_shuffled_2"
dry_beans_un_dirty,classification,23.120948553085327,0.8968049944913699,0.9030172220867028,0.9063508464035203,0.9000809855274253,0.9910862810652377,-0.03403629867541924,-0.03254768100474259,20,"Area_shuffled_1,Class,Compactness,ConvexArea,ConvexArea_shuffled_1,ConvexArea_shuffled_2,MinorAxisLength,MinorAxisLength_shuffled_2,ShapeFactor1,ShapeFactor1_shuffled_1,ShapeFactor1_shuffled_2,ShapeFactor2,ShapeFactor2_shuffled_2,ShapeFactor3,ShapeFactor3_shuffled_1,ShapeFactor3_shuffled_2,ShapeFactor4,ShapeFactor4_shuffled_1,Solidity_shuffled_2,roundness_shuffled_1,roundness_shuffled_2"
dry_beans_un_dirty,classification,23.120948553085327,0.8946015424164524,0.89885488075578,0.9016912084997617,0.896230297171076,0.9912353693009825,-0.022646804387368324,-0.02342524623816733,21,"Area_shuffled_1,Class,Compactness,ConvexArea,ConvexArea_shuffled_1,ConvexArea_shuffled_2,MinorAxisLength,MinorAxisLength_shuffled_2,ShapeFactor1,ShapeFactor1_shuffled_1,ShapeFactor1_shuffled_2,ShapeFactor2,ShapeFactor2_shuffled_1,ShapeFactor2_shuffled_2,ShapeFactor3,ShapeFactor3_shuffled_1,ShapeFactor3_shuffled_2,ShapeFactor4,ShapeFactor4_shuffled_1,Solidity_shuffled_2,roundness_shuffled_1,roundness_shuffled_2"
dry_beans_un_dirty,classification,23.120948553085327,0.8986412045538009,0.9046878693582635,0.9070595971614939,0.90252768384285,0.9922358165982944,-0.05277319662180524,-0.050438186720978995,22,"Area_shuffled_1,Class,Compactness,ConvexArea,ConvexArea_shuffled_1,ConvexArea_shuffled_2,EquivDiameter_shuffled_2,MinorAxisLength,MinorAxisLength_shuffled_2,ShapeFactor1,ShapeFactor1_shuffled_1,ShapeFactor1_shuffled_2,ShapeFactor2,ShapeFactor2_shuffled_1,ShapeFactor2_shuffled_2,ShapeFactor3,ShapeFactor3_shuffled_1,ShapeFactor3_shuffled_2,ShapeFactor4,ShapeFactor4_shuffled_1,Solidity_shuffled_2,roundness_shuffled_1,roundness_shuffled_2"
dry_beans_un_dirty,classification,23.120948553085327,0.8957032684539111,0.9026799842598346,0.9054105655007126,0.9003581930488644,0.9919668198034965,-0.046251176806926475,-0.04384550173031132,23,"Area_shuffled_1,Class,Compactness,Compactness_shuffled_1,ConvexArea,ConvexArea_shuffled_1,ConvexArea_shuffled_2,EquivDiameter_shuffled_2,MinorAxisLength,MinorAxisLength_shuffled_2,ShapeFactor1,ShapeFactor1_shuffled_1,ShapeFactor1_shuffled_2,ShapeFactor2,ShapeFactor2_shuffled_1,ShapeFactor2_shuffled_2,ShapeFactor3,ShapeFactor3_shuffled_1,ShapeFactor3_shuffled_2,ShapeFactor4,ShapeFactor4_shuffled_1,Solidity_shuffled_2,roundness_shuffled_1,roundness_shuffled_2"
dry_beans_un_dirty,classification,23.120948553085327,0.892398090341535,0.9002411764167959,0.903871967011059,0.8970568077737712,0.9887792949906499,-0.031371196947223234,-0.028496764293024057,24,"Area_shuffled_1,Class,Compactness,Compactness_shuffled_1,Compactness_shuffled_2,ConvexArea,ConvexArea_shuffled_1,ConvexArea_shuffled_2,EquivDiameter_shuffled_2,MinorAxisLength,MinorAxisLength_shuffled_2,ShapeFactor1,ShapeFactor1_shuffled_1,ShapeFactor1_shuffled_2,ShapeFactor2,ShapeFactor2_shuffled_1,ShapeFactor2_shuffled_2,ShapeFactor3,ShapeFactor3_shuffled_1,ShapeFactor3_shuffled_2,ShapeFactor4,ShapeFactor4_shuffled_1,Solidity_shuffled_2,roundness_shuffled_1,roundness_shuffled_2"
dry_beans_un_dirty,classification,23.120948553085327,0.8960705104663974,0.9028083680990745,0.9059829439571297,0.8999828403907675,0.9902423564311454,-0.0281579979832719,-0.026697323999920086,25,"Area_shuffled_1,Class,Compactness,Compactness_shuffled_1,Compactness_shuffled_2,ConvexArea,ConvexArea_shuffled_1,ConvexArea_shuffled_2,EquivDiameter_shuffled_2,MajorAxisLength_shuffled_1,MinorAxisLength,MinorAxisLength_shuffled_2,ShapeFactor1,ShapeFactor1_shuffled_1,ShapeFactor1_shuffled_2,ShapeFactor2,ShapeFactor2_shuffled_1,ShapeFactor2_shuffled_2,ShapeFactor3,ShapeFactor3_shuffled_1,ShapeFactor3_shuffled_2,ShapeFactor4,ShapeFactor4_shuffled_1,Solidity_shuffled_2,roundness_shuffled_1,roundness_shuffled_2"
dry_beans_un_dirty,classification,23.120948553085327,0.8953360264414248,0.902067085518467,0.9057554272108043,0.898807906320474,0.9894010861466939,-0.02944354740133781,-0.0279558546689882,26,"Area_shuffled_1,AspectRation_shuffled_2,Class,Compactness,Compactness_shuffled_1,Compactness_shuffled_2,ConvexArea,ConvexArea_shuffled_1,ConvexArea_shuffled_2,EquivDiameter_shuffled_2,MajorAxisLength_shuffled_1,MinorAxisLength,MinorAxisLength_shuffled_2,ShapeFactor1,ShapeFactor1_shuffled_1,ShapeFactor1_shuffled_2,ShapeFactor2,ShapeFactor2_shuffled_1,ShapeFactor2_shuffled_2,ShapeFactor3,ShapeFactor3_shuffled_1,ShapeFactor3_shuffled_2,ShapeFactor4,ShapeFactor4_shuffled_1,Solidity_shuffled_2,roundness_shuffled_1,roundness_shuffled_2"
dry_beans_un_dirty,classification,23.120948553085327,0.8912963643040764,0.8981244333086928,0.9007432878400735,0.8957798944479273,0.9913837396985343,-0.09639650858350624,-0.09159993319904636,27,"Area_shuffled_1,AspectRation_shuffled_2,Class,Compactness,Compactness_shuffled_1,Compactness_shuffled_2,ConvexArea,ConvexArea_shuffled_1,ConvexArea_shuffled_2,EquivDiameter,EquivDiameter_shuffled_2,MajorAxisLength_shuffled_1,MinorAxisLength,MinorAxisLength_shuffled_2,ShapeFactor1,ShapeFactor1_shuffled_1,ShapeFactor1_shuffled_2,ShapeFactor2,ShapeFactor2_shuffled_1,ShapeFactor2_shuffled_2,ShapeFactor3,ShapeFactor3_shuffled_1,ShapeFactor3_shuffled_2,ShapeFactor4,ShapeFactor4_shuffled_1,Solidity_shuffled_2,roundness_shuffled_1,roundness_shuffled_2"
dry_beans_un_dirty,classification,23.120948553085327,0.9232464193903782,0.9351943052973889,0.9371277431651338,0.9334609866813707,0.9947064803870738,-0.07675358060962179,-0.0648056947026111,28,"Area_shuffled_1,AspectRation_shuffled_2,Class,Compactness,Compactness_shuffled_1,Compactness_shuffled_2,ConvexArea,ConvexArea_shuffled_1,ConvexArea_shuffled_2,EquivDiameter,EquivDiameter_shuffled_2,MajorAxisLength_shuffled_1,MinorAxisLength,MinorAxisLength_shuffled_2,ShapeFactor1,ShapeFactor1_shuffled_1,ShapeFactor1_shuffled_2,ShapeFactor2,ShapeFactor2_shuffled_1,ShapeFactor2_shuffled_2,ShapeFactor3,ShapeFactor3_shuffled_1,ShapeFactor3_shuffled_2,ShapeFactor4,ShapeFactor4_shuffled_1,Solidity_shuffled_2,roundness,roundness_shuffled_1,roundness_shuffled_2"
dry_beans_un_dirty,classification,23.120948553085327,0.9272860815277267,0.9394746137967804,0.9412865563918388,0.9379191993649484,0.9955801010624697,-0.060866012520767065,-0.051969784744353986,29,"Area_shuffled_1,AspectRation_shuffled_2,Class,Compactness,Compactness_shuffled_1,Compactness_shuffled_2,ConvexArea,ConvexArea_shuffled_1,ConvexArea_shuffled_2,EquivDiameter,EquivDiameter_shuffled_2,MajorAxisLength_shuffled_1,MinorAxisLength,MinorAxisLength_shuffled_2,Perimeter,ShapeFactor1,ShapeFactor1_shuffled_1,ShapeFactor1_shuffled_2,ShapeFactor2,ShapeFactor2_shuffled_1,ShapeFactor2_shuffled_2,ShapeFactor3,ShapeFactor3_shuffled_1,ShapeFactor3_shuffled_2,ShapeFactor4,ShapeFactor4_shuffled_1,Solidity_shuffled_2,roundness,roundness_shuffled_1,roundness_shuffled_2"
dry_beans_un_dirty,classification,23.120948553085327,0.9221446933529196,0.9355763817535335,0.9375533818464581,0.9337580712418204,0.9957443954434243,-0.0771205527896226,-0.06395130798465232,30,"Area_shuffled_1,AspectRation_shuffled_2,Class,Compactness,Compactness_shuffled_1,Compactness_shuffled_2,ConvexArea,ConvexArea_shuffled_1,ConvexArea_shuffled_2,EquivDiameter,EquivDiameter_shuffled_2,MajorAxisLength,MajorAxisLength_shuffled_1,MinorAxisLength,MinorAxisLength_shuffled_2,Perimeter,ShapeFactor1,ShapeFactor1_shuffled_1,ShapeFactor1_shuffled_2,ShapeFactor2,ShapeFactor2_shuffled_1,ShapeFactor2_shuffled_2,ShapeFactor3,ShapeFactor3_shuffled_1,ShapeFactor3_shuffled_2,ShapeFactor4,ShapeFactor4_shuffled_1,Solidity_shuffled_2,roundness,roundness_shuffled_1,roundness_shuffled_2"
dry_beans_un_dirty,classification,23.120948553085327,0.9265515975027543,0.9374198289133086,0.93916132981863,0.9358147980051896,0.9958131319442663,-0.07023385437086804,-0.06049031324059406,31,"Area_shuffled_1,AspectRation,AspectRation_shuffled_2,Class,Compactness,Compactness_shuffled_1,Compactness_shuffled_2,ConvexArea,ConvexArea_shuffled_1,ConvexArea_shuffled_2,EquivDiameter,EquivDiameter_shuffled_2,MajorAxisLength,MajorAxisLength_shuffled_1,MinorAxisLength,MinorAxisLength_shuffled_2,Perimeter,ShapeFactor1,ShapeFactor1_shuffled_1,ShapeFactor1_shuffled_2,ShapeFactor2,ShapeFactor2_shuffled_1,ShapeFactor2_shuffled_2,ShapeFactor3,ShapeFactor3_shuffled_1,ShapeFactor3_shuffled_2,ShapeFactor4,ShapeFactor4_shuffled_1,Solidity_shuffled_2,roundness,roundness_shuffled_1,roundness_shuffled_2"
dry_beans_un_dirty,classification,23.120948553085327,0.9221446933529196,0.9341305682780412,0.936406475829245,0.9321288876066405,0.9956045747071113,-0.0778553066470804,-0.0658694317219588,32,"Area_shuffled_1,AspectRation,AspectRation_shuffled_2,Class,Compactness,Compactness_shuffled_1,Compactness_shuffled_2,ConvexArea,ConvexArea_shuffled_1,ConvexArea_shuffled_2,Eccentricity,EquivDiameter,EquivDiameter_shuffled_2,MajorAxisLength,MajorAxisLength_shuffled_1,MinorAxisLength,MinorAxisLength_shuffled_2,Perimeter,ShapeFactor1,ShapeFactor1_shuffled_1,ShapeFactor1_shuffled_2,ShapeFactor2,ShapeFactor2_shuffled_1,ShapeFactor2_shuffled_2,ShapeFactor3,ShapeFactor3_shuffled_1,ShapeFactor3_shuffled_2,ShapeFactor4,ShapeFactor4_shuffled_1,Solidity_shuffled_2,roundness,roundness_shuffled_1,roundness_shuffled_2"
dry_beans_un_dirty,classification,23.120948553085327,0.9305912596401028,0.942926308026224,0.9458860162238044,0.940319518520795,0.9957122416893374,-0.045437395760338006,-0.038958750930209396,33,"Area_shuffled_1,AspectRation,AspectRation_shuffled_2,Class,Compactness,Compactness_shuffled_1,Compactness_shuffled_2,ConvexArea,ConvexArea_shuffled_1,ConvexArea_shuffled_2,Eccentricity,EquivDiameter,EquivDiameter_shuffled_2,MajorAxisLength,MajorAxisLength_shuffled_1,MinorAxisLength,MinorAxisLength_shuffled_2,Perimeter,ShapeFactor1,ShapeFactor1_shuffled_1,ShapeFactor1_shuffled_2,ShapeFactor2,ShapeFactor2_shuffled_1,ShapeFactor2_shuffled_2,ShapeFactor3,ShapeFactor3_shuffled_1,ShapeFactor3_shuffled_2,ShapeFactor4,ShapeFactor4_shuffled_1,Solidity,Solidity_shuffled_2,roundness,roundness_shuffled_1,roundness_shuffled_2"
dry_beans_un_dirty,classification,23.120948553085327,0.9305912596401028,0.942926308026224,0.9458860162238044,0.940319518520795,0.9957122416893374,-0.045437395760338006,-0.038958750930209396,34,"Area,Area_shuffled_1,AspectRation,AspectRation_shuffled_2,Class,Compactness,Compactness_shuffled_1,Compactness_shuffled_2,ConvexArea,ConvexArea_shuffled_1,ConvexArea_shuffled_2,Eccentricity,EquivDiameter,EquivDiameter_shuffled_2,MajorAxisLength,MajorAxisLength_shuffled_1,MinorAxisLength,MinorAxisLength_shuffled_2,Perimeter,ShapeFactor1,ShapeFactor1_shuffled_1,ShapeFactor1_shuffled_2,ShapeFactor2,ShapeFactor2_shuffled_1,ShapeFactor2_shuffled_2,ShapeFactor3,ShapeFactor3_shuffled_1,ShapeFactor3_shuffled_2,ShapeFactor4,ShapeFactor4_shuffled_1,Solidity,Solidity_shuffled_2,roundness,roundness_shuffled_1,roundness_shuffled_2"
dry_beans_un_dirty,classification,23.120948553085327,0.9298567756151304,0.9419189940149421,0.9442367477085485,0.9399124472233281,0.9959126202831508,-0.04727401057149716,-0.04120123114547414,35,"Area,Area_shuffled_1,AspectRation,AspectRation_shuffled_2,Class,Compactness,Compactness_shuffled_1,Compactness_shuffled_2,ConvexArea,ConvexArea_shuffled_1,ConvexArea_shuffled_2,Eccentricity,EquivDiameter,EquivDiameter_shuffled_2,MajorAxisLength,MajorAxisLength_shuffled_1,MinorAxisLength,MinorAxisLength_shuffled_2,Perimeter,ShapeFactor1,ShapeFactor1_shuffled_1,ShapeFactor1_shuffled_2,ShapeFactor2,ShapeFactor2_shuffled_1,ShapeFactor2_shuffled_2,ShapeFactor3,ShapeFactor3_shuffled_1,ShapeFactor3_shuffled_2,ShapeFactor4,ShapeFactor4_shuffled_1,Solidity,Solidity_shuffled_2,noise_categorical_2,roundness,roundness_shuffled_1,roundness_shuffled_2"
dry_beans_un_dirty,classification,23.120948553085327,0.9280205655526992,0.9407531062761689,0.9432558719312887,0.9385812230645539,0.9958649740785522,-0.0526921456890348,-0.04546213641268082,36,"Area,Area_shuffled_1,AspectRation,AspectRation_shuffled_2,Class,Compactness,Compactness_shuffled_1,Compactness_shuffled_2,ConvexArea,ConvexArea_shuffled_1,ConvexArea_shuffled_2,Eccentricity,Eccentricity_shuffled_1,EquivDiameter,EquivDiameter_shuffled_2,MajorAxisLength,MajorAxisLength_shuffled_1,MinorAxisLength,MinorAxisLength_shuffled_2,Perimeter,ShapeFactor1,ShapeFactor1_shuffled_1,ShapeFactor1_shuffled_2,ShapeFactor2,ShapeFactor2_shuffled_1,ShapeFactor2_shuffled_2,ShapeFactor3,ShapeFactor3_shuffled_1,ShapeFactor3_shuffled_2,ShapeFactor4,ShapeFactor4_shuffled_1,Solidity,Solidity_shuffled_2,noise_categorical_2,roundness,roundness_shuffled_1,roundness_shuffled_2"
dry_beans_un_dirty,classification,23.120948553085327,0.932427469702534,0.944170665221977,0.9469030533910796,0.9417635709872183,0.9956807705619909,-0.04075401450025806,-0.035315005787324605,37,"Area,Area_shuffled_1,AspectRation,AspectRation_shuffled_2,Class,Compactness,Compactness_shuffled_1,Compactness_shuffled_2,ConvexArea,ConvexArea_shuffled_1,ConvexArea_shuffled_2,Eccentricity,Eccentricity_shuffled_1,Eccentricity_shuffled_2,EquivDiameter,EquivDiameter_shuffled_2,MajorAxisLength,MajorAxisLength_shuffled_1,MinorAxisLength,MinorAxisLength_shuffled_2,Perimeter,ShapeFactor1,ShapeFactor1_shuffled_1,ShapeFactor1_shuffled_2,ShapeFactor2,ShapeFactor2_shuffled_1,ShapeFactor2_shuffled_2,ShapeFactor3,ShapeFactor3_shuffled_1,ShapeFactor3_shuffled_2,ShapeFactor4,ShapeFactor4_shuffled_1,Solidity,Solidity_shuffled_2,noise_categorical_2,roundness,roundness_shuffled_1,roundness_shuffled_2"
dry_beans_un_dirty,classification,23.120948553085327,0.9291222915901579,0.9419141271362145,0.9437462282361265,0.9403581997506851,0.9959135249623293,-0.05636631972505146,-0.04686443739997581,38,"Area,Area_shuffled_1,AspectRation,AspectRation_shuffled_2,Class,Compactness,Compactness_shuffled_1,Compactness_shuffled_2,ConvexArea,ConvexArea_shuffled_1,ConvexArea_shuffled_2,Eccentricity,Eccentricity_shuffled_1,Eccentricity_shuffled_2,EquivDiameter,EquivDiameter_shuffled_2,Extent,MajorAxisLength,MajorAxisLength_shuffled_1,MinorAxisLength,MinorAxisLength_shuffled_2,Perimeter,ShapeFactor1,ShapeFactor1_shuffled_1,ShapeFactor1_shuffled_2,ShapeFactor2,ShapeFactor2_shuffled_1,ShapeFactor2_shuffled_2,ShapeFactor3,ShapeFactor3_shuffled_1,ShapeFactor3_shuffled_2,ShapeFactor4,ShapeFactor4_shuffled_1,Solidity,Solidity_shuffled_2,noise_categorical_2,roundness,roundness_shuffled_1,roundness_shuffled_2"
dry_beans_un_dirty,classification,23.120948553085327,0.9291222915901579,0.942524427875071,0.9447739814409492,0.9404955186175125,0.9960626549071752,-0.06803053721219332,-0.055552219810797165,39,"Area,Area_shuffled_1,AspectRation,AspectRation_shuffled_2,Class,Compactness,Compactness_shuffled_1,Compactness_shuffled_2,ConvexArea,ConvexArea_shuffled_1,ConvexArea_shuffled_2,Eccentricity,Eccentricity_shuffled_1,Eccentricity_shuffled_2,EquivDiameter,EquivDiameter_shuffled_1,EquivDiameter_shuffled_2,Extent,MajorAxisLength,MajorAxisLength_shuffled_1,MinorAxisLength,MinorAxisLength_shuffled_2,Perimeter,ShapeFactor1,ShapeFactor1_shuffled_1,ShapeFactor1_shuffled_2,ShapeFactor2,ShapeFactor2_shuffled_1,ShapeFactor2_shuffled_2,ShapeFactor3,ShapeFactor3_shuffled_1,ShapeFactor3_shuffled_2,ShapeFactor4,ShapeFactor4_shuffled_1,Solidity,Solidity_shuffled_2,noise_categorical_2,roundness,roundness_shuffled_1,roundness_shuffled_2"
dry_beans_un_dirty,classification,23.120948553085327,0.932427469702534,0.9446480922398125,0.9472075088765674,0.9424569873769572,0.9962139699984685,-0.0471831107530134,-0.04064115116651468,40,"Area,Area_shuffled_1,AspectRation,AspectRation_shuffled_2,Class,Compactness,Compactness_shuffled_1,Compactness_shuffled_2,ConvexArea,ConvexArea_shuffled_1,ConvexArea_shuffled_2,Eccentricity,Eccentricity_shuffled_1,Eccentricity_shuffled_2,EquivDiameter,EquivDiameter_shuffled_1,EquivDiameter_shuffled_2,Extent,MajorAxisLength,MajorAxisLength_shuffled_1,MinorAxisLength,MinorAxisLength_shuffled_2,Perimeter,ShapeFactor1,ShapeFactor1_shuffled_1,ShapeFactor1_shuffled_2,ShapeFactor2,ShapeFactor2_shuffled_1,ShapeFactor2_shuffled_2,ShapeFactor3,ShapeFactor3_shuffled_1,ShapeFactor3_shuffled_2,ShapeFactor4,ShapeFactor4_shuffled_1,Solidity,Solidity_shuffled_2,noise_categorical_1,noise_categorical_2,roundness,roundness_shuffled_1,roundness_shuffled_2"
dry_beans_un_clean,classification,8.368513345718384,0.6228424531766434,0.5935247331338266,0.6088334424687437,0.6157810211337981,0.9225760382057603,-0.020342704795435873,-0.024370833821906968,1,"Class,ConvexArea"
dry_beans_un_clean,classification,8.368513345718384,0.879544619904517,0.8830561347524174,0.8863087557453456,0.8805115095606262,0.989042579058865,-0.016579553497393262,-0.015793744667581877,2,"Class,ConvexArea,ShapeFactor3"
dry_beans_un_clean,classification,8.368513345718384,0.8817480719794345,0.8858530157115755,0.89037870153831,0.8825180380051224,0.9887184327617737,-0.036877938307119495,-0.03511536749488686,3,"Class,ConvexArea,ShapeFactor1,ShapeFactor3"
dry_beans_un_clean,classification,8.368513345718384,0.8964377524788836,0.904351742221498,0.907829282283114,0.9014695810103416,0.9928949021147856,-0.01796342312728838,-0.016510362245747312,4,"Class,ConvexArea,Perimeter,ShapeFactor1,ShapeFactor3"
dry_beans_un_clean,classification,8.368513345718384,0.9004774146162321,0.9116493699442321,0.9184216720968357,0.9059016631943517,0.9865307039396124,-0.06462177715452466,-0.05863047686545597,5,"Class,ConvexArea,MinorAxisLength,Perimeter,ShapeFactor1,ShapeFactor3"
dry_beans_un_clean,classification,8.368513345718384,0.9155343371281675,0.9268476214651263,0.9284047291077686,0.9254502901687642,0.9952849405610457,-0.013929292555888373,-0.011752968700529665,6,"Class,ConvexArea,MinorAxisLength,Perimeter,ShapeFactor1,ShapeFactor3,roundness"
dry_beans_un_clean,classification,8.368513345718384,0.9162688211531399,0.9280952571516805,0.9302222000822283,0.926242604966788,0.9952490956912757,-0.008143375760893856,-0.005053437071840583,7,"Class,Compactness,ConvexArea,MinorAxisLength,Perimeter,ShapeFactor1,ShapeFactor3,roundness"
dry_beans_un_clean,classification,8.368513345718384,0.9206757253029747,0.9340167738849506,0.9354672639690417,0.9327756343016722,0.9952791221291001,-0.07656894773155876,-0.06421054262994363,8,"Class,Compactness,ConvexArea,MinorAxisLength,Perimeter,ShapeFactor1,ShapeFactor3,ShapeFactor4,roundness"
dry_beans_un_clean,classification,8.368513345718384,0.922879177377892,0.9354375787034862,0.9370859442056447,0.934238078915323,0.9955411357108039,-0.07519209374628133,-0.06332192540079706,9,"Class,Compactness,ConvexArea,MinorAxisLength,Perimeter,ShapeFactor1,ShapeFactor2,ShapeFactor3,ShapeFactor4,roundness"
dry_beans_un_clean,classification,8.368513345718384,0.9254498714652957,0.9371497232229532,0.9386197293590685,0.9359700363104098,0.9961584043960083,-0.02320920274484395,-0.020717120983323567,10,"Class,Compactness,ConvexArea,MajorAxisLength,MinorAxisLength,Perimeter,ShapeFactor1,ShapeFactor2,ShapeFactor3,ShapeFactor4,roundness"
dry_beans_un_clean,classification,8.368513345718384,0.9250826294528094,0.9377471344209395,0.9397506868431844,0.9359360633405736,0.995791021317098,-0.07409077245755069,-0.06172135476638152,11,"Class,Compactness,ConvexArea,MajorAxisLength,MinorAxisLength,Perimeter,ShapeFactor1,ShapeFactor2,ShapeFactor3,ShapeFactor4,Solidity,roundness"
dry_beans_un_clean,classification,8.368513345718384,0.927653323540213,0.9413052157514932,0.9419786421417976,0.9408810536923614,0.9961817893378287,-0.02973095272723736,-0.02454765713799556,12,"Class,Compactness,ConvexArea,EquivDiameter,MajorAxisLength,MinorAxisLength,Perimeter,ShapeFactor1,ShapeFactor2,ShapeFactor3,ShapeFactor4,Solidity,roundness"
dry_beans_un_clean,classification,8.368513345718384,0.9243481454278369,0.9378083701176131,0.9397655963892572,0.9360970616891081,0.9956900174477638,-0.07473341225034091,-0.06160109836868355,13,"Class,Compactness,ConvexArea,Eccentricity,EquivDiameter,MajorAxisLength,MinorAxisLength,Perimeter,ShapeFactor1,ShapeFactor2,ShapeFactor3,ShapeFactor4,Solidity,roundness"
dry_beans_un_clean,classification,8.368513345718384,0.927653323540213,0.9404288403414311,0.9419981201486481,0.9390546215120931,0.9960500688627022,-0.05434520695207212,-0.0469855343466854,14,"Area,Class,Compactness,ConvexArea,Eccentricity,EquivDiameter,MajorAxisLength,MinorAxisLength,Perimeter,ShapeFactor1,ShapeFactor2,ShapeFactor3,ShapeFactor4,Solidity,roundness"
dry_beans_un_clean,classification,8.368513345718384,0.9243481454278369,0.9378083701176131,0.9397655963892572,0.9360970616891081,0.9956900174477638,-0.07473341225034091,-0.06160109836868355,15,"Area,AspectRation,Class,Compactness,ConvexArea,Eccentricity,EquivDiameter,MajorAxisLength,MinorAxisLength,Perimeter,ShapeFactor1,ShapeFactor2,ShapeFactor3,ShapeFactor4,Solidity,roundness"
dry_beans_un_clean,classification,8.368513345718384,0.9291222915901579,0.9419381467240752,0.9434303610044686,0.9405977727757836,0.9961232408052655,-0.07041848724893096,-0.05776656949110315,16,"Area,AspectRation,Class,Compactness,ConvexArea,Eccentricity,EquivDiameter,Extent,MajorAxisLength,MinorAxisLength,Perimeter,ShapeFactor1,ShapeFactor2,ShapeFactor3,ShapeFactor4,Solidity,roundness"
dry_beans_mn_dirty,classification,29.718539476394653,0.6228424531766434,0.5935247331338266,0.6088334424687437,0.6157810211337981,0.9225760382057603,-0.020342704795435873,-0.024370833821906968,1,"Class,ConvexArea"
dry_beans_mn_dirty,classification,29.718539476394653,0.6165993389643776,0.5811156538130915,0.5950057044124727,0.6043390280193817,0.9201343960587522,-0.1155828799922719,-0.14366388101749628,2,"Class,ConvexArea,ConvexArea_shuffled_1"
dry_beans_mn_dirty,classification,29.718539476394653,0.6224752111641572,0.5917414380679612,0.6066320626058672,0.6133183901375645,0.9205072470132812,-0.07195902836560042,-0.08185297292310856,3,"Class,ConvexArea,ConvexArea_shuffled_1,ConvexArea_shuffled_2"
dry_beans_mn_dirty,classification,29.718539476394653,0.6195372750642674,0.5618148378609794,0.596805718304053,0.6018264932747359,0.9202118328689503,-0.036322386948958174,-0.042487916383019075,4,"Area_shuffled_1,Class,ConvexArea,ConvexArea_shuffled_1,ConvexArea_shuffled_2"
dry_beans_mn_dirty,classification,29.718539476394653,0.6213734851266985,0.5902708141657437,0.6120158192821121,0.6116376373732894,0.9193783016308357,-0.06176391384464608,-0.06536065642944888,5,"Area_shuffled_1,Class,ConvexArea,ConvexArea_shuffled_1,ConvexArea_shuffled_2,roundness_shuffled_2"
dry_beans_mn_dirty,classification,29.718539476394653,0.6169665809768637,0.5913182624817285,0.6068744977392246,0.6076097081114797,0.9191654087778588,-0.20035524121270276,-0.2302432996992192,6,"Area_shuffled_1,Class,ConvexArea,ConvexArea_shuffled_1,ConvexArea_shuffled_2,ShapeFactor1_shuffled_1,roundness_shuffled_2"
dry_beans_mn_dirty,classification,29.718539476394653,0.6232096951891296,0.5901551554786846,0.6135260558221987,0.6126624534794185,0.9211373810712784,-0.13184173758089246,-0.14973234993130058,7,"Area_shuffled_1,Class,ConvexArea,ConvexArea_shuffled_1,ConvexArea_shuffled_2,ShapeFactor1_shuffled_1,ShapeFactor1_shuffled_2,roundness_shuffled_2"
dry_beans_mn_dirty,classification,29.718539476394653,0.8721997796547926,0.8737169077048127,0.8751595152884557,0.8731609790333339,0.987063374860701,-0.12522858184410535,-0.12367485734600037,8,"Area_shuffled_1,Class,ConvexArea,ConvexArea_shuffled_1,ConvexArea_shuffled_2,ShapeFactor1_shuffled_1,ShapeFactor1_shuffled_2,ShapeFactor3,roundness_shuffled_2"
dry_beans_mn_dirty,classification,29.718539476394653,0.8744032317297099,0.8787168513791102,0.8819285720513241,0.8762551703263746,0.9865334653649273,-0.04780470361195066,-0.04484570194542281,9,"Area_shuffled_1,Class,ConvexArea,ConvexArea_shuffled_1,ConvexArea_shuffled_2,ShapeFactor1_shuffled_1,ShapeFactor1_shuffled_2,ShapeFactor2_shuffled_2,ShapeFactor3,roundness_shuffled_2"
dry_beans_mn_dirty,classification,29.718539476394653,0.8744032317297099,0.8787168513791102,0.8819285720513241,0.8762551703263746,0.9865384354870008,-0.04844761323722613,-0.04556884054124544,10,"Area_shuffled_1,Class,ConvexArea,ConvexArea_shuffled_1,ConvexArea_shuffled_2,ShapeFactor1_shuffled_1,ShapeFactor1_shuffled_2,ShapeFactor2_shuffled_2,ShapeFactor3,roundness_shuffled_2,spurious_cat_6"
dry_beans_mn_dirty,classification,29.718539476394653,0.8744032317297099,0.8787168513791102,0.8819285720513241,0.8762551703263746,0.9865384354870008,-0.04844761323722613,-0.04556884054124544,11,"Area_shuffled_1,Class,Compactness,ConvexArea,ConvexArea_shuffled_1,ConvexArea_shuffled_2,ShapeFactor1_shuffled_1,ShapeFactor1_shuffled_2,ShapeFactor2_shuffled_2,ShapeFactor3,roundness_shuffled_2,spurious_cat_6"
dry_beans_mn_dirty,classification,29.718539476394653,0.876239441792141,0.8802806178118688,0.8838919578875893,0.8774233477930681,0.9882204491100816,-0.10079950016230432,-0.09654231342327169,12,"Area_shuffled_1,Class,Compactness,ConvexArea,ConvexArea_shuffled_1,ConvexArea_shuffled_2,ShapeFactor1,ShapeFactor1_shuffled_1,ShapeFactor1_shuffled_2,ShapeFactor2_shuffled_2,ShapeFactor3,roundness_shuffled_2,spurious_cat_6"
dry_beans_mn_dirty,classification,29.718539476394653,0.8773411678295997,0.881258126839039,0.885320174104968,0.8782120857511035,0.9867420303102034,-0.04743840601316296,-0.04522187694911728,13,"Area_shuffled_1,Class,Compactness,ConvexArea,ConvexArea_shuffled_1,ConvexArea_shuffled_2,ShapeFactor1,ShapeFactor1_shuffled_1,ShapeFactor1_shuffled_2,ShapeFactor2_shuffled_2,ShapeFactor3,ShapeFactor3_shuffled_2,roundness_shuffled_2,spurious_cat_6"
dry_beans_mn_dirty,classification,29.718539476394653,0.8688946015424165,0.874261150753958,0.8780175255011616,0.8710550507051436,0.9866707350243313,-0.1311053984575835,-0.12573884924604195,14,"Area_shuffled_1,Class,Compactness,ConvexArea,ConvexArea_shuffled_1,ConvexArea_shuffled_2,ShapeFactor1,ShapeFactor1_shuffled_1,ShapeFactor1_shuffled_2,ShapeFactor2_shuffled_2,ShapeFactor3,ShapeFactor3_shuffled_2,Solidity_shuffled_2,roundness_shuffled_2,spurious_cat_6"
dry_beans_mn_dirty,classification,29.718539476394653,0.8733015056922512,0.8777081226016465,0.8819145004485653,0.8742630246001762,0.9855271791222783,-0.12669849430774882,-0.12229187739835345,15,"Area_shuffled_1,Class,Compactness,ConvexArea,ConvexArea_shuffled_1,ConvexArea_shuffled_2,ShapeFactor1,ShapeFactor1_shuffled_1,ShapeFactor1_shuffled_2,ShapeFactor2_shuffled_2,ShapeFactor3,ShapeFactor3_shuffled_1,ShapeFactor3_shuffled_2,Solidity_shuffled_2,roundness_shuffled_2,spurious_cat_6"
dry_beans_mn_dirty,classification,29.718539476394653,0.872934263679765,0.8765863982378936,0.8804983154701843,0.8736160418105179,0.9854475387441727,-0.127065736320235,-0.12341360176210636,16,"Area_shuffled_1,Class,Compactness,ConvexArea,ConvexArea_shuffled_1,ConvexArea_shuffled_2,ShapeFactor1,ShapeFactor1_shuffled_1,ShapeFactor1_shuffled_2,ShapeFactor2_shuffled_2,ShapeFactor3,ShapeFactor3_shuffled_1,ShapeFactor3_shuffled_2,Solidity_shuffled_2,roundness_shuffled_2,spurious_cat_5,spurious_cat_6"
dry_beans_mn_dirty,classification,29.718539476394653,0.8740359897172236,0.8773601478572673,0.880692839325951,0.8747613043527446,0.9851473465297429,-0.12596401028277637,-0.12263985214273265,17,"Area_shuffled_1,Class,Compactness,ConvexArea,ConvexArea_shuffled_1,ConvexArea_shuffled_2,ShapeFactor1,ShapeFactor1_shuffled_1,ShapeFactor1_shuffled_2,ShapeFactor2_shuffled_2,ShapeFactor3,ShapeFactor3_shuffled_1,ShapeFactor3_shuffled_2,Solidity_shuffled_2,roundness_shuffled_2,spurious_cat_5,spurious_cat_6,spurious_num_4"
dry_beans_mn_dirty,classification,29.718539476394653,0.8747704737421961,0.8783197358387813,0.8814554644049062,0.8759403471991835,0.9874597537692544,-0.07085774080593032,-0.06865017748335711,18,"Area_shuffled_1,Class,Compactness,ConvexArea,ConvexArea_shuffled_1,ConvexArea_shuffled_2,ShapeFactor1,ShapeFactor1_shuffled_1,ShapeFactor1_shuffled_2,ShapeFactor2,ShapeFactor2_shuffled_2,ShapeFactor3,ShapeFactor3_shuffled_1,ShapeFactor3_shuffled_2,Solidity_shuffled_2,roundness_shuffled_2,spurious_cat_5,spurious_cat_6,spurious_num_4"
dry_beans_mn_dirty,classification,29.718539476394653,0.8784428938670584,0.8811583034342482,0.8842531948615038,0.8788518555636513,0.9881074505527775,-0.09225879606681375,-0.09005620203401798,19,"Area_shuffled_1,Class,Compactness,ConvexArea,ConvexArea_shuffled_1,ConvexArea_shuffled_2,MinorAxisLength_shuffled_2,ShapeFactor1,ShapeFactor1_shuffled_1,ShapeFactor1_shuffled_2,ShapeFactor2,ShapeFactor2_shuffled_2,ShapeFactor3,ShapeFactor3_shuffled_1,ShapeFactor3_shuffled_2,Solidity_shuffled_2,roundness_shuffled_2,spurious_cat_5,spurious_cat_6,spurious_num_4"
dry_beans_mn_dirty,classification,29.718539476394653,0.8979067205288285,0.9038543297678322,0.9071379407163666,0.9008499788568111,0.9904751640183447,-0.10209327947117153,-0.0961456702321678,20,"Area_shuffled_1,Class,Compactness,ConvexArea,ConvexArea_shuffled_1,ConvexArea_shuffled_2,MinorAxisLength_shuffled_2,ShapeFactor1,ShapeFactor1_shuffled_1,ShapeFactor1_shuffled_2,ShapeFactor2,ShapeFactor2_shuffled_2,ShapeFactor3,ShapeFactor3_shuffled_1,ShapeFactor3_shuffled_2,ShapeFactor4,Solidity_shuffled_2,roundness_shuffled_2,spurious_cat_5,spurious_cat_6,spurious_num_4"
dry_beans_mn_dirty,classification,29.718539476394653,0.8946015424164524,0.9019871268880839,0.9057099243468746,0.8987500132615978,0.9911512917091683,-0.026045040978110445,-0.024284986666724184,21,"Area_shuffled_1,Class,Compactness,ConvexArea,ConvexArea_shuffled_1,ConvexArea_shuffled_2,MinorAxisLength_shuffled_2,ShapeFactor1,ShapeFactor1_shuffled_1,ShapeFactor1_shuffled_2,ShapeFactor2,ShapeFactor2_shuffled_1,ShapeFactor2_shuffled_2,ShapeFactor3,ShapeFactor3_shuffled_1,ShapeFactor3_shuffled_2,ShapeFactor4,Solidity_shuffled_2,roundness_shuffled_2,spurious_cat_5,spurious_cat_6,spurious_num_4"
dry_beans_mn_dirty,classification,29.718539476394653,0.914799853103195,0.9244191298403633,0.9273825216050912,0.9217882435761496,0.9942623141532819,-0.085200146896805,-0.07558087015963666,22,"Area_shuffled_1,Class,Compactness,ConvexArea,ConvexArea_shuffled_1,ConvexArea_shuffled_2,MinorAxisLength_shuffled_2,Perimeter,ShapeFactor1,ShapeFactor1_shuffled_1,ShapeFactor1_shuffled_2,ShapeFactor2,ShapeFactor2_shuffled_1,ShapeFactor2_shuffled_2,ShapeFactor3,ShapeFactor3_shuffled_1,ShapeFactor3_shuffled_2,ShapeFactor4,Solidity_shuffled_2,roundness_shuffled_2,spurious_cat_5,spurious_cat_6,spurious_num_4"
dry_beans_mn_dirty,classification,29.718539476394653,0.9122291590157914,0.9211422134261723,0.9235810886520884,0.9190204237537257,0.9939308371838861,-0.08777084098420862,-0.07885778657382769,23,"Area_shuffled_1,Class,Compactness,ConvexArea,ConvexArea_shuffled_1,ConvexArea_shuffled_2,MinorAxisLength_shuffled_2,Perimeter,ShapeFactor1,ShapeFactor1_shuffled_1,ShapeFactor1_shuffled_2,ShapeFactor2,ShapeFactor2_shuffled_1,ShapeFactor2_shuffled_2,ShapeFactor3,ShapeFactor3_shuffled_1,ShapeFactor3_shuffled_2,ShapeFactor4,Solidity_shuffled_2,roundness_shuffled_2,spurious_cat_2,spurious_cat_5,spurious_cat_6,spurious_num_4"
dry_beans_mn_dirty,classification,29.718539476394653,0.9173705471905986,0.9274922220336653,0.9300771558609725,0.9252098178251019,0.9946951575390844,-0.07390425075209062,-0.06651226288410306,24,"Area_shuffled_1,Class,Compactness,ConvexArea,ConvexArea_shuffled_1,ConvexArea_shuffled_2,MinorAxisLength_shuffled_2,Perimeter,ShapeFactor1,ShapeFactor1_shuffled_1,ShapeFactor1_shuffled_2,ShapeFactor2,ShapeFactor2_shuffled_1,ShapeFactor2_shuffled_2,ShapeFactor3,ShapeFactor3_shuffled_1,ShapeFactor3_shuffled_2,ShapeFactor4,Solidity_shuffled_2,roundness_shuffled_2,spurious_cat_2,spurious_cat_5,spurious_cat_6,spurious_num_4,spurious_num_6"
dry_beans_mn_dirty,classification,29.718539476394653,0.9140653690782226,0.9243462269523458,0.9271041637723593,0.9218929284936437,0.9944328365381102,-0.08005660006211546,-0.07137229418320501,25,"Area_shuffled_1,Class,Compactness,ConvexArea,ConvexArea_shuffled_1,ConvexArea_shuffled_2,MinorAxisLength,MinorAxisLength_shuffled_2,Perimeter,ShapeFactor1,ShapeFactor1_shuffled_1,ShapeFactor1_shuffled_2,ShapeFactor2,ShapeFactor2_shuffled_1,ShapeFactor2_shuffled_2,ShapeFactor3,ShapeFactor3_shuffled_1,ShapeFactor3_shuffled_2,ShapeFactor4,Solidity_shuffled_2,roundness_shuffled_2,spurious_cat_2,spurious_cat_5,spurious_cat_6,spurious_num_4,spurious_num_6"
dry_beans_mn_dirty,classification,29.718539476394653,0.9188395152405435,0.9277999961963269,0.9302902951012408,0.9255489506398193,0.9946298764458639,-0.07537429813197671,-0.06803460757379975,26,"Area_shuffled_1,Class,Compactness,ConvexArea,ConvexArea_shuffled_1,ConvexArea_shuffled_2,MinorAxisLength,MinorAxisLength_shuffled_2,Perimeter,ShapeFactor1,ShapeFactor1_shuffled_1,ShapeFactor1_shuffled_2,ShapeFactor2,ShapeFactor2_shuffled_1,ShapeFactor2_shuffled_2,ShapeFactor3,ShapeFactor3_shuffled_1,ShapeFactor3_shuffled_2,ShapeFactor4,Solidity_shuffled_2,roundness_shuffled_1,roundness_shuffled_2,spurious_cat_2,spurious_cat_5,spurious_cat_6,spurious_num_4,spurious_num_6"
dry_beans_mn_dirty,classification,29.718539476394653,0.9151670951156813,0.9243254815837634,0.9269359846146664,0.9219226905889817,0.9942405321020298,-0.055167217889461995,-0.051452186675887135,27,"Area_shuffled_1,Class,Compactness,ConvexArea,ConvexArea_shuffled_1,ConvexArea_shuffled_2,MinorAxisLength,MinorAxisLength_shuffled_2,Perimeter,ShapeFactor1,ShapeFactor1_shuffled_1,ShapeFactor1_shuffled_2,ShapeFactor2,ShapeFactor2_shuffled_1,ShapeFactor2_shuffled_2,ShapeFactor3,ShapeFactor3_shuffled_1,ShapeFactor3_shuffled_2,ShapeFactor4,Solidity_shuffled_2,roundness_shuffled_1,roundness_shuffled_2,spurious_cat_2,spurious_cat_4,spurious_cat_5,spurious_cat_6,spurious_num_4,spurious_num_6"
dry_beans_mn_dirty,classification,29.718539476394653,0.9247153874403232,0.9359273422394463,0.9379117500870996,0.9341797484806857,0.9957468847118205,-0.07528461255967678,-0.06407265776055371,28,"Area_shuffled_1,Class,Compactness,ConvexArea,ConvexArea_shuffled_1,ConvexArea_shuffled_2,MinorAxisLength,MinorAxisLength_shuffled_2,Perimeter,ShapeFactor1,ShapeFactor1_shuffled_1,ShapeFactor1_shuffled_2,ShapeFactor2,ShapeFactor2_shuffled_1,ShapeFactor2_shuffled_2,ShapeFactor3,ShapeFactor3_shuffled_1,ShapeFactor3_shuffled_2,ShapeFactor4,Solidity_shuffled_2,roundness,roundness_shuffled_1,roundness_shuffled_2,spurious_cat_2,spurious_cat_4,spurious_cat_5,spurious_cat_6,spurious_num_4,spurious_num_6"
dry_beans_mn_dirty,classification,29.718539476394653,0.9269188395152406,0.9388361976919216,0.9404445022608284,0.9374358774119788,0.9957803604263363,-0.06986661235838176,-0.05897084260670116,29,"Area_shuffled_1,Class,Compactness,ConvexArea,ConvexArea_shuffled_1,ConvexArea_shuffled_2,MajorAxisLength,MinorAxisLength,MinorAxisLength_shuffled_2,Perimeter,ShapeFactor1,ShapeFactor1_shuffled_1,ShapeFactor1_shuffled_2,ShapeFactor2,ShapeFactor2_shuffled_1,ShapeFactor2_shuffled_2,ShapeFactor3,ShapeFactor3_shuffled_1,ShapeFactor3_shuffled_2,ShapeFactor4,Solidity_shuffled_2,roundness,roundness_shuffled_1,roundness_shuffled_2,spurious_cat_2,spurious_cat_4,spurious_cat_5,spurious_cat_6,spurious_num_4,spurious_num_6"
dry_beans_mn_dirty,classification,29.718539476394653,0.9272860815277267,0.9392057680546065,0.9411774465205947,0.9375527860713956,0.9955102831712804,-0.07271391847227326,-0.06079423194539346,30,"Area_shuffled_1,AspectRation,Class,Compactness,ConvexArea,ConvexArea_shuffled_1,ConvexArea_shuffled_2,MajorAxisLength,MinorAxisLength,MinorAxisLength_shuffled_2,Perimeter,ShapeFactor1,ShapeFactor1_shuffled_1,ShapeFactor1_shuffled_2,ShapeFactor2,ShapeFactor2_shuffled_1,ShapeFactor2_shuffled_2,ShapeFactor3,ShapeFactor3_shuffled_1,ShapeFactor3_shuffled_2,ShapeFactor4,Solidity_shuffled_2,roundness,roundness_shuffled_1,roundness_shuffled_2,spurious_cat_2,spurious_cat_4,spurious_cat_5,spurious_cat_6,spurious_num_4,spurious_num_6"
dry_beans_mn_dirty,classification,29.718539476394653,0.9250826294528094,0.9370974055472612,0.9390279386773992,0.9354092946113975,0.9956256840764721,-0.07491737054719061,-0.06290259445273882,31,"Area_shuffled_1,AspectRation,Class,Compactness,ConvexArea,ConvexArea_shuffled_1,ConvexArea_shuffled_2,MajorAxisLength,MinorAxisLength,MinorAxisLength_shuffled_2,Perimeter,ShapeFactor1,ShapeFactor1_shuffled_1,ShapeFactor1_shuffled_2,ShapeFactor2,ShapeFactor2_shuffled_1,ShapeFactor2_shuffled_2,ShapeFactor3,ShapeFactor3_shuffled_1,ShapeFactor3_shuffled_2,ShapeFactor4,ShapeFactor4_shuffled_1,Solidity_shuffled_2,roundness,roundness_shuffled_1,roundness_shuffled_2,spurious_cat_2,spurious_cat_4,spurious_cat_5,spurious_cat_6,spurious_num_4,spurious_num_6"
dry_beans_mn_dirty,classification,29.718539476394653,0.9258171134777818,0.9369469256192602,0.9388570258889235,0.9353220724846721,0.9957113282740764,-0.07418288652221816,-0.06305307438073982,32,"Area_shuffled_1,AspectRation,Class,Compactness,ConvexArea,ConvexArea_shuffled_1,ConvexArea_shuffled_2,EquivDiameter,MajorAxisLength,MinorAxisLength,MinorAxisLength_shuffled_2,Perimeter,ShapeFactor1,ShapeFactor1_shuffled_1,ShapeFactor1_shuffled_2,ShapeFactor2,ShapeFactor2_shuffled_1,ShapeFactor2_shuffled_2,ShapeFactor3,ShapeFactor3_shuffled_1,ShapeFactor3_shuffled_2,ShapeFactor4,ShapeFactor4_shuffled_1,Solidity_shuffled_2,roundness,roundness_shuffled_1,roundness_shuffled_2,spurious_cat_2,spurious_cat_4,spurious_cat_5,spurious_cat_6,spurious_num_4,spurious_num_6"
dry_beans_mn_dirty,classification,29.718539476394653,0.9258171134777818,0.9369469256192602,0.9388570258889235,0.9353220724846721,0.9957113282740764,-0.07418288652221816,-0.06305307438073982,33,"Area_shuffled_1,AspectRation,Class,Compactness,ConvexArea,ConvexArea_shuffled_1,ConvexArea_shuffled_2,Eccentricity,EquivDiameter,MajorAxisLength,MinorAxisLength,MinorAxisLength_shuffled_2,Perimeter,ShapeFactor1,ShapeFactor1_shuffled_1,ShapeFactor1_shuffled_2,ShapeFactor2,ShapeFactor2_shuffled_1,ShapeFactor2_shuffled_2,ShapeFactor3,ShapeFactor3_shuffled_1,ShapeFactor3_shuffled_2,ShapeFactor4,ShapeFactor4_shuffled_1,Solidity_shuffled_2,roundness,roundness_shuffled_1,roundness_shuffled_2,spurious_cat_2,spurious_cat_4,spurious_cat_5,spurious_cat_6,spurious_num_4,spurious_num_6"
dry_beans_mn_dirty,classification,29.718539476394653,0.9272860815277267,0.9391652577088246,0.9403042217639489,0.9381480069755559,0.9959174142935682,-0.07197916461481546,-0.06036231708021256,34,"Area_shuffled_1,AspectRation,Class,Compactness,ConvexArea,ConvexArea_shuffled_1,ConvexArea_shuffled_2,Eccentricity,EquivDiameter,MajorAxisLength,MinorAxisLength,MinorAxisLength_shuffled_2,Perimeter,ShapeFactor1,ShapeFactor1_shuffled_1,ShapeFactor1_shuffled_2,ShapeFactor2,ShapeFactor2_shuffled_1,ShapeFactor2_shuffled_2,ShapeFactor3,ShapeFactor3_shuffled_1,ShapeFactor3_shuffled_2,ShapeFactor4,ShapeFactor4_shuffled_1,Solidity,Solidity_shuffled_2,roundness,roundness_shuffled_1,roundness_shuffled_2,spurious_cat_2,spurious_cat_4,spurious_cat_5,spurious_cat_6,spurious_num_4,spurious_num_6"
dry_beans_mn_dirty,classification,29.718539476394653,0.9250826294528094,0.9375540447606412,0.9396060135475961,0.9357231015625153,0.9958663834915177,-0.06729429927606645,-0.05657460960487348,35,"Area_shuffled_1,AspectRation,Class,Compactness,Compactness_shuffled_1,ConvexArea,ConvexArea_shuffled_1,ConvexArea_shuffled_2,Eccentricity,EquivDiameter,MajorAxisLength,MinorAxisLength,MinorAxisLength_shuffled_2,Perimeter,ShapeFactor1,ShapeFactor1_shuffled_1,ShapeFactor1_shuffled_2,ShapeFactor2,ShapeFactor2_shuffled_1,ShapeFactor2_shuffled_2,ShapeFactor3,ShapeFactor3_shuffled_1,ShapeFactor3_shuffled_2,ShapeFactor4,ShapeFactor4_shuffled_1,Solidity,Solidity_shuffled_2,roundness,roundness_shuffled_1,roundness_shuffled_2,spurious_cat_2,spurious_cat_4,spurious_cat_5,spurious_cat_6,spurious_num_4,spurious_num_6"
dry_beans_mn_dirty,classification,29.718539476394653,0.9272860815277267,0.9399787068496802,0.9427011053224466,0.9375544097462727,0.9958296295967893,-0.0669277318447935,-0.055718097594853244,36,"Area_shuffled_1,AspectRation,Class,Compactness,Compactness_shuffled_1,ConvexArea,ConvexArea_shuffled_1,ConvexArea_shuffled_2,Eccentricity,Eccentricity_shuffled_1,EquivDiameter,MajorAxisLength,MinorAxisLength,MinorAxisLength_shuffled_2,Perimeter,ShapeFactor1,ShapeFactor1_shuffled_1,ShapeFactor1_shuffled_2,ShapeFactor2,ShapeFactor2_shuffled_1,ShapeFactor2_shuffled_2,ShapeFactor3,ShapeFactor3_shuffled_1,ShapeFactor3_shuffled_2,ShapeFactor4,ShapeFactor4_shuffled_1,Solidity,Solidity_shuffled_2,roundness,roundness_shuffled_1,roundness_shuffled_2,spurious_cat_2,spurious_cat_4,spurious_cat_5,spurious_cat_6,spurious_num_4,spurious_num_6"
dry_beans_mn_dirty,classification,29.718539476394653,0.9283878075651855,0.9403923453545661,0.9420842828963772,0.9389266743246379,0.9955772987341538,-0.07161219243481454,-0.05960765464543394,37,"Area_shuffled_1,AspectRation,Class,Compactness,Compactness_shuffled_1,ConvexArea,ConvexArea_shuffled_1,ConvexArea_shuffled_2,Eccentricity,Eccentricity_shuffled_1,EquivDiameter,MajorAxisLength,MinorAxisLength,MinorAxisLength_shuffled_2,Perimeter,ShapeFactor1,ShapeFactor1_shuffled_1,ShapeFactor1_shuffled_2,ShapeFactor2,ShapeFactor2_shuffled_1,ShapeFactor2_shuffled_2,ShapeFactor3,ShapeFactor3_shuffled_1,ShapeFactor3_shuffled_2,ShapeFactor4,ShapeFactor4_shuffled_1,Solidity,Solidity_shuffled_2,roundness,roundness_shuffled_1,roundness_shuffled_2,spurious_cat_2,spurious_cat_4,spurious_cat_5,spurious_cat_6,spurious_num_4,spurious_num_5,spurious_num_6"
dry_beans_mn_dirty,classification,29.718539476394653,0.9305912596401028,0.9428004170649046,0.9453262941375437,0.9406515525458083,0.9959046917831726,-0.04920300927980903,-0.04302952382700442,38,"Area_shuffled_1,AspectRation,Class,Compactness,Compactness_shuffled_1,ConvexArea,ConvexArea_shuffled_1,ConvexArea_shuffled_2,Eccentricity,Eccentricity_shuffled_1,EquivDiameter,MajorAxisLength,MinorAxisLength,MinorAxisLength_shuffled_2,Perimeter,ShapeFactor1,ShapeFactor1_shuffled_1,ShapeFactor1_shuffled_2,ShapeFactor2,ShapeFactor2_shuffled_1,ShapeFactor2_shuffled_2,ShapeFactor3,ShapeFactor3_shuffled_1,ShapeFactor3_shuffled_2,ShapeFactor4,ShapeFactor4_shuffled_1,Solidity,Solidity_shuffled_2,roundness,roundness_shuffled_1,roundness_shuffled_2,spurious_cat_2,spurious_cat_3,spurious_cat_4,spurious_cat_5,spurious_cat_6,spurious_num_4,spurious_num_5,spurious_num_6"
dry_beans_mn_dirty,classification,29.718539476394653,0.9239809034153507,0.9367111362377722,0.9393800033806513,0.9342875110634388,0.9959480391289898,-0.06564069834805863,-0.055562850258808694,39,"Area_shuffled_1,AspectRation,Class,Compactness,Compactness_shuffled_1,ConvexArea,ConvexArea_shuffled_1,ConvexArea_shuffled_2,Eccentricity,Eccentricity_shuffled_1,EquivDiameter,EquivDiameter_shuffled_2,MajorAxisLength,MinorAxisLength,MinorAxisLength_shuffled_2,Perimeter,ShapeFactor1,ShapeFactor1_shuffled_1,ShapeFactor1_shuffled_2,ShapeFactor2,ShapeFactor2_shuffled_1,ShapeFactor2_shuffled_2,ShapeFactor3,ShapeFactor3_shuffled_1,ShapeFactor3_shuffled_2,ShapeFactor4,ShapeFactor4_shuffled_1,Solidity,Solidity_shuffled_2,roundness,roundness_shuffled_1,roundness_shuffled_2,spurious_cat_2,spurious_cat_3,spurious_cat_4,spurious_cat_5,spurious_cat_6,spurious_num_4,spurious_num_5,spurious_num_6"
dry_beans_mn_dirty,classification,29.718539476394653,0.9265515975027543,0.939458457614999,0.9423613985736965,0.9368834355721658,0.9954139016472434,-0.07252996017542357,-0.059887437844142744,40,"Area_shuffled_1,AspectRation,Class,Compactness,Compactness_shuffled_1,ConvexArea,ConvexArea_shuffled_1,ConvexArea_shuffled_2,Eccentricity,Eccentricity_shuffled_1,Eccentricity_shuffled_2,EquivDiameter,EquivDiameter_shuffled_2,MajorAxisLength,MinorAxisLength,MinorAxisLength_shuffled_2,Perimeter,ShapeFactor1,ShapeFactor1_shuffled_1,ShapeFactor1_shuffled_2,ShapeFactor2,ShapeFactor2_shuffled_1,ShapeFactor2_shuffled_2,ShapeFactor3,ShapeFactor3_shuffled_1,ShapeFactor3_shuffled_2,ShapeFactor4,ShapeFactor4_shuffled_1,Solidity,Solidity_shuffled_2,roundness,roundness_shuffled_1,roundness_shuffled_2,spurious_cat_2,spurious_cat_3,spurious_cat_4,spurious_cat_5,spurious_cat_6,spurious_num_4,spurious_num_5,spurious_num_6"
dry_beans_mn_clean,classification,8.422491788864136,0.6228424531766434,0.5935247331338266,0.6088334424687437,0.6157810211337981,0.9225760382057603,-0.020342704795435873,-0.024370833821906968,1,"Class,ConvexArea"
dry_beans_mn_clean,classification,8.422491788864136,0.8244583180315828,0.8183518550740624,0.8300692284365017,0.8182715437482349,0.9748353101030448,-0.030427795120511303,-0.031062521334657367,2,"Class,ConvexArea,Perimeter"
dry_beans_mn_clean,classification,8.422491788864136,0.906720528828498,0.9174546702717318,0.9199834250784141,0.9153113553177077,0.9926497257809949,-0.07408402664541824,-0.06624844843899391,3,"Class,ConvexArea,MinorAxisLength,Perimeter"
dry_beans_mn_clean,classification,8.422491788864136,0.9133308850532501,0.92424538400178,0.9262311082626038,0.9224365273719116,0.9935474612365055,-0.028164339046676368,-0.0257421402710174,4,"Class,ConvexArea,MajorAxisLength,MinorAxisLength,Perimeter"
dry_beans_mn_clean,classification,8.422491788864136,0.9144326110907087,0.9256487419429776,0.9282834021303614,0.9233253725101178,0.993792323977738,-0.05966731543390558,-0.05371374876912616,5,"Class,Compactness,ConvexArea,MajorAxisLength,MinorAxisLength,Perimeter"
dry_beans_mn_clean,classification,8.422491788864136,0.9089239809034153,0.9202199913749155,0.9226682776237644,0.9180155022464963,0.9939685076314727,-0.026785056569031407,-0.025132790457069287,6,"Class,Compactness,ConvexArea,MajorAxisLength,MinorAxisLength,Perimeter,ShapeFactor3"
dry_beans_mn_clean,classification,8.422491788864136,0.9092912229159016,0.9200177930477391,0.9229210504281153,0.917491817582916,0.9934571971324468,-0.028254699200189526,-0.02668455312724649,7,"Class,Compactness,ConvexArea,MajorAxisLength,MinorAxisLength,Perimeter,ShapeFactor2,ShapeFactor3"
dry_beans_mn_clean,classification,8.422491788864136,0.89386705839148,0.901128952010878,0.9037448717599851,0.8988867420424993,0.9925801588518552,-0.01741141332049656,-0.018223877775198294,8,"Class,Compactness,ConvexArea,MajorAxisLength,MinorAxisLength,Perimeter,ShapeFactor1,ShapeFactor2,ShapeFactor3"
dry_beans_mn_clean,classification,8.422491788864136,0.9103929489533603,0.9220172552226995,0.9248120550751195,0.9194839785878524,0.9937917061675287,-0.0833616432582488,-0.07380587035149722,9,"Class,Compactness,ConvexArea,Eccentricity,MajorAxisLength,MinorAxisLength,Perimeter,ShapeFactor1,ShapeFactor2,ShapeFactor3"
dry_beans_mn_clean,classification,8.422491788864136,0.9092912229159016,0.921609302281157,0.9244641772837745,0.9189967568806534,0.993576696403936,-0.08878004820827179,-0.07712958185375607,10,"Class,Compactness,ConvexArea,Eccentricity,EquivDiameter,MajorAxisLength,MinorAxisLength,Perimeter,ShapeFactor1,ShapeFactor2,ShapeFactor3"
dry_beans_mn_clean,classification,8.422491788864136,0.9173705471905986,0.928920309519101,0.9312723361453882,0.9267454380540723,0.9951844380854526,-0.014572876762377174,-0.012122667512648233,11,"Class,Compactness,ConvexArea,Eccentricity,EquivDiameter,MajorAxisLength,MinorAxisLength,Perimeter,ShapeFactor1,ShapeFactor2,ShapeFactor3,roundness"
dry_beans_mn_clean,classification,8.422491788864136,0.9159015791406537,0.927869333444766,0.9300388724078635,0.9259249496669477,0.9953822530588337,-0.015307090954864266,-0.012321460697417685,12,"AspectRation,Class,Compactness,ConvexArea,Eccentricity,EquivDiameter,MajorAxisLength,MinorAxisLength,Perimeter,ShapeFactor1,ShapeFactor2,ShapeFactor3,roundness"
dry_beans_mn_clean,classification,8.422491788864136,0.922879177377892,0.9339484663213753,0.9361823696858281,0.9319670384008324,0.9950810720796034,-0.05489451843401094,-0.04884952767084816,13,"AspectRation,Class,Compactness,ConvexArea,Eccentricity,EquivDiameter,Extent,MajorAxisLength,MinorAxisLength,Perimeter,ShapeFactor1,ShapeFactor2,ShapeFactor3,roundness"
dry_beans_mn_clean,classification,8.422491788864136,0.9184722732280572,0.9297726149847735,0.9322785857937337,0.9274972751716062,0.994747989552651,-0.07372096703645414,-0.06485903374444613,14,"Area,AspectRation,Class,Compactness,ConvexArea,Eccentricity,EquivDiameter,Extent,MajorAxisLength,MinorAxisLength,Perimeter,ShapeFactor1,ShapeFactor2,ShapeFactor3,roundness"
dry_beans_mn_clean,classification,8.422491788864136,0.9265515975027543,0.9391981603247009,0.9409146782111125,0.9377397968011003,0.9955319963264486,-0.07344840249724571,-0.06080183967529906,15,"Area,AspectRation,Class,Compactness,ConvexArea,Eccentricity,EquivDiameter,Extent,MajorAxisLength,MinorAxisLength,Perimeter,ShapeFactor1,ShapeFactor2,ShapeFactor3,ShapeFactor4,roundness"
dry_beans_mn_clean,classification,8.422491788864136,0.9280205655526992,0.9411761302378098,0.9421420689324497,0.9404221159329789,0.9960912544211376,-0.0667443132129143,-0.05544422629972434,16,"Area,AspectRation,Class,Compactness,ConvexArea,Eccentricity,EquivDiameter,Extent,MajorAxisLength,MinorAxisLength,Perimeter,ShapeFactor1,ShapeFactor2,ShapeFactor3,ShapeFactor4,Solidity,roundness"
mice_protein,classification,1.9076652526855469,0.2638888888888889,0.10440891472868218,0.06598297213622291,0.25,0.7856424041907913,0.0,0.0,1,"Genotype,class"
mice_protein,classification,1.9076652526855469,0.5138888888888888,0.33999999999999997,0.2578125,0.5,0.928526133364843,0.0,0.0,2,"Genotype,Treatment,class"
mice_protein,classification,1.9076652526855469,1.0,1.0,1.0,1.0,1.0,0.0,0.0,3,"Behavior,Genotype,Treatment,class"
mice_protein,classification,1.9076652526855469,1.0,1.0,1.0,1.0,0.9995519713261648,0.0,0.0,4,"Behavior,CaNA_N,Genotype,Treatment,class"
mice_protein,classification,1.9076652526855469,1.0,1.0,1.0,1.0,1.0,0.0,0.0,5,"Behavior,CaNA_N,Genotype,Treatment,class,pS6_N"
mice_protein,classification,1.9076652526855469,1.0,1.0,1.0,1.0,1.0,0.0,0.0,6,"Behavior,CaNA_N,Genotype,Treatment,Ubiquitin_N,class,pS6_N"
mice_protein,classification,1.9076652526855469,1.0,1.0,1.0,1.0,0.999820788530466,0.0,0.0,7,"Behavior,CaNA_N,Genotype,H3AcK18_N,Treatment,Ubiquitin_N,class,pS6_N"
mice_protein,classification,1.9076652526855469,1.0,1.0,1.0,1.0,1.0,0.0,0.0,8,"ARC_N,Behavior,CaNA_N,Genotype,H3AcK18_N,Treatment,Ubiquitin_N,class,pS6_N"
mice_protein,classification,1.9076652526855469,1.0,1.0,1.0,1.0,1.0,0.0,0.0,9,"ARC_N,Behavior,CaNA_N,Genotype,H3AcK18_N,Treatment,Ubiquitin_N,class,pPKCG_N,pS6_N"
mice_protein,classification,1.9076652526855469,0.9861111111111112,0.986106346483705,0.9862637362637363,0.9861111111111112,0.9996472268052317,-0.0127314814814814,-0.012736221301098416,10,"ARC_N,Behavior,CaNA_N,Genotype,H3AcK18_N,Tau_N,Treatment,Ubiquitin_N,class,pPKCG_N,pS6_N"
mice_protein,classification,1.9076652526855469,1.0,1.0,1.0,1.0,1.0,0.0,0.0,11,"ARC_N,Behavior,CaNA_N,Genotype,H3AcK18_N,S6_N,Tau_N,Treatment,Ubiquitin_N,class,pPKCG_N,pS6_N"
mice_protein,classification,1.9076652526855469,0.9953703703703703,0.9953687821612349,0.9955357142857143,0.9953703703703703,0.9997697037795603,-0.00347222222222221,-0.0034737856235684816,12,"ARC_N,AcetylH3K9_N,Behavior,CaNA_N,Genotype,H3AcK18_N,S6_N,Tau_N,Treatment,Ubiquitin_N,class,pPKCG_N,pS6_N"
mice_protein,classification,1.9076652526855469,1.0,1.0,1.0,1.0,1.0,0.0,0.0,13,"ARC_N,AcetylH3K9_N,Behavior,CaNA_N,Genotype,H3AcK18_N,IL1B_N,S6_N,Tau_N,Treatment,Ubiquitin_N,class,pPKCG_N,pS6_N"
mice_protein,classification,1.9076652526855469,0.9953703703703703,0.9953687821612349,0.9955357142857143,0.9953703703703703,0.9998879928315412,-0.00462962962962965,-0.004631217838765078,14,"ARC_N,AcetylH3K9_N,Behavior,CaNA_N,Genotype,H3AcK18_N,IL1B_N,PSD95_N,S6_N,Tau_N,Treatment,Ubiquitin_N,class,pPKCG_N,pS6_N"
mice_protein,classification,1.9076652526855469,1.0,1.0,1.0,1.0,1.0,0.0,0.0,15,"ARC_N,AcetylH3K9_N,Behavior,CaNA_N,Genotype,H3AcK18_N,IL1B_N,PSD95_N,S6_N,SOD1_N,Tau_N,Treatment,Ubiquitin_N,class,pPKCG_N,pS6_N"
mice_protein,classification,1.9076652526855469,0.9953703703703703,0.9955923291060934,0.9959677419354839,0.9953703703703703,0.9997060552616108,-0.00347222222222221,-0.0033076033458993015,16,"ARC_N,AcetylH3K9_N,Behavior,CaNA_N,Genotype,H3AcK18_N,IL1B_N,PSD95_N,S6_N,SOD1_N,Tau_N,Treatment,Ubiquitin_N,class,nNOS_N,pPKCG_N,pS6_N"
mice_protein,classification,1.9076652526855469,0.9953703703703703,0.9953687821612349,0.9955357142857143,0.9953703703703703,0.9992496507430797,-0.00347222222222221,-0.0034737856235684816,17,"ARC_N,AcetylH3K9_N,Behavior,CaNA_N,Genotype,H3AcK18_N,IL1B_N,PSD95_N,S6_N,SNCA_N,SOD1_N,Tau_N,Treatment,Ubiquitin_N,class,nNOS_N,pPKCG_N,pS6_N"
mice_protein,classification,1.9076652526855469,0.9953703703703703,0.9953687821612349,0.9955357142857143,0.9953703703703703,0.9999510092102685,-0.00462962962962965,-0.004631217838765078,18,"ARC_N,AcetylH3K9_N,Behavior,CaNA_N,Genotype,H3AcK18_N,IL1B_N,PSD95_N,S6_N,SNCA_N,SOD1_N,Tau_N,Treatment,Ubiquitin_N,class,nNOS_N,pGSK3B_Tyr216_N,pPKCG_N,pS6_N"
mice_protein,classification,1.9076652526855469,1.0,1.0,1.0,1.0,1.0,0.0,0.0,19,"ARC_N,AcetylH3K9_N,Behavior,CaNA_N,Genotype,H3AcK18_N,IL1B_N,P3525_N,PSD95_N,S6_N,SNCA_N,SOD1_N,Tau_N,Treatment,Ubiquitin_N,class,nNOS_N,pGSK3B_Tyr216_N,pPKCG_N,pS6_N"
mice_protein,classification,1.9076652526855469,0.9722222222222222,0.9726568704170652,0.975389081027668,0.9722222222222222,0.9994366059180875,-0.02777777777777779,-0.027343129582934833,20,"ARC_N,AcetylH3K9_N,Behavior,CaNA_N,Genotype,H3AcK18_N,IL1B_N,P3525_N,PSD95_N,S6_N,SNCA_N,SOD1_N,Tau_N,Treatment,Ubiquitin_N,class,nNOS_N,pGSK3B_N,pGSK3B_Tyr216_N,pPKCG_N,pS6_N"
mice_protein,classification,1.9076652526855469,1.0,1.0,1.0,1.0,1.0,0.0,0.0,21,"ADARB1_N,ARC_N,AcetylH3K9_N,Behavior,CaNA_N,Genotype,H3AcK18_N,IL1B_N,P3525_N,PSD95_N,S6_N,SNCA_N,SOD1_N,Tau_N,Treatment,Ubiquitin_N,class,nNOS_N,pGSK3B_N,pGSK3B_Tyr216_N,pPKCG_N,pS6_N"
mice_protein,classification,1.9076652526855469,0.9907407407407407,0.9908704000917116,0.9915034562211982,0.9907407407407407,0.9995435954814689,-0.00810185185185186,-0.007972167693091836,22,"ADARB1_N,ARC_N,AcetylH3K9_N,Behavior,CaNA_N,Genotype,H3AcK18_N,IL1B_N,P3525_N,PSD95_N,S6_N,SHH_N,SNCA_N,SOD1_N,Tau_N,Treatment,Ubiquitin_N,class,nNOS_N,pGSK3B_N,pGSK3B_Tyr216_N,pPKCG_N,pS6_N"
mice_protein,classification,1.9076652526855469,0.9907407407407407,0.9908704000917116,0.9915034562211982,0.9907407407407407,0.9995435954814689,-0.00810185185185186,-0.007972167693091836,23,"ADARB1_N,ARC_N,AcetylH3K9_N,BAD_N,Behavior,CaNA_N,Genotype,H3AcK18_N,IL1B_N,P3525_N,PSD95_N,S6_N,SHH_N,SNCA_N,SOD1_N,Tau_N,Treatment,Ubiquitin_N,class,nNOS_N,pGSK3B_N,pGSK3B_Tyr216_N,pPKCG_N,pS6_N"
mice_protein,classification,1.9076652526855469,0.9629629629629629,0.9628077414252054,0.966993354241338,0.9621031746031746,0.99942111850714,-0.03356481481481488,-0.03373031015976857,24,"ADARB1_N,ARC_N,AcetylH3K9_N,BAD_N,Behavior,CaNA_N,Genotype,H3AcK18_N,IL1B_N,P3525_N,PSD95_N,S6_N,SHH_N,SNCA_N,SOD1_N,Tau_N,Treatment,Ubiquitin_N,class,nNOS_N,pGSK3B_N,pGSK3B_Tyr216_N,pP70S6_N,pPKCG_N,pS6_N"
mice_protein,classification,1.9076652526855469,0.9768518518518519,0.976699173852513,0.9795345522803114,0.9768518518518519,0.9994966986529112,-0.02083333333333337,-0.02098581285759593,25,"ADARB1_N,APP_N,ARC_N,AcetylH3K9_N,BAD_N,Behavior,CaNA_N,Genotype,H3AcK18_N,IL1B_N,P3525_N,PSD95_N,S6_N,SHH_N,SNCA_N,SOD1_N,Tau_N,Treatment,Ubiquitin_N,class,nNOS_N,pGSK3B_N,pGSK3B_Tyr216_N,pP70S6_N,pPKCG_N,pS6_N"
mice_protein,classification,1.9076652526855469,0.9953703703703703,0.9955923291060934,0.9959677419354839,0.9953703703703703,0.9998775230256711,-0.00462962962962965,-0.00440767089390659,26,"ADARB1_N,APP_N,ARC_N,AcetylH3K9_N,BAD_N,Behavior,CaNA_N,Genotype,H3AcK18_N,IL1B_N,P3525_N,PSD95_N,S6_N,SHH_N,SNCA_N,SOD1_N,Tau_N,Treatment,Ubiquitin_N,class,nNOS_N,pGSK3B_N,pGSK3B_Tyr216_N,pNUMB_N,pP70S6_N,pPKCG_N,pS6_N"
mice_protein,classification,1.9076652526855469,0.9907407407407407,0.990047274400703,0.9910714285714286,0.9894179894179894,0.9990739950566713,-0.0092592592592593,-0.009952725599297052,27,"ADARB1_N,APP_N,ARC_N,AcetylH3K9_N,BAD_N,Behavior,CaNA_N,Genotype,H3AcK18_N,IL1B_N,P3525_N,P38_N,PSD95_N,S6_N,SHH_N,SNCA_N,SOD1_N,Tau_N,Treatment,Ubiquitin_N,class,nNOS_N,pGSK3B_N,pGSK3B_Tyr216_N,pNUMB_N,pP70S6_N,pPKCG_N,pS6_N"
mice_protein,classification,1.9076652526855469,0.9907407407407407,0.990047274400703,0.9910714285714286,0.9894179894179894,0.9990739950566713,-0.0092592592592593,-0.009952725599297052,28,"ADARB1_N,APP_N,ARC_N,AcetylH3K9_N,BAD_N,Behavior,CaNA_N,ERBB4_N,Genotype,H3AcK18_N,IL1B_N,P3525_N,P38_N,PSD95_N,S6_N,SHH_N,SNCA_N,SOD1_N,Tau_N,Treatment,Ubiquitin_N,class,nNOS_N,pGSK3B_N,pGSK3B_Tyr216_N,pNUMB_N,pP70S6_N,pPKCG_N,pS6_N"
mice_protein,classification,1.9076652526855469,1.0,1.0,1.0,1.0,1.0,0.0,0.0,29,"ADARB1_N,APP_N,ARC_N,AcetylH3K9_N,BAD_N,Behavior,CaNA_N,ERBB4_N,Genotype,H3AcK18_N,IL1B_N,P3525_N,P38_N,PSD95_N,S6_N,SHH_N,SNCA_N,SOD1_N,Tau_N,Treatment,Ubiquitin_N,class,nNOS_N,pGSK3B_N,pGSK3B_Tyr216_N,pMTOR_N,pNUMB_N,pP70S6_N,pPKCG_N,pS6_N"
mice_protein,classification,1.9076652526855469,0.9814814814814815,0.9811461693195792,0.9826635058489898,0.9801587301587302,0.9986701371109974,-0.01388888888888884,-0.014332325617244623,30,"ADARB1_N,APP_N,ARC_N,AcetylH3K9_N,BAD_N,Behavior,CaNA_N,ERBB4_N,Genotype,H3AcK18_N,IL1B_N,P3525_N,P38_N,PSD95_N,S6_N,SHH_N,SNCA_N,SOD1_N,Tau_N,Treatment,Ubiquitin_N,class,nNOS_N,pCASP9_N,pGSK3B_N,pGSK3B_Tyr216_N,pMTOR_N,pNUMB_N,pP70S6_N,pPKCG_N,pS6_N"
mice_protein,classification,1.9076652526855469,1.0,1.0,1.0,1.0,1.0,0.0,0.0,31,"ADARB1_N,APP_N,ARC_N,AcetylH3K9_N,BAD_N,Behavior,CaNA_N,ERBB4_N,Genotype,GluR3_N,H3AcK18_N,IL1B_N,P3525_N,P38_N,PSD95_N,S6_N,SHH_N,SNCA_N,SOD1_N,Tau_N,Treatment,Ubiquitin_N,class,nNOS_N,pCASP9_N,pGSK3B_N,pGSK3B_Tyr216_N,pMTOR_N,pNUMB_N,pP70S6_N,pPKCG_N,pS6_N"
mice_protein,classification,1.9076652526855469,1.0,1.0,1.0,1.0,0.9999020184205369,0.00347222222222221,0.003881821990326273,32,"ADARB1_N,APP_N,ARC_N,AcetylH3K9_N,BAD_N,BRAF_N,Behavior,CaNA_N,ERBB4_N,Genotype,GluR3_N,H3AcK18_N,IL1B_N,P3525_N,P38_N,PSD95_N,S6_N,SHH_N,SNCA_N,SOD1_N,Tau_N,Treatment,Ubiquitin_N,class,nNOS_N,pCASP9_N,pGSK3B_N,pGSK3B_Tyr216_N,pMTOR_N,pNUMB_N,pP70S6_N,pPKCG_N,pS6_N"
mice_protein,classification,1.9076652526855469,1.0,1.0,1.0,1.0,0.9997060552616108,0.0011574074074074403,0.0011000675480072886,33,"ADARB1_N,APP_N,ARC_N,AcetylH3K9_N,BAD_N,BRAF_N,Behavior,CaNA_N,ERBB4_N,Genotype,GluR3_N,H3AcK18_N,IL1B_N,P3525_N,P38_N,PSD95_N,RAPTOR_N,S6_N,SHH_N,SNCA_N,SOD1_N,Tau_N,Treatment,Ubiquitin_N,class,nNOS_N,pCASP9_N,pGSK3B_N,pGSK3B_Tyr216_N,pMTOR_N,pNUMB_N,pP70S6_N,pPKCG_N,pS6_N"
mice_protein,classification,1.9076652526855469,1.0,1.0,1.0,1.0,1.0,0.00347222222222221,0.0037581405693225545,34,"ADARB1_N,APP_N,ARC_N,AcetylH3K9_N,BAD_N,BRAF_N,Behavior,CDK5_N,CaNA_N,ERBB4_N,Genotype,GluR3_N,H3AcK18_N,IL1B_N,P3525_N,P38_N,PSD95_N,RAPTOR_N,S6_N,SHH_N,SNCA_N,SOD1_N,Tau_N,Treatment,Ubiquitin_N,class,nNOS_N,pCASP9_N,pGSK3B_N,pGSK3B_Tyr216_N,pMTOR_N,pNUMB_N,pP70S6_N,pPKCG_N,pS6_N"
mice_protein,classification,1.9076652526855469,0.9861111111111112,0.9857724392760379,0.987471198156682,0.9847883597883598,0.9991181657848325,-0.0057870370370369795,-0.004895727537717942,35,"ADARB1_N,APP_N,ARC_N,AcetylH3K9_N,BAD_N,BRAF_N,Behavior,CDK5_N,CaNA_N,ERBB4_N,Genotype,GluR3_N,H3AcK18_N,IL1B_N,P3525_N,P38_N,PSD95_N,RAPTOR_N,S6_N,SHH_N,SNCA_N,SOD1_N,SYP_N,Tau_N,Treatment,Ubiquitin_N,class,nNOS_N,pCASP9_N,pGSK3B_N,pGSK3B_Tyr216_N,pMTOR_N,pNUMB_N,pP70S6_N,pPKCG_N,pS6_N"
mice_protein,classification,1.9076652526855469,0.9814814814814815,0.9819007903685324,0.9829282407407407,0.9814814814814815,0.9989598939270385,-0.01504629629629628,-0.014729551533586793,36,"ADARB1_N,APP_N,ARC_N,AcetylH3K9_N,BAD_N,BRAF_N,Behavior,CDK5_N,CaNA_N,ERBB4_N,Genotype,GluR3_N,H3AcK18_N,IL1B_N,NR2B_N,P3525_N,P38_N,PSD95_N,RAPTOR_N,S6_N,SHH_N,SNCA_N,SOD1_N,SYP_N,Tau_N,Treatment,Ubiquitin_N,class,nNOS_N,pCASP9_N,pGSK3B_N,pGSK3B_Tyr216_N,pMTOR_N,pNUMB_N,pP70S6_N,pPKCG_N,pS6_N"
mice_protein,classification,1.9076652526855469,1.0,1.0,1.0,1.0,1.0,0.0,0.0,37,"ADARB1_N,APP_N,ARC_N,AcetylH3K9_N,BAD_N,BRAF_N,Behavior,CDK5_N,CaNA_N,ERBB4_N,Genotype,GluR3_N,H3AcK18_N,IL1B_N,MTOR_N,NR2B_N,P3525_N,P38_N,PSD95_N,RAPTOR_N,S6_N,SHH_N,SNCA_N,SOD1_N,SYP_N,Tau_N,Treatment,Ubiquitin_N,class,nNOS_N,pCASP9_N,pGSK3B_N,pGSK3B_Tyr216_N,pMTOR_N,pNUMB_N,pP70S6_N,pPKCG_N,pS6_N"
mice_protein,classification,1.9076652526855469,0.9861111111111112,0.9864676770801113,0.9871277915632755,0.9861111111111112,0.9989353985321727,-0.01041666666666663,-0.010162664822007894,38,"ADARB1_N,APP_N,ARC_N,AcetylH3K9_N,BAD_N,BRAF_N,Behavior,CDK5_N,CaNA_N,ERBB4_N,Genotype,GluR3_N,GluR4_N,H3AcK18_N,IL1B_N,MTOR_N,NR2B_N,P3525_N,P38_N,PSD95_N,RAPTOR_N,S6_N,SHH_N,SNCA_N,SOD1_N,SYP_N,Tau_N,Treatment,Ubiquitin_N,class,nNOS_N,pCASP9_N,pGSK3B_N,pGSK3B_Tyr216_N,pMTOR_N,pNUMB_N,pP70S6_N,pPKCG_N,pS6_N"
mice_protein,classification,1.9076652526855469,1.0,1.0,1.0,1.0,1.0,0.0,0.0,39,"ADARB1_N,APP_N,ARC_N,AcetylH3K9_N,BAD_N,BRAF_N,Behavior,CDK5_N,CaNA_N,ERBB4_N,Genotype,GluR3_N,GluR4_N,H3AcK18_N,H3MeK4_N,IL1B_N,MTOR_N,NR2B_N,P3525_N,P38_N,PSD95_N,RAPTOR_N,S6_N,SHH_N,SNCA_N,SOD1_N,SYP_N,Tau_N,Treatment,Ubiquitin_N,class,nNOS_N,pCASP9_N,pGSK3B_N,pGSK3B_Tyr216_N,pMTOR_N,pNUMB_N,pP70S6_N,pPKCG_N,pS6_N"
mice_protein,classification,1.9076652526855469,1.0,1.0,1.0,1.0,1.0,0.0,0.0,40,"ADARB1_N,APP_N,ARC_N,AcetylH3K9_N,BAD_N,BRAF_N,Behavior,CDK5_N,CaNA_N,ERBB4_N,Genotype,GluR3_N,GluR4_N,H3AcK18_N,H3MeK4_N,IL1B_N,MTOR_N,NR2B_N,NUMB_N,P3525_N,P38_N,PSD95_N,RAPTOR_N,S6_N,SHH_N,SNCA_N,SOD1_N,SYP_N,Tau_N,Treatment,Ubiquitin_N,class,nNOS_N,pCASP9_N,pGSK3B_N,pGSK3B_Tyr216_N,pMTOR_N,pNUMB_N,pP70S6_N,pPKCG_N,pS6_N"
mice_protein_un_dirty,classification,2.267327308654785,0.2638888888888889,0.10440891472868218,0.06598297213622291,0.25,0.7856424041907913,0.0,0.0,1,"Genotype,class"
mice_protein_un_dirty,classification,2.267327308654785,0.5138888888888888,0.33999999999999997,0.2578125,0.5,0.928526133364843,0.0,0.0,2,"Genotype,Treatment,class"
mice_protein_un_dirty,classification,2.267327308654785,1.0,1.0,1.0,1.0,1.0,0.0,0.0,3,"Behavior,Genotype,Treatment,class"
mice_protein_un_dirty,classification,2.267327308654785,1.0,1.0,1.0,1.0,1.0,0.0,0.0,4,"APP_N,Behavior,Genotype,Treatment,class"
mice_protein_un_dirty,classification,2.267327308654785,1.0,1.0,1.0,1.0,0.9997795414462081,0.0,0.0,5,"APP_N,BRAF_N,Behavior,Genotype,Treatment,class"
mice_protein_un_dirty,classification,2.267327308654785,1.0,1.0,1.0,1.0,1.0,0.0,0.0,6,"APP_N,BRAF_N,Behavior,Genotype,Treatment,class,pPKCAB_N"
mice_protein_un_dirty,classification,2.267327308654785,1.0,1.0,1.0,1.0,1.0,0.0,0.0,7,"AKT_N,APP_N,BRAF_N,Behavior,Genotype,Treatment,class,pPKCAB_N"
mice_protein_un_dirty,classification,2.267327308654785,1.0,1.0,1.0,1.0,1.0,0.0,0.0,8,"AKT_N,APP_N,BRAF_N,Behavior,GSK3B_N,Genotype,Treatment,class,pPKCAB_N"
mice_protein_un_dirty,classification,2.267327308654785,1.0,1.0,1.0,1.0,1.0,0.0,0.0,9,"AKT_N,APP_N,BRAF_N,Behavior,GSK3B_N,Genotype,TRKA_N,Treatment,class,pPKCAB_N"
mice_protein_un_dirty,classification,2.267327308654785,1.0,1.0,1.0,1.0,0.9999510092102685,0.0,0.0,10,"AKT_N,APP_N,BRAF_N,Behavior,CAMKII_N,GSK3B_N,Genotype,TRKA_N,Treatment,class,pPKCAB_N"
mice_protein_un_dirty,classification,2.267327308654785,1.0,1.0,1.0,1.0,0.9999510092102685,0.0,0.0,11,"AKT_N,APP_N,BRAF_N,Behavior,CAMKII_N,GSK3B_N,Genotype,TRKA_N,Treatment,class,pPKCAB_N,pRSK_N"
mice_protein_un_dirty,classification,2.267327308654785,1.0,1.0,1.0,1.0,0.9998775230256711,0.0,0.0,12,"AKT_N,APP_N,BRAF_N,Behavior,CAMKII_N,GSK3B_N,Genotype,JNK_N,TRKA_N,Treatment,class,pPKCAB_N,pRSK_N"
mice_protein_un_dirty,classification,2.267327308654785,1.0,1.0,1.0,1.0,1.0,0.0,0.0,13,"AKT_N,APP_N,BRAF_N,Behavior,CAMKII_N,GSK3B_N,Genotype,JNK_N,MEK_N,TRKA_N,Treatment,class,pPKCAB_N,pRSK_N"
mice_protein_un_dirty,classification,2.267327308654785,1.0,1.0,1.0,1.0,1.0,0.0,0.0,14,"AKT_N,APP_N,BRAF_N,Behavior,CAMKII_N,ELK_N,GSK3B_N,Genotype,JNK_N,MEK_N,TRKA_N,Treatment,class,pPKCAB_N,pRSK_N"
mice_protein_un_dirty,classification,2.267327308654785,1.0,1.0,1.0,1.0,0.9997795414462081,0.0,0.0,15,"AKT_N,APP_N,BRAF_N,Behavior,CAMKII_N,ELK_N,ERK_N,GSK3B_N,Genotype,JNK_N,MEK_N,TRKA_N,Treatment,class,pPKCAB_N,pRSK_N"
mice_protein_un_dirty,classification,2.267327308654785,1.0,1.0,1.0,1.0,0.9999510092102685,0.0,0.0,16,"AKT_N,APP_N,BRAF_N,Bcatenin_N,Behavior,CAMKII_N,ELK_N,ERK_N,GSK3B_N,Genotype,JNK_N,MEK_N,TRKA_N,Treatment,class,pPKCAB_N,pRSK_N"
mice_protein_un_dirty,classification,2.267327308654785,1.0,1.0,1.0,1.0,0.9997795414462081,0.0,0.0,17,"AKT_N,APP_N,BRAF_N,Bcatenin_N,Behavior,CAMKII_N,CREB_N,ELK_N,ERK_N,GSK3B_N,Genotype,JNK_N,MEK_N,TRKA_N,Treatment,class,pPKCAB_N,pRSK_N"
mice_protein_un_dirty,classification,2.267327308654785,1.0,1.0,1.0,1.0,0.9997795414462081,0.0,0.0,18,"AKT_N,APP_N,BRAF_N,Bcatenin_N,Behavior,CAMKII_N,CREB_N,ELK_N,ERK_N,GSK3B_N,Genotype,JNK_N,MEK_N,RSK_N,TRKA_N,Treatment,class,pPKCAB_N,pRSK_N"
mice_protein_un_dirty,classification,2.267327308654785,1.0,1.0,1.0,1.0,0.9997795414462081,0.0,0.0,19,"AKT_N,APP_N,BRAF_N,Bcatenin_N,Behavior,CAMKII_N,CREB_N,ELK_N,ERK_N,GSK3B_N,Genotype,JNK_N,MEK_N,RSK_N,TRKA_N,Treatment,class,pNR2B_N,pPKCAB_N,pRSK_N"
mice_protein_un_dirty,classification,2.267327308654785,1.0,1.0,1.0,1.0,1.0,0.0,0.0,20,"AKT_N,APP_N,BRAF_N,Bcatenin_N,Behavior,CAMKII_N,CREB_N,ELK_N,ERK_N,GSK3B_N,Genotype,JNK_N,MEK_N,RSK_N,TRKA_N,Treatment,Ubiquitin_N_shuffled_1,class,pNR2B_N,pPKCAB_N,pRSK_N"
mice_protein_un_dirty,classification,2.267327308654785,1.0,1.0,1.0,1.0,1.0,0.0,0.0,21,"AKT_N,APP_N,BRAF_N,Bcatenin_N,Behavior,CAMKII_N,CREB_N,ELK_N,ERK_N,GSK3B_N,Genotype,JNK_N,MEK_N,RSK_N,TRKA_N,Treatment,Ubiquitin_N_shuffled_1,class,pGSK3B_Tyr216_N_shuffled_1,pNR2B_N,pPKCAB_N,pRSK_N"
mice_protein_un_dirty,classification,2.267327308654785,1.0,1.0,1.0,1.0,1.0,0.0,0.0,22,"AKT_N,APP_N,BRAF_N,Bcatenin_N,Behavior,CAMKII_N,CREB_N,ELK_N,ERK_N,GSK3B_N,Genotype,JNK_N,MEK_N,RSK_N,TRKA_N,Treatment,Ubiquitin_N_shuffled_1,class,pGSK3B_Tyr216_N_shuffled_1,pNR2B_N,pPKCAB_N,pRSK_N,pS6_N_shuffled_2"
mice_protein_un_dirty,classification,2.267327308654785,1.0,1.0,1.0,1.0,1.0,0.0,0.0,23,"AKT_N,APP_N,BRAF_N,Bcatenin_N,Behavior,CAMKII_N,CREB_N,ELK_N,ERK_N,GSK3B_N,Genotype,JNK_N,MEK_N,RSK_N,TRKA_N,Treatment,Ubiquitin_N_shuffled_1,class,pGSK3B_Tyr216_N_shuffled_1,pNR2B_N,pPKCAB_N,pRSK_N,pS6_N_shuffled_1,pS6_N_shuffled_2"
mice_protein_un_dirty,classification,2.267327308654785,1.0,1.0,1.0,1.0,0.9998285322359397,0.0,0.0,24,"AKT_N,APP_N,BRAF_N,Bcatenin_N,Behavior,CAMKII_N,CREB_N,EGR1_N_shuffled_2,ELK_N,ERK_N,GSK3B_N,Genotype,JNK_N,MEK_N,RSK_N,TRKA_N,Treatment,Ubiquitin_N_shuffled_1,class,pGSK3B_Tyr216_N_shuffled_1,pNR2B_N,pPKCAB_N,pRSK_N,pS6_N_shuffled_1,pS6_N_shuffled_2"
mice_protein_un_dirty,classification,2.267327308654785,1.0,1.0,1.0,1.0,0.999331512772373,0.0,0.0,25,"AKT_N,APP_N,BRAF_N,Bcatenin_N,Behavior,CAMKII_N,CREB_N,CaNA_N,EGR1_N_shuffled_2,ELK_N,ERK_N,GSK3B_N,Genotype,JNK_N,MEK_N,RSK_N,TRKA_N,Treatment,Ubiquitin_N_shuffled_1,class,pGSK3B_Tyr216_N_shuffled_1,pNR2B_N,pPKCAB_N,pRSK_N,pS6_N_shuffled_1,pS6_N_shuffled_2"
mice_protein_un_dirty,classification,2.267327308654785,1.0,1.0,1.0,1.0,1.0,0.0,0.0,26,"AKT_N,APP_N,BRAF_N,Bcatenin_N,Behavior,CAMKII_N,CREB_N,CaNA_N,EGR1_N_shuffled_2,ELK_N,ERK_N,GSK3B_N,Genotype,IL1B_N_shuffled_1,JNK_N,MEK_N,RSK_N,TRKA_N,Treatment,Ubiquitin_N_shuffled_1,class,pGSK3B_Tyr216_N_shuffled_1,pNR2B_N,pPKCAB_N,pRSK_N,pS6_N_shuffled_1,pS6_N_shuffled_2"
mice_protein_un_dirty,classification,2.267327308654785,1.0,1.0,1.0,1.0,1.0,0.0,0.0,27,"AKT_N,APP_N,BRAF_N,Bcatenin_N,Behavior,CAMKII_N,CREB_N,CaNA_N,EGR1_N_shuffled_2,ELK_N,ERK_N,GSK3B_N,Genotype,IL1B_N_shuffled_1,JNK_N,MEK_N,RSK_N,TRKA_N,Treatment,Ubiquitin_N_shuffled_1,class,pCFOS_N_shuffled_1,pGSK3B_Tyr216_N_shuffled_1,pNR2B_N,pPKCAB_N,pRSK_N,pS6_N_shuffled_1,pS6_N_shuffled_2"
mice_protein_un_dirty,classification,2.267327308654785,1.0,1.0,1.0,1.0,1.0,0.0,0.0,28,"AKT_N,APP_N,BRAF_N,Bcatenin_N,Behavior,CAMKII_N,CREB_N,CaNA_N,EGR1_N_shuffled_1,EGR1_N_shuffled_2,ELK_N,ERK_N,GSK3B_N,Genotype,IL1B_N_shuffled_1,JNK_N,MEK_N,RSK_N,TRKA_N,Treatment,Ubiquitin_N_shuffled_1,class,pCFOS_N_shuffled_1,pGSK3B_Tyr216_N_shuffled_1,pNR2B_N,pPKCAB_N,pRSK_N,pS6_N_shuffled_1,pS6_N_shuffled_2"
mice_protein_un_dirty,classification,2.267327308654785,1.0,1.0,1.0,1.0,1.0,0.0,0.0,29,"AKT_N,APP_N,BRAF_N,Bcatenin_N,Behavior,CAMKII_N,CREB_N,CaNA_N,EGR1_N_shuffled_1,EGR1_N_shuffled_2,ELK_N,ERK_N,GSK3B_N,Genotype,GluR4_N_shuffled_1,IL1B_N_shuffled_1,JNK_N,MEK_N,RSK_N,TRKA_N,Treatment,Ubiquitin_N_shuffled_1,class,pCFOS_N_shuffled_1,pGSK3B_Tyr216_N_shuffled_1,pNR2B_N,pPKCAB_N,pRSK_N,pS6_N_shuffled_1,pS6_N_shuffled_2"
mice_protein_un_dirty,classification,2.267327308654785,1.0,1.0,1.0,1.0,1.0,0.0,0.0,30,"AKT_N,APP_N,BRAF_N,Bcatenin_N,Behavior,CAMKII_N,CREB_N,CaNA_N,EGR1_N_shuffled_1,EGR1_N_shuffled_2,ELK_N,ERK_N,GSK3B_N,Genotype,GluR4_N_shuffled_1,IL1B_N_shuffled_1,JNK_N,MEK_N,RRP1_N_shuffled_1,RSK_N,TRKA_N,Treatment,Ubiquitin_N_shuffled_1,class,pCFOS_N_shuffled_1,pGSK3B_Tyr216_N_shuffled_1,pNR2B_N,pPKCAB_N,pRSK_N,pS6_N_shuffled_1,pS6_N_shuffled_2"
mice_protein_un_dirty,classification,2.267327308654785,1.0,1.0,1.0,1.0,0.999331512772373,0.0,0.0,31,"AKT_N,APP_N,BRAF_N,Bcatenin_N,Behavior,CAMKII_N,CREB_N,CaNA_N,EGR1_N_shuffled_1,EGR1_N_shuffled_2,ELK_N,ERK_N,GSK3B_N,Genotype,GluR4_N_shuffled_1,IL1B_N_shuffled_1,JNK_N,MEK_N,RRP1_N_shuffled_1,RSK_N,TRKA_N,Treatment,Ubiquitin_N_shuffled_1,class,pCFOS_N_shuffled_1,pGSK3B_Tyr216_N_shuffled_1,pGSK3B_Tyr216_N_shuffled_2,pNR2B_N,pPKCAB_N,pRSK_N,pS6_N_shuffled_1,pS6_N_shuffled_2"
mice_protein_un_dirty,classification,2.267327308654785,1.0,1.0,1.0,1.0,0.9999775985663082,0.0,0.0,32,"AKT_N,APP_N,BRAF_N,Bcatenin_N,Behavior,CAMKII_N,CREB_N,CaNA_N,EGR1_N_shuffled_1,EGR1_N_shuffled_2,ELK_N,ERK_N,GSK3B_N,Genotype,GluR4_N_shuffled_1,IL1B_N_shuffled_1,JNK_N,MEK_N,RAPTOR_N_shuffled_1,RRP1_N_shuffled_1,RSK_N,TRKA_N,Treatment,Ubiquitin_N_shuffled_1,class,pCFOS_N_shuffled_1,pGSK3B_Tyr216_N_shuffled_1,pGSK3B_Tyr216_N_shuffled_2,pNR2B_N,pPKCAB_N,pRSK_N,pS6_N_shuffled_1,pS6_N_shuffled_2"
mice_protein_un_dirty,classification,2.267327308654785,1.0,1.0,1.0,1.0,1.0,0.0,0.0,33,"AKT_N,APP_N,BRAF_N,Bcatenin_N,Behavior,CAMKII_N,CREB_N,CaNA_N,EGR1_N_shuffled_1,EGR1_N_shuffled_2,ELK_N,ERK_N,GSK3B_N,Genotype,GluR4_N_shuffled_1,IL1B_N_shuffled_1,JNK_N,MEK_N,RAPTOR_N_shuffled_1,RRP1_N_shuffled_1,RSK_N,TRKA_N,Treatment,Ubiquitin_N,Ubiquitin_N_shuffled_1,class,pCFOS_N_shuffled_1,pGSK3B_Tyr216_N_shuffled_1,pGSK3B_Tyr216_N_shuffled_2,pNR2B_N,pPKCAB_N,pRSK_N,pS6_N_shuffled_1,pS6_N_shuffled_2"
mice_protein_un_dirty,classification,2.267327308654785,1.0,1.0,1.0,1.0,0.999331512772373,0.0,0.0,34,"AKT_N,APP_N,BAD_N_shuffled_1,BRAF_N,Bcatenin_N,Behavior,CAMKII_N,CREB_N,CaNA_N,EGR1_N_shuffled_1,EGR1_N_shuffled_2,ELK_N,ERK_N,GSK3B_N,Genotype,GluR4_N_shuffled_1,IL1B_N_shuffled_1,JNK_N,MEK_N,RAPTOR_N_shuffled_1,RRP1_N_shuffled_1,RSK_N,TRKA_N,Treatment,Ubiquitin_N,Ubiquitin_N_shuffled_1,class,pCFOS_N_shuffled_1,pGSK3B_Tyr216_N_shuffled_1,pGSK3B_Tyr216_N_shuffled_2,pNR2B_N,pPKCAB_N,pRSK_N,pS6_N_shuffled_1,pS6_N_shuffled_2"
mice_protein_un_dirty,classification,2.267327308654785,1.0,1.0,1.0,1.0,1.0,0.0,0.0,35,"AKT_N,APP_N,BAD_N_shuffled_1,BRAF_N,Bcatenin_N,Behavior,CAMKII_N,CREB_N,CaNA_N,EGR1_N_shuffled_1,EGR1_N_shuffled_2,ELK_N,ERK_N,GSK3B_N,Genotype,GluR4_N_shuffled_1,H3MeK4_N_shuffled_2,IL1B_N_shuffled_1,JNK_N,MEK_N,RAPTOR_N_shuffled_1,RRP1_N_shuffled_1,RSK_N,TRKA_N,Treatment,Ubiquitin_N,Ubiquitin_N_shuffled_1,class,pCFOS_N_shuffled_1,pGSK3B_Tyr216_N_shuffled_1,pGSK3B_Tyr216_N_shuffled_2,pNR2B_N,pPKCAB_N,pRSK_N,pS6_N_shuffled_1,pS6_N_shuffled_2"
mice_protein_un_dirty,classification,2.267327308654785,1.0,1.0,1.0,1.0,0.999331512772373,0.0,0.0,36,"AKT_N,APP_N,BAD_N_shuffled_1,BRAF_N,Bcatenin_N,Behavior,CAMKII_N,CREB_N,CaNA_N,EGR1_N_shuffled_1,EGR1_N_shuffled_2,ELK_N,ERK_N,GSK3B_N,Genotype,GluR4_N_shuffled_1,H3MeK4_N_shuffled_2,IL1B_N_shuffled_1,JNK_N,MEK_N,RAPTOR_N_shuffled_1,RRP1_N_shuffled_1,RSK_N,TRKA_N,Treatment,Ubiquitin_N,Ubiquitin_N_shuffled_1,class,nNOS_N_shuffled_1,pCFOS_N_shuffled_1,pGSK3B_Tyr216_N_shuffled_1,pGSK3B_Tyr216_N_shuffled_2,pNR2B_N,pPKCAB_N,pRSK_N,pS6_N_shuffled_1,pS6_N_shuffled_2"
mice_protein_un_dirty,classification,2.267327308654785,1.0,1.0,1.0,1.0,1.0,0.0,0.0,37,"AKT_N,APP_N,BAD_N_shuffled_1,BRAF_N,Bcatenin_N,Behavior,CAMKII_N,CREB_N,CaNA_N,EGR1_N_shuffled_1,EGR1_N_shuffled_2,ELK_N,ERK_N,GSK3B_N,Genotype,GluR4_N_shuffled_1,H3MeK4_N_shuffled_2,IL1B_N_shuffled_1,JNK_N,MEK_N,RAPTOR_N_shuffled_1,RRP1_N_shuffled_1,RSK_N,TRKA_N,Treatment,Ubiquitin_N,Ubiquitin_N_shuffled_1,class,nNOS_N_shuffled_1,pCFOS_N_shuffled_1,pGSK3B_Tyr216_N_shuffled_1,pGSK3B_Tyr216_N_shuffled_2,pNR2B_N,pPKCAB_N,pRSK_N,pS6_N,pS6_N_shuffled_1,pS6_N_shuffled_2"
mice_protein_un_dirty,classification,2.267327308654785,1.0,1.0,1.0,1.0,0.9995519713261649,0.0,0.0,38,"AKT_N,APP_N,BAD_N_shuffled_1,BCL2_N_shuffled_2,BRAF_N,Bcatenin_N,Behavior,CAMKII_N,CREB_N,CaNA_N,EGR1_N_shuffled_1,EGR1_N_shuffled_2,ELK_N,ERK_N,GSK3B_N,Genotype,GluR4_N_shuffled_1,H3MeK4_N_shuffled_2,IL1B_N_shuffled_1,JNK_N,MEK_N,RAPTOR_N_shuffled_1,RRP1_N_shuffled_1,RSK_N,TRKA_N,Treatment,Ubiquitin_N,Ubiquitin_N_shuffled_1,class,nNOS_N_shuffled_1,pCFOS_N_shuffled_1,pGSK3B_Tyr216_N_shuffled_1,pGSK3B_Tyr216_N_shuffled_2,pNR2B_N,pPKCAB_N,pRSK_N,pS6_N,pS6_N_shuffled_1,pS6_N_shuffled_2"
mice_protein_un_dirty,classification,2.267327308654785,0.9953703703703703,0.995368782161235,0.9955357142857143,0.9953703703703703,1.0,-0.00462962962962965,-0.004631217838764967,39,"AKT_N,APP_N,BAD_N_shuffled_1,BCL2_N_shuffled_2,BRAF_N,Bcatenin_N,Behavior,CAMKII_N,CREB_N,CaNA_N,EGR1_N_shuffled_1,EGR1_N_shuffled_2,ELK_N,ERK_N,GSK3B_N,Genotype,GluR4_N_shuffled_1,H3AcK18_N_shuffled_2,H3MeK4_N_shuffled_2,IL1B_N_shuffled_1,JNK_N,MEK_N,RAPTOR_N_shuffled_1,RRP1_N_shuffled_1,RSK_N,TRKA_N,Treatment,Ubiquitin_N,Ubiquitin_N_shuffled_1,class,nNOS_N_shuffled_1,pCFOS_N_shuffled_1,pGSK3B_Tyr216_N_shuffled_1,pGSK3B_Tyr216_N_shuffled_2,pNR2B_N,pPKCAB_N,pRSK_N,pS6_N,pS6_N_shuffled_1,pS6_N_shuffled_2"
mice_protein_un_dirty,classification,2.267327308654785,1.0,1.0,1.0,1.0,1.0,0.0,0.0,40,"AKT_N,APP_N,BAD_N_shuffled_1,BCL2_N_shuffled_2,BRAF_N,Bcatenin_N,Behavior,CAMKII_N,CREB_N,CaNA_N,EGR1_N_shuffled_1,EGR1_N_shuffled_2,ELK_N,ERK_N,GSK3B_N,Genotype,GluR4_N_shuffled_1,H3AcK18_N_shuffled_2,H3MeK4_N_shuffled_2,IL1B_N_shuffled_1,JNK_N,MEK_N,RAPTOR_N_shuffled_1,RRP1_N_shuffled_1,RSK_N,SHH_N_shuffled_2,TRKA_N,Treatment,Ubiquitin_N,Ubiquitin_N_shuffled_1,class,nNOS_N_shuffled_1,pCFOS_N_shuffled_1,pGSK3B_Tyr216_N_shuffled_1,pGSK3B_Tyr216_N_shuffled_2,pNR2B_N,pPKCAB_N,pRSK_N,pS6_N,pS6_N_shuffled_1,pS6_N_shuffled_2"
mice_protein_un_clean,classification,1.9381182193756104,0.2638888888888889,0.10440891472868218,0.06598297213622291,0.25,0.7856424041907913,0.0,0.0,1,"Genotype,class"
mice_protein_un_clean,classification,1.9381182193756104,0.5138888888888888,0.33999999999999997,0.2578125,0.5,0.928526133364843,0.0,0.0,2,"Genotype,Treatment,class"
mice_protein_un_clean,classification,1.9381182193756104,1.0,1.0,1.0,1.0,1.0,0.0,0.0,3,"Behavior,Genotype,Treatment,class"
mice_protein_un_clean,classification,1.9381182193756104,0.9907407407407407,0.9911600496277916,0.9921875,0.9907407407407407,0.9998530276308054,-0.0092592592592593,-0.008839950372208416,4,"Behavior,Genotype,Treatment,class,pPKCG_N"
mice_protein_un_clean,classification,1.9381182193756104,1.0,1.0,1.0,1.0,1.0,0.0,0.0,5,"Behavior,Genotype,Treatment,class,pPKCG_N,pS6_N"
mice_protein_un_clean,classification,1.9381182193756104,0.9722222222222222,0.9721377166531457,0.9731987444897623,0.9722222222222222,0.9995345874975505,-0.02083333333333337,-0.020912476397047297,6,"Behavior,Genotype,Treatment,class,pPKCAB_N,pPKCG_N,pS6_N"
mice_protein_un_clean,classification,1.9381182193756104,1.0,1.0,1.0,1.0,1.0,0.0,0.0,7,"Behavior,Genotype,Treatment,class,pERK_N,pPKCAB_N,pPKCG_N,pS6_N"
mice_protein_un_clean,classification,1.9381182193756104,1.0,1.0,1.0,1.0,0.9999755046051342,0.0,0.0,8,"Behavior,Genotype,Treatment,class,pERK_N,pP70S6_N,pPKCAB_N,pPKCG_N,pS6_N"
mice_protein_un_clean,classification,1.9381182193756104,1.0,1.0,1.0,1.0,1.0,0.0,0.0,9,"Behavior,Genotype,Treatment,class,pCAMKII_N,pERK_N,pP70S6_N,pPKCAB_N,pPKCG_N,pS6_N"
mice_protein_un_clean,classification,1.9381182193756104,1.0,1.0,1.0,1.0,1.0,0.0,0.0,10,"Behavior,Genotype,SOD1_N,Treatment,class,pCAMKII_N,pERK_N,pP70S6_N,pPKCAB_N,pPKCG_N,pS6_N"
mice_protein_un_clean,classification,1.9381182193756104,0.9953703703703703,0.995368782161235,0.9955357142857143,0.9953703703703703,0.9998775230256711,-0.00462962962962965,-0.004631217838764967,11,"Behavior,Genotype,SOD1_N,Treatment,class,pCAMKII_N,pERK_N,pGSK3B_N,pP70S6_N,pPKCAB_N,pPKCG_N,pS6_N"
mice_protein_un_clean,classification,1.9381182193756104,1.0,1.0,1.0,1.0,1.0,0.0,0.0,12,"Behavior,Genotype,SOD1_N,Treatment,class,pCAMKII_N,pERK_N,pGSK3B_N,pNR2A_N,pP70S6_N,pPKCAB_N,pPKCG_N,pS6_N"
mice_protein_un_clean,classification,1.9381182193756104,0.9861111111111112,0.986574074074074,0.986574074074074,0.986574074074074,0.999685747789093,-0.01388888888888884,-0.013425925925925952,13,"Behavior,Genotype,SOD1_N,Treatment,class,pCAMKII_N,pERK_N,pGSK3B_N,pNR2A_N,pNUMB_N,pP70S6_N,pPKCAB_N,pPKCG_N,pS6_N"
mice_protein_un_clean,classification,1.9381182193756104,1.0,1.0,1.0,1.0,1.0,0.0,0.0,14,"Behavior,Genotype,SOD1_N,Tau_N,Treatment,class,pCAMKII_N,pERK_N,pGSK3B_N,pNR2A_N,pNUMB_N,pP70S6_N,pPKCAB_N,pPKCG_N,pS6_N"
mice_protein_un_clean,classification,1.9381182193756104,1.0,1.0,1.0,1.0,1.0,0.0023148148148147696,0.002257474955414729,15,"Behavior,Genotype,SOD1_N,Tau_N,Treatment,class,pCAMKII_N,pERK_N,pGSK3B_N,pMTOR_N,pNR2A_N,pNUMB_N,pP70S6_N,pPKCAB_N,pPKCG_N,pS6_N"
mice_protein_un_clean,classification,1.9381182193756104,0.9861111111111112,0.9858385418672595,0.9877232142857143,0.9847883597883598,0.9998040368410739,-0.01388888888888884,-0.014161458132740501,16,"Behavior,Genotype,SOD1_N,Tau_N,Treatment,Ubiquitin_N,class,pCAMKII_N,pERK_N,pGSK3B_N,pMTOR_N,pNR2A_N,pNUMB_N,pP70S6_N,pPKCAB_N,pPKCG_N,pS6_N"
mice_protein_un_clean,classification,1.9381182193756104,0.9814814814814815,0.9821473576886506,0.9824981619336458,0.9819444444444444,0.9998775230256711,-0.01851851851851849,-0.01785264231134942,17,"Behavior,Genotype,SOD1_N,Tau_N,Treatment,Ubiquitin_N,class,pCAMKII_N,pERK_N,pGSK3B_N,pMTOR_N,pNR2A_N,pNUMB_N,pP70S6_N,pPKCAB_N,pPKCG_N,pRSK_N,pS6_N"
mice_protein_un_clean,classification,1.9381182193756104,1.0,1.0,1.0,1.0,1.0,0.0,0.0,18,"Behavior,Genotype,S6_N,SOD1_N,Tau_N,Treatment,Ubiquitin_N,class,pCAMKII_N,pERK_N,pGSK3B_N,pMTOR_N,pNR2A_N,pNUMB_N,pP70S6_N,pPKCAB_N,pPKCG_N,pRSK_N,pS6_N"
mice_protein_un_clean,classification,1.9381182193756104,1.0,1.0,1.0,1.0,1.0,0.0,0.0,19,"Behavior,Genotype,S6_N,SOD1_N,Tau_N,Treatment,Ubiquitin_N,class,nNOS_N,pCAMKII_N,pERK_N,pGSK3B_N,pMTOR_N,pNR2A_N,pNUMB_N,pP70S6_N,pPKCAB_N,pPKCG_N,pRSK_N,pS6_N"
mice_protein_un_clean,classification,1.9381182193756104,1.0,1.0,1.0,1.0,1.0,0.0,0.0,20,"Behavior,Genotype,P38_N,S6_N,SOD1_N,Tau_N,Treatment,Ubiquitin_N,class,nNOS_N,pCAMKII_N,pERK_N,pGSK3B_N,pMTOR_N,pNR2A_N,pNUMB_N,pP70S6_N,pPKCAB_N,pPKCG_N,pRSK_N,pS6_N"
mice_protein_un_clean,classification,1.9381182193756104,0.9953703703703703,0.9955923291060934,0.9959677419354839,0.9953703703703703,0.9998285322359397,-0.00347222222222221,-0.0033076033458993015,21,"Behavior,Genotype,P38_N,S6_N,SOD1_N,Tau_N,Treatment,Ubiquitin_N,class,nNOS_N,pCAMKII_N,pERK_N,pGSK3B_N,pMEK_N,pMTOR_N,pNR2A_N,pNUMB_N,pP70S6_N,pPKCAB_N,pPKCG_N,pRSK_N,pS6_N"
mice_protein_un_clean,classification,1.9381182193756104,1.0,1.0,1.0,1.0,1.0,0.0,0.0,22,"Behavior,Genotype,P38_N,S6_N,SOD1_N,Tau_N,Treatment,Ubiquitin_N,class,nNOS_N,pCAMKII_N,pERK_N,pGSK3B_N,pJNK_N,pMEK_N,pMTOR_N,pNR2A_N,pNUMB_N,pP70S6_N,pPKCAB_N,pPKCG_N,pRSK_N,pS6_N"
mice_protein_un_clean,classification,1.9381182193756104,1.0,1.0,1.0,1.0,0.9998775230256711,0.0,0.0,23,"Behavior,Genotype,P38_N,S6_N,SOD1_N,Tau_N,Treatment,Ubiquitin_N,class,nNOS_N,pCAMKII_N,pERK_N,pGSK3B_N,pJNK_N,pMEK_N,pMTOR_N,pNR1_N,pNR2A_N,pNUMB_N,pP70S6_N,pPKCAB_N,pPKCG_N,pRSK_N,pS6_N"
mice_protein_un_clean,classification,1.9381182193756104,0.9953703703703703,0.9953687821612349,0.9955357142857143,0.9953703703703703,0.9999020184205369,-0.00462962962962965,-0.004631217838765078,24,"Behavior,Genotype,ITSN1_N,P38_N,S6_N,SOD1_N,Tau_N,Treatment,Ubiquitin_N,class,nNOS_N,pCAMKII_N,pERK_N,pGSK3B_N,pJNK_N,pMEK_N,pMTOR_N,pNR1_N,pNR2A_N,pNUMB_N,pP70S6_N,pPKCAB_N,pPKCG_N,pRSK_N,pS6_N"
mice_protein_un_clean,classification,1.9381182193756104,0.9953703703703703,0.9953687821612349,0.9955357142857143,0.9953703703703703,0.9998285322359397,-0.00462962962962965,-0.004631217838765078,25,"Behavior,DYRK1A_N,Genotype,ITSN1_N,P38_N,S6_N,SOD1_N,Tau_N,Treatment,Ubiquitin_N,class,nNOS_N,pCAMKII_N,pERK_N,pGSK3B_N,pJNK_N,pMEK_N,pMTOR_N,pNR1_N,pNR2A_N,pNUMB_N,pP70S6_N,pPKCAB_N,pPKCG_N,pRSK_N,pS6_N"
mice_protein_un_clean,classification,1.9381182193756104,1.0,1.0,1.0,1.0,1.0,0.0,0.0,26,"Behavior,DYRK1A_N,Genotype,ITSN1_N,P38_N,RAPTOR_N,S6_N,SOD1_N,Tau_N,Treatment,Ubiquitin_N,class,nNOS_N,pCAMKII_N,pERK_N,pGSK3B_N,pJNK_N,pMEK_N,pMTOR_N,pNR1_N,pNR2A_N,pNUMB_N,pP70S6_N,pPKCAB_N,pPKCG_N,pRSK_N,pS6_N"
mice_protein_un_clean,classification,1.9381182193756104,1.0,1.0,1.0,1.0,0.9999551971326165,0.0,0.0,27,"Behavior,DYRK1A_N,Genotype,ITSN1_N,P38_N,PKCA_N,RAPTOR_N,S6_N,SOD1_N,Tau_N,Treatment,Ubiquitin_N,class,nNOS_N,pCAMKII_N,pERK_N,pGSK3B_N,pJNK_N,pMEK_N,pMTOR_N,pNR1_N,pNR2A_N,pNUMB_N,pP70S6_N,pPKCAB_N,pPKCG_N,pRSK_N,pS6_N"
mice_protein_un_clean,classification,1.9381182193756104,0.9953703703703703,0.9955923291060934,0.9959677419354839,0.9953703703703703,1.0,-0.0011574074074074403,-0.0010489565284047542,28,"Behavior,DYRK1A_N,Genotype,ITSN1_N,P38_N,PKCA_N,RAPTOR_N,S6_N,SOD1_N,Tau_N,Treatment,Ubiquitin_N,class,nNOS_N,pCAMKII_N,pERK_N,pGSK3B_N,pGSK3B_Tyr216_N,pJNK_N,pMEK_N,pMTOR_N,pNR1_N,pNR2A_N,pNUMB_N,pP70S6_N,pPKCAB_N,pPKCG_N,pRSK_N,pS6_N"
mice_protein_un_clean,classification,1.9381182193756104,0.9953703703703703,0.9953687821612349,0.9955357142857143,0.9953703703703703,0.9998775230256711,-0.00347222222222221,-0.0034737856235684816,29,"Behavior,DYRK1A_N,Genotype,ITSN1_N,P38_N,PKCA_N,RAPTOR_N,S6_N,SNCA_N,SOD1_N,Tau_N,Treatment,Ubiquitin_N,class,nNOS_N,pCAMKII_N,pERK_N,pGSK3B_N,pGSK3B_Tyr216_N,pJNK_N,pMEK_N,pMTOR_N,pNR1_N,pNR2A_N,pNUMB_N,pP70S6_N,pPKCAB_N,pPKCG_N,pRSK_N,pS6_N"
mice_protein_un_clean,classification,1.9381182193756104,0.9861111111111112,0.9850204215054973,0.987471198156682,0.9834656084656085,0.9996027977509458,-0.004629629629629539,-0.0052443966931777775,30,"Behavior,DYRK1A_N,Genotype,ITSN1_N,MTOR_N,P38_N,PKCA_N,RAPTOR_N,S6_N,SNCA_N,SOD1_N,Tau_N,Treatment,Ubiquitin_N,class,nNOS_N,pCAMKII_N,pERK_N,pGSK3B_N,pGSK3B_Tyr216_N,pJNK_N,pMEK_N,pMTOR_N,pNR1_N,pNR2A_N,pNUMB_N,pP70S6_N,pPKCAB_N,pPKCG_N,pRSK_N,pS6_N"
mice_protein_un_clean,classification,1.9381182193756104,0.9861111111111112,0.9865337796713329,0.9873798076923077,0.9861111111111112,0.9989170573773322,-0.01157407407407407,-0.01126493817836205,31,"Behavior,CaNA_N,DYRK1A_N,Genotype,ITSN1_N,MTOR_N,P38_N,PKCA_N,RAPTOR_N,S6_N,SNCA_N,SOD1_N,Tau_N,Treatment,Ubiquitin_N,class,nNOS_N,pCAMKII_N,pERK_N,pGSK3B_N,pGSK3B_Tyr216_N,pJNK_N,pMEK_N,pMTOR_N,pNR1_N,pNR2A_N,pNUMB_N,pP70S6_N,pPKCAB_N,pPKCG_N,pRSK_N,pS6_N"
mice_protein_un_clean,classification,1.9381182193756104,1.0,1.0,1.0,1.0,1.0,0.0,0.0,32,"Behavior,CaNA_N,DYRK1A_N,Genotype,ITSN1_N,MTOR_N,NUMB_N,P38_N,PKCA_N,RAPTOR_N,S6_N,SNCA_N,SOD1_N,Tau_N,Treatment,Ubiquitin_N,class,nNOS_N,pCAMKII_N,pERK_N,pGSK3B_N,pGSK3B_Tyr216_N,pJNK_N,pMEK_N,pMTOR_N,pNR1_N,pNR2A_N,pNUMB_N,pP70S6_N,pPKCAB_N,pPKCG_N,pRSK_N,pS6_N"
mice_protein_un_clean,classification,1.9381182193756104,0.9861111111111112,0.9865337796713329,0.9873798076923077,0.9861111111111112,0.9990760890178454,-0.01157407407407407,-0.01126493817836205,33,"Behavior,CaNA_N,DYRK1A_N,Genotype,ITSN1_N,MTOR_N,NR2B_N,NUMB_N,P38_N,PKCA_N,RAPTOR_N,S6_N,SNCA_N,SOD1_N,Tau_N,Treatment,Ubiquitin_N,class,nNOS_N,pCAMKII_N,pERK_N,pGSK3B_N,pGSK3B_Tyr216_N,pJNK_N,pMEK_N,pMTOR_N,pNR1_N,pNR2A_N,pNUMB_N,pP70S6_N,pPKCAB_N,pPKCG_N,pRSK_N,pS6_N"
mice_protein_un_clean,classification,1.9381182193756104,0.9861111111111112,0.9865337796713329,0.9873798076923077,0.9861111111111112,0.9990760890178454,-0.01157407407407407,-0.01126493817836205,34,"Behavior,CaNA_N,DYRK1A_N,Genotype,ITSN1_N,MTOR_N,NR2B_N,NUMB_N,P38_N,PKCA_N,RAPTOR_N,S6_N,SNCA_N,SOD1_N,Tau_N,Treatment,Ubiquitin_N,class,nNOS_N,pAKT_N,pCAMKII_N,pERK_N,pGSK3B_N,pGSK3B_Tyr216_N,pJNK_N,pMEK_N,pMTOR_N,pNR1_N,pNR2A_N,pNUMB_N,pP70S6_N,pPKCAB_N,pPKCG_N,pRSK_N,pS6_N"
mice_protein_un_clean,classification,1.9381182193756104,0.9861111111111112,0.9865337796713329,0.9873798076923077,0.9861111111111112,0.9990760890178454,-0.01157407407407407,-0.01126493817836205,35,"Behavior,CaNA_N,DYRK1A_N,Genotype,ITSN1_N,MTOR_N,NR2B_N,NUMB_N,P38_N,PKCA_N,RAPTOR_N,S6_N,SNCA_N,SOD1_N,Tau_N,Treatment,Ubiquitin_N,class,nNOS_N,pAKT_N,pCAMKII_N,pERK_N,pGSK3B_N,pGSK3B_Tyr216_N,pJNK_N,pMEK_N,pMTOR_N,pNR1_N,pNR2A_N,pNR2B_N,pNUMB_N,pP70S6_N,pPKCAB_N,pPKCG_N,pRSK_N,pS6_N"
mice_protein_un_clean,classification,1.9381182193756104,1.0,1.0,1.0,1.0,1.0,0.0,0.0,36,"Behavior,CaNA_N,DYRK1A_N,Genotype,IL1B_N,ITSN1_N,MTOR_N,NR2B_N,NUMB_N,P38_N,PKCA_N,RAPTOR_N,S6_N,SNCA_N,SOD1_N,Tau_N,Treatment,Ubiquitin_N,class,nNOS_N,pAKT_N,pCAMKII_N,pERK_N,pGSK3B_N,pGSK3B_Tyr216_N,pJNK_N,pMEK_N,pMTOR_N,pNR1_N,pNR2A_N,pNR2B_N,pNUMB_N,pP70S6_N,pPKCAB_N,pPKCG_N,pRSK_N,pS6_N"
mice_protein_un_clean,classification,1.9381182193756104,1.0,1.0,1.0,1.0,0.9999327956989248,0.0,0.0,37,"Behavior,CaNA_N,DYRK1A_N,Genotype,IL1B_N,ITSN1_N,MTOR_N,NR2B_N,NUMB_N,P38_N,PKCA_N,RAPTOR_N,S6_N,SNCA_N,SOD1_N,TIAM1_N,Tau_N,Treatment,Ubiquitin_N,class,nNOS_N,pAKT_N,pCAMKII_N,pERK_N,pGSK3B_N,pGSK3B_Tyr216_N,pJNK_N,pMEK_N,pMTOR_N,pNR1_N,pNR2A_N,pNR2B_N,pNUMB_N,pP70S6_N,pPKCAB_N,pPKCG_N,pRSK_N,pS6_N"
mice_protein_un_clean,classification,1.9381182193756104,0.9814814814814815,0.9812122719108008,0.982915521978022,0.9801587301587302,0.9986977293802264,-0.01388888888888884,-0.014109758605219236,38,"Behavior,CaNA_N,DYRK1A_N,Genotype,IL1B_N,ITSN1_N,MTOR_N,NR2B_N,NUMB_N,P38_N,PKCA_N,RAPTOR_N,S6_N,SNCA_N,SOD1_N,TIAM1_N,Tau_N,Treatment,Ubiquitin_N,class,nNOS_N,pAKT_N,pCAMKII_N,pELK_N,pERK_N,pGSK3B_N,pGSK3B_Tyr216_N,pJNK_N,pMEK_N,pMTOR_N,pNR1_N,pNR2A_N,pNR2B_N,pNUMB_N,pP70S6_N,pPKCAB_N,pPKCG_N,pRSK_N,pS6_N"
mice_protein_un_clean,classification,1.9381182193756104,0.9953703703703703,0.9947345326897762,0.9943181818181819,0.9953703703703703,1.0,-0.00462962962962965,-0.005265467310223815,39,"Behavior,CaNA_N,DYRK1A_N,Genotype,IL1B_N,ITSN1_N,MTOR_N,NR2B_N,NUMB_N,P38_N,PKCA_N,RAPTOR_N,S6_N,SNCA_N,SOD1_N,SYP_N,TIAM1_N,Tau_N,Treatment,Ubiquitin_N,class,nNOS_N,pAKT_N,pCAMKII_N,pELK_N,pERK_N,pGSK3B_N,pGSK3B_Tyr216_N,pJNK_N,pMEK_N,pMTOR_N,pNR1_N,pNR2A_N,pNR2B_N,pNUMB_N,pP70S6_N,pPKCAB_N,pPKCG_N,pRSK_N,pS6_N"
mice_protein_un_clean,classification,1.9381182193756104,1.0,1.0,1.0,1.0,1.0,0.0,0.0,40,"ARC_N,Behavior,CaNA_N,DYRK1A_N,Genotype,IL1B_N,ITSN1_N,MTOR_N,NR2B_N,NUMB_N,P38_N,PKCA_N,RAPTOR_N,S6_N,SNCA_N,SOD1_N,SYP_N,TIAM1_N,Tau_N,Treatment,Ubiquitin_N,class,nNOS_N,pAKT_N,pCAMKII_N,pELK_N,pERK_N,pGSK3B_N,pGSK3B_Tyr216_N,pJNK_N,pMEK_N,pMTOR_N,pNR1_N,pNR2A_N,pNR2B_N,pNUMB_N,pP70S6_N,pPKCAB_N,pPKCG_N,pRSK_N,pS6_N"
mice_protein_mn_dirty,classification,2.5490379333496094,0.2638888888888889,0.10440891472868218,0.06598297213622291,0.25,0.7856424041907913,0.0,0.0,1,"Treatment,class"
mice_protein_mn_dirty,classification,2.5490379333496094,0.5138888888888888,0.33999999999999997,0.2578125,0.5,0.928526133364843,0.0,0.0,2,"Genotype,Treatment,class"
mice_protein_mn_dirty,classification,2.5490379333496094,1.0,1.0,1.0,1.0,1.0,0.0,0.0,3,"Behavior,Genotype,Treatment,class"
mice_protein_mn_dirty,classification,2.5490379333496094,1.0,1.0,1.0,1.0,1.0,0.0,0.0,4,"APP_N,Behavior,Genotype,Treatment,class"
mice_protein_mn_dirty,classification,2.5490379333496094,0.9861111111111112,0.9866946778711485,0.9886363636363636,0.9861111111111112,0.9998040368410739,-0.01388888888888884,-0.013305322128851493,5,"APP_N,Behavior,DYRK1A_N,Genotype,Treatment,class"
mice_protein_mn_dirty,classification,2.5490379333496094,1.0,1.0,1.0,1.0,1.0,0.0,0.0,6,"APP_N,Behavior,DYRK1A_N,Genotype,Treatment,class,pNR2A_N"
mice_protein_mn_dirty,classification,2.5490379333496094,1.0,1.0,1.0,1.0,1.0,0.0,0.0,7,"APP_N,BRAF_N,Behavior,DYRK1A_N,Genotype,Treatment,class,pNR2A_N"
mice_protein_mn_dirty,classification,2.5490379333496094,1.0,1.0,1.0,1.0,1.0,0.0,0.0,8,"APP_N,BRAF_N,Behavior,DYRK1A_N,Genotype,Treatment,class,pNR2A_N,pPKCAB_N"
mice_protein_mn_dirty,classification,2.5490379333496094,1.0,1.0,1.0,1.0,0.9998285322359397,0.0,0.0,9,"AKT_N,APP_N,BRAF_N,Behavior,DYRK1A_N,Genotype,Treatment,class,pNR2A_N,pPKCAB_N"
mice_protein_mn_dirty,classification,2.5490379333496094,1.0,1.0,1.0,1.0,1.0,0.0,0.0,10,"AKT_N,APP_N,BRAF_N,Behavior,DYRK1A_N,GSK3B_N,Genotype,Treatment,class,pNR2A_N,pPKCAB_N"
mice_protein_mn_dirty,classification,2.5490379333496094,1.0,1.0,1.0,1.0,1.0,0.0,0.0,11,"AKT_N,APP_N,BRAF_N,Behavior,DYRK1A_N,GSK3B_N,Genotype,Treatment,class,pNR2A_N,pPKCAB_N,pRSK_N"
mice_protein_mn_dirty,classification,2.5490379333496094,1.0,1.0,1.0,1.0,0.9999265138154028,0.0,0.0,12,"AKT_N,APP_N,BRAF_N,Behavior,CAMKII_N,DYRK1A_N,GSK3B_N,Genotype,Treatment,class,pNR2A_N,pPKCAB_N,pRSK_N"
mice_protein_mn_dirty,classification,2.5490379333496094,1.0,1.0,1.0,1.0,0.9999265138154028,0.0,0.0,13,"AKT_N,APP_N,BRAF_N,Behavior,CAMKII_N,DYRK1A_N,GSK3B_N,Genotype,JNK_N,Treatment,class,pNR2A_N,pPKCAB_N,pRSK_N"
mice_protein_mn_dirty,classification,2.5490379333496094,1.0,1.0,1.0,1.0,1.0,0.0,0.0,14,"AKT_N,APP_N,BRAF_N,Behavior,CAMKII_N,DYRK1A_N,GSK3B_N,Genotype,JNK_N,TRKA_N,Treatment,class,pNR2A_N,pPKCAB_N,pRSK_N"
mice_protein_mn_dirty,classification,2.5490379333496094,1.0,1.0,1.0,1.0,1.0,0.0,0.0,15,"AKT_N,APP_N,BRAF_N,Behavior,CAMKII_N,DYRK1A_N,ERK_N,GSK3B_N,Genotype,JNK_N,TRKA_N,Treatment,class,pNR2A_N,pPKCAB_N,pRSK_N"
mice_protein_mn_dirty,classification,2.5490379333496094,1.0,1.0,1.0,1.0,0.9997473023458687,0.0,0.0,16,"AKT_N,APP_N,BRAF_N,Behavior,CAMKII_N,DYRK1A_N,ERK_N,GSK3B_N,Genotype,JNK_N,MEK_N,TRKA_N,Treatment,class,pNR2A_N,pPKCAB_N,pRSK_N"
mice_protein_mn_dirty,classification,2.5490379333496094,1.0,1.0,1.0,1.0,1.0,0.0,0.0,17,"AKT_N,APP_N,BRAF_N,Behavior,CAMKII_N,DYRK1A_N,ELK_N,ERK_N,GSK3B_N,Genotype,JNK_N,MEK_N,TRKA_N,Treatment,class,pNR2A_N,pPKCAB_N,pRSK_N"
mice_protein_mn_dirty,classification,2.5490379333496094,1.0,1.0,1.0,1.0,0.9993007354939851,0.0,0.0,18,"AKT_N,APP_N,BRAF_N,Behavior,CAMKII_N,DYRK1A_N,ELK_N,ERK_N,GSK3B_N,Genotype,JNK_N,MEK_N,TRKA_N,Treatment,class,pNR2A_N,pNR2B_N,pPKCAB_N,pRSK_N"
mice_protein_mn_dirty,classification,2.5490379333496094,1.0,1.0,1.0,1.0,1.0,0.0,0.0,19,"AKT_N,APP_N,BRAF_N,Behavior,CAMKII_N,CREB_N,DYRK1A_N,ELK_N,ERK_N,GSK3B_N,Genotype,JNK_N,MEK_N,TRKA_N,Treatment,class,pNR2A_N,pNR2B_N,pPKCAB_N,pRSK_N"
mice_protein_mn_dirty,classification,2.5490379333496094,0.9814814814814815,0.9821875,0.9852941176470589,0.9814814814814815,0.9999020184205369,-0.00694444444444442,-0.006321836886717391,20,"AKT_N,APP_N,BRAF_N,Behavior,CAMKII_N,CREB_N,DYRK1A_N,ELK_N,ERK_N,GSK3B_N,Genotype,JNK_N,MEK_N,RSK_N,TRKA_N,Treatment,class,pNR2A_N,pNR2B_N,pPKCAB_N,pRSK_N"
mice_protein_mn_dirty,classification,2.5490379333496094,0.9953703703703703,0.9955923291060934,0.9959677419354839,0.9953703703703703,0.9999510092102685,0.0011574074074074403,0.0011054348223135113,21,"AKT_N,APP_N,BRAF_N,Bcatenin_N,Behavior,CAMKII_N,CREB_N,DYRK1A_N,ELK_N,ERK_N,GSK3B_N,Genotype,JNK_N,MEK_N,RSK_N,TRKA_N,Treatment,class,pNR2A_N,pNR2B_N,pPKCAB_N,pRSK_N"
mice_protein_mn_dirty,classification,2.5490379333496094,1.0,1.0,1.0,1.0,1.0,0.0,0.0,22,"AKT_N,APP_N,BRAF_N,Bcatenin_N,Behavior,CAMKII_N,CREB_N,DYRK1A_N,ELK_N,ERK_N,GSK3B_N,Genotype,JNK_N,MEK_N,RSK_N,TRKA_N,Treatment,class,pNR2A_N,pNR2B_N,pPKCAB_N,pRSK_N,spurious_num_30"
mice_protein_mn_dirty,classification,2.5490379333496094,1.0,1.0,1.0,1.0,0.9993903412287521,0.0,0.0,23,"AKT_N,APP_N,BRAF_N,Bcatenin_N,Behavior,CAMKII_N,CREB_N,DYRK1A_N,ELK_N,ERK_N,GSK3B_N,Genotype,JNK_N,MEK_N,RSK_N,TRKA_N,Treatment,class,pNR2A_N,pNR2B_N,pPKCAB_N,pRSK_N,spurious_num_30,spurious_num_7"
mice_protein_mn_dirty,classification,2.5490379333496094,1.0,1.0,1.0,1.0,0.9993231369276769,0.0,0.0,24,"AKT_N,APP_N,BRAF_N,Bcatenin_N,Behavior,CAMKII_N,CREB_N,DYRK1A_N,ELK_N,ERK_N,GSK3B_N,Genotype,JNK_N,MEK_N,RSK_N,TRKA_N,Treatment,class,pNR2A_N,pNR2B_N,pPKCAB_N,pRSK_N,spurious_num_23,spurious_num_30,spurious_num_7"
mice_protein_mn_dirty,classification,2.5490379333496094,1.0,1.0,1.0,1.0,1.0,0.0,0.0,25,"AKT_N,APP_N,BRAF_N,Bcatenin_N,Behavior,CAMKII_N,CREB_N,DYRK1A_N,ELK_N,ERK_N,GSK3B_N,Genotype,JNK_N,MEK_N,RSK_N,TRKA_N,Treatment,class,pCFOS_N_shuffled_1,pNR2A_N,pNR2B_N,pPKCAB_N,pRSK_N,spurious_num_23,spurious_num_30,spurious_num_7"
mice_protein_mn_dirty,classification,2.5490379333496094,1.0,1.0,1.0,1.0,0.9993231369276769,0.0,0.0,26,"AKT_N,APP_N,BRAF_N,Bcatenin_N,Behavior,CAMKII_N,CREB_N,DYRK1A_N,ELK_N,ERK_N,GSK3B_N,Genotype,JNK_N,MEK_N,RSK_N,TRKA_N,Treatment,class,pCFOS_N_shuffled_1,pNR2A_N,pNR2B_N,pPKCAB_N,pRSK_N,spurious_num_23,spurious_num_25,spurious_num_30,spurious_num_7"
mice_protein_mn_dirty,classification,2.5490379333496094,1.0,1.0,1.0,1.0,1.0,0.0,0.0,27,"AKT_N,APP_N,BRAF_N,Bcatenin_N,Behavior,CAMKII_N,CREB_N,CaNA_N,DYRK1A_N,ELK_N,ERK_N,GSK3B_N,Genotype,JNK_N,MEK_N,RSK_N,TRKA_N,Treatment,class,pCFOS_N_shuffled_1,pNR2A_N,pNR2B_N,pPKCAB_N,pRSK_N,spurious_num_23,spurious_num_25,spurious_num_30,spurious_num_7"
mice_protein_mn_dirty,classification,2.5490379333496094,1.0,1.0,1.0,1.0,1.0,0.0,0.0,28,"AKT_N,APP_N,BRAF_N,Bcatenin_N,Behavior,CAMKII_N,CREB_N,CaNA_N,DYRK1A_N,ELK_N,ERBB4_N_shuffled_2,ERK_N,GSK3B_N,Genotype,JNK_N,MEK_N,RSK_N,TRKA_N,Treatment,class,pCFOS_N_shuffled_1,pNR2A_N,pNR2B_N,pPKCAB_N,pRSK_N,spurious_num_23,spurious_num_25,spurious_num_30,spurious_num_7"
mice_protein_mn_dirty,classification,2.5490379333496094,1.0,1.0,1.0,1.0,1.0,0.0,0.0,29,"AKT_N,APP_N,BRAF_N,Bcatenin_N,Behavior,CAMKII_N,CREB_N,CaNA_N,DYRK1A_N,ELK_N,ERBB4_N_shuffled_2,ERK_N,GSK3B_N,Genotype,JNK_N,MEK_N,RSK_N,TRKA_N,Treatment,class,pCFOS_N_shuffled_1,pNR2A_N,pNR2B_N,pPKCAB_N,pRSK_N,spurious_num_23,spurious_num_25,spurious_num_30,spurious_num_4,spurious_num_7"
mice_protein_mn_dirty,classification,2.5490379333496094,1.0,1.0,1.0,1.0,1.0,0.0,0.0,30,"AKT_N,APP_N,BRAF_N,Bcatenin_N,Behavior,CAMKII_N,CREB_N,CaNA_N,DYRK1A_N,ELK_N,ERBB4_N_shuffled_2,ERK_N,GSK3B_N,Genotype,JNK_N,MEK_N,RSK_N,TRKA_N,Treatment,class,pCFOS_N_shuffled_1,pNR2A_N,pNR2B_N,pPKCAB_N,pRSK_N,pS6_N,spurious_num_23,spurious_num_25,spurious_num_30,spurious_num_4,spurious_num_7"
mice_protein_mn_dirty,classification,2.5490379333496094,0.9722222222222222,0.9726871986309691,0.9740755716058136,0.9722222222222223,0.9976434244878092,-0.02662037037037035,-0.026212733821023626,31,"AKT_N,APP_N,BRAF_N,Bcatenin_N,Behavior,CAMKII_N,CREB_N,CaNA_N,DYRK1A_N,ELK_N,ERBB4_N_shuffled_2,ERK_N,GSK3B_N,Genotype,GluR4_N_shuffled_2,JNK_N,MEK_N,RSK_N,TRKA_N,Treatment,class,pCFOS_N_shuffled_1,pNR2A_N,pNR2B_N,pPKCAB_N,pRSK_N,pS6_N,spurious_num_23,spurious_num_25,spurious_num_30,spurious_num_4,spurious_num_7"
mice_protein_mn_dirty,classification,2.5490379333496094,0.9953703703703703,0.9955923291060934,0.9959677419354839,0.9953703703703703,0.9996570644718793,-0.00462962962962965,-0.00440767089390659,32,"AKT_N,APP_N,BRAF_N,Bcatenin_N,Behavior,CAMKII_N,CREB_N,CaNA_N,DYRK1A_N,ELK_N,ERBB4_N_shuffled_2,ERK_N,GSK3B_N,Genotype,GluR4_N_shuffled_2,JNK_N,MEK_N,RSK_N,TRKA_N,Treatment,class,pCFOS_N_shuffled_1,pGSK3B_Tyr216_N_shuffled_1,pNR2A_N,pNR2B_N,pPKCAB_N,pRSK_N,pS6_N,spurious_num_23,spurious_num_25,spurious_num_30,spurious_num_4,spurious_num_7"
mice_protein_mn_dirty,classification,2.5490379333496094,0.9953703703703703,0.995368782161235,0.9955357142857143,0.9953703703703703,0.9998634974366755,-0.00462962962962965,-0.004631217838764967,33,"AKT_N,APP_N,BRAF_N,Bcatenin_N,Behavior,CAMKII_N,CREB_N,CaNA_N,DYRK1A_N,ELK_N,ERBB4_N_shuffled_2,ERK_N,GSK3B_N,Genotype,GluR4_N_shuffled_2,JNK_N,MEK_N,RSK_N,TRKA_N,Treatment,Ubiquitin_N,class,pCFOS_N_shuffled_1,pGSK3B_Tyr216_N_shuffled_1,pNR2A_N,pNR2B_N,pPKCAB_N,pRSK_N,pS6_N,spurious_num_23,spurious_num_25,spurious_num_30,spurious_num_4,spurious_num_7"
mice_protein_mn_dirty,classification,2.5490379333496094,0.9953703703703703,0.995368782161235,0.9955357142857143,0.9953703703703703,0.9997305506564766,-0.0023148148148148806,-0.0023164030239500866,34,"AKT_N,APP_N,BRAF_N,Bcatenin_N,Behavior,CAMKII_N,CREB_N,CaNA_N,DYRK1A_N,ELK_N,ERBB4_N_shuffled_1,ERBB4_N_shuffled_2,ERK_N,GSK3B_N,Genotype,GluR4_N_shuffled_2,JNK_N,MEK_N,RSK_N,TRKA_N,Treatment,Ubiquitin_N,class,pCFOS_N_shuffled_1,pGSK3B_Tyr216_N_shuffled_1,pNR2A_N,pNR2B_N,pPKCAB_N,pRSK_N,pS6_N,spurious_num_23,spurious_num_25,spurious_num_30,spurious_num_4,spurious_num_7"
mice_protein_mn_dirty,classification,2.5490379333496094,1.0,1.0,1.0,1.0,1.0,0.0,0.0,35,"AKT_N,APP_N,BRAF_N,Bcatenin_N,Behavior,CAMKII_N,CREB_N,CaNA_N,DYRK1A_N,ELK_N,ERBB4_N_shuffled_1,ERBB4_N_shuffled_2,ERK_N,GSK3B_N,Genotype,GluR4_N_shuffled_2,IL1B_N_shuffled_1,JNK_N,MEK_N,RSK_N,TRKA_N,Treatment,Ubiquitin_N,class,pCFOS_N_shuffled_1,pGSK3B_Tyr216_N_shuffled_1,pNR2A_N,pNR2B_N,pPKCAB_N,pRSK_N,pS6_N,spurious_num_23,spurious_num_25,spurious_num_30,spurious_num_4,spurious_num_7"
mice_protein_mn_dirty,classification,2.5490379333496094,1.0,1.0,1.0,1.0,1.0,0.0,0.0,36,"AKT_N,APP_N,BRAF_N,Bcatenin_N,Behavior,CAMKII_N,CREB_N,CaNA_N,DYRK1A_N,ELK_N,ERBB4_N_shuffled_1,ERBB4_N_shuffled_2,ERK_N,GSK3B_N,Genotype,GluR4_N_shuffled_2,IL1B_N_shuffled_1,JNK_N,MEK_N,RSK_N,TRKA_N,Treatment,Ubiquitin_N,class,pCFOS_N_shuffled_1,pGSK3B_Tyr216_N_shuffled_1,pNR2A_N,pNR2B_N,pPKCAB_N,pRSK_N,pS6_N,spurious_num_19,spurious_num_23,spurious_num_25,spurious_num_30,spurious_num_4,spurious_num_7"
mice_protein_mn_dirty,classification,2.5490379333496094,1.0,1.0,1.0,1.0,1.0,0.0,0.0,37,"AKT_N,APP_N,BRAF_N,Bcatenin_N,Behavior,CAMKII_N,CREB_N,CaNA_N,DYRK1A_N,ELK_N,ERBB4_N_shuffled_1,ERBB4_N_shuffled_2,ERK_N,GSK3B_N,Genotype,GluR4_N_shuffled_2,H3AcK18_N,IL1B_N_shuffled_1,JNK_N,MEK_N,RSK_N,TRKA_N,Treatment,Ubiquitin_N,class,pCFOS_N_shuffled_1,pGSK3B_Tyr216_N_shuffled_1,pNR2A_N,pNR2B_N,pPKCAB_N,pRSK_N,pS6_N,spurious_num_19,spurious_num_23,spurious_num_25,spurious_num_30,spurious_num_4,spurious_num_7"
mice_protein_mn_dirty,classification,2.5490379333496094,1.0,1.0,1.0,1.0,1.0,0.0,0.0,38,"AKT_N,APP_N,BRAF_N,Bcatenin_N,Behavior,CAMKII_N,CREB_N,CaNA_N,DYRK1A_N,ELK_N,ERBB4_N_shuffled_1,ERBB4_N_shuffled_2,ERK_N,GSK3B_N,Genotype,GluR4_N_shuffled_2,H3AcK18_N,IL1B_N_shuffled_1,JNK_N,MEK_N,RRP1_N_shuffled_1,RSK_N,TRKA_N,Treatment,Ubiquitin_N,class,pCFOS_N_shuffled_1,pGSK3B_Tyr216_N_shuffled_1,pNR2A_N,pNR2B_N,pPKCAB_N,pRSK_N,pS6_N,spurious_num_19,spurious_num_23,spurious_num_25,spurious_num_30,spurious_num_4,spurious_num_7"
mice_protein_mn_dirty,classification,2.5490379333496094,1.0,1.0,1.0,1.0,0.9998879928315412,0.0,0.0,39,"AKT_N,APP_N,BRAF_N,Bcatenin_N,Behavior,CAMKII_N,CREB_N,CaNA_N,DYRK1A_N,ELK_N,ERBB4_N_shuffled_1,ERBB4_N_shuffled_2,ERK_N,GSK3B_N,Genotype,GluR4_N_shuffled_2,H3AcK18_N,H3AcK18_N_shuffled_2,IL1B_N_shuffled_1,JNK_N,MEK_N,RRP1_N_shuffled_1,RSK_N,TRKA_N,Treatment,Ubiquitin_N,class,pCFOS_N_shuffled_1,pGSK3B_Tyr216_N_shuffled_1,pNR2A_N,pNR2B_N,pPKCAB_N,pRSK_N,pS6_N,spurious_num_19,spurious_num_23,spurious_num_25,spurious_num_30,spurious_num_4,spurious_num_7"
mice_protein_mn_dirty,classification,2.5490379333496094,1.0,1.0,1.0,1.0,1.0,0.0,0.0,40,"AKT_N,APP_N,ARC_N,BRAF_N,Bcatenin_N,Behavior,CAMKII_N,CREB_N,CaNA_N,DYRK1A_N,ELK_N,ERBB4_N_shuffled_1,ERBB4_N_shuffled_2,ERK_N,GSK3B_N,Genotype,GluR4_N_shuffled_2,H3AcK18_N,H3AcK18_N_shuffled_2,IL1B_N_shuffled_1,JNK_N,MEK_N,RRP1_N_shuffled_1,RSK_N,TRKA_N,Treatment,Ubiquitin_N,class,pCFOS_N_shuffled_1,pGSK3B_Tyr216_N_shuffled_1,pNR2A_N,pNR2B_N,pPKCAB_N,pRSK_N,pS6_N,spurious_num_19,spurious_num_23,spurious_num_25,spurious_num_30,spurious_num_4,spurious_num_7"
mice_protein_mn_clean,classification,1.9542059898376465,0.2638888888888889,0.10440891472868218,0.06598297213622291,0.25,0.7856424041907913,0.0,0.0,1,"Genotype,class"
mice_protein_mn_clean,classification,1.9542059898376465,0.5138888888888888,0.33999999999999997,0.2578125,0.5,0.928526133364843,0.0,0.0,2,"Genotype,Treatment,class"
mice_protein_mn_clean,classification,1.9542059898376465,1.0,1.0,1.0,1.0,1.0,0.0,0.0,3,"Behavior,Genotype,Treatment,class"
mice_protein_mn_clean,classification,1.9542059898376465,1.0,1.0,1.0,1.0,1.0,0.0,0.0,4,"Behavior,Genotype,Treatment,class,pCAMKII_N"
mice_protein_mn_clean,classification,1.9542059898376465,1.0,1.0,1.0,1.0,0.9999265138154028,0.0,0.0,5,"Behavior,Genotype,Treatment,class,pCAMKII_N,pS6_N"
mice_protein_mn_clean,classification,1.9542059898376465,0.9861111111111112,0.9866946778711485,0.9886363636363636,0.9861111111111112,0.9980085639061147,-0.0127314814814814,-0.012205254580844205,6,"Behavior,Genotype,ITSN1_N,Treatment,class,pCAMKII_N,pS6_N"
mice_protein_mn_clean,classification,1.9542059898376465,1.0,1.0,1.0,1.0,0.9999551971326165,0.0,0.0,7,"Behavior,Genotype,ITSN1_N,Treatment,class,pCAMKII_N,pERK_N,pS6_N"
mice_protein_mn_clean,classification,1.9542059898376465,1.0,1.0,1.0,1.0,1.0,0.0,0.0,8,"AKT_N,Behavior,Genotype,ITSN1_N,Treatment,class,pCAMKII_N,pERK_N,pS6_N"
mice_protein_mn_clean,classification,1.9542059898376465,1.0,1.0,1.0,1.0,0.999910394265233,0.0011574074074074403,0.0011574322151965966,9,"AKT_N,Behavior,Genotype,ITSN1_N,NR2B_N,Treatment,class,pCAMKII_N,pERK_N,pS6_N"
mice_protein_mn_clean,classification,1.9542059898376465,1.0,1.0,1.0,1.0,1.0,0.0,0.0,10,"AKT_N,Behavior,Genotype,IL1B_N,ITSN1_N,NR2B_N,Treatment,class,pCAMKII_N,pERK_N,pS6_N"
mice_protein_mn_clean,classification,1.9542059898376465,1.0,1.0,1.0,1.0,1.0,0.0,0.0,11,"AKT_N,Behavior,Genotype,IL1B_N,ITSN1_N,NR2B_N,Treatment,class,pCAMKII_N,pERK_N,pPKCAB_N,pS6_N"
mice_protein_mn_clean,classification,1.9542059898376465,1.0,1.0,1.0,1.0,0.9999775985663082,0.0,0.0,12,"AKT_N,Behavior,Genotype,IL1B_N,ITSN1_N,NR2B_N,Treatment,class,nNOS_N,pCAMKII_N,pERK_N,pPKCAB_N,pS6_N"
mice_protein_mn_clean,classification,1.9542059898376465,1.0,1.0,1.0,1.0,1.0,0.0,0.0,13,"AKT_N,BRAF_N,Behavior,Genotype,IL1B_N,ITSN1_N,NR2B_N,Treatment,class,nNOS_N,pCAMKII_N,pERK_N,pPKCAB_N,pS6_N"
mice_protein_mn_clean,classification,1.9542059898376465,1.0,1.0,1.0,1.0,1.0,0.0,0.0,14,"AKT_N,BRAF_N,Behavior,Genotype,IL1B_N,ITSN1_N,NR2B_N,NUMB_N,Treatment,class,nNOS_N,pCAMKII_N,pERK_N,pPKCAB_N,pS6_N"
mice_protein_mn_clean,classification,1.9542059898376465,0.9953703703703703,0.995368782161235,0.9955357142857143,0.9953703703703703,0.9998775230256711,-0.00347222222222221,-0.0034737856235683706,15,"AKT_N,BRAF_N,Behavior,Genotype,IL1B_N,ITSN1_N,NR2B_N,NUMB_N,S6_N,Treatment,class,nNOS_N,pCAMKII_N,pERK_N,pPKCAB_N,pS6_N"
mice_protein_mn_clean,classification,1.9542059898376465,0.9907407407407407,0.9907407407407407,0.9907407407407407,0.9907407407407407,0.9996325690770136,-0.0092592592592593,-0.0092592592592593,16,"AKT_N,BRAF_N,Behavior,Genotype,IL1B_N,ITSN1_N,NR2B_N,NUMB_N,S6_N,Treatment,class,nNOS_N,pCAMKII_N,pERK_N,pGSK3B_N,pPKCAB_N,pS6_N"
mice_protein_mn_clean,classification,1.9542059898376465,0.9953703703703703,0.995368782161235,0.9955357142857143,0.9953703703703703,0.9999755046051342,-0.00462962962962965,-0.004631217838764967,17,"AKT_N,AcetylH3K9_N,BRAF_N,Behavior,Genotype,IL1B_N,ITSN1_N,NR2B_N,NUMB_N,S6_N,Treatment,class,nNOS_N,pCAMKII_N,pERK_N,pGSK3B_N,pPKCAB_N,pS6_N"
mice_protein_mn_clean,classification,1.9542059898376465,0.9907407407407407,0.9907407407407407,0.9907407407407407,0.9907407407407407,0.9996325690770136,-0.0092592592592593,-0.0092592592592593,18,"AKT_N,AcetylH3K9_N,BRAF_N,Behavior,Genotype,IL1B_N,ITSN1_N,NR2B_N,NUMB_N,S6_N,Treatment,Ubiquitin_N,class,nNOS_N,pCAMKII_N,pERK_N,pGSK3B_N,pPKCAB_N,pS6_N"
mice_protein_mn_clean,classification,1.9542059898376465,1.0,1.0,1.0,1.0,0.9999755046051342,0.0,0.0,19,"AKT_N,AcetylH3K9_N,BRAF_N,Behavior,Genotype,IL1B_N,ITSN1_N,NR2B_N,NUMB_N,S6_N,Treatment,Ubiquitin_N,class,nNOS_N,pCAMKII_N,pERK_N,pGSK3B_N,pMTOR_N,pPKCAB_N,pS6_N"
mice_protein_mn_clean,classification,1.9542059898376465,0.9953703703703703,0.995368782161235,0.9955357142857143,0.9953703703703703,0.9995590828924162,-0.00462962962962965,-0.004631217838764967,20,"AKT_N,AcetylH3K9_N,BRAF_N,Behavior,Genotype,H3AcK18_N,IL1B_N,ITSN1_N,NR2B_N,NUMB_N,S6_N,Treatment,Ubiquitin_N,class,nNOS_N,pCAMKII_N,pERK_N,pGSK3B_N,pMTOR_N,pPKCAB_N,pS6_N"
mice_protein_mn_clean,classification,1.9542059898376465,1.0,1.0,1.0,1.0,1.0,0.0,0.0,21,"AKT_N,APP_N,AcetylH3K9_N,BRAF_N,Behavior,Genotype,H3AcK18_N,IL1B_N,ITSN1_N,NR2B_N,NUMB_N,S6_N,Treatment,Ubiquitin_N,class,nNOS_N,pCAMKII_N,pERK_N,pGSK3B_N,pMTOR_N,pPKCAB_N,pS6_N"
mice_protein_mn_clean,classification,1.9542059898376465,1.0,1.0,1.0,1.0,1.0,0.0,0.0,22,"AKT_N,APP_N,AcetylH3K9_N,BRAF_N,Behavior,Genotype,H3AcK18_N,IL1B_N,ITSN1_N,NR2B_N,NUMB_N,S6_N,SOD1_N,Treatment,Ubiquitin_N,class,nNOS_N,pCAMKII_N,pERK_N,pGSK3B_N,pMTOR_N,pPKCAB_N,pS6_N"
mice_protein_mn_clean,classification,1.9542059898376465,0.9907407407407407,0.9903268617958696,0.9902859237536656,0.9907407407407407,0.9999510092102685,-0.0092592592592593,-0.009673138204130405,23,"AKT_N,APP_N,AcetylH3K9_N,BRAF_N,Behavior,Genotype,H3AcK18_N,IL1B_N,ITSN1_N,NR2B_N,NUMB_N,S6_N,SOD1_N,Treatment,Ubiquitin_N,class,nNOS_N,pCAMKII_N,pELK_N,pERK_N,pGSK3B_N,pMTOR_N,pPKCAB_N,pS6_N"
mice_protein_mn_clean,classification,1.9542059898376465,0.9953703703703703,0.9955923291060934,0.9959677419354839,0.9953703703703703,0.9998530276308054,-0.00347222222222221,-0.0033076033458993015,24,"AKT_N,APP_N,AcetylH3K9_N,BRAF_N,Behavior,Genotype,H3AcK18_N,IL1B_N,ITSN1_N,NR2B_N,NUMB_N,S6_N,SOD1_N,Treatment,Ubiquitin_N,class,nNOS_N,pCAMKII_N,pCASP9_N,pELK_N,pERK_N,pGSK3B_N,pMTOR_N,pPKCAB_N,pS6_N"
mice_protein_mn_clean,classification,1.9542059898376465,0.9907407407407407,0.9911600496277916,0.9921875,0.9907407407407407,0.9995211940477771,-0.0057870370370370905,-0.005470292274327604,25,"AKT_N,APP_N,AcetylH3K9_N,BRAF_N,Behavior,CaNA_N,Genotype,H3AcK18_N,IL1B_N,ITSN1_N,NR2B_N,NUMB_N,S6_N,SOD1_N,Treatment,Ubiquitin_N,class,nNOS_N,pCAMKII_N,pCASP9_N,pELK_N,pERK_N,pGSK3B_N,pMTOR_N,pPKCAB_N,pS6_N"
mice_protein_mn_clean,classification,1.9542059898376465,0.9907407407407407,0.9911600496277916,0.9921875,0.9907407407407407,0.9995211940477771,-0.0057870370370370905,-0.005470292274327604,26,"AKT_N,APP_N,AcetylH3K9_N,BRAF_N,Behavior,CaNA_N,Genotype,H3AcK18_N,IL1B_N,ITSN1_N,NR2B_N,NUMB_N,S6_N,SOD1_N,Treatment,Ubiquitin_N,class,nNOS_N,pCAMKII_N,pCASP9_N,pELK_N,pERK_N,pGSK3B_N,pJNK_N,pMTOR_N,pPKCAB_N,pS6_N"
mice_protein_mn_clean,classification,1.9542059898376465,1.0,1.0,1.0,1.0,1.0,0.0,0.0,27,"AKT_N,APP_N,AcetylH3K9_N,BRAF_N,Behavior,CaNA_N,Genotype,H3AcK18_N,IL1B_N,ITSN1_N,NR2B_N,NUMB_N,S6_N,SOD1_N,Treatment,Ubiquitin_N,class,nNOS_N,pCAMKII_N,pCASP9_N,pELK_N,pERK_N,pGSK3B_N,pJNK_N,pMTOR_N,pNR2B_N,pPKCAB_N,pS6_N"
mice_protein_mn_clean,classification,1.9542059898376465,0.9953703703703703,0.9955923291060934,0.9959677419354839,0.9953703703703703,0.9997795414462081,-0.00347222222222221,-0.0033076033458993015,28,"AKT_N,APP_N,AcetylH3K9_N,BRAF_N,Behavior,CaNA_N,Genotype,H3AcK18_N,IL1B_N,ITSN1_N,NR2B_N,NUMB_N,S6_N,SOD1_N,TRKA_N,Treatment,Ubiquitin_N,class,nNOS_N,pCAMKII_N,pCASP9_N,pELK_N,pERK_N,pGSK3B_N,pJNK_N,pMTOR_N,pNR2B_N,pPKCAB_N,pS6_N"
mice_protein_mn_clean,classification,1.9542059898376465,0.9907407407407407,0.9911600496277916,0.9921875,0.9907407407407407,0.9994722032580455,-0.0057870370370370905,-0.005470292274327604,29,"AKT_N,APP_N,AcetylH3K9_N,BRAF_N,Behavior,CaNA_N,Genotype,H3AcK18_N,IL1B_N,ITSN1_N,NR2B_N,NUMB_N,S6_N,SOD1_N,TRKA_N,Treatment,Ubiquitin_N,class,nNOS_N,pCAMKII_N,pCASP9_N,pELK_N,pERK_N,pGSK3B_N,pJNK_N,pMTOR_N,pNR2A_N,pNR2B_N,pPKCAB_N,pS6_N"
mice_protein_mn_clean,classification,1.9542059898376465,0.9907407407407407,0.9911600496277916,0.9921875,0.9907407407407407,0.9994722032580455,-0.0057870370370370905,-0.005470292274327604,30,"AKT_N,APP_N,AcetylH3K9_N,BRAF_N,Behavior,CaNA_N,DSCR1_N,Genotype,H3AcK18_N,IL1B_N,ITSN1_N,NR2B_N,NUMB_N,S6_N,SOD1_N,TRKA_N,Treatment,Ubiquitin_N,class,nNOS_N,pCAMKII_N,pCASP9_N,pELK_N,pERK_N,pGSK3B_N,pJNK_N,pMTOR_N,pNR2A_N,pNR2B_N,pPKCAB_N,pS6_N"
mice_protein_mn_clean,classification,1.9542059898376465,1.0,1.0,1.0,1.0,0.9997535842293908,0.0011574074074074403,0.0011574322151965966,31,"AKT_N,APP_N,AcetylH3K9_N,BRAF_N,Behavior,CaNA_N,DSCR1_N,Genotype,H3AcK18_N,IL1B_N,ITSN1_N,NR2B_N,NUMB_N,S6_N,SOD1_N,TRKA_N,Treatment,Ubiquitin_N,class,nNOS_N,pCAMKII_N,pCASP9_N,pELK_N,pERK_N,pGSK3B_N,pJNK_N,pMTOR_N,pNR2A_N,pNR2B_N,pP70S6_N,pPKCAB_N,pS6_N"
mice_protein_mn_clean,classification,1.9542059898376465,1.0,1.0,1.0,1.0,1.0,0.0,0.0,32,"ADARB1_N,AKT_N,APP_N,AcetylH3K9_N,BRAF_N,Behavior,CaNA_N,DSCR1_N,Genotype,H3AcK18_N,IL1B_N,ITSN1_N,NR2B_N,NUMB_N,S6_N,SOD1_N,TRKA_N,Treatment,Ubiquitin_N,class,nNOS_N,pCAMKII_N,pCASP9_N,pELK_N,pERK_N,pGSK3B_N,pJNK_N,pMTOR_N,pNR2A_N,pNR2B_N,pP70S6_N,pPKCAB_N,pS6_N"
mice_protein_mn_clean,classification,1.9542059898376465,1.0,1.0,1.0,1.0,1.0,0.0,0.0,33,"ADARB1_N,AKT_N,APP_N,AcetylH3K9_N,BRAF_N,Behavior,CaNA_N,DSCR1_N,Genotype,H3AcK18_N,IL1B_N,ITSN1_N,JNK_N,NR2B_N,NUMB_N,S6_N,SOD1_N,TRKA_N,Treatment,Ubiquitin_N,class,nNOS_N,pCAMKII_N,pCASP9_N,pELK_N,pERK_N,pGSK3B_N,pJNK_N,pMTOR_N,pNR2A_N,pNR2B_N,pP70S6_N,pPKCAB_N,pS6_N"
mice_protein_mn_clean,classification,1.9542059898376465,1.0,1.0,1.0,1.0,1.0,0.0,0.0,34,"ADARB1_N,AKT_N,APP_N,ARC_N,AcetylH3K9_N,BRAF_N,Behavior,CaNA_N,DSCR1_N,Genotype,H3AcK18_N,IL1B_N,ITSN1_N,JNK_N,NR2B_N,NUMB_N,S6_N,SOD1_N,TRKA_N,Treatment,Ubiquitin_N,class,nNOS_N,pCAMKII_N,pCASP9_N,pELK_N,pERK_N,pGSK3B_N,pJNK_N,pMTOR_N,pNR2A_N,pNR2B_N,pP70S6_N,pPKCAB_N,pS6_N"
mice_protein_mn_clean,classification,1.9542059898376465,1.0,1.0,1.0,1.0,1.0,0.0,0.0,35,"ADARB1_N,AKT_N,APP_N,ARC_N,AcetylH3K9_N,BCL2_N,BRAF_N,Behavior,CaNA_N,DSCR1_N,Genotype,H3AcK18_N,IL1B_N,ITSN1_N,JNK_N,NR2B_N,NUMB_N,S6_N,SOD1_N,TRKA_N,Treatment,Ubiquitin_N,class,nNOS_N,pCAMKII_N,pCASP9_N,pELK_N,pERK_N,pGSK3B_N,pJNK_N,pMTOR_N,pNR2A_N,pNR2B_N,pP70S6_N,pPKCAB_N,pS6_N"
mice_protein_mn_clean,classification,1.9542059898376465,1.0,1.0,1.0,1.0,1.0,0.0,0.0,36,"ADARB1_N,AKT_N,APP_N,ARC_N,AcetylH3K9_N,BCL2_N,BRAF_N,Behavior,CaNA_N,DSCR1_N,Genotype,H3AcK18_N,IL1B_N,ITSN1_N,JNK_N,NR2B_N,NUMB_N,S6_N,SOD1_N,TRKA_N,Treatment,Ubiquitin_N,class,nNOS_N,pCAMKII_N,pCASP9_N,pELK_N,pERK_N,pGSK3B_N,pJNK_N,pMTOR_N,pNR2A_N,pNR2B_N,pNUMB_N,pP70S6_N,pPKCAB_N,pS6_N"
mice_protein_mn_clean,classification,1.9542059898376465,1.0,1.0,1.0,1.0,1.0,0.0,0.0,37,"ADARB1_N,AKT_N,APP_N,ARC_N,AcetylH3K9_N,BCL2_N,BRAF_N,Behavior,CaNA_N,DSCR1_N,Genotype,H3AcK18_N,IL1B_N,ITSN1_N,JNK_N,NR2B_N,NUMB_N,S6_N,SOD1_N,TRKA_N,Tau_N,Treatment,Ubiquitin_N,class,nNOS_N,pCAMKII_N,pCASP9_N,pELK_N,pERK_N,pGSK3B_N,pJNK_N,pMTOR_N,pNR2A_N,pNR2B_N,pNUMB_N,pP70S6_N,pPKCAB_N,pS6_N"
mice_protein_mn_clean,classification,1.9542059898376465,0.9953703703703703,0.9955923291060934,0.9959677419354839,0.9953703703703703,0.9997795414462081,-0.00462962962962965,-0.00440767089390659,38,"ADARB1_N,AKT_N,APP_N,ARC_N,AcetylH3K9_N,BCL2_N,BRAF_N,Behavior,CaNA_N,DSCR1_N,Genotype,H3AcK18_N,IL1B_N,ITSN1_N,JNK_N,NR2B_N,NUMB_N,S6_N,SOD1_N,TRKA_N,Tau_N,Treatment,Ubiquitin_N,class,nNOS_N,pCAMKII_N,pCASP9_N,pELK_N,pERK_N,pGSK3B_N,pJNK_N,pMTOR_N,pNR2A_N,pNR2B_N,pNUMB_N,pP70S6_N,pPKCAB_N,pPKCG_N,pS6_N"
mice_protein_mn_clean,classification,1.9542059898376465,0.9953703703703703,0.9955923291060934,0.9959677419354839,0.9953703703703703,0.9995639029539866,-0.0023148148148148806,-0.0022063887436015728,39,"ADARB1_N,AKT_N,APP_N,ARC_N,AcetylH3K9_N,BCL2_N,BRAF_N,Behavior,CaNA_N,DSCR1_N,Genotype,H3AcK18_N,IL1B_N,ITSN1_N,JNK_N,NR2B_N,NUMB_N,S6_N,SOD1_N,TRKA_N,Tau_N,Treatment,Ubiquitin_N,class,nNOS_N,pAKT_N,pCAMKII_N,pCASP9_N,pELK_N,pERK_N,pGSK3B_N,pJNK_N,pMTOR_N,pNR2A_N,pNR2B_N,pNUMB_N,pP70S6_N,pPKCAB_N,pPKCG_N,pS6_N"
mice_protein_mn_clean,classification,1.9542059898376465,1.0,1.0,1.0,1.0,1.0,0.0,0.0,40,"ADARB1_N,AKT_N,APP_N,ARC_N,AcetylH3K9_N,BCL2_N,BRAF_N,Behavior,CAMKII_N,CaNA_N,DSCR1_N,Genotype,H3AcK18_N,IL1B_N,ITSN1_N,JNK_N,NR2B_N,NUMB_N,S6_N,SOD1_N,TRKA_N,Tau_N,Treatment,Ubiquitin_N,class,nNOS_N,pAKT_N,pCAMKII_N,pCASP9_N,pELK_N,pERK_N,pGSK3B_N,pJNK_N,pMTOR_N,pNR2A_N,pNR2B_N,pNUMB_N,pP70S6_N,pPKCAB_N,pPKCG_N,pS6_N"
