benchmark,problem,augmentation_time,test_rmse,test_mae,test_r2,overfit_rmse,overfit_mae,num_new_features,selected_features
house_sales,regression,13.698360204696655,0.37321606226088144,0.3034940810628471,0.47941470937923536,-0.0028349429179512775,-0.0021488873191441438,1,"price,sqft_living"
house_sales,regression,13.698360204696655,0.36359955894052026,0.296956487230703,0.5058964940929822,0.0053953034992689775,0.0048632775234215275,2,"price,sqft_living,sqft_living15"
house_sales,regression,13.698360204696655,0.3389845135082927,0.27309228653210665,0.5705318555425544,0.05411722230128646,0.043622838320888896,3,"price,sqft_living,sqft_living15,sqft_lot"
house_sales,regression,13.698360204696655,0.3339304811599942,0.2678742505638662,0.583242555383406,0.04357322748906345,0.03477174965304056,4,"price,sqft_living,sqft_living15,sqft_lot,sqft_lot15"
house_sales,regression,13.698360204696655,0.21344735717910762,0.15463529023666608,0.8297242492463124,0.0480716691027864,0.031862245344999,5,"lat,price,sqft_living,sqft_living15,sqft_lot,sqft_lot15"
house_sales,regression,13.698360204696655,0.2002668274560888,0.14514853226600133,0.8501042650380009,0.03687994411717774,0.024613128648438273,6,"grade,lat,price,sqft_living,sqft_living15,sqft_lot,sqft_lot15"
house_sales,regression,13.698360204696655,0.1703377470894665,0.12180261172083764,0.8915591188642671,0.04143318971072418,0.027790125698318263,7,"grade,lat,long,price,sqft_living,sqft_living15,sqft_lot,sqft_lot15"
house_sales,regression,13.698360204696655,0.16782093129010844,0.11877023415942442,0.8947399690074105,0.04460551852683822,0.02918828516828713,8,"grade,lat,long,price,sqft_living,sqft_living15,sqft_lot,sqft_lot15,yr_built"
house_sales,regression,13.698360204696655,0.16835950185614768,0.11906921673350239,0.894063284416573,0.03738677555274467,0.024867288410680616,9,"grade,lat,long,price,sqft_basement,sqft_living,sqft_living15,sqft_lot,sqft_lot15,yr_built"
house_sales,regression,13.698360204696655,0.1683641481019882,0.11904064158393847,0.8940574372287341,0.043026232060315917,0.028537450146149376,10,"date_day,grade,lat,long,price,sqft_basement,sqft_living,sqft_living15,sqft_lot,sqft_lot15,yr_built"
house_sales,regression,13.698360204696655,0.16759807551152353,0.11844490378111021,0.8950193409632845,0.04593078762757456,0.02992714187444799,11,"date_day,grade,lat,long,price,sqft_basement,sqft_living,sqft_living15,sqft_lot,sqft_lot15,yr_built,yr_renovated"
house_sales,regression,13.698360204696655,0.16783606504326296,0.11851979370430073,0.8947209838767756,0.04284698153520787,0.027426230471727736,12,"date_day,grade,lat,long,price,sqft_above,sqft_basement,sqft_living,sqft_living15,sqft_lot,sqft_lot15,yr_built,yr_renovated"
house_sales,regression,13.698360204696655,0.16633144361961855,0.11700556200818364,0.8966001393016946,0.054831487575212515,0.03500482086251108,13,"date_day,date_month,grade,lat,long,price,sqft_above,sqft_basement,sqft_living,sqft_living15,sqft_lot,sqft_lot15,yr_built,yr_renovated"
house_sales,regression,13.698360204696655,0.162127737146419,0.11466162626575888,0.9017605590528697,0.053465213821015184,0.03505449174439297,14,"date_day,date_month,grade,lat,long,price,sqft_above,sqft_basement,sqft_living,sqft_living15,sqft_lot,sqft_lot15,waterfront,yr_built,yr_renovated"
house_sales,regression,13.698360204696655,0.16161915921712652,0.11419451675328078,0.9023759262796408,0.05403489336649954,0.035348472809391504,15,"date_day,date_month,date_year,grade,lat,long,price,sqft_above,sqft_basement,sqft_living,sqft_living15,sqft_lot,sqft_lot15,waterfront,yr_built,yr_renovated"
house_sales,regression,13.698360204696655,0.1618549011363997,0.11404822781281103,0.902090924537385,0.05220129965766289,0.03435809020496136,16,"bathrooms,date_day,date_month,date_year,grade,lat,long,price,sqft_above,sqft_basement,sqft_living,sqft_living15,sqft_lot,sqft_lot15,waterfront,yr_built,yr_renovated"
house_sales,regression,13.698360204696655,0.16158386148822806,0.11409522162095963,0.9024185639447612,0.05448884225224468,0.03607033210881633,17,"bathrooms,bedrooms,date_day,date_month,date_year,grade,lat,long,price,sqft_above,sqft_basement,sqft_living,sqft_living15,sqft_lot,sqft_lot15,waterfront,yr_built,yr_renovated"
house_sales_un_dirty,regression,43.72957110404968,0.37321606226088144,0.3034940810628471,0.47941470937923536,-0.0028349429179512775,-0.0021488873191441438,1,"price,sqft_living"
house_sales_un_dirty,regression,43.72957110404968,0.36359955894052026,0.296956487230703,0.5058964940929822,0.0053953034992689775,0.0048632775234215275,2,"price,sqft_living,sqft_living15"
house_sales_un_dirty,regression,43.72957110404968,0.33458531333397706,0.2692441766203925,0.581606443790367,0.038475103549109047,0.03131603296026669,3,"price,sqft_living,sqft_living15,sqft_lot15"
house_sales_un_dirty,regression,43.72957110404968,0.33320615056299124,0.2674172371906266,0.5850485766452327,0.04768519287818751,0.03800462067010976,4,"price,sqft_living,sqft_living15,sqft_lot,sqft_lot15"
house_sales_un_dirty,regression,43.72957110404968,0.3341751183753601,0.26840854384935,0.5826316993379772,0.057534495941369834,0.04609027921308331,5,"price,sqft_living,sqft_living15,sqft_living15_shuffled_2,sqft_lot,sqft_lot15"
house_sales_un_dirty,regression,43.72957110404968,0.3353858141050824,0.26923694055602027,0.579602022155669,0.04768638170968659,0.037928783496508384,6,"price,sqft_living,sqft_living15,sqft_living15_shuffled_2,sqft_lot,sqft_lot15,sqft_lot15_shuffled_2"
house_sales_un_dirty,regression,43.72957110404968,0.3352456910507251,0.2697206669926274,0.5799532304689503,0.04903461993015035,0.039857798311656006,7,"price,sqft_living,sqft_living15,sqft_living15_shuffled_2,sqft_lot,sqft_lot15,sqft_lot15_shuffled_1,sqft_lot15_shuffled_2"
house_sales_un_dirty,regression,43.72957110404968,0.3355709670377967,0.27013557430373847,0.5791377246164608,0.06267900446339142,0.05051544345629061,8,"price,sqft_living,sqft_living15,sqft_living15_shuffled_2,sqft_lot,sqft_lot15,sqft_lot15_shuffled_1,sqft_lot15_shuffled_2,sqft_lot_shuffled_2"
house_sales_un_dirty,regression,43.72957110404968,0.33582701939164433,0.2701935709580874,0.5784952143862825,0.05149749614450022,0.04158173972111204,9,"price,sqft_living,sqft_living15,sqft_living15_shuffled_2,sqft_living_shuffled_2,sqft_lot,sqft_lot15,sqft_lot15_shuffled_1,sqft_lot15_shuffled_2,sqft_lot_shuffled_2"
house_sales_un_dirty,regression,43.72957110404968,0.3359672708864393,0.27081554941428804,0.5781430746400141,0.060361568648630515,0.049584528891374186,10,"price,sqft_living,sqft_living15,sqft_living15_shuffled_2,sqft_living_shuffled_2,sqft_lot,sqft_lot15,sqft_lot15_shuffled_1,sqft_lot15_shuffled_2,sqft_lot_shuffled_1,sqft_lot_shuffled_2"
house_sales_un_dirty,regression,43.72957110404968,0.3294945236121179,0.2649396630018163,0.5942414858747859,0.0661294117863106,0.05372085935342427,11,"price,sqft_basement,sqft_living,sqft_living15,sqft_living15_shuffled_2,sqft_living_shuffled_2,sqft_lot,sqft_lot15,sqft_lot15_shuffled_1,sqft_lot15_shuffled_2,sqft_lot_shuffled_1,sqft_lot_shuffled_2"
house_sales_un_dirty,regression,43.72957110404968,0.32928025034772085,0.2648194042053838,0.5947690511311134,0.0794172182287948,0.06438433223383236,12,"long_shuffled_1,price,sqft_basement,sqft_living,sqft_living15,sqft_living15_shuffled_2,sqft_living_shuffled_2,sqft_lot,sqft_lot15,sqft_lot15_shuffled_1,sqft_lot15_shuffled_2,sqft_lot_shuffled_1,sqft_lot_shuffled_2"
house_sales_un_dirty,regression,43.72957110404968,0.32648798008236724,0.26304170166836777,0.6016125636241775,0.06644870873487346,0.0538678020837704,13,"long_shuffled_1,price,sqft_basement,sqft_living,sqft_living15,sqft_living15_shuffled_2,sqft_living_shuffled_2,sqft_lot,sqft_lot15,sqft_lot15_shuffled_1,sqft_lot15_shuffled_2,sqft_lot_shuffled_1,sqft_lot_shuffled_2,yr_renovated"
house_sales_un_dirty,regression,43.72957110404968,0.3280543418729126,0.26428951126166045,0.5977807793277186,0.08680282368643305,0.07082645362451195,14,"long_shuffled_1,price,sqft_basement,sqft_living,sqft_living15,sqft_living15_shuffled_1,sqft_living15_shuffled_2,sqft_living_shuffled_2,sqft_lot,sqft_lot15,sqft_lot15_shuffled_1,sqft_lot15_shuffled_2,sqft_lot_shuffled_1,sqft_lot_shuffled_2,yr_renovated"
house_sales_un_dirty,regression,43.72957110404968,0.32775148015081557,0.26406737138227576,0.5985230988723274,0.07376614418867511,0.059980540187467096,15,"long_shuffled_1,long_shuffled_2,price,sqft_basement,sqft_living,sqft_living15,sqft_living15_shuffled_1,sqft_living15_shuffled_2,sqft_living_shuffled_2,sqft_lot,sqft_lot15,sqft_lot15_shuffled_1,sqft_lot15_shuffled_2,sqft_lot_shuffled_1,sqft_lot_shuffled_2,yr_renovated"
house_sales_un_dirty,regression,43.72957110404968,0.32715170372223107,0.26381492547467594,0.5999911383535996,0.0697049460181009,0.05728920188639991,16,"lat_shuffled_2,long_shuffled_1,long_shuffled_2,price,sqft_basement,sqft_living,sqft_living15,sqft_living15_shuffled_1,sqft_living15_shuffled_2,sqft_living_shuffled_2,sqft_lot,sqft_lot15,sqft_lot15_shuffled_1,sqft_lot15_shuffled_2,sqft_lot_shuffled_1,sqft_lot_shuffled_2,yr_renovated"
house_sales_un_dirty,regression,43.72957110404968,0.2120211177500798,0.15382400198405444,0.8319921866576442,0.03618002607258225,0.02355686931640405,17,"lat,lat_shuffled_2,long_shuffled_1,long_shuffled_2,price,sqft_basement,sqft_living,sqft_living15,sqft_living15_shuffled_1,sqft_living15_shuffled_2,sqft_living_shuffled_2,sqft_lot,sqft_lot15,sqft_lot15_shuffled_1,sqft_lot15_shuffled_2,sqft_lot_shuffled_1,sqft_lot_shuffled_2,yr_renovated"
house_sales_un_dirty,regression,43.72957110404968,0.2007033030949685,0.14571951392986318,0.8494501663602043,0.03809103712615958,0.025407019373135428,18,"grade,lat,lat_shuffled_2,long_shuffled_1,long_shuffled_2,price,sqft_basement,sqft_living,sqft_living15,sqft_living15_shuffled_1,sqft_living15_shuffled_2,sqft_living_shuffled_2,sqft_lot,sqft_lot15,sqft_lot15_shuffled_1,sqft_lot15_shuffled_2,sqft_lot_shuffled_1,sqft_lot_shuffled_2,yr_renovated"
house_sales_un_dirty,regression,43.72957110404968,0.1721645519644691,0.12337867311978558,0.8892206753013611,0.06272263606922934,0.04119900733290405,19,"grade,lat,lat_shuffled_2,long,long_shuffled_1,long_shuffled_2,price,sqft_basement,sqft_living,sqft_living15,sqft_living15_shuffled_1,sqft_living15_shuffled_2,sqft_living_shuffled_2,sqft_lot,sqft_lot15,sqft_lot15_shuffled_1,sqft_lot15_shuffled_2,sqft_lot_shuffled_1,sqft_lot_shuffled_2,yr_renovated"
house_sales_un_dirty,regression,43.72957110404968,0.17074609174375088,0.12143454460200058,0.8910385726927099,0.05680548330754785,0.036328100837110675,20,"grade,lat,lat_shuffled_2,long,long_shuffled_1,long_shuffled_2,price,sqft_basement,sqft_living,sqft_living15,sqft_living15_shuffled_1,sqft_living15_shuffled_2,sqft_living_shuffled_2,sqft_lot,sqft_lot15,sqft_lot15_shuffled_1,sqft_lot15_shuffled_2,sqft_lot_shuffled_1,sqft_lot_shuffled_2,yr_built,yr_renovated"
house_sales_un_dirty,regression,43.72957110404968,0.16978954815612357,0.12073584042399761,0.8922559874890248,0.056577030187881544,0.03662953580440574,21,"date_month_shuffled_2,grade,lat,lat_shuffled_2,long,long_shuffled_1,long_shuffled_2,price,sqft_basement,sqft_living,sqft_living15,sqft_living15_shuffled_1,sqft_living15_shuffled_2,sqft_living_shuffled_2,sqft_lot,sqft_lot15,sqft_lot15_shuffled_1,sqft_lot15_shuffled_2,sqft_lot_shuffled_1,sqft_lot_shuffled_2,yr_built,yr_renovated"
house_sales_un_dirty,regression,43.72957110404968,0.1710356803092505,0.12154447091067734,0.8906686580296069,0.06406264369576467,0.04136143783291746,22,"date_month_shuffled_1,date_month_shuffled_2,grade,lat,lat_shuffled_2,long,long_shuffled_1,long_shuffled_2,price,sqft_basement,sqft_living,sqft_living15,sqft_living15_shuffled_1,sqft_living15_shuffled_2,sqft_living_shuffled_2,sqft_lot,sqft_lot15,sqft_lot15_shuffled_1,sqft_lot15_shuffled_2,sqft_lot_shuffled_1,sqft_lot_shuffled_2,yr_built,yr_renovated"
house_sales_un_dirty,regression,43.72957110404968,0.17139596290108833,0.12187689696058322,0.8902075651579829,0.057373235019963956,0.036099995189917466,23,"date_month_shuffled_1,date_month_shuffled_2,grade,lat,lat_shuffled_2,long,long_shuffled_1,long_shuffled_2,price,sqft_above,sqft_basement,sqft_living,sqft_living15,sqft_living15_shuffled_1,sqft_living15_shuffled_2,sqft_living_shuffled_2,sqft_lot,sqft_lot15,sqft_lot15_shuffled_1,sqft_lot15_shuffled_2,sqft_lot_shuffled_1,sqft_lot_shuffled_2,yr_built,yr_renovated"
house_sales_un_dirty,regression,43.72957110404968,0.17135689771765583,0.12156408252154163,0.8902576080264946,0.06971194773900155,0.045411735648760984,24,"date_month_shuffled_1,date_month_shuffled_2,grade,lat,lat_shuffled_2,long,long_shuffled_1,long_shuffled_2,price,sqft_above,sqft_above_shuffled_2,sqft_basement,sqft_living,sqft_living15,sqft_living15_shuffled_1,sqft_living15_shuffled_2,sqft_living_shuffled_2,sqft_lot,sqft_lot15,sqft_lot15_shuffled_1,sqft_lot15_shuffled_2,sqft_lot_shuffled_1,sqft_lot_shuffled_2,yr_built,yr_renovated"
house_sales_un_dirty,regression,43.72957110404968,0.17177141590136982,0.12198537846130236,0.8897260246610436,0.06450538174165965,0.041502836673666096,25,"date_month_shuffled_1,date_month_shuffled_2,grade,lat,lat_shuffled_2,long,long_shuffled_1,long_shuffled_2,noise_categorical_2,price,sqft_above,sqft_above_shuffled_2,sqft_basement,sqft_living,sqft_living15,sqft_living15_shuffled_1,sqft_living15_shuffled_2,sqft_living_shuffled_2,sqft_lot,sqft_lot15,sqft_lot15_shuffled_1,sqft_lot15_shuffled_2,sqft_lot_shuffled_1,sqft_lot_shuffled_2,yr_built,yr_renovated"
house_sales_un_dirty,regression,43.72957110404968,0.17125290068163454,0.12139154612938696,0.8903907736053045,0.08437898574681094,0.05611948202512253,26,"date_month_shuffled_1,date_month_shuffled_2,grade,lat,lat_shuffled_2,long,long_shuffled_1,long_shuffled_2,noise_categorical_2,noise_numeric_2,price,sqft_above,sqft_above_shuffled_2,sqft_basement,sqft_living,sqft_living15,sqft_living15_shuffled_1,sqft_living15_shuffled_2,sqft_living_shuffled_2,sqft_lot,sqft_lot15,sqft_lot15_shuffled_1,sqft_lot15_shuffled_2,sqft_lot_shuffled_1,sqft_lot_shuffled_2,yr_built,yr_renovated"
house_sales_un_dirty,regression,43.72957110404968,0.17129842687130475,0.12203052499346327,0.890332488417748,0.058496815189883034,0.03754450654818006,27,"date_month_shuffled_1,date_month_shuffled_2,grade,lat,lat_shuffled_1,lat_shuffled_2,long,long_shuffled_1,long_shuffled_2,noise_categorical_2,noise_numeric_2,price,sqft_above,sqft_above_shuffled_2,sqft_basement,sqft_living,sqft_living15,sqft_living15_shuffled_1,sqft_living15_shuffled_2,sqft_living_shuffled_2,sqft_lot,sqft_lot15,sqft_lot15_shuffled_1,sqft_lot15_shuffled_2,sqft_lot_shuffled_1,sqft_lot_shuffled_2,yr_built,yr_renovated"
house_sales_un_dirty,regression,43.72957110404968,0.16788492733866744,0.12010377130654701,0.8946596749656198,0.05714471362731534,0.03740089470003892,28,"date_month_shuffled_1,date_month_shuffled_2,grade,lat,lat_shuffled_1,lat_shuffled_2,long,long_shuffled_1,long_shuffled_2,noise_categorical_2,noise_numeric_2,price,sqft_above,sqft_above_shuffled_2,sqft_basement,sqft_living,sqft_living15,sqft_living15_shuffled_1,sqft_living15_shuffled_2,sqft_living_shuffled_2,sqft_lot,sqft_lot15,sqft_lot15_shuffled_1,sqft_lot15_shuffled_2,sqft_lot_shuffled_1,sqft_lot_shuffled_2,waterfront,yr_built,yr_renovated"
house_sales_un_dirty,regression,43.72957110404968,0.16783872498802843,0.11978085728938398,0.8947176468277707,0.07817970904164515,0.052710336084598686,29,"date_day_shuffled_2,date_month_shuffled_1,date_month_shuffled_2,grade,lat,lat_shuffled_1,lat_shuffled_2,long,long_shuffled_1,long_shuffled_2,noise_categorical_2,noise_numeric_2,price,sqft_above,sqft_above_shuffled_2,sqft_basement,sqft_living,sqft_living15,sqft_living15_shuffled_1,sqft_living15_shuffled_2,sqft_living_shuffled_2,sqft_lot,sqft_lot15,sqft_lot15_shuffled_1,sqft_lot15_shuffled_2,sqft_lot_shuffled_1,sqft_lot_shuffled_2,waterfront,yr_built,yr_renovated"
house_sales_un_dirty,regression,43.72957110404968,0.16774526377150922,0.12021290037469376,0.8948348674173415,0.06406384292569055,0.04230892549602547,30,"date_day_shuffled_2,date_month_shuffled_1,date_month_shuffled_2,grade,lat,lat_shuffled_1,lat_shuffled_2,long,long_shuffled_1,long_shuffled_2,noise_categorical_2,noise_numeric_2,price,sqft_above,sqft_above_shuffled_2,sqft_basement,sqft_living,sqft_living15,sqft_living15_shuffled_1,sqft_living15_shuffled_2,sqft_living_shuffled_2,sqft_lot,sqft_lot15,sqft_lot15_shuffled_1,sqft_lot15_shuffled_2,sqft_lot_shuffled_1,sqft_lot_shuffled_2,waterfront,yr_built,yr_built_shuffled_2,yr_renovated"
house_sales_un_dirty,regression,43.72957110404968,0.16813430799949483,0.12024162411907252,0.894346491986789,0.05519429677011145,0.0359159747010471,31,"date_day_shuffled_1,date_day_shuffled_2,date_month_shuffled_1,date_month_shuffled_2,grade,lat,lat_shuffled_1,lat_shuffled_2,long,long_shuffled_1,long_shuffled_2,noise_categorical_2,noise_numeric_2,price,sqft_above,sqft_above_shuffled_2,sqft_basement,sqft_living,sqft_living15,sqft_living15_shuffled_1,sqft_living15_shuffled_2,sqft_living_shuffled_2,sqft_lot,sqft_lot15,sqft_lot15_shuffled_1,sqft_lot15_shuffled_2,sqft_lot_shuffled_1,sqft_lot_shuffled_2,waterfront,yr_built,yr_built_shuffled_2,yr_renovated"
house_sales_un_dirty,regression,43.72957110404968,0.16817579607989167,0.12033965301123682,0.8942943443662793,0.056339261318765946,0.03639941811256647,32,"date_day_shuffled_1,date_day_shuffled_2,date_month_shuffled_1,date_month_shuffled_2,grade,lat,lat_shuffled_1,lat_shuffled_2,long,long_shuffled_1,long_shuffled_2,noise_categorical_2,noise_numeric_1,noise_numeric_2,price,sqft_above,sqft_above_shuffled_2,sqft_basement,sqft_living,sqft_living15,sqft_living15_shuffled_1,sqft_living15_shuffled_2,sqft_living_shuffled_2,sqft_lot,sqft_lot15,sqft_lot15_shuffled_1,sqft_lot15_shuffled_2,sqft_lot_shuffled_1,sqft_lot_shuffled_2,waterfront,yr_built,yr_built_shuffled_2,yr_renovated"
house_sales_un_dirty,regression,43.72957110404968,0.16808074122766894,0.12013628506160871,0.8944138026490367,0.059644568938783074,0.03870323341941942,33,"date_day_shuffled_1,date_day_shuffled_2,date_month_shuffled_1,date_month_shuffled_2,grade,lat,lat_shuffled_1,lat_shuffled_2,long,long_shuffled_1,long_shuffled_2,noise_categorical_2,noise_numeric_1,noise_numeric_2,price,sqft_above,sqft_above_shuffled_1,sqft_above_shuffled_2,sqft_basement,sqft_living,sqft_living15,sqft_living15_shuffled_1,sqft_living15_shuffled_2,sqft_living_shuffled_2,sqft_lot,sqft_lot15,sqft_lot15_shuffled_1,sqft_lot15_shuffled_2,sqft_lot_shuffled_1,sqft_lot_shuffled_2,waterfront,yr_built,yr_built_shuffled_2,yr_renovated"
house_sales_un_dirty,regression,43.72957110404968,0.16796055558144957,0.1202745509880829,0.8945647468715993,0.07327286571627536,0.049355462507336564,34,"date_day_shuffled_1,date_day_shuffled_2,date_month_shuffled_1,date_month_shuffled_2,grade,lat,lat_shuffled_1,lat_shuffled_2,long,long_shuffled_1,long_shuffled_2,noise_categorical_2,noise_numeric_1,noise_numeric_2,price,sqft_above,sqft_above_shuffled_1,sqft_above_shuffled_2,sqft_basement,sqft_living,sqft_living15,sqft_living15_shuffled_1,sqft_living15_shuffled_2,sqft_living_shuffled_2,sqft_lot,sqft_lot15,sqft_lot15_shuffled_1,sqft_lot15_shuffled_2,sqft_lot_shuffled_1,sqft_lot_shuffled_2,waterfront,yr_built,yr_built_shuffled_1,yr_built_shuffled_2,yr_renovated"
house_sales_un_dirty,regression,43.72957110404968,0.16836263176465938,0.12046696485018098,0.8940593455202682,0.05829514386206895,0.03765106954890114,35,"date_day_shuffled_1,date_day_shuffled_2,date_month_shuffled_1,date_month_shuffled_2,date_year_shuffled_2,grade,lat,lat_shuffled_1,lat_shuffled_2,long,long_shuffled_1,long_shuffled_2,noise_categorical_2,noise_numeric_1,noise_numeric_2,price,sqft_above,sqft_above_shuffled_1,sqft_above_shuffled_2,sqft_basement,sqft_living,sqft_living15,sqft_living15_shuffled_1,sqft_living15_shuffled_2,sqft_living_shuffled_2,sqft_lot,sqft_lot15,sqft_lot15_shuffled_1,sqft_lot15_shuffled_2,sqft_lot_shuffled_1,sqft_lot_shuffled_2,waterfront,yr_built,yr_built_shuffled_1,yr_built_shuffled_2,yr_renovated"
house_sales_un_dirty,regression,43.72957110404968,0.16840596051932968,0.12081093741241383,0.8940048100542696,0.07232306463426659,0.04867137474976693,36,"date_day_shuffled_1,date_day_shuffled_2,date_month_shuffled_1,date_month_shuffled_2,date_year_shuffled_2,grade,lat,lat_shuffled_1,lat_shuffled_2,long,long_shuffled_1,long_shuffled_2,noise_categorical_2,noise_numeric_1,noise_numeric_2,price,sqft_above,sqft_above_shuffled_1,sqft_above_shuffled_2,sqft_basement,sqft_living,sqft_living15,sqft_living15_shuffled_1,sqft_living15_shuffled_2,sqft_living_shuffled_1,sqft_living_shuffled_2,sqft_lot,sqft_lot15,sqft_lot15_shuffled_1,sqft_lot15_shuffled_2,sqft_lot_shuffled_1,sqft_lot_shuffled_2,waterfront,yr_built,yr_built_shuffled_1,yr_built_shuffled_2,yr_renovated"
house_sales_un_dirty,regression,43.72957110404968,0.16826844978807867,0.12032103790578112,0.8941778386725099,0.06671995808066924,0.04394988115062003,37,"date_day_shuffled_1,date_day_shuffled_2,date_month_shuffled_1,date_month_shuffled_2,date_year_shuffled_1,date_year_shuffled_2,grade,lat,lat_shuffled_1,lat_shuffled_2,long,long_shuffled_1,long_shuffled_2,noise_categorical_2,noise_numeric_1,noise_numeric_2,price,sqft_above,sqft_above_shuffled_1,sqft_above_shuffled_2,sqft_basement,sqft_living,sqft_living15,sqft_living15_shuffled_1,sqft_living15_shuffled_2,sqft_living_shuffled_1,sqft_living_shuffled_2,sqft_lot,sqft_lot15,sqft_lot15_shuffled_1,sqft_lot15_shuffled_2,sqft_lot_shuffled_1,sqft_lot_shuffled_2,waterfront,yr_built,yr_built_shuffled_1,yr_built_shuffled_2,yr_renovated"
house_sales_un_dirty,regression,43.72957110404968,0.1681958337658755,0.11999779821082791,0.8942691537863457,0.06088656045428181,0.03893138230023982,38,"date_day_shuffled_1,date_day_shuffled_2,date_month_shuffled_1,date_month_shuffled_2,date_year_shuffled_1,date_year_shuffled_2,grade,lat,lat_shuffled_1,lat_shuffled_2,long,long_shuffled_1,long_shuffled_2,noise_categorical_2,noise_numeric_1,noise_numeric_2,price,sqft_above,sqft_above_shuffled_1,sqft_above_shuffled_2,sqft_basement,sqft_basement_shuffled_2,sqft_living,sqft_living15,sqft_living15_shuffled_1,sqft_living15_shuffled_2,sqft_living_shuffled_1,sqft_living_shuffled_2,sqft_lot,sqft_lot15,sqft_lot15_shuffled_1,sqft_lot15_shuffled_2,sqft_lot_shuffled_1,sqft_lot_shuffled_2,waterfront,yr_built,yr_built_shuffled_1,yr_built_shuffled_2,yr_renovated"
house_sales_un_dirty,regression,43.72957110404968,0.16782480610576525,0.11978581464499254,0.8947351082558753,0.055316931402555516,0.035066559754700855,39,"date_day_shuffled_1,date_day_shuffled_2,date_month_shuffled_1,date_month_shuffled_2,date_year_shuffled_1,date_year_shuffled_2,grade,lat,lat_shuffled_1,lat_shuffled_2,long,long_shuffled_1,long_shuffled_2,noise_categorical_2,noise_numeric_1,noise_numeric_2,price,sqft_above,sqft_above_shuffled_1,sqft_above_shuffled_2,sqft_basement,sqft_basement_shuffled_1,sqft_basement_shuffled_2,sqft_living,sqft_living15,sqft_living15_shuffled_1,sqft_living15_shuffled_2,sqft_living_shuffled_1,sqft_living_shuffled_2,sqft_lot,sqft_lot15,sqft_lot15_shuffled_1,sqft_lot15_shuffled_2,sqft_lot_shuffled_1,sqft_lot_shuffled_2,waterfront,yr_built,yr_built_shuffled_1,yr_built_shuffled_2,yr_renovated"
house_sales_un_dirty,regression,43.72957110404968,0.1678384838888145,0.11985156588426757,0.8947179493023558,0.06991932678359128,0.045677762280899536,40,"date_day_shuffled_1,date_day_shuffled_2,date_month_shuffled_1,date_month_shuffled_2,date_year_shuffled_1,date_year_shuffled_2,grade,lat,lat_shuffled_1,lat_shuffled_2,long,long_shuffled_1,long_shuffled_2,noise_categorical_1,noise_categorical_2,noise_numeric_1,noise_numeric_2,price,sqft_above,sqft_above_shuffled_1,sqft_above_shuffled_2,sqft_basement,sqft_basement_shuffled_1,sqft_basement_shuffled_2,sqft_living,sqft_living15,sqft_living15_shuffled_1,sqft_living15_shuffled_2,sqft_living_shuffled_1,sqft_living_shuffled_2,sqft_lot,sqft_lot15,sqft_lot15_shuffled_1,sqft_lot15_shuffled_2,sqft_lot_shuffled_1,sqft_lot_shuffled_2,waterfront,yr_built,yr_built_shuffled_1,yr_built_shuffled_2,yr_renovated"
house_sales_un_clean,regression,15.227207660675049,0.37321606226088144,0.3034940810628471,0.47941470937923536,-0.0028349429179512775,-0.0021488873191441438,1,"price,sqft_living"
house_sales_un_clean,regression,15.227207660675049,0.36359955894052026,0.296956487230703,0.5058964940929822,0.0053953034992689775,0.0048632775234215275,2,"price,sqft_living,sqft_living15"
house_sales_un_clean,regression,15.227207660675049,0.32464664940169413,0.26054277256074426,0.6060935520553156,0.044364319924981854,0.03613655358685358,3,"price,sqft_living,sqft_living15,yr_built"
house_sales_un_clean,regression,15.227207660675049,0.30765158142093285,0.24294897870770335,0.6462556242720647,0.04916323780211812,0.03875261015022058,4,"price,sqft_living,sqft_living15,sqft_lot,yr_built"
house_sales_un_clean,regression,15.227207660675049,0.30144380320719066,0.23713577034742186,0.6603872699893829,0.062387032272122334,0.048025731680869516,5,"price,sqft_living,sqft_living15,sqft_lot,sqft_lot15,yr_built"
house_sales_un_clean,regression,15.227207660675049,0.2773575619348514,0.216062650764182,0.7124911204940265,0.06921671176025768,0.052072607746079386,6,"grade,price,sqft_living,sqft_living15,sqft_lot,sqft_lot15,yr_built"
house_sales_un_clean,regression,15.227207660675049,0.1903177554309965,0.1359410963943813,0.8646276855364462,0.03198512259227379,0.020704282118542902,7,"grade,lat,price,sqft_living,sqft_living15,sqft_lot,sqft_lot15,yr_built"
house_sales_un_clean,regression,15.227207660675049,0.16792404144179846,0.11884079759121001,0.8946105845275587,0.03958330907504956,0.02568225041599649,8,"grade,lat,long,price,sqft_living,sqft_living15,sqft_lot,sqft_lot15,yr_built"
house_sales_un_clean,regression,15.227207660675049,0.16393803057107598,0.11702345248345296,0.8995544579061248,0.031221102239189724,0.020575395204216487,9,"grade,lat,long,price,sqft_living,sqft_living15,sqft_lot,sqft_lot15,waterfront,yr_built"
house_sales_un_clean,regression,15.227207660675049,0.1639173013372342,0.11676730825140881,0.899579858083049,0.03451898718589033,0.022482435855208358,10,"grade,lat,long,price,sqft_above,sqft_living,sqft_living15,sqft_lot,sqft_lot15,waterfront,yr_built"
house_sales_un_clean,regression,15.227207660675049,0.163856315956459,0.11659197622908377,0.8996545667476785,0.04031323808050426,0.026157673650971658,11,"grade,lat,long,price,sqft_above,sqft_basement,sqft_living,sqft_living15,sqft_lot,sqft_lot15,waterfront,yr_built"
house_sales_un_clean,regression,15.227207660675049,0.16253493958851384,0.11477369831690742,0.9012664600484473,0.05094659859080576,0.03318892812171337,12,"date_month,grade,lat,long,price,sqft_above,sqft_basement,sqft_living,sqft_living15,sqft_lot,sqft_lot15,waterfront,yr_built"
house_sales_un_clean,regression,15.227207660675049,0.16237679989708537,0.11449373032497524,0.9014584937840491,0.04511845004016107,0.02935588038485132,13,"bathrooms,date_month,grade,lat,long,price,sqft_above,sqft_basement,sqft_living,sqft_living15,sqft_lot,sqft_lot15,waterfront,yr_built"
house_sales_un_clean,regression,15.227207660675049,0.16221048671096275,0.11430482286910847,0.9016602511637741,0.04622719113220573,0.02998991589306449,14,"bathrooms,date_month,date_year,grade,lat,long,price,sqft_above,sqft_basement,sqft_living,sqft_living15,sqft_lot,sqft_lot15,waterfront,yr_built"
house_sales_un_clean,regression,15.227207660675049,0.16120402297671735,0.11392616081223762,0.9028767981041821,0.059586902363049754,0.03927616127852625,15,"bathrooms,bedrooms,date_month,date_year,grade,lat,long,price,sqft_above,sqft_basement,sqft_living,sqft_living15,sqft_lot,sqft_lot15,waterfront,yr_built"
house_sales_mn_dirty,regression,60.83888530731201,0.37321606226088144,0.3034940810628471,0.47941470937923536,-0.0028349429179512775,-0.0021488873191441438,1,"price,sqft_living"
house_sales_mn_dirty,regression,60.83888530731201,0.36359955894052026,0.296956487230703,0.5058964940929822,0.0053953034992689775,0.0048632775234215275,2,"price,sqft_living,sqft_living15"
house_sales_mn_dirty,regression,60.83888530731201,0.3389845135082927,0.27309228653210665,0.5705318555425544,0.05411722230128646,0.043622838320888896,3,"price,sqft_living,sqft_living15,sqft_lot"
house_sales_mn_dirty,regression,60.83888530731201,0.3339304811599942,0.2678742505638662,0.583242555383406,0.04357322748906345,0.03477174965304056,4,"price,sqft_living,sqft_living15,sqft_lot,sqft_lot15"
house_sales_mn_dirty,regression,60.83888530731201,0.334682670223756,0.26855654091037606,0.5813629219142807,0.047653591006560025,0.03781843637763638,5,"price,sqft_living,sqft_living15,sqft_lot,sqft_lot15,sqft_lot15_shuffled_2"
house_sales_mn_dirty,regression,60.83888530731201,0.3352494628999068,0.2694741512037307,0.579943778523592,0.04258946413073378,0.03444106474155842,6,"price,sqft_living,sqft_living15,sqft_living15_shuffled_2,sqft_lot,sqft_lot15,sqft_lot15_shuffled_2"
house_sales_mn_dirty,regression,60.83888530731201,0.33547054404855514,0.269927192303154,0.5793895814688299,0.06458563008371554,0.052189397057560816,7,"price,sqft_living,sqft_living15,sqft_living15_shuffled_2,sqft_lot,sqft_lot15,sqft_lot15_shuffled_1,sqft_lot15_shuffled_2"
house_sales_mn_dirty,regression,60.83888530731201,0.3358249749134619,0.270265203291672,0.5785003465207746,0.05878503345434,0.047328490162401204,8,"price,sqft_living,sqft_living15,sqft_living15_shuffled_2,sqft_lot,sqft_lot15,sqft_lot15_shuffled_1,sqft_lot15_shuffled_2,sqft_lot_shuffled_2"
house_sales_mn_dirty,regression,60.83888530731201,0.33582612666863165,0.27035095821547683,0.5784974553407035,0.05435278217109246,0.04398753541698139,9,"price,sqft_living,sqft_living15,sqft_living15_shuffled_2,sqft_living_shuffled_2,sqft_lot,sqft_lot15,sqft_lot15_shuffled_1,sqft_lot15_shuffled_2,sqft_lot_shuffled_2"
house_sales_mn_dirty,regression,60.83888530731201,0.33586483067601525,0.2709529635712937,0.5784002932893257,0.06616925296101378,0.05417660549527886,10,"price,sqft_living,sqft_living15,sqft_living15_shuffled_2,sqft_living_shuffled_2,sqft_lot,sqft_lot15,sqft_lot15_shuffled_1,sqft_lot15_shuffled_2,sqft_lot_shuffled_1,sqft_lot_shuffled_2"
house_sales_mn_dirty,regression,60.83888530731201,0.3296135053337518,0.2648677517909343,0.5939483910900496,0.06833258453269919,0.055256574236518974,11,"price,sqft_basement,sqft_living,sqft_living15,sqft_living15_shuffled_2,sqft_living_shuffled_2,sqft_lot,sqft_lot15,sqft_lot15_shuffled_1,sqft_lot15_shuffled_2,sqft_lot_shuffled_1,sqft_lot_shuffled_2"
house_sales_mn_dirty,regression,60.83888530731201,0.32674878687702075,0.26306119240221787,0.6009758256339569,0.06660704384263816,0.05414852054366215,12,"price,sqft_basement,sqft_living,sqft_living15,sqft_living15_shuffled_2,sqft_living_shuffled_2,sqft_lot,sqft_lot15,sqft_lot15_shuffled_1,sqft_lot15_shuffled_2,sqft_lot_shuffled_1,sqft_lot_shuffled_2,yr_renovated"
house_sales_mn_dirty,regression,60.83888530731201,0.3271062690028416,0.26354575357524224,0.6001022368327193,0.06246462113024809,0.05080572409750608,13,"long_shuffled_1,price,sqft_basement,sqft_living,sqft_living15,sqft_living15_shuffled_2,sqft_living_shuffled_2,sqft_lot,sqft_lot15,sqft_lot15_shuffled_1,sqft_lot15_shuffled_2,sqft_lot_shuffled_1,sqft_lot_shuffled_2,yr_renovated"
house_sales_mn_dirty,regression,60.83888530731201,0.3270357932549437,0.2633503680000897,0.6002745359327873,0.08675026194377244,0.07023403145903206,14,"long_shuffled_1,price,spurious_cat_5,sqft_basement,sqft_living,sqft_living15,sqft_living15_shuffled_2,sqft_living_shuffled_2,sqft_lot,sqft_lot15,sqft_lot15_shuffled_1,sqft_lot15_shuffled_2,sqft_lot_shuffled_1,sqft_lot_shuffled_2,yr_renovated"
house_sales_mn_dirty,regression,60.83888530731201,0.3276339681795581,0.26398482434074566,0.5988109382095347,0.07987597669078991,0.06456001509439319,15,"long_shuffled_1,price,spurious_cat_4,spurious_cat_5,sqft_basement,sqft_living,sqft_living15,sqft_living15_shuffled_2,sqft_living_shuffled_2,sqft_lot,sqft_lot15,sqft_lot15_shuffled_1,sqft_lot15_shuffled_2,sqft_lot_shuffled_1,sqft_lot_shuffled_2,yr_renovated"
house_sales_mn_dirty,regression,60.83888530731201,0.21111116689652304,0.15294928611588338,0.8334312017193543,0.05829079677327517,0.03815962969297455,16,"lat,long_shuffled_1,price,spurious_cat_4,spurious_cat_5,sqft_basement,sqft_living,sqft_living15,sqft_living15_shuffled_2,sqft_living_shuffled_2,sqft_lot,sqft_lot15,sqft_lot15_shuffled_1,sqft_lot15_shuffled_2,sqft_lot_shuffled_1,sqft_lot_shuffled_2,yr_renovated"
house_sales_mn_dirty,regression,60.83888530731201,0.21151983635795693,0.15331541603426815,0.8327856890385715,0.05795829661308957,0.03799004992320873,17,"lat,lat_shuffled_2,long_shuffled_1,price,spurious_cat_4,spurious_cat_5,sqft_basement,sqft_living,sqft_living15,sqft_living15_shuffled_2,sqft_living_shuffled_2,sqft_lot,sqft_lot15,sqft_lot15_shuffled_1,sqft_lot15_shuffled_2,sqft_lot_shuffled_1,sqft_lot_shuffled_2,yr_renovated"
house_sales_mn_dirty,regression,60.83888530731201,0.2119141723756705,0.1534130975701606,0.8321616332407701,0.05399214825076096,0.03592254187059389,18,"lat,lat_shuffled_2,long_shuffled_1,price,spurious_cat_4,spurious_cat_5,sqft_basement,sqft_living,sqft_living15,sqft_living15_shuffled_1,sqft_living15_shuffled_2,sqft_living_shuffled_2,sqft_lot,sqft_lot15,sqft_lot15_shuffled_1,sqft_lot15_shuffled_2,sqft_lot_shuffled_1,sqft_lot_shuffled_2,yr_renovated"
house_sales_mn_dirty,regression,60.83888530731201,0.20011748775501764,0.1446950160221988,0.8503277372735589,0.05663280687857089,0.03733384957346082,19,"grade,lat,lat_shuffled_2,long_shuffled_1,price,spurious_cat_4,spurious_cat_5,sqft_basement,sqft_living,sqft_living15,sqft_living15_shuffled_1,sqft_living15_shuffled_2,sqft_living_shuffled_2,sqft_lot,sqft_lot15,sqft_lot15_shuffled_1,sqft_lot15_shuffled_2,sqft_lot_shuffled_1,sqft_lot_shuffled_2,yr_renovated"
house_sales_mn_dirty,regression,60.83888530731201,0.1724823002436513,0.1239615694886914,0.8888113875352597,0.06542552824152154,0.043758206105237396,20,"grade,lat,lat_shuffled_2,long,long_shuffled_1,price,spurious_cat_4,spurious_cat_5,sqft_basement,sqft_living,sqft_living15,sqft_living15_shuffled_1,sqft_living15_shuffled_2,sqft_living_shuffled_2,sqft_lot,sqft_lot15,sqft_lot15_shuffled_1,sqft_lot15_shuffled_2,sqft_lot_shuffled_1,sqft_lot_shuffled_2,yr_renovated"
house_sales_mn_dirty,regression,60.83888530731201,0.1705651365569852,0.12104640925975454,0.8912694030116375,0.05667806495694652,0.03698186407973009,21,"grade,lat,lat_shuffled_2,long,long_shuffled_1,price,spurious_cat_4,spurious_cat_5,sqft_basement,sqft_living,sqft_living15,sqft_living15_shuffled_1,sqft_living15_shuffled_2,sqft_living_shuffled_2,sqft_lot,sqft_lot15,sqft_lot15_shuffled_1,sqft_lot15_shuffled_2,sqft_lot_shuffled_1,sqft_lot_shuffled_2,yr_built,yr_renovated"
house_sales_mn_dirty,regression,60.83888530731201,0.1710206757091992,0.1216373974414999,0.8906878400049555,0.08335313912200618,0.056636599680578076,22,"grade,lat,lat_shuffled_2,long,long_shuffled_1,price,spurious_cat_4,spurious_cat_5,spurious_cat_6,sqft_basement,sqft_living,sqft_living15,sqft_living15_shuffled_1,sqft_living15_shuffled_2,sqft_living_shuffled_2,sqft_lot,sqft_lot15,sqft_lot15_shuffled_1,sqft_lot15_shuffled_2,sqft_lot_shuffled_1,sqft_lot_shuffled_2,yr_built,yr_renovated"
house_sales_mn_dirty,regression,60.83888530731201,0.1716841769387384,0.12207054676406534,0.8898380077197092,0.07449745726004474,0.04937475126835951,23,"grade,lat,lat_shuffled_2,long,long_shuffled_1,long_shuffled_2,price,spurious_cat_4,spurious_cat_5,spurious_cat_6,sqft_basement,sqft_living,sqft_living15,sqft_living15_shuffled_1,sqft_living15_shuffled_2,sqft_living_shuffled_2,sqft_lot,sqft_lot15,sqft_lot15_shuffled_1,sqft_lot15_shuffled_2,sqft_lot_shuffled_1,sqft_lot_shuffled_2,yr_built,yr_renovated"
house_sales_mn_dirty,regression,60.83888530731201,0.17068114515646962,0.12160655619446346,0.8911214481120155,0.07507695713757705,0.049830468549975096,24,"grade,lat,lat_shuffled_2,long,long_shuffled_1,long_shuffled_2,price,spurious_cat_1,spurious_cat_4,spurious_cat_5,spurious_cat_6,sqft_basement,sqft_living,sqft_living15,sqft_living15_shuffled_1,sqft_living15_shuffled_2,sqft_living_shuffled_2,sqft_lot,sqft_lot15,sqft_lot15_shuffled_1,sqft_lot15_shuffled_2,sqft_lot_shuffled_1,sqft_lot_shuffled_2,yr_built,yr_renovated"
house_sales_mn_dirty,regression,60.83888530731201,0.17171047257199432,0.12189569092851525,0.8898042596919195,0.05821354396132897,0.03675590082976199,25,"grade,lat,lat_shuffled_2,long,long_shuffled_1,long_shuffled_2,price,spurious_cat_1,spurious_cat_4,spurious_cat_5,spurious_cat_6,sqft_above,sqft_basement,sqft_living,sqft_living15,sqft_living15_shuffled_1,sqft_living15_shuffled_2,sqft_living_shuffled_2,sqft_lot,sqft_lot15,sqft_lot15_shuffled_1,sqft_lot15_shuffled_2,sqft_lot_shuffled_1,sqft_lot_shuffled_2,yr_built,yr_renovated"
house_sales_mn_dirty,regression,60.83888530731201,0.1710352512309457,0.12139004328914618,0.8906692065893922,0.07694702358336233,0.05083139244855048,26,"grade,lat,lat_shuffled_2,long,long_shuffled_1,long_shuffled_2,price,spurious_cat_1,spurious_cat_2,spurious_cat_4,spurious_cat_5,spurious_cat_6,sqft_above,sqft_basement,sqft_living,sqft_living15,sqft_living15_shuffled_1,sqft_living15_shuffled_2,sqft_living_shuffled_2,sqft_lot,sqft_lot15,sqft_lot15_shuffled_1,sqft_lot15_shuffled_2,sqft_lot_shuffled_1,sqft_lot_shuffled_2,yr_built,yr_renovated"
house_sales_mn_dirty,regression,60.83888530731201,0.16720886085766218,0.11951947552939496,0.8955063700170804,0.0569699033569781,0.03705607531518677,27,"grade,lat,lat_shuffled_2,long,long_shuffled_1,long_shuffled_2,price,spurious_cat_1,spurious_cat_2,spurious_cat_4,spurious_cat_5,spurious_cat_6,sqft_above,sqft_basement,sqft_living,sqft_living15,sqft_living15_shuffled_1,sqft_living15_shuffled_2,sqft_living_shuffled_2,sqft_lot,sqft_lot15,sqft_lot15_shuffled_1,sqft_lot15_shuffled_2,sqft_lot_shuffled_1,sqft_lot_shuffled_2,waterfront,yr_built,yr_renovated"
house_sales_mn_dirty,regression,60.83888530731201,0.16714270168237663,0.11969703556336432,0.8955890432041205,0.06037441233849904,0.04012138585581515,28,"grade,lat,lat_shuffled_2,long,long_shuffled_1,long_shuffled_2,price,spurious_cat_1,spurious_cat_2,spurious_cat_3,spurious_cat_4,spurious_cat_5,spurious_cat_6,sqft_above,sqft_basement,sqft_living,sqft_living15,sqft_living15_shuffled_1,sqft_living15_shuffled_2,sqft_living_shuffled_2,sqft_lot,sqft_lot15,sqft_lot15_shuffled_1,sqft_lot15_shuffled_2,sqft_lot_shuffled_1,sqft_lot_shuffled_2,waterfront,yr_built,yr_renovated"
house_sales_mn_dirty,regression,60.83888530731201,0.16738373623783773,0.1197603335690684,0.8952876864045791,0.07580881322581128,0.05162372305795178,29,"grade,lat,lat_shuffled_1,lat_shuffled_2,long,long_shuffled_1,long_shuffled_2,price,spurious_cat_1,spurious_cat_2,spurious_cat_3,spurious_cat_4,spurious_cat_5,spurious_cat_6,sqft_above,sqft_basement,sqft_living,sqft_living15,sqft_living15_shuffled_1,sqft_living15_shuffled_2,sqft_living_shuffled_2,sqft_lot,sqft_lot15,sqft_lot15_shuffled_1,sqft_lot15_shuffled_2,sqft_lot_shuffled_1,sqft_lot_shuffled_2,waterfront,yr_built,yr_renovated"
house_sales_mn_dirty,regression,60.83888530731201,0.16689449634848055,0.1195873319256134,0.8958989115274573,0.06210802490475609,0.040627851914200486,30,"grade,lat,lat_shuffled_1,lat_shuffled_2,long,long_shuffled_1,long_shuffled_2,price,spurious_cat_1,spurious_cat_2,spurious_cat_3,spurious_cat_4,spurious_cat_5,spurious_cat_6,spurious_cat_7,sqft_above,sqft_basement,sqft_living,sqft_living15,sqft_living15_shuffled_1,sqft_living15_shuffled_2,sqft_living_shuffled_2,sqft_lot,sqft_lot15,sqft_lot15_shuffled_1,sqft_lot15_shuffled_2,sqft_lot_shuffled_1,sqft_lot_shuffled_2,waterfront,yr_built,yr_renovated"
house_sales_mn_dirty,regression,60.83888530731201,0.16763345333483382,0.12001985800426858,0.8949750161202598,0.05493454773150541,0.03577482554545698,31,"grade,lat,lat_shuffled_1,lat_shuffled_2,long,long_shuffled_1,long_shuffled_2,noise_numeric_2,price,spurious_cat_1,spurious_cat_2,spurious_cat_3,spurious_cat_4,spurious_cat_5,spurious_cat_6,spurious_cat_7,sqft_above,sqft_basement,sqft_living,sqft_living15,sqft_living15_shuffled_1,sqft_living15_shuffled_2,sqft_living_shuffled_2,sqft_lot,sqft_lot15,sqft_lot15_shuffled_1,sqft_lot15_shuffled_2,sqft_lot_shuffled_1,sqft_lot_shuffled_2,waterfront,yr_built,yr_renovated"
house_sales_mn_dirty,regression,60.83888530731201,0.16794232816388868,0.12012481411493577,0.8945876297216623,0.07450481077635641,0.050239239613875455,32,"grade,lat,lat_shuffled_1,lat_shuffled_2,long,long_shuffled_1,long_shuffled_2,noise_numeric_2,price,spurious_cat_1,spurious_cat_2,spurious_cat_3,spurious_cat_4,spurious_cat_5,spurious_cat_6,spurious_cat_7,sqft_above,sqft_above_shuffled_2,sqft_basement,sqft_living,sqft_living15,sqft_living15_shuffled_1,sqft_living15_shuffled_2,sqft_living_shuffled_2,sqft_lot,sqft_lot15,sqft_lot15_shuffled_1,sqft_lot15_shuffled_2,sqft_lot_shuffled_1,sqft_lot_shuffled_2,waterfront,yr_built,yr_renovated"
house_sales_mn_dirty,regression,60.83888530731201,0.16774628409781156,0.11967036704899832,0.8948335880598826,0.07711715105825277,0.05191829187660686,33,"bathrooms,grade,lat,lat_shuffled_1,lat_shuffled_2,long,long_shuffled_1,long_shuffled_2,noise_numeric_2,price,spurious_cat_1,spurious_cat_2,spurious_cat_3,spurious_cat_4,spurious_cat_5,spurious_cat_6,spurious_cat_7,sqft_above,sqft_above_shuffled_2,sqft_basement,sqft_living,sqft_living15,sqft_living15_shuffled_1,sqft_living15_shuffled_2,sqft_living_shuffled_2,sqft_lot,sqft_lot15,sqft_lot15_shuffled_1,sqft_lot15_shuffled_2,sqft_lot_shuffled_1,sqft_lot_shuffled_2,waterfront,yr_built,yr_renovated"
house_sales_mn_dirty,regression,60.83888530731201,0.16817037445922778,0.11999023463299281,0.8943011596957446,0.0850300314651216,0.05818140958251586,34,"bathrooms,grade,lat,lat_shuffled_1,lat_shuffled_2,long,long_shuffled_1,long_shuffled_2,noise_numeric_2,price,spurious_cat_1,spurious_cat_2,spurious_cat_3,spurious_cat_4,spurious_cat_5,spurious_cat_6,spurious_cat_7,spurious_num_3,sqft_above,sqft_above_shuffled_2,sqft_basement,sqft_living,sqft_living15,sqft_living15_shuffled_1,sqft_living15_shuffled_2,sqft_living_shuffled_2,sqft_lot,sqft_lot15,sqft_lot15_shuffled_1,sqft_lot15_shuffled_2,sqft_lot_shuffled_1,sqft_lot_shuffled_2,waterfront,yr_built,yr_renovated"
house_sales_mn_dirty,regression,60.83888530731201,0.16801365863182993,0.11996895217219433,0.894498066708159,0.06043889226538535,0.03953301594566068,35,"bathrooms,grade,lat,lat_shuffled_1,lat_shuffled_2,long,long_shuffled_1,long_shuffled_2,noise_numeric_2,price,spurious_cat_1,spurious_cat_2,spurious_cat_3,spurious_cat_4,spurious_cat_5,spurious_cat_6,spurious_cat_7,spurious_num_3,sqft_above,sqft_above_shuffled_2,sqft_basement,sqft_living,sqft_living15,sqft_living15_shuffled_1,sqft_living15_shuffled_2,sqft_living_shuffled_2,sqft_lot,sqft_lot15,sqft_lot15_shuffled_1,sqft_lot15_shuffled_2,sqft_lot_shuffled_1,sqft_lot_shuffled_2,waterfront,yr_built,yr_built_shuffled_2,yr_renovated"
house_sales_mn_dirty,regression,60.83888530731201,0.16797639291327388,0.1197489184306913,0.894544862538531,0.08671002598415745,0.059368544698180016,36,"bathrooms,date_month_shuffled_2,grade,lat,lat_shuffled_1,lat_shuffled_2,long,long_shuffled_1,long_shuffled_2,noise_numeric_2,price,spurious_cat_1,spurious_cat_2,spurious_cat_3,spurious_cat_4,spurious_cat_5,spurious_cat_6,spurious_cat_7,spurious_num_3,sqft_above,sqft_above_shuffled_2,sqft_basement,sqft_living,sqft_living15,sqft_living15_shuffled_1,sqft_living15_shuffled_2,sqft_living_shuffled_2,sqft_lot,sqft_lot15,sqft_lot15_shuffled_1,sqft_lot15_shuffled_2,sqft_lot_shuffled_1,sqft_lot_shuffled_2,waterfront,yr_built,yr_built_shuffled_2,yr_renovated"
house_sales_mn_dirty,regression,60.83888530731201,0.16797857402587893,0.11995350644612558,0.894542123927243,0.08313147888319415,0.05623995707328061,37,"bathrooms,date_month_shuffled_2,grade,lat,lat_shuffled_1,lat_shuffled_2,long,long_shuffled_1,long_shuffled_2,noise_numeric_2,price,spurious_cat_1,spurious_cat_2,spurious_cat_3,spurious_cat_4,spurious_cat_5,spurious_cat_6,spurious_cat_7,spurious_num_3,spurious_num_6,sqft_above,sqft_above_shuffled_2,sqft_basement,sqft_living,sqft_living15,sqft_living15_shuffled_1,sqft_living15_shuffled_2,sqft_living_shuffled_2,sqft_lot,sqft_lot15,sqft_lot15_shuffled_1,sqft_lot15_shuffled_2,sqft_lot_shuffled_1,sqft_lot_shuffled_2,waterfront,yr_built,yr_built_shuffled_2,yr_renovated"
house_sales_mn_dirty,regression,60.83888530731201,0.16829717898244909,0.12012281392759938,0.8941417006445285,0.08987101672028282,0.061632905977376966,38,"bathrooms,date_month_shuffled_1,date_month_shuffled_2,grade,lat,lat_shuffled_1,lat_shuffled_2,long,long_shuffled_1,long_shuffled_2,noise_numeric_2,price,spurious_cat_1,spurious_cat_2,spurious_cat_3,spurious_cat_4,spurious_cat_5,spurious_cat_6,spurious_cat_7,spurious_num_3,spurious_num_6,sqft_above,sqft_above_shuffled_2,sqft_basement,sqft_living,sqft_living15,sqft_living15_shuffled_1,sqft_living15_shuffled_2,sqft_living_shuffled_2,sqft_lot,sqft_lot15,sqft_lot15_shuffled_1,sqft_lot15_shuffled_2,sqft_lot_shuffled_1,sqft_lot_shuffled_2,waterfront,yr_built,yr_built_shuffled_2,yr_renovated"
house_sales_mn_dirty,regression,60.83888530731201,0.1683051870464648,0.12013350582188084,0.8941316263199148,0.06975906136485521,0.04636290511029226,39,"bathrooms,date_month_shuffled_1,date_month_shuffled_2,grade,lat,lat_shuffled_1,lat_shuffled_2,long,long_shuffled_1,long_shuffled_2,noise_numeric_2,price,spurious_cat_1,spurious_cat_2,spurious_cat_3,spurious_cat_4,spurious_cat_5,spurious_cat_6,spurious_cat_7,spurious_num_1,spurious_num_3,spurious_num_6,sqft_above,sqft_above_shuffled_2,sqft_basement,sqft_living,sqft_living15,sqft_living15_shuffled_1,sqft_living15_shuffled_2,sqft_living_shuffled_2,sqft_lot,sqft_lot15,sqft_lot15_shuffled_1,sqft_lot15_shuffled_2,sqft_lot_shuffled_1,sqft_lot_shuffled_2,waterfront,yr_built,yr_built_shuffled_2,yr_renovated"
house_sales_mn_dirty,regression,60.83888530731201,0.16787706079380402,0.11986893329454397,0.8946695465483959,0.062417042529048325,0.04047120295473533,40,"bathrooms,date_month_shuffled_1,date_month_shuffled_2,grade,lat,lat_shuffled_1,lat_shuffled_2,long,long_shuffled_1,long_shuffled_2,noise_numeric_2,price,spurious_cat_1,spurious_cat_2,spurious_cat_3,spurious_cat_4,spurious_cat_5,spurious_cat_6,spurious_cat_7,spurious_num_1,spurious_num_3,spurious_num_5,spurious_num_6,sqft_above,sqft_above_shuffled_2,sqft_basement,sqft_living,sqft_living15,sqft_living15_shuffled_1,sqft_living15_shuffled_2,sqft_living_shuffled_2,sqft_lot,sqft_lot15,sqft_lot15_shuffled_1,sqft_lot15_shuffled_2,sqft_lot_shuffled_1,sqft_lot_shuffled_2,waterfront,yr_built,yr_built_shuffled_2,yr_renovated"
house_sales_mn_clean,regression,12.469924449920654,0.37321606226088144,0.3034940810628471,0.47941470937923536,-0.0028349429179512775,-0.0021488873191441438,1,"price,sqft_living"
house_sales_mn_clean,regression,12.469924449920654,0.36359955894052026,0.296956487230703,0.5058964940929822,0.0053953034992689775,0.0048632775234215275,2,"price,sqft_living,sqft_living15"
house_sales_mn_clean,regression,12.469924449920654,0.32464664940169413,0.26054277256074426,0.6060935520553156,0.044364319924981854,0.03613655358685358,3,"price,sqft_living,sqft_living15,yr_built"
house_sales_mn_clean,regression,12.469924449920654,0.2926070718779527,0.23193345804855628,0.6800067065467357,0.03670967212277154,0.029336199075435776,4,"grade,price,sqft_living,sqft_living15,yr_built"
house_sales_mn_clean,regression,12.469924449920654,0.2815417012067807,0.2203545784836913,0.703751131034196,0.04703757960050847,0.03580144085461226,5,"grade,price,sqft_living,sqft_living15,sqft_lot,yr_built"
house_sales_mn_clean,regression,12.469924449920654,0.2770985883110467,0.21584964520566127,0.7130277740099977,0.0715187045912466,0.05395886846499853,6,"grade,price,sqft_living,sqft_living15,sqft_lot,sqft_lot15,yr_built"
house_sales_mn_clean,regression,12.469924449920654,0.24599299037677294,0.18640108853294945,0.773839526942161,0.0990689562950417,0.07364634923356829,7,"grade,long,price,sqft_living,sqft_living15,sqft_lot,sqft_lot15,yr_built"
house_sales_mn_clean,regression,12.469924449920654,0.16747698561006835,0.11865392998600773,0.8951709835804484,0.04238933064131464,0.02761245027814445,8,"grade,lat,long,price,sqft_living,sqft_living15,sqft_lot,sqft_lot15,yr_built"
house_sales_mn_clean,regression,12.469924449920654,0.16777522290391192,0.11856637348923511,0.8947972992927659,0.04627300545972916,0.030357162811552138,9,"grade,lat,long,price,sqft_above,sqft_living,sqft_living15,sqft_lot,sqft_lot15,yr_built"
house_sales_mn_clean,regression,12.469924449920654,0.16776351220402147,0.11833111230232542,0.8948119850638548,0.04625521753593502,0.029638869219992314,10,"grade,lat,long,price,sqft_above,sqft_basement,sqft_living,sqft_living15,sqft_lot,sqft_lot15,yr_built"
house_sales_mn_clean,regression,12.469924449920654,0.16822647969705215,0.11852453982833537,0.8942306211383713,0.047978028171179035,0.03122984611181115,11,"bathrooms,grade,lat,long,price,sqft_above,sqft_basement,sqft_living,sqft_living15,sqft_lot,sqft_lot15,yr_built"
house_sales_mn_clean,regression,12.469924449920654,0.1639356902631689,0.11616988441074998,0.8995573257192573,0.03625903897140667,0.023537855611049152,12,"bathrooms,grade,lat,long,price,sqft_above,sqft_basement,sqft_living,sqft_living15,sqft_lot,sqft_lot15,waterfront,yr_built"
house_sales_mn_clean,regression,12.469924449920654,0.16397722884635282,0.11622481911861192,0.8995064182571528,0.03229737095632393,0.02066390730540682,13,"bathrooms,bedrooms,grade,lat,long,price,sqft_above,sqft_basement,sqft_living,sqft_living15,sqft_lot,sqft_lot15,waterfront,yr_built"
avocado_sales,regression,10.173309564590454,0.31041857725002653,0.24094003539673267,0.4017313315469292,-0.008519051326973948,-0.00418717205078159,1,"AveragePrice,type"
avocado_sales,regression,10.173309564590454,0.2948547537524439,0.23113422409998227,0.46021958959765386,-0.007527143142754378,-0.0026334650505679125,2,"AveragePrice,month,type"
avocado_sales,regression,10.173309564590454,0.28538052602114705,0.2216757830541428,0.4943505730492025,0.002646429360784075,0.005634440362979026,3,"AveragePrice,Total Volume,month,type"
avocado_sales,regression,10.173309564590454,0.2578675513593198,0.1930256855298395,0.5871481416390378,0.02169362574304784,0.015577916111210205,4,"AveragePrice,Total Volume,month,type,year"
avocado_sales,regression,10.173309564590454,0.21424776502452067,0.15552084815600145,0.715007486588713,0.07800279550676692,0.055507169306551696,5,"AveragePrice,Large Bags,Total Volume,month,type,year"
avocado_sales,regression,10.173309564590454,0.1715901934084709,0.1193074210937709,0.8171959645584862,0.09815560968054902,0.06618389708703126,6,"4046,AveragePrice,Large Bags,Total Volume,month,type,year"
avocado_sales,regression,10.173309564590454,0.1729623523415334,0.12102352728386447,0.8142606088861677,0.10043147629904635,0.06716648271537051,7,"4046,AveragePrice,Large Bags,Total Volume,day,month,type,year"
avocado_sales,regression,10.173309564590454,0.1426956715956997,0.09982321678808291,0.873578059918128,0.11089961536188572,0.07676636651535024,8,"4046,AveragePrice,Large Bags,Small Bags,Total Volume,day,month,type,year"
avocado_sales,regression,10.173309564590454,0.1318349644707011,0.09061486325492599,0.8920899076732491,0.12149785412740632,0.08308283530988207,9,"4046,4225,AveragePrice,Large Bags,Small Bags,Total Volume,day,month,type,year"
avocado_sales,regression,10.173309564590454,0.12001817711026434,0.0836354571264084,0.9105675962955416,0.11555050419020284,0.0804955994468417,10,"4046,4225,4770,AveragePrice,Large Bags,Small Bags,Total Volume,day,month,type,year"
avocado_sales,regression,10.173309564590454,0.12154510450022775,0.08422446308527907,0.9082775189133552,0.11575143641639915,0.08005393464158442,11,"4046,4225,4770,AveragePrice,Large Bags,Small Bags,Total Bags,Total Volume,day,month,type,year"
avocado_sales,regression,10.173309564590454,0.12054235236276063,0.08346911204187837,0.9097847045119619,0.11660815725155878,0.08071325927288088,12,"4046,4225,4770,AveragePrice,Large Bags,Small Bags,Total Bags,Total Volume,XLarge Bags,day,month,type,year"
avocado_sales,regression,10.173309564590454,0.12054235236276063,0.08346911204187837,0.9097847045119619,0.11660815725155878,0.08071325927288088,13,"4046,4225,4770,AveragePrice,Large Bags,Small Bags,Total Bags,Total Volume,XLarge Bags,day,month,type,year"
avocado_sales_un_dirty,regression,31.657548189163208,0.3151676858740678,0.2466655015050548,0.3832854184608212,0.0019807266766908582,0.0044101737958105736,1,"AveragePrice,Total Volume"
avocado_sales_un_dirty,regression,31.657548189163208,0.301985255441644,0.23386868863954938,0.43379678782559783,-0.0030682044494801386,0.0008507321872642803,2,"AveragePrice,Total Volume,type"
avocado_sales_un_dirty,regression,31.657548189163208,0.28532682578769064,0.2217342652928339,0.4945408518878326,0.002355304786533119,0.005439931358703215,3,"AveragePrice,Total Volume,month,type"
avocado_sales_un_dirty,regression,31.657548189163208,0.2867737295521552,0.22325962689347462,0.48940144659970997,0.009021228393730818,0.010404258038817865,4,"4225_shuffled_2,AveragePrice,Total Volume,month,type"
avocado_sales_un_dirty,regression,31.657548189163208,0.2624961524815789,0.2030295763041875,0.5721941338092487,0.054102574540019155,0.043558154886214034,5,"4225_shuffled_2,AveragePrice,Large Bags,Total Volume,month,type"
avocado_sales_un_dirty,regression,31.657548189163208,0.2635979498500512,0.2038341504991871,0.5685952650024007,0.06929113380767635,0.05426405000767037,6,"4225_shuffled_2,AveragePrice,Large Bags,Large Bags_shuffled_2,Total Volume,month,type"
avocado_sales_un_dirty,regression,31.657548189163208,0.21836530399037915,0.16090282686050628,0.7039479175503431,0.09517059788446434,0.06773852604073069,7,"4225_shuffled_2,AveragePrice,Large Bags,Large Bags_shuffled_2,Total Volume,month,type,year"
avocado_sales_un_dirty,regression,31.657548189163208,0.1847285760802326,0.13392817460347528,0.7881302196218728,0.10790683238090215,0.07546425854119543,8,"4225_shuffled_2,AveragePrice,Large Bags,Large Bags_shuffled_2,Small Bags,Total Volume,month,type,year"
avocado_sales_un_dirty,regression,31.657548189163208,0.1859741393226426,0.13499280142130915,0.7852634525875652,0.10535389504874533,0.07306115001336796,9,"4225_shuffled_2,AveragePrice,Large Bags,Large Bags_shuffled_2,Small Bags,Total Volume,day,month,type,year"
avocado_sales_un_dirty,regression,31.657548189163208,0.1866535266182748,0.13626976072363658,0.7836916667591973,0.1073366499393141,0.07546063443468645,10,"4225_shuffled_2,AveragePrice,Large Bags,Large Bags_shuffled_2,Small Bags,Total Volume,Total Volume_shuffled_2,day,month,type,year"
avocado_sales_un_dirty,regression,31.657548189163208,0.18900844841421946,0.138549984608611,0.7781991096916182,0.09731766628162031,0.06764746213769897,11,"4225_shuffled_2,AveragePrice,Large Bags,Large Bags_shuffled_2,Small Bags,Small Bags_shuffled_2,Total Volume,Total Volume_shuffled_2,day,month,type,year"
avocado_sales_un_dirty,regression,31.657548189163208,0.15426735604643213,0.1112565335861624,0.8522427077522048,0.12219695597021137,0.0869366164937323,12,"4046,4225_shuffled_2,AveragePrice,Large Bags,Large Bags_shuffled_2,Small Bags,Small Bags_shuffled_2,Total Volume,Total Volume_shuffled_2,day,month,type,year"
avocado_sales_un_dirty,regression,31.657548189163208,0.15494637306368653,0.11170962759501313,0.8509391199800852,0.12552694725141375,0.08937948667824483,13,"4046,4225_shuffled_2,AveragePrice,Large Bags,Large Bags_shuffled_2,Small Bags,Small Bags_shuffled_2,Total Bags_shuffled_2,Total Volume,Total Volume_shuffled_2,day,month,type,year"
avocado_sales_un_dirty,regression,31.657548189163208,0.14250144733960643,0.10223410375314217,0.8739219735985476,0.11691761510147072,0.08298580893498661,14,"4046,4225,4225_shuffled_2,AveragePrice,Large Bags,Large Bags_shuffled_2,Small Bags,Small Bags_shuffled_2,Total Bags_shuffled_2,Total Volume,Total Volume_shuffled_2,day,month,type,year"
avocado_sales_un_dirty,regression,31.657548189163208,0.14319051847095085,0.10240053972577395,0.8726997154704149,0.1370595631716516,0.0978783566393165,15,"4046,4225,4225_shuffled_2,AveragePrice,Large Bags,Large Bags_shuffled_2,Small Bags,Small Bags_shuffled_2,Total Bags_shuffled_2,Total Volume,Total Volume_shuffled_2,day,month,noise_categorical_2,type,year"
avocado_sales_un_dirty,regression,31.657548189163208,0.1433191490779316,0.10208849490309413,0.8724709004917179,0.136964707188028,0.09741372505098352,16,"4046,4225,4225_shuffled_2,AveragePrice,Large Bags,Large Bags_shuffled_2,Small Bags,Small Bags_shuffled_2,Total Bags_shuffled_2,Total Volume,Total Volume_shuffled_2,XLarge Bags,day,month,noise_categorical_2,type,year"
avocado_sales_un_dirty,regression,31.657548189163208,0.14484935721248263,0.10364546391670018,0.8697331247388188,0.11878386341097218,0.08377926017988549,17,"4046,4225,4225_shuffled_2,AveragePrice,Large Bags,Large Bags_shuffled_2,Small Bags,Small Bags_shuffled_1,Small Bags_shuffled_2,Total Bags_shuffled_2,Total Volume,Total Volume_shuffled_2,XLarge Bags,day,month,noise_categorical_2,type,year"
avocado_sales_un_dirty,regression,31.657548189163208,0.1344158770873814,0.097501329807386,0.8878234725995816,0.11366668912425844,0.08204659049355946,18,"4046,4225,4225_shuffled_2,4770,AveragePrice,Large Bags,Large Bags_shuffled_2,Small Bags,Small Bags_shuffled_1,Small Bags_shuffled_2,Total Bags_shuffled_2,Total Volume,Total Volume_shuffled_2,XLarge Bags,day,month,noise_categorical_2,type,year"
avocado_sales_un_dirty,regression,31.657548189163208,0.1333073671234097,0.09568747150016157,0.8896660533568861,0.1295412575789851,0.09298248814495448,19,"4046,4225,4225_shuffled_2,4770,AveragePrice,Large Bags,Large Bags_shuffled_2,Small Bags,Small Bags_shuffled_1,Small Bags_shuffled_2,Total Bags,Total Bags_shuffled_2,Total Volume,Total Volume_shuffled_2,XLarge Bags,day,month,noise_categorical_2,type,year"
avocado_sales_un_dirty,regression,31.657548189163208,0.13432496433581304,0.09680071079796307,0.8879751634290325,0.13118470675331353,0.09452375389371095,20,"4046,4225,4225_shuffled_2,4770,AveragePrice,Large Bags,Large Bags_shuffled_2,Small Bags,Small Bags_shuffled_1,Small Bags_shuffled_2,Total Bags,Total Bags_shuffled_2,Total Volume,Total Volume_shuffled_2,XLarge Bags,day,day_shuffled_2,month,noise_categorical_2,type,year"
avocado_sales_un_dirty,regression,31.657548189163208,0.13573825091352157,0.09859263718193524,0.8856054462365548,0.13529443120448922,0.09828207473880138,21,"4046,4225,4225_shuffled_1,4225_shuffled_2,4770,AveragePrice,Large Bags,Large Bags_shuffled_2,Small Bags,Small Bags_shuffled_1,Small Bags_shuffled_2,Total Bags,Total Bags_shuffled_2,Total Volume,Total Volume_shuffled_2,XLarge Bags,day,day_shuffled_2,month,noise_categorical_2,type,year"
avocado_sales_un_dirty,regression,31.657548189163208,0.13706411660830353,0.09880634177547612,0.8833597628812431,0.13259606705538635,0.09561579812610002,22,"4046,4225,4225_shuffled_1,4225_shuffled_2,4770,AveragePrice,Large Bags,Large Bags_shuffled_2,Small Bags,Small Bags_shuffled_1,Small Bags_shuffled_2,Total Bags,Total Bags_shuffled_2,Total Volume,Total Volume_shuffled_2,XLarge Bags,day,day_shuffled_1,day_shuffled_2,month,noise_categorical_2,type,year"
avocado_sales_un_dirty,regression,31.657548189163208,0.13697088673485402,0.09958471159216474,0.8835183843569712,0.13522974169990476,0.09836026654937918,23,"4046,4225,4225_shuffled_1,4225_shuffled_2,4770,AveragePrice,Large Bags,Large Bags_shuffled_1,Large Bags_shuffled_2,Small Bags,Small Bags_shuffled_1,Small Bags_shuffled_2,Total Bags,Total Bags_shuffled_2,Total Volume,Total Volume_shuffled_2,XLarge Bags,day,day_shuffled_1,day_shuffled_2,month,noise_categorical_2,type,year"
avocado_sales_un_dirty,regression,31.657548189163208,0.13804609082918853,0.10039900145008139,0.8816824748722826,0.12361190733161373,0.08966179315593639,24,"4046,4046_shuffled_1,4225,4225_shuffled_1,4225_shuffled_2,4770,AveragePrice,Large Bags,Large Bags_shuffled_1,Large Bags_shuffled_2,Small Bags,Small Bags_shuffled_1,Small Bags_shuffled_2,Total Bags,Total Bags_shuffled_2,Total Volume,Total Volume_shuffled_2,XLarge Bags,day,day_shuffled_1,day_shuffled_2,month,noise_categorical_2,type,year"
avocado_sales_un_dirty,regression,31.657548189163208,0.13808847011148276,0.10073162691037948,0.8816098182482033,0.10730007908629058,0.07711491928065839,25,"4046,4046_shuffled_1,4225,4225_shuffled_1,4225_shuffled_2,4770,AveragePrice,Large Bags,Large Bags_shuffled_1,Large Bags_shuffled_2,Small Bags,Small Bags_shuffled_1,Small Bags_shuffled_2,Total Bags,Total Bags_shuffled_2,Total Volume,Total Volume_shuffled_2,XLarge Bags,day,day_shuffled_1,day_shuffled_2,month,month_shuffled_2,noise_categorical_2,type,year"
avocado_sales_un_dirty,regression,31.657548189163208,0.13795071965310218,0.10051560887343264,0.8818459012115335,0.13464202013523985,0.09809690666047896,26,"4046,4046_shuffled_1,4225,4225_shuffled_1,4225_shuffled_2,4770,AveragePrice,Large Bags,Large Bags_shuffled_1,Large Bags_shuffled_2,Small Bags,Small Bags_shuffled_1,Small Bags_shuffled_2,Total Bags,Total Bags_shuffled_2,Total Volume,Total Volume_shuffled_2,XLarge Bags,day,day_shuffled_1,day_shuffled_2,month,month_shuffled_2,noise_categorical_1,noise_categorical_2,type,year"
avocado_sales_un_dirty,regression,31.657548189163208,0.1391589747148603,0.10134329123954251,0.8797671084606079,0.1254560950881337,0.0909978819503921,27,"4046,4046_shuffled_1,4225,4225_shuffled_1,4225_shuffled_2,4770,AveragePrice,Large Bags,Large Bags_shuffled_1,Large Bags_shuffled_2,Small Bags,Small Bags_shuffled_1,Small Bags_shuffled_2,Total Bags,Total Bags_shuffled_2,Total Volume,Total Volume_shuffled_2,XLarge Bags,day,day_shuffled_1,day_shuffled_2,month,month_shuffled_1,month_shuffled_2,noise_categorical_1,noise_categorical_2,type,year"
avocado_sales_un_dirty,regression,31.657548189163208,0.13934589912376985,0.10192144299076028,0.8794438873881926,0.13709195956470288,0.10025937704485009,28,"4046,4046_shuffled_1,4225,4225_shuffled_1,4225_shuffled_2,4770,AveragePrice,Large Bags,Large Bags_shuffled_1,Large Bags_shuffled_2,Small Bags,Small Bags_shuffled_1,Small Bags_shuffled_2,Total Bags,Total Bags_shuffled_2,Total Volume,Total Volume_shuffled_2,XLarge Bags,day,day_shuffled_1,day_shuffled_2,month,month_shuffled_1,month_shuffled_2,noise_categorical_1,noise_categorical_2,noise_numeric_1,type,year"
avocado_sales_un_dirty,regression,31.657548189163208,0.14135919669390343,0.10332246859106299,0.8759350833249285,0.09498494823586218,0.06709167153333928,29,"4046,4046_shuffled_1,4225,4225_shuffled_1,4225_shuffled_2,4770,AveragePrice,Large Bags,Large Bags_shuffled_1,Large Bags_shuffled_2,Small Bags,Small Bags_shuffled_1,Small Bags_shuffled_2,Total Bags,Total Bags_shuffled_1,Total Bags_shuffled_2,Total Volume,Total Volume_shuffled_2,XLarge Bags,day,day_shuffled_1,day_shuffled_2,month,month_shuffled_1,month_shuffled_2,noise_categorical_1,noise_categorical_2,noise_numeric_1,type,year"
avocado_sales_un_dirty,regression,31.657548189163208,0.139697595787967,0.10193537499414732,0.8788345736042152,0.13653070148588195,0.0995954559334847,30,"4046,4046_shuffled_1,4046_shuffled_2,4225,4225_shuffled_1,4225_shuffled_2,4770,AveragePrice,Large Bags,Large Bags_shuffled_1,Large Bags_shuffled_2,Small Bags,Small Bags_shuffled_1,Small Bags_shuffled_2,Total Bags,Total Bags_shuffled_1,Total Bags_shuffled_2,Total Volume,Total Volume_shuffled_2,XLarge Bags,day,day_shuffled_1,day_shuffled_2,month,month_shuffled_1,month_shuffled_2,noise_categorical_1,noise_categorical_2,noise_numeric_1,type,year"
avocado_sales_un_dirty,regression,31.657548189163208,0.14130191543981518,0.1026635791595668,0.876035609563372,0.11280970490661954,0.08095476032077954,31,"4046,4046_shuffled_1,4046_shuffled_2,4225,4225_shuffled_1,4225_shuffled_2,4770,AveragePrice,Large Bags,Large Bags_shuffled_1,Large Bags_shuffled_2,Small Bags,Small Bags_shuffled_1,Small Bags_shuffled_2,Total Bags,Total Bags_shuffled_1,Total Bags_shuffled_2,Total Volume,Total Volume_shuffled_2,XLarge Bags,XLarge Bags_shuffled_1,day,day_shuffled_1,day_shuffled_2,month,month_shuffled_1,month_shuffled_2,noise_categorical_1,noise_categorical_2,noise_numeric_1,type,year"
avocado_sales_un_dirty,regression,31.657548189163208,0.14071942862672013,0.10281132903817582,0.8770555361834251,0.11821776941804678,0.08566981572863434,32,"4046,4046_shuffled_1,4046_shuffled_2,4225,4225_shuffled_1,4225_shuffled_2,4770,AveragePrice,Large Bags,Large Bags_shuffled_1,Large Bags_shuffled_2,Small Bags,Small Bags_shuffled_1,Small Bags_shuffled_2,Total Bags,Total Bags_shuffled_1,Total Bags_shuffled_2,Total Volume,Total Volume_shuffled_2,XLarge Bags,XLarge Bags_shuffled_1,day,day_shuffled_1,day_shuffled_2,month,month_shuffled_1,month_shuffled_2,noise_categorical_1,noise_categorical_2,noise_numeric_1,type,year,year_shuffled_1"
avocado_sales_un_dirty,regression,31.657548189163208,0.1424114423086774,0.10457476620412853,0.8740811870415417,0.08404142355356489,0.058675748614528865,33,"4046,4046_shuffled_1,4046_shuffled_2,4225,4225_shuffled_1,4225_shuffled_2,4770,4770_shuffled_2,AveragePrice,Large Bags,Large Bags_shuffled_1,Large Bags_shuffled_2,Small Bags,Small Bags_shuffled_1,Small Bags_shuffled_2,Total Bags,Total Bags_shuffled_1,Total Bags_shuffled_2,Total Volume,Total Volume_shuffled_2,XLarge Bags,XLarge Bags_shuffled_1,day,day_shuffled_1,day_shuffled_2,month,month_shuffled_1,month_shuffled_2,noise_categorical_1,noise_categorical_2,noise_numeric_1,type,year,year_shuffled_1"
avocado_sales_un_dirty,regression,31.657548189163208,0.1406842630895522,0.10266602206654744,0.877116975715238,0.14068404249136818,0.10266586879095176,34,"4046,4046_shuffled_1,4046_shuffled_2,4225,4225_shuffled_1,4225_shuffled_2,4770,4770_shuffled_2,AveragePrice,Large Bags,Large Bags_shuffled_1,Large Bags_shuffled_2,Small Bags,Small Bags_shuffled_1,Small Bags_shuffled_2,Total Bags,Total Bags_shuffled_1,Total Bags_shuffled_2,Total Volume,Total Volume_shuffled_2,XLarge Bags,XLarge Bags_shuffled_1,day,day_shuffled_1,day_shuffled_2,month,month_shuffled_1,month_shuffled_2,noise_categorical_1,noise_categorical_2,noise_numeric_1,type,year,year_shuffled_1,year_shuffled_2"
avocado_sales_un_dirty,regression,31.657548189163208,0.14152614545462625,0.10376567965305016,0.8756418627131157,0.13256885936181634,0.09709972788416903,35,"4046,4046_shuffled_1,4046_shuffled_2,4225,4225_shuffled_1,4225_shuffled_2,4770,4770_shuffled_2,AveragePrice,Large Bags,Large Bags_shuffled_1,Large Bags_shuffled_2,Small Bags,Small Bags_shuffled_1,Small Bags_shuffled_2,Total Bags,Total Bags_shuffled_1,Total Bags_shuffled_2,Total Volume,Total Volume_shuffled_1,Total Volume_shuffled_2,XLarge Bags,XLarge Bags_shuffled_1,day,day_shuffled_1,day_shuffled_2,month,month_shuffled_1,month_shuffled_2,noise_categorical_1,noise_categorical_2,noise_numeric_1,type,year,year_shuffled_1,year_shuffled_2"
avocado_sales_un_dirty,regression,31.657548189163208,0.14165242162840438,0.10389708563073041,0.8754198475457364,0.12992691720445915,0.09515093295716026,36,"4046,4046_shuffled_1,4046_shuffled_2,4225,4225_shuffled_1,4225_shuffled_2,4770,4770_shuffled_2,AveragePrice,Large Bags,Large Bags_shuffled_1,Large Bags_shuffled_2,Small Bags,Small Bags_shuffled_1,Small Bags_shuffled_2,Total Bags,Total Bags_shuffled_1,Total Bags_shuffled_2,Total Volume,Total Volume_shuffled_1,Total Volume_shuffled_2,XLarge Bags,XLarge Bags_shuffled_1,XLarge Bags_shuffled_2,day,day_shuffled_1,day_shuffled_2,month,month_shuffled_1,month_shuffled_2,noise_categorical_1,noise_categorical_2,noise_numeric_1,type,year,year_shuffled_1,year_shuffled_2"
avocado_sales_un_dirty,regression,31.657548189163208,0.14304561412048555,0.10466799707151439,0.8729572329606354,0.10019092997854182,0.07118332772740651,37,"4046,4046_shuffled_1,4046_shuffled_2,4225,4225_shuffled_1,4225_shuffled_2,4770,4770_shuffled_2,AveragePrice,Large Bags,Large Bags_shuffled_1,Large Bags_shuffled_2,Small Bags,Small Bags_shuffled_1,Small Bags_shuffled_2,Total Bags,Total Bags_shuffled_1,Total Bags_shuffled_2,Total Volume,Total Volume_shuffled_1,Total Volume_shuffled_2,XLarge Bags,XLarge Bags_shuffled_1,XLarge Bags_shuffled_2,day,day_shuffled_1,day_shuffled_2,month,month_shuffled_1,month_shuffled_2,noise_categorical_1,noise_categorical_2,noise_numeric_1,noise_numeric_2,type,year,year_shuffled_1,year_shuffled_2"
avocado_sales_un_dirty,regression,31.657548189163208,0.14128336787226634,0.1037704006116684,0.8760681510472843,0.09593512856946665,0.06818064044830874,38,"4046,4046_shuffled_1,4046_shuffled_2,4225,4225_shuffled_1,4225_shuffled_2,4770,4770_shuffled_1,4770_shuffled_2,AveragePrice,Large Bags,Large Bags_shuffled_1,Large Bags_shuffled_2,Small Bags,Small Bags_shuffled_1,Small Bags_shuffled_2,Total Bags,Total Bags_shuffled_1,Total Bags_shuffled_2,Total Volume,Total Volume_shuffled_1,Total Volume_shuffled_2,XLarge Bags,XLarge Bags_shuffled_1,XLarge Bags_shuffled_2,day,day_shuffled_1,day_shuffled_2,month,month_shuffled_1,month_shuffled_2,noise_categorical_1,noise_categorical_2,noise_numeric_1,noise_numeric_2,type,year,year_shuffled_1,year_shuffled_2"
avocado_sales_un_dirty,regression,31.657548189163208,0.14128336787226634,0.1037704006116684,0.8760681510472843,0.09593512856946665,0.06818064044830874,39,"4046,4046_shuffled_1,4046_shuffled_2,4225,4225_shuffled_1,4225_shuffled_2,4770,4770_shuffled_1,4770_shuffled_2,AveragePrice,Large Bags,Large Bags_shuffled_1,Large Bags_shuffled_2,Small Bags,Small Bags_shuffled_1,Small Bags_shuffled_2,Total Bags,Total Bags_shuffled_1,Total Bags_shuffled_2,Total Volume,Total Volume_shuffled_1,Total Volume_shuffled_2,XLarge Bags,XLarge Bags_shuffled_1,XLarge Bags_shuffled_2,day,day_shuffled_1,day_shuffled_2,month,month_shuffled_1,month_shuffled_2,noise_categorical_1,noise_categorical_2,noise_numeric_1,noise_numeric_2,type,year,year_shuffled_1,year_shuffled_2"
avocado_sales_un_dirty,regression,31.657548189163208,0.14128336787226634,0.1037704006116684,0.8760681510472843,0.09593512856946665,0.06818064044830874,40,"4046,4046_shuffled_1,4046_shuffled_2,4225,4225_shuffled_1,4225_shuffled_2,4770,4770_shuffled_1,4770_shuffled_2,AveragePrice,Large Bags,Large Bags_shuffled_1,Large Bags_shuffled_2,Small Bags,Small Bags_shuffled_1,Small Bags_shuffled_2,Total Bags,Total Bags_shuffled_1,Total Bags_shuffled_2,Total Volume,Total Volume_shuffled_1,Total Volume_shuffled_2,XLarge Bags,XLarge Bags_shuffled_1,XLarge Bags_shuffled_2,day,day_shuffled_1,day_shuffled_2,month,month_shuffled_1,month_shuffled_2,noise_categorical_1,noise_categorical_2,noise_numeric_1,noise_numeric_2,type,year,year_shuffled_1,year_shuffled_2"
avocado_sales_un_clean,regression,9.644277811050415,0.31041857725002653,0.24094003539673267,0.4017313315469292,-0.008519051326973948,-0.00418717205078159,1,"AveragePrice,type"
avocado_sales_un_clean,regression,9.644277811050415,0.30200949950916384,0.23388066420555115,0.43370587199657096,-0.003134559016902516,0.0008010670195410241,2,"AveragePrice,Total Volume,type"
avocado_sales_un_clean,regression,9.644277811050415,0.2822338118265444,0.21693430889403983,0.5054400613602907,0.020670760535680677,0.018108775960777174,3,"AveragePrice,Large Bags,Total Volume,type"
avocado_sales_un_clean,regression,9.644277811050415,0.2550272697462319,0.18905418005185584,0.5961927666827684,0.02857008566033048,0.022197409140383373,4,"AveragePrice,Large Bags,Total Volume,type,year"
avocado_sales_un_clean,regression,9.644277811050415,0.21582503023804692,0.15251999363180707,0.7107958824104477,0.08518505190127315,0.05759015566161041,5,"4046,AveragePrice,Large Bags,Total Volume,type,year"
avocado_sales_un_clean,regression,9.644277811050415,0.18866398298300624,0.13482595694097754,0.7790068314465577,0.07892349887957811,0.05457570710077832,6,"4046,AveragePrice,Large Bags,Small Bags,Total Volume,type,year"
avocado_sales_un_clean,regression,9.644277811050415,0.1756275205864196,0.1231556426975825,0.8084924097223751,0.1092686451637661,0.0739204300704188,7,"4046,4225,AveragePrice,Large Bags,Small Bags,Total Volume,type,year"
avocado_sales_un_clean,regression,9.644277811050415,0.17675833725975673,0.12394936916272933,0.8060183423312692,0.10853430936773362,0.07372077353719902,8,"4046,4225,AveragePrice,Large Bags,Small Bags,Total Bags,Total Volume,type,year"
avocado_sales_un_clean,regression,9.644277811050415,0.17472854904067558,0.12317674003431243,0.810447903518549,0.0954928322063885,0.0653049533849509,9,"4046,4225,AveragePrice,Large Bags,Small Bags,Total Bags,Total Volume,XLarge Bags,type,year"
avocado_sales_un_clean,regression,9.644277811050415,0.16263137053149798,0.11412390860988669,0.8357862590081049,0.12101628514414625,0.0842687487976809,10,"4046,4225,4770,AveragePrice,Large Bags,Small Bags,Total Bags,Total Volume,XLarge Bags,type,year"
avocado_sales_un_clean,regression,9.644277811050415,0.16263137053149798,0.11412390860988669,0.8357862590081049,0.12101628514414625,0.0842687487976809,11,"4046,4225,4770,AveragePrice,Large Bags,Small Bags,Total Bags,Total Volume,XLarge Bags,type,year"
avocado_sales_mn_dirty,regression,40.108224630355835,0.3151676858740678,0.2466655015050548,0.3832854184608212,0.0019807266766908582,0.0044101737958105736,1,"AveragePrice,Total Volume"
avocado_sales_mn_dirty,regression,40.108224630355835,0.301985255441644,0.23386868863954938,0.43379678782559783,-0.0030682044494801386,0.0008507321872642803,2,"AveragePrice,Total Volume,type"
avocado_sales_mn_dirty,regression,40.108224630355835,0.3023228049968915,0.2340058439391933,0.43253031236785233,-0.0008759621423560238,0.0023525794386225485,3,"AveragePrice,Total Volume,spurious_cat_4,type"
avocado_sales_mn_dirty,regression,40.108224630355835,0.30304177709950914,0.23482250905755447,0.4298280351571989,0.010647790819112879,0.011677406063829887,4,"AveragePrice,Total Volume,spurious_cat_3,spurious_cat_4,type"
avocado_sales_mn_dirty,regression,40.108224630355835,0.30231288503716197,0.23418048345618053,0.43256755192769203,0.010329679319118767,0.011171897341865827,5,"AveragePrice,Total Volume,spurious_cat_3,spurious_cat_4,spurious_cat_5,type"
avocado_sales_mn_dirty,regression,40.108224630355835,0.2861164466335545,0.22213478122018784,0.4917393392856827,0.005124645181856402,0.007226637599298008,6,"AveragePrice,Total Volume,month,spurious_cat_3,spurious_cat_4,spurious_cat_5,type"
avocado_sales_mn_dirty,regression,40.108224630355835,0.28723586168507825,0.2228886292013403,0.48775447478415723,0.02494601259140755,0.02230142824732584,7,"AveragePrice,Large Bags_shuffled_2,Total Volume,month,spurious_cat_3,spurious_cat_4,spurious_cat_5,type"
avocado_sales_mn_dirty,regression,40.108224630355835,0.28777365346276584,0.22361690367149978,0.48583452424609885,0.01369563439850896,0.013666535587692014,8,"AveragePrice,Large Bags_shuffled_2,Total Volume,month,spurious_cat_3,spurious_cat_4,spurious_cat_5,spurious_num_4,type"
avocado_sales_mn_dirty,regression,40.108224630355835,0.28747663824742364,0.223308545019202,0.4868953312938409,0.018730521712633175,0.016992989356217625,9,"4225_shuffled_2,AveragePrice,Large Bags_shuffled_2,Total Volume,month,spurious_cat_3,spurious_cat_4,spurious_cat_5,spurious_num_4,type"
avocado_sales_mn_dirty,regression,40.108224630355835,0.2614973014022815,0.19609793537544878,0.5754437154756606,0.05897716185108154,0.0411246386796118,10,"4225_shuffled_2,AveragePrice,Large Bags_shuffled_2,Total Volume,month,spurious_cat_3,spurious_cat_4,spurious_cat_5,spurious_num_4,type,year"
avocado_sales_mn_dirty,regression,40.108224630355835,0.2203785227951051,0.1631109092144117,0.6984638493335664,0.10257795481377856,0.07255663812386744,11,"4225_shuffled_2,AveragePrice,Large Bags,Large Bags_shuffled_2,Total Volume,month,spurious_cat_3,spurious_cat_4,spurious_cat_5,spurious_num_4,type,year"
avocado_sales_mn_dirty,regression,40.108224630355835,0.18718595159523435,0.13692522081675593,0.782455877450146,0.11615860908269841,0.083061110643283,12,"4225_shuffled_2,AveragePrice,Large Bags,Large Bags_shuffled_2,Small Bags,Total Volume,month,spurious_cat_3,spurious_cat_4,spurious_cat_5,spurious_num_4,type,year"
avocado_sales_mn_dirty,regression,40.108224630355835,0.18664671372653638,0.13677688804783233,0.7837074570674576,0.11024149613112892,0.07821690158459482,13,"4225_shuffled_2,AveragePrice,Large Bags,Large Bags_shuffled_2,Small Bags,Total Volume,day,month,spurious_cat_3,spurious_cat_4,spurious_cat_5,spurious_num_4,type,year"
avocado_sales_mn_dirty,regression,40.108224630355835,0.18600441855284386,0.13600744725057523,0.7851935225780593,0.14036601834444473,0.100776470714631,14,"4225_shuffled_2,AveragePrice,Large Bags,Large Bags_shuffled_2,Small Bags,Total Volume,day,month,spurious_cat_1,spurious_cat_3,spurious_cat_4,spurious_cat_5,spurious_num_4,type,year"
avocado_sales_mn_dirty,regression,40.108224630355835,0.1880544260523487,0.1382479991997758,0.7804325439816882,0.11727827240952612,0.08345541422712768,15,"4225_shuffled_2,AveragePrice,Large Bags,Large Bags_shuffled_2,Small Bags,Total Bags_shuffled_2,Total Volume,day,month,spurious_cat_1,spurious_cat_3,spurious_cat_4,spurious_cat_5,spurious_num_4,type,year"
avocado_sales_mn_dirty,regression,40.108224630355835,0.188935113736237,0.13844824204510203,0.7783711923840486,0.12634386194964292,0.09019983091544131,16,"4225_shuffled_2,AveragePrice,Large Bags,Large Bags_shuffled_2,Small Bags,Total Bags_shuffled_2,Total Volume,day,month,spurious_cat_1,spurious_cat_2,spurious_cat_3,spurious_cat_4,spurious_cat_5,spurious_num_4,type,year"
avocado_sales_mn_dirty,regression,40.108224630355835,0.1550365893167731,0.11127858205690774,0.8507654905014244,0.1401951902335953,0.10006650183285862,17,"4046,4225_shuffled_2,AveragePrice,Large Bags,Large Bags_shuffled_2,Small Bags,Total Bags_shuffled_2,Total Volume,day,month,spurious_cat_1,spurious_cat_2,spurious_cat_3,spurious_cat_4,spurious_cat_5,spurious_num_4,type,year"
avocado_sales_mn_dirty,regression,40.108224630355835,0.1576972601773971,0.11402032649353758,0.8455993418896671,0.1054654337396085,0.07402527948657713,18,"4046,4225_shuffled_2,AveragePrice,Large Bags,Large Bags_shuffled_2,Small Bags,Small Bags_shuffled_2,Total Bags_shuffled_2,Total Volume,day,month,spurious_cat_1,spurious_cat_2,spurious_cat_3,spurious_cat_4,spurious_cat_5,spurious_num_4,type,year"
avocado_sales_mn_dirty,regression,40.108224630355835,0.14363448315502653,0.10309463572632777,0.8719090982296264,0.1375690592464607,0.0985665933305869,19,"4046,4225,4225_shuffled_2,AveragePrice,Large Bags,Large Bags_shuffled_2,Small Bags,Small Bags_shuffled_2,Total Bags_shuffled_2,Total Volume,day,month,spurious_cat_1,spurious_cat_2,spurious_cat_3,spurious_cat_4,spurious_cat_5,spurious_num_4,type,year"
avocado_sales_mn_dirty,regression,40.108224630355835,0.14401066181792835,0.10279343376061688,0.8712372795767312,0.143843923295294,0.10267679247057554,20,"4046,4225,4225_shuffled_2,AveragePrice,Large Bags,Large Bags_shuffled_2,Small Bags,Small Bags_shuffled_2,Total Bags_shuffled_2,Total Volume,XLarge Bags,day,month,spurious_cat_1,spurious_cat_2,spurious_cat_3,spurious_cat_4,spurious_cat_5,spurious_num_4,type,year"
avocado_sales_mn_dirty,regression,40.108224630355835,0.14439563278434223,0.10337866983576996,0.8705479394442758,0.13474591629110497,0.09616958925796691,21,"4046,4225,4225_shuffled_2,AveragePrice,Large Bags,Large Bags_shuffled_2,Small Bags,Small Bags_shuffled_2,Total Bags_shuffled_2,Total Volume,Total Volume_shuffled_2,XLarge Bags,day,month,spurious_cat_1,spurious_cat_2,spurious_cat_3,spurious_cat_4,spurious_cat_5,spurious_num_4,type,year"
avocado_sales_mn_dirty,regression,40.108224630355835,0.13422291082913787,0.09676423318908639,0.8881453206969244,0.11459286710965641,0.08198309939522293,22,"4046,4225,4225_shuffled_2,4770,AveragePrice,Large Bags,Large Bags_shuffled_2,Small Bags,Small Bags_shuffled_2,Total Bags_shuffled_2,Total Volume,Total Volume_shuffled_2,XLarge Bags,day,month,spurious_cat_1,spurious_cat_2,spurious_cat_3,spurious_cat_4,spurious_cat_5,spurious_num_4,type,year"
avocado_sales_mn_dirty,regression,40.108224630355835,0.13420434421180077,0.09597772456881117,0.8881762635423631,0.13309381924553212,0.09521698172514156,23,"4046,4225,4225_shuffled_2,4770,AveragePrice,Large Bags,Large Bags_shuffled_2,Small Bags,Small Bags_shuffled_2,Total Bags,Total Bags_shuffled_2,Total Volume,Total Volume_shuffled_2,XLarge Bags,day,month,spurious_cat_1,spurious_cat_2,spurious_cat_3,spurious_cat_4,spurious_cat_5,spurious_num_4,type,year"
avocado_sales_mn_dirty,regression,40.108224630355835,0.13490441850683352,0.09710203186420545,0.8870065680335719,0.12177480416878057,0.0873484768269012,24,"4046,4225,4225_shuffled_2,4770,AveragePrice,Large Bags,Large Bags_shuffled_2,Small Bags,Small Bags_shuffled_2,Total Bags,Total Bags_shuffled_2,Total Volume,Total Volume_shuffled_2,XLarge Bags,day,month,spurious_cat_1,spurious_cat_2,spurious_cat_3,spurious_cat_4,spurious_cat_5,spurious_num_3,spurious_num_4,type,year"
avocado_sales_mn_dirty,regression,40.108224630355835,0.13645039939746115,0.0981529396475178,0.884401959198051,0.1347014716021304,0.09692048670294652,25,"4046,4225,4225_shuffled_2,4770,AveragePrice,Large Bags,Large Bags_shuffled_2,Small Bags,Small Bags_shuffled_1,Small Bags_shuffled_2,Total Bags,Total Bags_shuffled_2,Total Volume,Total Volume_shuffled_2,XLarge Bags,day,month,spurious_cat_1,spurious_cat_2,spurious_cat_3,spurious_cat_4,spurious_cat_5,spurious_num_3,spurious_num_4,type,year"
avocado_sales_mn_dirty,regression,40.108224630355835,0.1360425477644837,0.09827524560804238,0.8850919738658138,0.1350802328121425,0.09758979861396522,26,"4046,4225,4225_shuffled_2,4770,AveragePrice,Large Bags,Large Bags_shuffled_2,Small Bags,Small Bags_shuffled_1,Small Bags_shuffled_2,Total Bags,Total Bags_shuffled_2,Total Volume,Total Volume_shuffled_2,XLarge Bags,day,month,noise_categorical_2,spurious_cat_1,spurious_cat_2,spurious_cat_3,spurious_cat_4,spurious_cat_5,spurious_num_3,spurious_num_4,type,year"
avocado_sales_mn_dirty,regression,40.108224630355835,0.1364820319076551,0.0986542740260085,0.8843483561295222,0.1353368247198679,0.09782310446283878,27,"4046,4225,4225_shuffled_2,4770,AveragePrice,Large Bags,Large Bags_shuffled_2,Small Bags,Small Bags_shuffled_1,Small Bags_shuffled_2,Total Bags,Total Bags_shuffled_2,Total Volume,Total Volume_shuffled_2,XLarge Bags,day,month,noise_categorical_2,spurious_cat_1,spurious_cat_2,spurious_cat_3,spurious_cat_4,spurious_cat_5,spurious_num_3,spurious_num_4,spurious_num_5,type,year"
avocado_sales_mn_dirty,regression,40.108224630355835,0.13720789303094127,0.09960290010595975,0.883114929847843,0.1352664293793764,0.098209756880979,28,"4046,4225,4225_shuffled_2,4770,AveragePrice,Large Bags,Large Bags_shuffled_2,Small Bags,Small Bags_shuffled_1,Small Bags_shuffled_2,Total Bags,Total Bags_shuffled_2,Total Volume,Total Volume_shuffled_2,XLarge Bags,day,month,noise_categorical_2,spurious_cat_1,spurious_cat_2,spurious_cat_3,spurious_cat_4,spurious_cat_5,spurious_num_1,spurious_num_3,spurious_num_4,spurious_num_5,type,year"
avocado_sales_mn_dirty,regression,40.108224630355835,0.13798731417696777,0.10013793543103625,0.8817832068451632,0.11494736077862606,0.08258158128373551,29,"4046,4225,4225_shuffled_2,4770,AveragePrice,Large Bags,Large Bags_shuffled_2,Small Bags,Small Bags_shuffled_1,Small Bags_shuffled_2,Total Bags,Total Bags_shuffled_2,Total Volume,Total Volume_shuffled_2,XLarge Bags,day,month,noise_categorical_2,spurious_cat_1,spurious_cat_2,spurious_cat_3,spurious_cat_4,spurious_cat_5,spurious_num_1,spurious_num_2,spurious_num_3,spurious_num_4,spurious_num_5,type,year"
avocado_sales_mn_dirty,regression,40.108224630355835,0.13931289244946768,0.10104808247905887,0.8795009925502454,0.13893872947193048,0.1007765229145408,30,"4046,4225,4225_shuffled_1,4225_shuffled_2,4770,AveragePrice,Large Bags,Large Bags_shuffled_2,Small Bags,Small Bags_shuffled_1,Small Bags_shuffled_2,Total Bags,Total Bags_shuffled_2,Total Volume,Total Volume_shuffled_2,XLarge Bags,day,month,noise_categorical_2,spurious_cat_1,spurious_cat_2,spurious_cat_3,spurious_cat_4,spurious_cat_5,spurious_num_1,spurious_num_2,spurious_num_3,spurious_num_4,spurious_num_5,type,year"
avocado_sales_mn_dirty,regression,40.108224630355835,0.14010691883293255,0.10242424975911231,0.8781234881992153,0.09887589841172711,0.070370394920869,31,"4046,4046_shuffled_1,4225,4225_shuffled_1,4225_shuffled_2,4770,AveragePrice,Large Bags,Large Bags_shuffled_2,Small Bags,Small Bags_shuffled_1,Small Bags_shuffled_2,Total Bags,Total Bags_shuffled_2,Total Volume,Total Volume_shuffled_2,XLarge Bags,day,month,noise_categorical_2,spurious_cat_1,spurious_cat_2,spurious_cat_3,spurious_cat_4,spurious_cat_5,spurious_num_1,spurious_num_2,spurious_num_3,spurious_num_4,spurious_num_5,type,year"
avocado_sales_mn_dirty,regression,40.108224630355835,0.13996085806315156,0.1018592790760406,0.8783774670655875,0.13664330353701817,0.0994133888598645,32,"4046,4046_shuffled_1,4225,4225_shuffled_1,4225_shuffled_2,4770,AveragePrice,Large Bags,Large Bags_shuffled_2,Small Bags,Small Bags_shuffled_1,Small Bags_shuffled_2,Total Bags,Total Bags_shuffled_2,Total Volume,Total Volume_shuffled_2,XLarge Bags,day,day_shuffled_2,month,noise_categorical_2,spurious_cat_1,spurious_cat_2,spurious_cat_3,spurious_cat_4,spurious_cat_5,spurious_num_1,spurious_num_2,spurious_num_3,spurious_num_4,spurious_num_5,type,year"
avocado_sales_mn_dirty,regression,40.108224630355835,0.14082510674323398,0.10235315906184994,0.8768708080602805,0.13545442248536407,0.09836399429718552,33,"4046,4046_shuffled_1,4225,4225_shuffled_1,4225_shuffled_2,4770,AveragePrice,Large Bags,Large Bags_shuffled_1,Large Bags_shuffled_2,Small Bags,Small Bags_shuffled_1,Small Bags_shuffled_2,Total Bags,Total Bags_shuffled_2,Total Volume,Total Volume_shuffled_2,XLarge Bags,day,day_shuffled_2,month,noise_categorical_2,spurious_cat_1,spurious_cat_2,spurious_cat_3,spurious_cat_4,spurious_cat_5,spurious_num_1,spurious_num_2,spurious_num_3,spurious_num_4,spurious_num_5,type,year"
avocado_sales_mn_dirty,regression,40.108224630355835,0.1412489471806949,0.10289936483396242,0.8761285304164161,0.11099554521954645,0.0795260777370315,34,"4046,4046_shuffled_1,4225,4225_shuffled_1,4225_shuffled_2,4770,AveragePrice,Large Bags,Large Bags_shuffled_1,Large Bags_shuffled_2,Small Bags,Small Bags_shuffled_1,Small Bags_shuffled_2,Total Bags,Total Bags_shuffled_2,Total Volume,Total Volume_shuffled_2,XLarge Bags,day,day_shuffled_1,day_shuffled_2,month,noise_categorical_2,spurious_cat_1,spurious_cat_2,spurious_cat_3,spurious_cat_4,spurious_cat_5,spurious_num_1,spurious_num_2,spurious_num_3,spurious_num_4,spurious_num_5,type,year"
avocado_sales_mn_dirty,regression,40.108224630355835,0.1406191667418922,0.10270831198627002,0.877230668394462,0.13692489489217113,0.09999230923520044,35,"4046,4046_shuffled_1,4225,4225_shuffled_1,4225_shuffled_2,4770,AveragePrice,Large Bags,Large Bags_shuffled_1,Large Bags_shuffled_2,Small Bags,Small Bags_shuffled_1,Small Bags_shuffled_2,Total Bags,Total Bags_shuffled_2,Total Volume,Total Volume_shuffled_2,XLarge Bags,day,day_shuffled_1,day_shuffled_2,month,noise_categorical_1,noise_categorical_2,spurious_cat_1,spurious_cat_2,spurious_cat_3,spurious_cat_4,spurious_cat_5,spurious_num_1,spurious_num_2,spurious_num_3,spurious_num_4,spurious_num_5,type,year"
avocado_sales_mn_dirty,regression,40.108224630355835,0.14068661947652414,0.10255832718267834,0.8771128592294829,0.12913702709806144,0.09383558975396927,36,"4046,4046_shuffled_1,4046_shuffled_2,4225,4225_shuffled_1,4225_shuffled_2,4770,AveragePrice,Large Bags,Large Bags_shuffled_1,Large Bags_shuffled_2,Small Bags,Small Bags_shuffled_1,Small Bags_shuffled_2,Total Bags,Total Bags_shuffled_2,Total Volume,Total Volume_shuffled_2,XLarge Bags,day,day_shuffled_1,day_shuffled_2,month,noise_categorical_1,noise_categorical_2,spurious_cat_1,spurious_cat_2,spurious_cat_3,spurious_cat_4,spurious_cat_5,spurious_num_1,spurious_num_2,spurious_num_3,spurious_num_4,spurious_num_5,type,year"
avocado_sales_mn_dirty,regression,40.108224630355835,0.1418682958598627,0.10348122534523271,0.8750398450448467,0.1416420763515079,0.1033201942677646,37,"4046,4046_shuffled_1,4046_shuffled_2,4225,4225_shuffled_1,4225_shuffled_2,4770,AveragePrice,Large Bags,Large Bags_shuffled_1,Large Bags_shuffled_2,Small Bags,Small Bags_shuffled_1,Small Bags_shuffled_2,Total Bags,Total Bags_shuffled_2,Total Volume,Total Volume_shuffled_2,XLarge Bags,day,day_shuffled_1,day_shuffled_2,month,noise_categorical_1,noise_categorical_2,noise_numeric_1,spurious_cat_1,spurious_cat_2,spurious_cat_3,spurious_cat_4,spurious_cat_5,spurious_num_1,spurious_num_2,spurious_num_3,spurious_num_4,spurious_num_5,type,year"
avocado_sales_mn_dirty,regression,40.108224630355835,0.1417013353509767,0.10357985081150106,0.8753337956301626,0.10203531067862873,0.07295977392195058,38,"4046,4046_shuffled_1,4046_shuffled_2,4225,4225_shuffled_1,4225_shuffled_2,4770,AveragePrice,Large Bags,Large Bags_shuffled_1,Large Bags_shuffled_2,Small Bags,Small Bags_shuffled_1,Small Bags_shuffled_2,Total Bags,Total Bags_shuffled_1,Total Bags_shuffled_2,Total Volume,Total Volume_shuffled_2,XLarge Bags,day,day_shuffled_1,day_shuffled_2,month,noise_categorical_1,noise_categorical_2,noise_numeric_1,spurious_cat_1,spurious_cat_2,spurious_cat_3,spurious_cat_4,spurious_cat_5,spurious_num_1,spurious_num_2,spurious_num_3,spurious_num_4,spurious_num_5,type,year"
avocado_sales_mn_dirty,regression,40.108224630355835,0.1425568654486756,0.10418850815296173,0.8738238922870264,0.09085173078980953,0.0635641080124083,39,"4046,4046_shuffled_1,4046_shuffled_2,4225,4225_shuffled_1,4225_shuffled_2,4770,AveragePrice,Large Bags,Large Bags_shuffled_1,Large Bags_shuffled_2,Small Bags,Small Bags_shuffled_1,Small Bags_shuffled_2,Total Bags,Total Bags_shuffled_1,Total Bags_shuffled_2,Total Volume,Total Volume_shuffled_2,XLarge Bags,day,day_shuffled_1,day_shuffled_2,month,month_shuffled_2,noise_categorical_1,noise_categorical_2,noise_numeric_1,spurious_cat_1,spurious_cat_2,spurious_cat_3,spurious_cat_4,spurious_cat_5,spurious_num_1,spurious_num_2,spurious_num_3,spurious_num_4,spurious_num_5,type,year"
avocado_sales_mn_dirty,regression,40.108224630355835,0.14174396345637266,0.10371368227788848,0.8752587775163839,0.08507038887739385,0.05923223970846781,40,"4046,4046_shuffled_1,4046_shuffled_2,4225,4225_shuffled_1,4225_shuffled_2,4770,AveragePrice,Large Bags,Large Bags_shuffled_1,Large Bags_shuffled_2,Small Bags,Small Bags_shuffled_1,Small Bags_shuffled_2,Total Bags,Total Bags_shuffled_1,Total Bags_shuffled_2,Total Volume,Total Volume_shuffled_2,XLarge Bags,day,day_shuffled_1,day_shuffled_2,month,month_shuffled_1,month_shuffled_2,noise_categorical_1,noise_categorical_2,noise_numeric_1,spurious_cat_1,spurious_cat_2,spurious_cat_3,spurious_cat_4,spurious_cat_5,spurious_num_1,spurious_num_2,spurious_num_3,spurious_num_4,spurious_num_5,type,year"
avocado_sales_mn_clean,regression,9.545435905456543,0.31041857725002653,0.24094003539673267,0.4017313315469292,-0.008519051326973948,-0.00418717205078159,1,"AveragePrice,type"
avocado_sales_mn_clean,regression,9.545435905456543,0.2950805323310688,0.23054226800448271,0.4593926230166576,-0.0058564426076592735,-0.0016302907148735002,2,"AveragePrice,Large Bags,type"
avocado_sales_mn_clean,regression,9.545435905456543,0.27211765901633134,0.20913908540124762,0.540257870179826,0.022511409354475764,0.01983345959670682,3,"4046,AveragePrice,Large Bags,type"
avocado_sales_mn_clean,regression,9.545435905456543,0.24386712235529806,0.17816568483522494,0.6307611766333214,0.06701991751574135,0.04787273340523482,4,"4046,AveragePrice,Large Bags,Total Volume,type"
avocado_sales_mn_clean,regression,9.545435905456543,0.21368703899513136,0.15204777480608794,0.7164972907301367,0.0883657920071858,0.05896116276294826,5,"4046,4225,AveragePrice,Large Bags,Total Volume,type"
avocado_sales_mn_clean,regression,9.545435905456543,0.20647862903639091,0.14693635044685782,0.7353017518443924,0.09224891084616772,0.06149296704286118,6,"4046,4225,AveragePrice,Large Bags,Total Bags,Total Volume,type"
avocado_sales_mn_clean,regression,9.545435905456543,0.20123332070323938,0.14308327858676648,0.7485795271168316,0.10742913125742341,0.07344823664075747,7,"4046,4225,AveragePrice,Large Bags,Small Bags,Total Bags,Total Volume,type"
avocado_sales_mn_clean,regression,9.545435905456543,0.17720889425708747,0.12405589879114334,0.8050281634734173,0.11584175424487173,0.07883630867824672,8,"4046,4225,AveragePrice,Large Bags,Small Bags,Total Bags,Total Volume,type,year"
avocado_sales_mn_clean,regression,9.545435905456543,0.16333604420165568,0.11412778109654989,0.8343601159779455,0.11491219571923764,0.07929803361861404,9,"4046,4225,4770,AveragePrice,Large Bags,Small Bags,Total Bags,Total Volume,type,year"
avocado_sales_mn_clean,regression,9.545435905456543,0.16290313832872175,0.11415388520188528,0.8352369763611529,0.1184431317935709,0.08222515793992283,10,"4046,4225,4770,AveragePrice,Large Bags,Small Bags,Total Bags,Total Volume,XLarge Bags,type,year"
avocado_sales_mn_clean,regression,9.545435905456543,0.16290313832872175,0.11415388520188528,0.8352369763611529,0.1184431317935709,0.08222515793992283,11,"4046,4225,4770,AveragePrice,Large Bags,Small Bags,Total Bags,Total Volume,XLarge Bags,type,year"
nasa,regression,44.7746422290802,48.8166899188963,37.41960306543506,0.4995592031728332,-0.00665981229855106,-0.19453694476563044,1,"class,sensor_11"
nasa,regression,44.7746422290802,46.800118436225326,35.65050921434673,0.5400507077935368,1.4414399326293008,1.1439531601902573,2,"class,sensor_11,sensor_4"
nasa,regression,44.7746422290802,42.648861841747504,31.678034776646502,0.6180285158486123,1.3231422903252934,1.1791162969223272,3,"class,sensor_11,sensor_4,sensor_9"
nasa,regression,44.7746422290802,41.7684177702256,30.825719001466076,0.633636584865129,1.5457707015484417,1.2188965004833996,4,"class,sensor_11,sensor_15,sensor_4,sensor_9"
nasa,regression,44.7746422290802,41.50068947497514,30.552436463132448,0.6383181840812682,1.8211782178528964,1.3683165826506816,5,"class,sensor_11,sensor_14,sensor_15,sensor_4,sensor_9"
nasa,regression,44.7746422290802,41.122040379440115,30.267527991347663,0.6448879896107267,1.9424275128964439,1.5006342945003013,6,"class,sensor_11,sensor_14,sensor_15,sensor_2,sensor_4,sensor_9"
nasa,regression,44.7746422290802,40.88255310765701,30.003974003950944,0.6490121606408088,1.8416290435713734,1.3537624427074917,7,"class,sensor_11,sensor_14,sensor_15,sensor_2,sensor_3,sensor_4,sensor_9"
nasa,regression,44.7746422290802,40.75201180556168,29.910498613848606,0.6512500472279508,1.1856291075125824,0.8381206620214208,8,"class,sensor_11,sensor_12,sensor_14,sensor_15,sensor_2,sensor_3,sensor_4,sensor_9"
nasa,regression,44.7746422290802,40.63644782279732,29.80718730551025,0.6532252031283168,3.157030227908187,2.3257592744921993,9,"class,sensor_11,sensor_12,sensor_14,sensor_15,sensor_2,sensor_21,sensor_3,sensor_4,sensor_9"
nasa,regression,44.7746422290802,40.34454592299047,29.544585828877864,0.6581892522910807,2.9323244910067814,2.158402800940639,10,"class,sensor_11,sensor_12,sensor_14,sensor_15,sensor_17,sensor_2,sensor_21,sensor_3,sensor_4,sensor_9"
nasa,regression,44.7746422290802,40.2735980956216,29.519163761274946,0.6593903765733654,2.5046348342354037,1.846507999985878,11,"class,sensor_11,sensor_12,sensor_14,sensor_15,sensor_17,sensor_2,sensor_21,sensor_3,sensor_4,sensor_7,sensor_9"
nasa,regression,44.7746422290802,40.28316061317728,29.53402296467668,0.6592286094436808,2.5796179275172264,1.908755542768489,12,"class,sensor_11,sensor_12,sensor_14,sensor_15,sensor_17,sensor_2,sensor_20,sensor_21,sensor_3,sensor_4,sensor_7,sensor_9"
nasa,regression,44.7746422290802,40.23082477401326,29.47010744733976,0.6601134939015079,3.7789242080537733,2.7678182927814845,13,"class,sensor_11,sensor_12,sensor_14,sensor_15,sensor_17,sensor_2,sensor_20,sensor_21,sensor_3,sensor_4,sensor_6,sensor_7,sensor_9"
nasa,regression,44.7746422290802,40.22014742036569,29.47226852482957,0.6602938832851117,3.4308561819642662,2.549864783427381,14,"class,sensor_10,sensor_11,sensor_12,sensor_14,sensor_15,sensor_17,sensor_2,sensor_20,sensor_21,sensor_3,sensor_4,sensor_6,sensor_7,sensor_9"
nasa,regression,44.7746422290802,40.143070556957476,29.404529246931183,0.6615946439713165,1.9011612118876116,1.3619060528175488,15,"class,sensor_10,sensor_11,sensor_12,sensor_14,sensor_15,sensor_17,sensor_2,sensor_20,sensor_21,sensor_3,sensor_4,sensor_6,sensor_7,sensor_8,sensor_9"
nasa,regression,44.7746422290802,40.10904998710041,29.355836682091386,0.6621679864918613,4.037033473833425,2.957457073488044,16,"class,sensor_1,sensor_10,sensor_11,sensor_12,sensor_14,sensor_15,sensor_17,sensor_2,sensor_20,sensor_21,sensor_3,sensor_4,sensor_6,sensor_7,sensor_8,sensor_9"
nasa,regression,44.7746422290802,40.034044023038994,29.292333186113677,0.6634303311683726,2.957551977485636,2.136103862306012,17,"class,sensor_1,sensor_10,sensor_11,sensor_12,sensor_14,sensor_15,sensor_16,sensor_17,sensor_2,sensor_20,sensor_21,sensor_3,sensor_4,sensor_6,sensor_7,sensor_8,sensor_9"
nasa,regression,44.7746422290802,39.928422445753036,29.149699579262894,0.665203927904511,2.8802175572583053,1.9950774321304863,18,"class,sensor_1,sensor_10,sensor_11,sensor_12,sensor_13,sensor_14,sensor_15,sensor_16,sensor_17,sensor_2,sensor_20,sensor_21,sensor_3,sensor_4,sensor_6,sensor_7,sensor_8,sensor_9"
nasa,regression,44.7746422290802,39.923978144229395,29.174070173969415,0.6652784538583867,3.886068647789479,2.7934452509178413,19,"class,sensor_1,sensor_10,sensor_11,sensor_12,sensor_13,sensor_14,sensor_15,sensor_16,sensor_17,sensor_2,sensor_20,sensor_21,sensor_3,sensor_4,sensor_5,sensor_6,sensor_7,sensor_8,sensor_9"
nasa,regression,44.7746422290802,39.923978144229395,29.174070173969415,0.6652784538583867,3.886068647789479,2.7934452509178413,20,"class,sensor_1,sensor_10,sensor_11,sensor_12,sensor_13,sensor_14,sensor_15,sensor_16,sensor_17,sensor_18,sensor_2,sensor_20,sensor_21,sensor_3,sensor_4,sensor_5,sensor_6,sensor_7,sensor_8,sensor_9"
nasa,regression,44.7746422290802,39.923978144229395,29.174070173969415,0.6652784538583867,3.886068647789479,2.7934452509178413,21,"class,sensor_1,sensor_10,sensor_11,sensor_12,sensor_13,sensor_14,sensor_15,sensor_16,sensor_17,sensor_18,sensor_19,sensor_2,sensor_20,sensor_21,sensor_3,sensor_4,sensor_5,sensor_6,sensor_7,sensor_8,sensor_9"
nasa_un_dirty,regression,141.51857686042786,48.8166899188963,37.41960306543506,0.4995592031728332,-0.00665981229855106,-0.19453694476563044,1,"class,sensor_11"
nasa_un_dirty,regression,141.51857686042786,46.800118436225326,35.65050921434673,0.5400507077935368,1.4414399326293008,1.1439531601902573,2,"class,sensor_11,sensor_4"
nasa_un_dirty,regression,141.51857686042786,42.648861841747504,31.678034776646502,0.6180285158486123,1.3231422903252934,1.1791162969223272,3,"class,sensor_11,sensor_4,sensor_9"
nasa_un_dirty,regression,141.51857686042786,41.7684177702256,30.825719001466076,0.633636584865129,1.5457707015484417,1.2188965004833996,4,"class,sensor_11,sensor_15,sensor_4,sensor_9"
nasa_un_dirty,regression,141.51857686042786,41.48154516254001,30.64737929180524,0.6386517955327792,0.6050429094590655,0.543851517459423,5,"class,sensor_11,sensor_15,sensor_2,sensor_4,sensor_9"
nasa_un_dirty,regression,141.51857686042786,41.22096988850592,30.37511022507054,0.6431773101373754,0.5216526282720579,0.4303057754940305,6,"class,sensor_11,sensor_15,sensor_2,sensor_3,sensor_4,sensor_9"
nasa_un_dirty,regression,141.51857686042786,40.93598011841548,30.036797698334066,0.6480941903704309,1.178376056149503,0.8417773938729773,7,"class,sensor_11,sensor_14,sensor_15,sensor_2,sensor_3,sensor_4,sensor_9"
nasa_un_dirty,regression,141.51857686042786,40.61080275381569,29.791042185349564,0.6536627540424288,0.5144100603514161,0.3507829687600754,8,"class,sensor_11,sensor_14,sensor_15,sensor_17,sensor_2,sensor_3,sensor_4,sensor_9"
nasa_un_dirty,regression,141.51857686042786,40.42336012495506,29.608194520690912,0.656852474084192,1.557542493686661,1.0924869244344713,9,"class,sensor_11,sensor_12,sensor_14,sensor_15,sensor_17,sensor_2,sensor_3,sensor_4,sensor_9"
nasa_un_dirty,regression,141.51857686042786,40.370791036838504,29.57568139582548,0.6577443951404862,3.429900507566721,2.561552755410826,10,"class,sensor_11,sensor_12,sensor_14,sensor_15,sensor_17,sensor_2,sensor_21,sensor_3,sensor_4,sensor_9"
nasa_un_dirty,regression,141.51857686042786,40.321688679839404,29.554452288334456,0.6585764490238202,1.5901144168056334,1.0734799731867248,11,"class,sensor_11,sensor_12,sensor_14,sensor_15,sensor_17,sensor_2,sensor_21,sensor_3,sensor_4,sensor_7,sensor_9"
nasa_un_dirty,regression,141.51857686042786,40.25775058670649,29.531523802872577,0.6596583810372962,2.1441338749415877,1.5829130749175704,12,"class,sensor_11,sensor_12,sensor_14,sensor_15,sensor_17,sensor_2,sensor_20,sensor_21,sensor_3,sensor_4,sensor_7,sensor_9"
nasa_un_dirty,regression,141.51857686042786,40.2566757798646,29.495641611997957,0.659676553767377,3.0622097141896063,2.244295051771381,13,"class,sensor_11,sensor_12,sensor_14,sensor_15,sensor_17,sensor_2,sensor_20,sensor_21,sensor_3,sensor_4,sensor_4_shuffled_1,sensor_7,sensor_9"
nasa_un_dirty,regression,141.51857686042786,40.297596756952494,29.548223495833863,0.6589843234347035,2.4879895353987607,1.8194661820644384,14,"class,sensor_11,sensor_12,sensor_14,sensor_15,sensor_17,sensor_2,sensor_20,sensor_21,sensor_21_shuffled_2,sensor_3,sensor_4,sensor_4_shuffled_1,sensor_7,sensor_9"
nasa_un_dirty,regression,141.51857686042786,40.25892074882301,29.54922009097211,0.659638595497798,2.828104469746563,2.10988674786476,15,"class,sensor_11,sensor_12,sensor_14,sensor_15,sensor_15_shuffled_2,sensor_17,sensor_2,sensor_20,sensor_21,sensor_21_shuffled_2,sensor_3,sensor_4,sensor_4_shuffled_1,sensor_7,sensor_9"
nasa_un_dirty,regression,141.51857686042786,40.268239331452456,29.550952443650207,0.6594810128859498,2.7969475708823737,2.0644762618045718,16,"class,sensor_11,sensor_12,sensor_14,sensor_15,sensor_15_shuffled_1,sensor_15_shuffled_2,sensor_17,sensor_2,sensor_20,sensor_21,sensor_21_shuffled_2,sensor_3,sensor_4,sensor_4_shuffled_1,sensor_7,sensor_9"
nasa_un_dirty,regression,141.51857686042786,40.240364302135255,29.502615178503643,0.6599522870997552,4.038750783425087,2.8273013925937427,17,"class,sensor_11,sensor_12,sensor_14,sensor_15,sensor_15_shuffled_1,sensor_15_shuffled_2,sensor_17,sensor_2,sensor_20,sensor_21,sensor_21_shuffled_2,sensor_3,sensor_4,sensor_4_shuffled_1,sensor_6,sensor_7,sensor_9"
nasa_un_dirty,regression,141.51857686042786,40.342327107406184,29.5751586991544,0.6582268481614217,3.756937215487966,2.6766079835167,18,"class,sensor_11,sensor_12,sensor_14,sensor_15,sensor_15_shuffled_1,sensor_15_shuffled_2,sensor_17,sensor_2,sensor_20,sensor_20_shuffled_1,sensor_21,sensor_21_shuffled_2,sensor_3,sensor_4,sensor_4_shuffled_1,sensor_6,sensor_7,sensor_9"
nasa_un_dirty,regression,141.51857686042786,40.31378641288925,29.589445912360315,0.658710260664725,3.685484614711939,2.712701078528813,19,"class,sensor_11,sensor_12,sensor_14,sensor_15,sensor_15_shuffled_1,sensor_15_shuffled_2,sensor_17,sensor_2,sensor_20,sensor_20_shuffled_1,sensor_21,sensor_21_shuffled_2,sensor_3,sensor_4,sensor_4_shuffled_1,sensor_6,sensor_7,sensor_8_shuffled_1,sensor_9"
nasa_un_dirty,regression,141.51857686042786,40.30172688964472,29.552494257312098,0.658914417917563,4.35733199674263,3.0654863264624232,20,"class,sensor_10,sensor_11,sensor_12,sensor_14,sensor_15,sensor_15_shuffled_1,sensor_15_shuffled_2,sensor_17,sensor_2,sensor_20,sensor_20_shuffled_1,sensor_21,sensor_21_shuffled_2,sensor_3,sensor_4,sensor_4_shuffled_1,sensor_6,sensor_7,sensor_8_shuffled_1,sensor_9"
nasa_un_dirty,regression,141.51857686042786,40.16441881666829,29.374766405335976,0.6612346173813088,4.45412612175663,3.1931529078350493,21,"class,sensor_10,sensor_11,sensor_12,sensor_14,sensor_15,sensor_15_shuffled_1,sensor_15_shuffled_2,sensor_16,sensor_17,sensor_2,sensor_20,sensor_20_shuffled_1,sensor_21,sensor_21_shuffled_2,sensor_3,sensor_4,sensor_4_shuffled_1,sensor_6,sensor_7,sensor_8_shuffled_1,sensor_9"
nasa_un_dirty,regression,141.51857686042786,40.25162930560598,29.459633501100544,0.6597618725787893,3.9886137024519073,2.873380802666805,22,"class,sensor_1,sensor_10,sensor_11,sensor_12,sensor_14,sensor_15,sensor_15_shuffled_1,sensor_15_shuffled_2,sensor_16,sensor_17,sensor_2,sensor_20,sensor_20_shuffled_1,sensor_21,sensor_21_shuffled_2,sensor_3,sensor_4,sensor_4_shuffled_1,sensor_6,sensor_7,sensor_8_shuffled_1,sensor_9"
nasa_un_dirty,regression,141.51857686042786,40.24359065954074,29.46036686555025,0.6598977568062276,4.016017227403452,2.8685193049254494,23,"class,sensor_1,sensor_10,sensor_11,sensor_12,sensor_14,sensor_14_shuffled_1,sensor_15,sensor_15_shuffled_1,sensor_15_shuffled_2,sensor_16,sensor_17,sensor_2,sensor_20,sensor_20_shuffled_1,sensor_21,sensor_21_shuffled_2,sensor_3,sensor_4,sensor_4_shuffled_1,sensor_6,sensor_7,sensor_8_shuffled_1,sensor_9"
nasa_un_dirty,regression,141.51857686042786,40.242958869684784,29.46914462729289,0.659908435349422,4.344354714128663,3.1330164811740993,24,"class,sensor_1,sensor_10,sensor_11,sensor_12,sensor_14,sensor_14_shuffled_1,sensor_15,sensor_15_shuffled_1,sensor_15_shuffled_2,sensor_16,sensor_17,sensor_2,sensor_20,sensor_20_shuffled_1,sensor_20_shuffled_2,sensor_21,sensor_21_shuffled_2,sensor_3,sensor_4,sensor_4_shuffled_1,sensor_6,sensor_7,sensor_8_shuffled_1,sensor_9"
nasa_un_dirty,regression,141.51857686042786,40.28930337496166,29.5260560604523,0.6591246733550153,2.132313785503797,1.4707098340392477,25,"class,sensor_1,sensor_10,sensor_11,sensor_12,sensor_12_shuffled_2,sensor_14,sensor_14_shuffled_1,sensor_15,sensor_15_shuffled_1,sensor_15_shuffled_2,sensor_16,sensor_17,sensor_2,sensor_20,sensor_20_shuffled_1,sensor_20_shuffled_2,sensor_21,sensor_21_shuffled_2,sensor_3,sensor_4,sensor_4_shuffled_1,sensor_6,sensor_7,sensor_8_shuffled_1,sensor_9"
nasa_un_dirty,regression,141.51857686042786,40.26269122929492,29.49012073618725,0.6595748388892927,3.2808625150253192,2.3332730138983777,26,"class,sensor_1,sensor_10,sensor_11,sensor_12,sensor_12_shuffled_2,sensor_14,sensor_14_shuffled_1,sensor_15,sensor_15_shuffled_1,sensor_15_shuffled_2,sensor_16,sensor_17,sensor_2,sensor_20,sensor_20_shuffled_1,sensor_20_shuffled_2,sensor_21,sensor_21_shuffled_2,sensor_3,sensor_4,sensor_4_shuffled_1,sensor_6,sensor_7,sensor_8_shuffled_1,sensor_9,sensor_9_shuffled_1"
nasa_un_dirty,regression,141.51857686042786,40.25389237173671,29.470888551175943,0.6597236131075006,3.5262407574004797,2.489649106527736,27,"class,sensor_1,sensor_10,sensor_11,sensor_12,sensor_12_shuffled_2,sensor_14,sensor_14_shuffled_1,sensor_15,sensor_15_shuffled_1,sensor_15_shuffled_2,sensor_16,sensor_17,sensor_17_shuffled_1,sensor_2,sensor_20,sensor_20_shuffled_1,sensor_20_shuffled_2,sensor_21,sensor_21_shuffled_2,sensor_3,sensor_4,sensor_4_shuffled_1,sensor_6,sensor_7,sensor_8_shuffled_1,sensor_9,sensor_9_shuffled_1"
nasa_un_dirty,regression,141.51857686042786,40.24249917637624,29.45864429267753,0.6599162050029481,4.142207963822791,2.9599570807867153,28,"class,sensor_1,sensor_10,sensor_11,sensor_12,sensor_12_shuffled_2,sensor_14,sensor_14_shuffled_1,sensor_14_shuffled_2,sensor_15,sensor_15_shuffled_1,sensor_15_shuffled_2,sensor_16,sensor_17,sensor_17_shuffled_1,sensor_2,sensor_20,sensor_20_shuffled_1,sensor_20_shuffled_2,sensor_21,sensor_21_shuffled_2,sensor_3,sensor_4,sensor_4_shuffled_1,sensor_6,sensor_7,sensor_8_shuffled_1,sensor_9,sensor_9_shuffled_1"
nasa_un_dirty,regression,141.51857686042786,40.25569821488835,29.505912927375256,0.6596930819200773,3.5392153181690773,2.5448818847808248,29,"class,sensor_1,sensor_10,sensor_11,sensor_12,sensor_12_shuffled_1,sensor_12_shuffled_2,sensor_14,sensor_14_shuffled_1,sensor_14_shuffled_2,sensor_15,sensor_15_shuffled_1,sensor_15_shuffled_2,sensor_16,sensor_17,sensor_17_shuffled_1,sensor_2,sensor_20,sensor_20_shuffled_1,sensor_20_shuffled_2,sensor_21,sensor_21_shuffled_2,sensor_3,sensor_4,sensor_4_shuffled_1,sensor_6,sensor_7,sensor_8_shuffled_1,sensor_9,sensor_9_shuffled_1"
nasa_un_dirty,regression,141.51857686042786,40.10360645317218,29.338547225207584,0.6622596802734464,4.071793051374868,2.7406425246892354,30,"class,sensor_1,sensor_10,sensor_11,sensor_12,sensor_12_shuffled_1,sensor_12_shuffled_2,sensor_13,sensor_14,sensor_14_shuffled_1,sensor_14_shuffled_2,sensor_15,sensor_15_shuffled_1,sensor_15_shuffled_2,sensor_16,sensor_17,sensor_17_shuffled_1,sensor_2,sensor_20,sensor_20_shuffled_1,sensor_20_shuffled_2,sensor_21,sensor_21_shuffled_2,sensor_3,sensor_4,sensor_4_shuffled_1,sensor_6,sensor_7,sensor_8_shuffled_1,sensor_9,sensor_9_shuffled_1"
nasa_un_dirty,regression,141.51857686042786,40.11154209712214,29.341022192946724,0.662126003911756,4.6668122745157135,3.190489434015344,31,"class,noise_categorical_1,sensor_1,sensor_10,sensor_11,sensor_12,sensor_12_shuffled_1,sensor_12_shuffled_2,sensor_13,sensor_14,sensor_14_shuffled_1,sensor_14_shuffled_2,sensor_15,sensor_15_shuffled_1,sensor_15_shuffled_2,sensor_16,sensor_17,sensor_17_shuffled_1,sensor_2,sensor_20,sensor_20_shuffled_1,sensor_20_shuffled_2,sensor_21,sensor_21_shuffled_2,sensor_3,sensor_4,sensor_4_shuffled_1,sensor_6,sensor_7,sensor_8_shuffled_1,sensor_9,sensor_9_shuffled_1"
nasa_un_dirty,regression,141.51857686042786,40.11791440015443,29.3582585325192,0.6620186429678598,3.7755876764039655,2.661463435824963,32,"class,noise_categorical_1,sensor_1,sensor_10,sensor_11,sensor_12,sensor_12_shuffled_1,sensor_12_shuffled_2,sensor_13,sensor_14,sensor_14_shuffled_1,sensor_14_shuffled_2,sensor_15,sensor_15_shuffled_1,sensor_15_shuffled_2,sensor_16,sensor_17,sensor_17_shuffled_1,sensor_2,sensor_20,sensor_20_shuffled_1,sensor_20_shuffled_2,sensor_21,sensor_21_shuffled_2,sensor_3,sensor_4,sensor_4_shuffled_1,sensor_6,sensor_7,sensor_8_shuffled_1,sensor_9,sensor_9_shuffled_1,sensor_9_shuffled_2"
nasa_un_dirty,regression,141.51857686042786,40.084152414121796,29.2956524361144,0.662587272742758,6.074806835326527,4.312986799187382,33,"class,noise_categorical_1,sensor_1,sensor_10,sensor_10_shuffled_1,sensor_11,sensor_12,sensor_12_shuffled_1,sensor_12_shuffled_2,sensor_13,sensor_14,sensor_14_shuffled_1,sensor_14_shuffled_2,sensor_15,sensor_15_shuffled_1,sensor_15_shuffled_2,sensor_16,sensor_17,sensor_17_shuffled_1,sensor_2,sensor_20,sensor_20_shuffled_1,sensor_20_shuffled_2,sensor_21,sensor_21_shuffled_2,sensor_3,sensor_4,sensor_4_shuffled_1,sensor_6,sensor_7,sensor_8_shuffled_1,sensor_9,sensor_9_shuffled_1,sensor_9_shuffled_2"
nasa_un_dirty,regression,141.51857686042786,40.12145660366206,29.338797256364817,0.6619589563356154,5.374629829819014,3.795559143545809,34,"class,noise_categorical_1,sensor_1,sensor_10,sensor_10_shuffled_1,sensor_11,sensor_12,sensor_12_shuffled_1,sensor_12_shuffled_2,sensor_13,sensor_14,sensor_14_shuffled_1,sensor_14_shuffled_2,sensor_15,sensor_15_shuffled_1,sensor_15_shuffled_2,sensor_16,sensor_17,sensor_17_shuffled_1,sensor_2,sensor_20,sensor_20_shuffled_1,sensor_20_shuffled_2,sensor_21,sensor_21_shuffled_2,sensor_3,sensor_4,sensor_4_shuffled_1,sensor_4_shuffled_2,sensor_6,sensor_7,sensor_8_shuffled_1,sensor_9,sensor_9_shuffled_1,sensor_9_shuffled_2"
nasa_un_dirty,regression,141.51857686042786,40.08408633354039,29.33406677858203,0.6625883852228514,3.4708584055605556,2.4318018974684,35,"class,noise_categorical_1,sensor_1,sensor_10,sensor_10_shuffled_1,sensor_11,sensor_12,sensor_12_shuffled_1,sensor_12_shuffled_2,sensor_13,sensor_14,sensor_14_shuffled_1,sensor_14_shuffled_2,sensor_15,sensor_15_shuffled_1,sensor_15_shuffled_2,sensor_16,sensor_17,sensor_17_shuffled_1,sensor_2,sensor_20,sensor_20_shuffled_1,sensor_20_shuffled_2,sensor_21,sensor_21_shuffled_2,sensor_3,sensor_4,sensor_4_shuffled_1,sensor_4_shuffled_2,sensor_6,sensor_7,sensor_8,sensor_8_shuffled_1,sensor_9,sensor_9_shuffled_1,sensor_9_shuffled_2"
nasa_un_dirty,regression,141.51857686042786,40.0627731681583,29.293901655846113,0.6629471010302743,4.675628844252699,3.2431824908956592,36,"class,noise_categorical_1,sensor_1,sensor_10,sensor_10_shuffled_1,sensor_11,sensor_11_shuffled_1,sensor_12,sensor_12_shuffled_1,sensor_12_shuffled_2,sensor_13,sensor_14,sensor_14_shuffled_1,sensor_14_shuffled_2,sensor_15,sensor_15_shuffled_1,sensor_15_shuffled_2,sensor_16,sensor_17,sensor_17_shuffled_1,sensor_2,sensor_20,sensor_20_shuffled_1,sensor_20_shuffled_2,sensor_21,sensor_21_shuffled_2,sensor_3,sensor_4,sensor_4_shuffled_1,sensor_4_shuffled_2,sensor_6,sensor_7,sensor_8,sensor_8_shuffled_1,sensor_9,sensor_9_shuffled_1,sensor_9_shuffled_2"
nasa_un_dirty,regression,141.51857686042786,40.070522230009196,29.331054378859456,0.6628167008532568,3.8884214481760253,2.7176407418321133,37,"class,noise_categorical_1,sensor_1,sensor_10,sensor_10_shuffled_1,sensor_11,sensor_11_shuffled_1,sensor_12,sensor_12_shuffled_1,sensor_12_shuffled_2,sensor_13,sensor_14,sensor_14_shuffled_1,sensor_14_shuffled_2,sensor_15,sensor_15_shuffled_1,sensor_15_shuffled_2,sensor_16,sensor_17,sensor_17_shuffled_1,sensor_17_shuffled_2,sensor_2,sensor_20,sensor_20_shuffled_1,sensor_20_shuffled_2,sensor_21,sensor_21_shuffled_2,sensor_3,sensor_4,sensor_4_shuffled_1,sensor_4_shuffled_2,sensor_6,sensor_7,sensor_8,sensor_8_shuffled_1,sensor_9,sensor_9_shuffled_1,sensor_9_shuffled_2"
nasa_un_dirty,regression,141.51857686042786,40.11698437421998,29.362948940659813,0.6620343131635136,4.572244797887251,3.2294338497635025,38,"class,noise_categorical_1,sensor_1,sensor_10,sensor_10_shuffled_1,sensor_11,sensor_11_shuffled_1,sensor_12,sensor_12_shuffled_1,sensor_12_shuffled_2,sensor_13,sensor_14,sensor_14_shuffled_1,sensor_14_shuffled_2,sensor_15,sensor_15_shuffled_1,sensor_15_shuffled_2,sensor_16,sensor_17,sensor_17_shuffled_1,sensor_17_shuffled_2,sensor_2,sensor_20,sensor_20_shuffled_1,sensor_20_shuffled_2,sensor_21,sensor_21_shuffled_2,sensor_3,sensor_4,sensor_4_shuffled_1,sensor_4_shuffled_2,sensor_6,sensor_7,sensor_7_shuffled_2,sensor_8,sensor_8_shuffled_1,sensor_9,sensor_9_shuffled_1,sensor_9_shuffled_2"
nasa_un_dirty,regression,141.51857686042786,40.06833995827865,29.314693984427922,0.6628534263813497,4.67505795557944,3.2953098368768536,39,"class,noise_categorical_1,sensor_1,sensor_10,sensor_10_shuffled_1,sensor_11,sensor_11_shuffled_1,sensor_12,sensor_12_shuffled_1,sensor_12_shuffled_2,sensor_13,sensor_14,sensor_14_shuffled_1,sensor_14_shuffled_2,sensor_15,sensor_15_shuffled_1,sensor_15_shuffled_2,sensor_16,sensor_17,sensor_17_shuffled_1,sensor_17_shuffled_2,sensor_2,sensor_20,sensor_20_shuffled_1,sensor_20_shuffled_2,sensor_21,sensor_21_shuffled_2,sensor_3,sensor_4,sensor_4_shuffled_1,sensor_4_shuffled_2,sensor_6,sensor_7,sensor_7_shuffled_2,sensor_8,sensor_8_shuffled_1,sensor_8_shuffled_2,sensor_9,sensor_9_shuffled_1,sensor_9_shuffled_2"
nasa_un_dirty,regression,141.51857686042786,40.075895764883455,29.32813758763788,0.662726260918685,5.789920065119517,4.099686918544226,40,"class,noise_categorical_1,noise_numeric_2,sensor_1,sensor_10,sensor_10_shuffled_1,sensor_11,sensor_11_shuffled_1,sensor_12,sensor_12_shuffled_1,sensor_12_shuffled_2,sensor_13,sensor_14,sensor_14_shuffled_1,sensor_14_shuffled_2,sensor_15,sensor_15_shuffled_1,sensor_15_shuffled_2,sensor_16,sensor_17,sensor_17_shuffled_1,sensor_17_shuffled_2,sensor_2,sensor_20,sensor_20_shuffled_1,sensor_20_shuffled_2,sensor_21,sensor_21_shuffled_2,sensor_3,sensor_4,sensor_4_shuffled_1,sensor_4_shuffled_2,sensor_6,sensor_7,sensor_7_shuffled_2,sensor_8,sensor_8_shuffled_1,sensor_8_shuffled_2,sensor_9,sensor_9_shuffled_1,sensor_9_shuffled_2"
nasa_un_clean,regression,41.67966842651367,48.8166899188963,37.41960306543506,0.4995592031728332,-0.00665981229855106,-0.19453694476563044,1,"class,sensor_11"
nasa_un_clean,regression,41.67966842651367,46.800118436225326,35.65050921434673,0.5400507077935368,1.4414399326293008,1.1439531601902573,2,"class,sensor_11,sensor_4"
nasa_un_clean,regression,41.67966842651367,42.648861841747504,31.678034776646502,0.6180285158486123,1.3231422903252934,1.1791162969223272,3,"class,sensor_11,sensor_4,sensor_9"
nasa_un_clean,regression,41.67966842651367,41.7684177702256,30.825719001466076,0.633636584865129,1.5457707015484417,1.2188965004833996,4,"class,sensor_11,sensor_15,sensor_4,sensor_9"
nasa_un_clean,regression,41.67966842651367,41.50068947497514,30.552436463132448,0.6383181840812682,1.8211782178528964,1.3683165826506816,5,"class,sensor_11,sensor_14,sensor_15,sensor_4,sensor_9"
nasa_un_clean,regression,41.67966842651367,41.122040379440115,30.267527991347663,0.6448879896107267,1.9424275128964439,1.5006342945003013,6,"class,sensor_11,sensor_14,sensor_15,sensor_2,sensor_4,sensor_9"
nasa_un_clean,regression,41.67966842651367,40.88255310765701,30.003974003950944,0.6490121606408088,1.8416290435713734,1.3537624427074917,7,"class,sensor_11,sensor_14,sensor_15,sensor_2,sensor_3,sensor_4,sensor_9"
nasa_un_clean,regression,41.67966842651367,40.75201180556168,29.910498613848606,0.6512500472279508,1.1856291075125824,0.8381206620214208,8,"class,sensor_11,sensor_12,sensor_14,sensor_15,sensor_2,sensor_3,sensor_4,sensor_9"
nasa_un_clean,regression,41.67966842651367,40.63644782279732,29.80718730551025,0.6532252031283168,3.157030227908187,2.3257592744921993,9,"class,sensor_11,sensor_12,sensor_14,sensor_15,sensor_2,sensor_21,sensor_3,sensor_4,sensor_9"
nasa_un_clean,regression,41.67966842651367,40.34454592299047,29.544585828877864,0.6581892522910807,2.9323244910067814,2.158402800940639,10,"class,sensor_11,sensor_12,sensor_14,sensor_15,sensor_17,sensor_2,sensor_21,sensor_3,sensor_4,sensor_9"
nasa_un_clean,regression,41.67966842651367,40.2735980956216,29.519163761274946,0.6593903765733654,2.5046348342354037,1.846507999985878,11,"class,sensor_11,sensor_12,sensor_14,sensor_15,sensor_17,sensor_2,sensor_21,sensor_3,sensor_4,sensor_7,sensor_9"
nasa_un_clean,regression,41.67966842651367,40.28316061317728,29.53402296467668,0.6592286094436808,2.5796179275172264,1.908755542768489,12,"class,sensor_11,sensor_12,sensor_14,sensor_15,sensor_17,sensor_2,sensor_20,sensor_21,sensor_3,sensor_4,sensor_7,sensor_9"
nasa_un_clean,regression,41.67966842651367,40.23082477401326,29.47010744733976,0.6601134939015079,3.7789242080537733,2.7678182927814845,13,"class,sensor_11,sensor_12,sensor_14,sensor_15,sensor_17,sensor_2,sensor_20,sensor_21,sensor_3,sensor_4,sensor_6,sensor_7,sensor_9"
nasa_un_clean,regression,41.67966842651367,40.22014742036569,29.47226852482957,0.6602938832851117,3.4308561819642662,2.549864783427381,14,"class,sensor_10,sensor_11,sensor_12,sensor_14,sensor_15,sensor_17,sensor_2,sensor_20,sensor_21,sensor_3,sensor_4,sensor_6,sensor_7,sensor_9"
nasa_un_clean,regression,41.67966842651367,40.143070556957476,29.404529246931183,0.6615946439713165,1.9011612118876116,1.3619060528175488,15,"class,sensor_10,sensor_11,sensor_12,sensor_14,sensor_15,sensor_17,sensor_2,sensor_20,sensor_21,sensor_3,sensor_4,sensor_6,sensor_7,sensor_8,sensor_9"
nasa_un_clean,regression,41.67966842651367,40.10904998710041,29.355836682091386,0.6621679864918613,4.037033473833425,2.957457073488044,16,"class,sensor_1,sensor_10,sensor_11,sensor_12,sensor_14,sensor_15,sensor_17,sensor_2,sensor_20,sensor_21,sensor_3,sensor_4,sensor_6,sensor_7,sensor_8,sensor_9"
nasa_un_clean,regression,41.67966842651367,40.034044023038994,29.292333186113677,0.6634303311683726,2.957551977485636,2.136103862306012,17,"class,sensor_1,sensor_10,sensor_11,sensor_12,sensor_14,sensor_15,sensor_16,sensor_17,sensor_2,sensor_20,sensor_21,sensor_3,sensor_4,sensor_6,sensor_7,sensor_8,sensor_9"
nasa_un_clean,regression,41.67966842651367,39.928422445753036,29.149699579262894,0.665203927904511,2.8802175572583053,1.9950774321304863,18,"class,sensor_1,sensor_10,sensor_11,sensor_12,sensor_13,sensor_14,sensor_15,sensor_16,sensor_17,sensor_2,sensor_20,sensor_21,sensor_3,sensor_4,sensor_6,sensor_7,sensor_8,sensor_9"
nasa_un_clean,regression,41.67966842651367,39.923978144229395,29.174070173969415,0.6652784538583867,3.886068647789479,2.7934452509178413,19,"class,sensor_1,sensor_10,sensor_11,sensor_12,sensor_13,sensor_14,sensor_15,sensor_16,sensor_17,sensor_2,sensor_20,sensor_21,sensor_3,sensor_4,sensor_5,sensor_6,sensor_7,sensor_8,sensor_9"
nasa_mn_dirty,regression,188.56736063957214,48.8166899188963,37.41960306543506,0.4995592031728332,-0.00665981229855106,-0.19453694476563044,1,"class,sensor_11"
nasa_mn_dirty,regression,188.56736063957214,46.800118436225326,35.65050921434673,0.5400507077935368,1.4414399326293008,1.1439531601902573,2,"class,sensor_11,sensor_4"
nasa_mn_dirty,regression,188.56736063957214,42.648861841747504,31.678034776646502,0.6180285158486123,1.3231422903252934,1.1791162969223272,3,"class,sensor_11,sensor_4,sensor_9"
nasa_mn_dirty,regression,188.56736063957214,41.7684177702256,30.825719001466076,0.633636584865129,1.5457707015484417,1.2188965004833996,4,"class,sensor_11,sensor_15,sensor_4,sensor_9"
nasa_mn_dirty,regression,188.56736063957214,41.48154516254001,30.64737929180524,0.6386517955327792,0.6050429094590655,0.543851517459423,5,"class,sensor_11,sensor_15,sensor_2,sensor_4,sensor_9"
nasa_mn_dirty,regression,188.56736063957214,41.22096988850592,30.37511022507054,0.6431773101373754,0.5216526282720579,0.4303057754940305,6,"class,sensor_11,sensor_15,sensor_2,sensor_3,sensor_4,sensor_9"
nasa_mn_dirty,regression,188.56736063957214,40.9168972826517,30.074164792077976,0.6484222047736034,1.8046924270839995,1.388953098280215,7,"class,sensor_11,sensor_15,sensor_17,sensor_2,sensor_3,sensor_4,sensor_9"
nasa_mn_dirty,regression,188.56736063957214,40.647214544293384,29.821229888119763,0.6530414212046247,3.2783441136024294,2.471942755092943,8,"class,sensor_11,sensor_14,sensor_15,sensor_17,sensor_2,sensor_3,sensor_4,sensor_9"
nasa_mn_dirty,regression,188.56736063957214,40.45458789654643,29.653431864564375,0.6563220940476873,3.3075824550032564,2.4536448336648817,9,"class,sensor_11,sensor_12,sensor_14,sensor_15,sensor_17,sensor_2,sensor_3,sensor_4,sensor_9"
nasa_mn_dirty,regression,188.56736063957214,40.330447705651835,29.53773960160929,0.6584280989616518,2.9265756864920647,2.1583261850639097,10,"class,sensor_11,sensor_12,sensor_14,sensor_15,sensor_17,sensor_2,sensor_21,sensor_3,sensor_4,sensor_9"
nasa_mn_dirty,regression,188.56736063957214,40.30294668281268,29.52806181932953,0.6588937706554688,1.8699095151155447,1.3661153727788218,11,"class,sensor_11,sensor_12,sensor_14,sensor_15,sensor_17,sensor_2,sensor_21,sensor_3,sensor_4,sensor_7,sensor_9"
nasa_mn_dirty,regression,188.56736063957214,40.284823398156384,29.53800676692965,0.6592004765347728,3.6927898037323033,2.7578246056853004,12,"class,sensor_11,sensor_12,sensor_14,sensor_15,sensor_17,sensor_2,sensor_20,sensor_21,sensor_3,sensor_4,sensor_7,sensor_9"
nasa_mn_dirty,regression,188.56736063957214,40.285905084543046,29.546526502946048,0.6591821746968516,2.464463203968073,1.8039222448213366,13,"class,sensor_11,sensor_12,sensor_14,sensor_15,sensor_17,sensor_2,sensor_20,sensor_21,sensor_3,sensor_4,sensor_4_shuffled_1,sensor_7,sensor_9"
nasa_mn_dirty,regression,188.56736063957214,40.23951014279223,29.53425602747601,0.6599667229456241,1.7554376376290861,1.287558064397313,14,"class,sensor_11,sensor_12,sensor_14,sensor_15,sensor_17,sensor_2,sensor_20,sensor_21,sensor_21_shuffled_2,sensor_3,sensor_4,sensor_4_shuffled_1,sensor_7,sensor_9"
nasa_mn_dirty,regression,188.56736063957214,40.26867862426742,29.54070333585805,0.6594735832906747,2.154298164964402,1.5184017465896638,15,"class,sensor_11,sensor_12,sensor_14,sensor_15,sensor_15_shuffled_1,sensor_17,sensor_2,sensor_20,sensor_21,sensor_21_shuffled_2,sensor_3,sensor_4,sensor_4_shuffled_1,sensor_7,sensor_9"
nasa_mn_dirty,regression,188.56736063957214,40.31022828980916,29.58437549007427,0.6587705029499006,2.524649305358018,1.8651804051252086,16,"class,sensor_11,sensor_12,sensor_14,sensor_15,sensor_15_shuffled_1,sensor_17,sensor_2,sensor_20,sensor_21,sensor_21_shuffled_2,sensor_3,sensor_4,sensor_4_shuffled_1,sensor_7,sensor_8_shuffled_1,sensor_9"
nasa_mn_dirty,regression,188.56736063957214,40.282426607204016,29.582541539226675,0.659241027831591,3.675996501442512,2.530517838172102,17,"class,sensor_11,sensor_12,sensor_14,sensor_15,sensor_15_shuffled_1,sensor_17,sensor_2,sensor_20,sensor_21,sensor_21_shuffled_2,sensor_3,sensor_4,sensor_4_shuffled_1,sensor_6,sensor_7,sensor_8_shuffled_1,sensor_9"
nasa_mn_dirty,regression,188.56736063957214,40.25446566766434,29.498405148306837,0.6597139206060038,2.828417754390223,2.0455054530669834,18,"class,sensor_10,sensor_11,sensor_12,sensor_14,sensor_15,sensor_15_shuffled_1,sensor_17,sensor_2,sensor_20,sensor_21,sensor_21_shuffled_2,sensor_3,sensor_4,sensor_4_shuffled_1,sensor_6,sensor_7,sensor_8_shuffled_1,sensor_9"
nasa_mn_dirty,regression,188.56736063957214,40.30978445340607,29.530200799078543,0.6587780171340296,3.637395653085761,2.6440288513542747,19,"class,sensor_10,sensor_11,sensor_12,sensor_14,sensor_15,sensor_15_shuffled_1,sensor_17,sensor_2,sensor_20,sensor_21,sensor_21_shuffled_2,sensor_3,sensor_4,sensor_4_shuffled_1,sensor_6,sensor_7,sensor_8_shuffled_1,sensor_9,spurious_num_8"
nasa_mn_dirty,regression,188.56736063957214,40.21474604279427,29.43329345516983,0.6603851190417864,3.3608104798767613,2.409512775639058,20,"class,sensor_10,sensor_11,sensor_12,sensor_14,sensor_15,sensor_15_shuffled_1,sensor_16,sensor_17,sensor_2,sensor_20,sensor_21,sensor_21_shuffled_2,sensor_3,sensor_4,sensor_4_shuffled_1,sensor_6,sensor_7,sensor_8_shuffled_1,sensor_9,spurious_num_8"
nasa_mn_dirty,regression,188.56736063957214,40.1882884604482,29.420135120507524,0.6608318423851153,3.814349110267891,2.7508480046930863,21,"class,sensor_10,sensor_11,sensor_12,sensor_14,sensor_15,sensor_15_shuffled_1,sensor_15_shuffled_2,sensor_16,sensor_17,sensor_2,sensor_20,sensor_21,sensor_21_shuffled_2,sensor_3,sensor_4,sensor_4_shuffled_1,sensor_6,sensor_7,sensor_8_shuffled_1,sensor_9,spurious_num_8"
nasa_mn_dirty,regression,188.56736063957214,40.22131097992785,29.45762722542873,0.6602742277620324,3.509191299615445,2.4692968766183796,22,"class,sensor_10,sensor_11,sensor_12,sensor_14,sensor_15,sensor_15_shuffled_1,sensor_15_shuffled_2,sensor_16,sensor_17,sensor_2,sensor_20,sensor_20_shuffled_1,sensor_21,sensor_21_shuffled_2,sensor_3,sensor_4,sensor_4_shuffled_1,sensor_6,sensor_7,sensor_8_shuffled_1,sensor_9,spurious_num_8"
nasa_mn_dirty,regression,188.56736063957214,40.24912597354876,29.506793149360796,0.6598041914881483,2.777195249247299,2.006304964505496,23,"class,sensor_1,sensor_10,sensor_11,sensor_12,sensor_14,sensor_15,sensor_15_shuffled_1,sensor_15_shuffled_2,sensor_16,sensor_17,sensor_2,sensor_20,sensor_20_shuffled_1,sensor_21,sensor_21_shuffled_2,sensor_3,sensor_4,sensor_4_shuffled_1,sensor_6,sensor_7,sensor_8_shuffled_1,sensor_9,spurious_num_8"
nasa_mn_dirty,regression,188.56736063957214,40.200830508255834,29.458234879991384,0.6606201126903195,3.8723958016592874,2.8113941964249882,24,"class,sensor_1,sensor_10,sensor_11,sensor_12,sensor_14,sensor_15,sensor_15_shuffled_1,sensor_15_shuffled_2,sensor_16,sensor_17,sensor_17_shuffled_1,sensor_2,sensor_20,sensor_20_shuffled_1,sensor_21,sensor_21_shuffled_2,sensor_3,sensor_4,sensor_4_shuffled_1,sensor_6,sensor_7,sensor_8_shuffled_1,sensor_9,spurious_num_8"
nasa_mn_dirty,regression,188.56736063957214,40.20869590534235,29.419471971671186,0.6604872985829245,5.720314655685925,4.123311053396208,25,"class,sensor_1,sensor_10,sensor_11,sensor_12,sensor_14,sensor_15,sensor_15_shuffled_1,sensor_15_shuffled_2,sensor_16,sensor_17,sensor_17_shuffled_1,sensor_2,sensor_20,sensor_20_shuffled_1,sensor_20_shuffled_2,sensor_21,sensor_21_shuffled_2,sensor_3,sensor_4,sensor_4_shuffled_1,sensor_6,sensor_7,sensor_8_shuffled_1,sensor_9,spurious_num_8"
nasa_mn_dirty,regression,188.56736063957214,40.21909804359222,29.46232465390791,0.6603116094786305,3.5485486607482457,2.572072637396399,26,"class,sensor_1,sensor_10,sensor_10_shuffled_1,sensor_11,sensor_12,sensor_14,sensor_15,sensor_15_shuffled_1,sensor_15_shuffled_2,sensor_16,sensor_17,sensor_17_shuffled_1,sensor_2,sensor_20,sensor_20_shuffled_1,sensor_20_shuffled_2,sensor_21,sensor_21_shuffled_2,sensor_3,sensor_4,sensor_4_shuffled_1,sensor_6,sensor_7,sensor_8_shuffled_1,sensor_9,spurious_num_8"
nasa_mn_dirty,regression,188.56736063957214,40.20799899893338,29.469690893932476,0.660499067506126,3.880840351919609,2.7922891328583184,27,"class,sensor_1,sensor_10,sensor_10_shuffled_1,sensor_11,sensor_12,sensor_14,sensor_14_shuffled_1,sensor_15,sensor_15_shuffled_1,sensor_15_shuffled_2,sensor_16,sensor_17,sensor_17_shuffled_1,sensor_2,sensor_20,sensor_20_shuffled_1,sensor_20_shuffled_2,sensor_21,sensor_21_shuffled_2,sensor_3,sensor_4,sensor_4_shuffled_1,sensor_6,sensor_7,sensor_8_shuffled_1,sensor_9,spurious_num_8"
nasa_mn_dirty,regression,188.56736063957214,40.20786616029568,29.44820934664523,0.6605013107795041,5.249664326471432,3.7726742014156436,28,"class,sensor_1,sensor_10,sensor_10_shuffled_1,sensor_11,sensor_12,sensor_14,sensor_14_shuffled_1,sensor_15,sensor_15_shuffled_1,sensor_15_shuffled_2,sensor_16,sensor_17,sensor_17_shuffled_1,sensor_2,sensor_20,sensor_20_shuffled_1,sensor_20_shuffled_2,sensor_21,sensor_21_shuffled_2,sensor_3,sensor_4,sensor_4_shuffled_1,sensor_6,sensor_7,sensor_8_shuffled_1,sensor_9,spurious_cat_8,spurious_num_8"
nasa_mn_dirty,regression,188.56736063957214,40.23184899738037,29.477076502773222,0.6600961875631466,6.017633025144967,4.170485448549478,29,"class,sensor_1,sensor_10,sensor_10_shuffled_1,sensor_11,sensor_12,sensor_12_shuffled_2,sensor_14,sensor_14_shuffled_1,sensor_15,sensor_15_shuffled_1,sensor_15_shuffled_2,sensor_16,sensor_17,sensor_17_shuffled_1,sensor_2,sensor_20,sensor_20_shuffled_1,sensor_20_shuffled_2,sensor_21,sensor_21_shuffled_2,sensor_3,sensor_4,sensor_4_shuffled_1,sensor_6,sensor_7,sensor_8_shuffled_1,sensor_9,spurious_cat_8,spurious_num_8"
nasa_mn_dirty,regression,188.56736063957214,40.245365440001336,29.466864466309207,0.6598677584827308,5.403479878682958,3.8693913867319125,30,"class,sensor_1,sensor_10,sensor_10_shuffled_1,sensor_11,sensor_12,sensor_12_shuffled_2,sensor_14,sensor_14_shuffled_1,sensor_15,sensor_15_shuffled_1,sensor_15_shuffled_2,sensor_16,sensor_17,sensor_17_shuffled_1,sensor_2,sensor_20,sensor_20_shuffled_1,sensor_20_shuffled_2,sensor_21,sensor_21_shuffled_2,sensor_3,sensor_4,sensor_4_shuffled_1,sensor_6,sensor_7,sensor_8_shuffled_1,sensor_9,spurious_cat_8,spurious_num_1,spurious_num_8"
nasa_mn_dirty,regression,188.56736063957214,40.314914485789245,29.56005980222379,0.6586911602463899,3.8974372711501175,2.755713435121155,31,"class,sensor_1,sensor_10,sensor_10_shuffled_1,sensor_11,sensor_12,sensor_12_shuffled_2,sensor_14,sensor_14_shuffled_1,sensor_15,sensor_15_shuffled_1,sensor_15_shuffled_2,sensor_16,sensor_17,sensor_17_shuffled_1,sensor_2,sensor_20,sensor_20_shuffled_1,sensor_20_shuffled_2,sensor_21,sensor_21_shuffled_2,sensor_3,sensor_4,sensor_4_shuffled_1,sensor_6,sensor_7,sensor_8_shuffled_1,sensor_9,sensor_9_shuffled_1,spurious_cat_8,spurious_num_1,spurious_num_8"
nasa_mn_dirty,regression,188.56736063957214,40.3178225667347,29.559801083922917,0.6586419184437191,5.7663388363263905,4.2063587134439935,32,"class,sensor_1,sensor_10,sensor_10_shuffled_1,sensor_11,sensor_12,sensor_12_shuffled_2,sensor_14,sensor_14_shuffled_1,sensor_15,sensor_15_shuffled_1,sensor_15_shuffled_2,sensor_16,sensor_17,sensor_17_shuffled_1,sensor_2,sensor_20,sensor_20_shuffled_1,sensor_20_shuffled_2,sensor_21,sensor_21_shuffled_2,sensor_3,sensor_4,sensor_4_shuffled_1,sensor_6,sensor_7,sensor_8_shuffled_1,sensor_9,sensor_9_shuffled_1,spurious_cat_8,spurious_num_1,spurious_num_3,spurious_num_8"
nasa_mn_dirty,regression,188.56736063957214,40.31950063546874,29.55641660791293,0.6586135025121025,3.1573980730835842,2.253701386707487,33,"class,sensor_1,sensor_10,sensor_10_shuffled_1,sensor_11,sensor_12,sensor_12_shuffled_2,sensor_14,sensor_14_shuffled_1,sensor_15,sensor_15_shuffled_1,sensor_15_shuffled_2,sensor_16,sensor_17,sensor_17_shuffled_1,sensor_2,sensor_20,sensor_20_shuffled_1,sensor_20_shuffled_2,sensor_21,sensor_21_shuffled_2,sensor_3,sensor_4,sensor_4_shuffled_1,sensor_6,sensor_7,sensor_8_shuffled_1,sensor_9,sensor_9_shuffled_1,spurious_cat_2,spurious_cat_8,spurious_num_1,spurious_num_3,spurious_num_8"
nasa_mn_dirty,regression,188.56736063957214,40.16808203964812,29.35969630676526,0.6611728199116658,7.336940607749597,4.992824551297819,34,"class,sensor_1,sensor_10,sensor_10_shuffled_1,sensor_11,sensor_12,sensor_12_shuffled_2,sensor_13,sensor_14,sensor_14_shuffled_1,sensor_15,sensor_15_shuffled_1,sensor_15_shuffled_2,sensor_16,sensor_17,sensor_17_shuffled_1,sensor_2,sensor_20,sensor_20_shuffled_1,sensor_20_shuffled_2,sensor_21,sensor_21_shuffled_2,sensor_3,sensor_4,sensor_4_shuffled_1,sensor_6,sensor_7,sensor_8_shuffled_1,sensor_9,sensor_9_shuffled_1,spurious_cat_2,spurious_cat_8,spurious_num_1,spurious_num_3,spurious_num_8"
nasa_mn_dirty,regression,188.56736063957214,40.09246410985414,29.309840173201145,0.6624473290234314,6.3486463722858915,4.269010448002934,35,"class,sensor_1,sensor_10,sensor_10_shuffled_1,sensor_11,sensor_12,sensor_12_shuffled_2,sensor_13,sensor_14,sensor_14_shuffled_1,sensor_14_shuffled_2,sensor_15,sensor_15_shuffled_1,sensor_15_shuffled_2,sensor_16,sensor_17,sensor_17_shuffled_1,sensor_2,sensor_20,sensor_20_shuffled_1,sensor_20_shuffled_2,sensor_21,sensor_21_shuffled_2,sensor_3,sensor_4,sensor_4_shuffled_1,sensor_6,sensor_7,sensor_8_shuffled_1,sensor_9,sensor_9_shuffled_1,spurious_cat_2,spurious_cat_8,spurious_num_1,spurious_num_3,spurious_num_8"
nasa_mn_dirty,regression,188.56736063957214,40.16488923767761,29.4146813821398,0.6612266818358102,4.2322507235119105,2.914056128640503,36,"class,sensor_1,sensor_10,sensor_10_shuffled_1,sensor_11,sensor_12,sensor_12_shuffled_2,sensor_13,sensor_14,sensor_14_shuffled_1,sensor_14_shuffled_2,sensor_15,sensor_15_shuffled_1,sensor_15_shuffled_2,sensor_16,sensor_17,sensor_17_shuffled_1,sensor_2,sensor_20,sensor_20_shuffled_1,sensor_20_shuffled_2,sensor_21,sensor_21_shuffled_2,sensor_3,sensor_4,sensor_4_shuffled_1,sensor_6,sensor_7,sensor_8_shuffled_1,sensor_9,sensor_9_shuffled_1,spurious_cat_2,spurious_cat_8,spurious_num_1,spurious_num_3,spurious_num_7,spurious_num_8"
nasa_mn_dirty,regression,188.56736063957214,40.12829522434595,29.370231831971985,0.6618437096978242,5.500169283354822,3.6902067011413955,37,"class,sensor_1,sensor_10,sensor_10_shuffled_1,sensor_11,sensor_12,sensor_12_shuffled_2,sensor_13,sensor_14,sensor_14_shuffled_1,sensor_14_shuffled_2,sensor_15,sensor_15_shuffled_1,sensor_15_shuffled_2,sensor_16,sensor_17,sensor_17_shuffled_1,sensor_2,sensor_20,sensor_20_shuffled_1,sensor_20_shuffled_2,sensor_21,sensor_21_shuffled_2,sensor_3,sensor_4,sensor_4_shuffled_1,sensor_6,sensor_7,sensor_8_shuffled_1,sensor_9,sensor_9_shuffled_1,spurious_cat_1,spurious_cat_2,spurious_cat_8,spurious_num_1,spurious_num_3,spurious_num_7,spurious_num_8"
nasa_mn_dirty,regression,188.56736063957214,40.151992171386595,29.349897995541678,0.6614442091611035,6.359517378479488,4.4069210412143285,38,"class,sensor_1,sensor_10,sensor_10_shuffled_1,sensor_11,sensor_12,sensor_12_shuffled_2,sensor_13,sensor_14,sensor_14_shuffled_1,sensor_14_shuffled_2,sensor_15,sensor_15_shuffled_1,sensor_15_shuffled_2,sensor_16,sensor_17,sensor_17_shuffled_1,sensor_2,sensor_20,sensor_20_shuffled_1,sensor_20_shuffled_2,sensor_21,sensor_21_shuffled_2,sensor_3,sensor_4,sensor_4_shuffled_1,sensor_6,sensor_7,sensor_8_shuffled_1,sensor_9,sensor_9_shuffled_1,spurious_cat_1,spurious_cat_2,spurious_cat_8,spurious_num_1,spurious_num_2,spurious_num_3,spurious_num_7,spurious_num_8"
nasa_mn_dirty,regression,188.56736063957214,40.23308918037457,29.42811982632284,0.660075231557615,6.251706645154556,4.428866811270929,39,"class,sensor_1,sensor_10,sensor_10_shuffled_1,sensor_11,sensor_12,sensor_12_shuffled_1,sensor_12_shuffled_2,sensor_13,sensor_14,sensor_14_shuffled_1,sensor_14_shuffled_2,sensor_15,sensor_15_shuffled_1,sensor_15_shuffled_2,sensor_16,sensor_17,sensor_17_shuffled_1,sensor_2,sensor_20,sensor_20_shuffled_1,sensor_20_shuffled_2,sensor_21,sensor_21_shuffled_2,sensor_3,sensor_4,sensor_4_shuffled_1,sensor_6,sensor_7,sensor_8_shuffled_1,sensor_9,sensor_9_shuffled_1,spurious_cat_1,spurious_cat_2,spurious_cat_8,spurious_num_1,spurious_num_2,spurious_num_3,spurious_num_7,spurious_num_8"
nasa_mn_dirty,regression,188.56736063957214,40.120026577912064,29.35852913614622,0.66198305310692,5.466670893024528,3.799689086568698,40,"class,sensor_1,sensor_10,sensor_10_shuffled_1,sensor_11,sensor_12,sensor_12_shuffled_1,sensor_12_shuffled_2,sensor_13,sensor_14,sensor_14_shuffled_1,sensor_14_shuffled_2,sensor_15,sensor_15_shuffled_1,sensor_15_shuffled_2,sensor_16,sensor_17,sensor_17_shuffled_1,sensor_2,sensor_20,sensor_20_shuffled_1,sensor_20_shuffled_2,sensor_21,sensor_21_shuffled_2,sensor_3,sensor_4,sensor_4_shuffled_1,sensor_6,sensor_7,sensor_8_shuffled_1,sensor_9,sensor_9_shuffled_1,spurious_cat_1,spurious_cat_2,spurious_cat_3,spurious_cat_8,spurious_num_1,spurious_num_2,spurious_num_3,spurious_num_7,spurious_num_8"
nasa_mn_clean,regression,42.73453712463379,48.8166899188963,37.41960306543506,0.4995592031728332,-0.00665981229855106,-0.19453694476563044,1,"class,sensor_11"
nasa_mn_clean,regression,42.73453712463379,46.800118436225326,35.65050921434673,0.5400507077935368,1.4414399326293008,1.1439531601902573,2,"class,sensor_11,sensor_4"
nasa_mn_clean,regression,42.73453712463379,42.648861841747504,31.678034776646502,0.6180285158486123,1.3231422903252934,1.1791162969223272,3,"class,sensor_11,sensor_4,sensor_9"
nasa_mn_clean,regression,42.73453712463379,41.7684177702256,30.825719001466076,0.633636584865129,1.5457707015484417,1.2188965004833996,4,"class,sensor_11,sensor_15,sensor_4,sensor_9"
nasa_mn_clean,regression,42.73453712463379,41.50068947497514,30.552436463132448,0.6383181840812682,1.8211782178528964,1.3683165826506816,5,"class,sensor_11,sensor_14,sensor_15,sensor_4,sensor_9"
nasa_mn_clean,regression,42.73453712463379,41.122040379440115,30.267527991347663,0.6448879896107267,1.9424275128964439,1.5006342945003013,6,"class,sensor_11,sensor_14,sensor_15,sensor_2,sensor_4,sensor_9"
nasa_mn_clean,regression,42.73453712463379,40.88255310765701,30.003974003950944,0.6490121606408088,1.8416290435713734,1.3537624427074917,7,"class,sensor_11,sensor_14,sensor_15,sensor_2,sensor_3,sensor_4,sensor_9"
nasa_mn_clean,regression,42.73453712463379,40.75201180556168,29.910498613848606,0.6512500472279508,1.1856291075125824,0.8381206620214208,8,"class,sensor_11,sensor_12,sensor_14,sensor_15,sensor_2,sensor_3,sensor_4,sensor_9"
nasa_mn_clean,regression,42.73453712463379,40.63644782279732,29.80718730551025,0.6532252031283168,3.157030227908187,2.3257592744921993,9,"class,sensor_11,sensor_12,sensor_14,sensor_15,sensor_2,sensor_21,sensor_3,sensor_4,sensor_9"
nasa_mn_clean,regression,42.73453712463379,40.34454592299047,29.544585828877864,0.6581892522910807,2.9323244910067814,2.158402800940639,10,"class,sensor_11,sensor_12,sensor_14,sensor_15,sensor_17,sensor_2,sensor_21,sensor_3,sensor_4,sensor_9"
nasa_mn_clean,regression,42.73453712463379,40.2735980956216,29.519163761274946,0.6593903765733654,2.5046348342354037,1.846507999985878,11,"class,sensor_11,sensor_12,sensor_14,sensor_15,sensor_17,sensor_2,sensor_21,sensor_3,sensor_4,sensor_7,sensor_9"
nasa_mn_clean,regression,42.73453712463379,40.28316061317728,29.53402296467668,0.6592286094436808,2.5796179275172264,1.908755542768489,12,"class,sensor_11,sensor_12,sensor_14,sensor_15,sensor_17,sensor_2,sensor_20,sensor_21,sensor_3,sensor_4,sensor_7,sensor_9"
nasa_mn_clean,regression,42.73453712463379,40.23082477401326,29.47010744733976,0.6601134939015079,3.7789242080537733,2.7678182927814845,13,"class,sensor_11,sensor_12,sensor_14,sensor_15,sensor_17,sensor_2,sensor_20,sensor_21,sensor_3,sensor_4,sensor_6,sensor_7,sensor_9"
nasa_mn_clean,regression,42.73453712463379,40.22014742036569,29.47226852482957,0.6602938832851117,3.4308561819642662,2.549864783427381,14,"class,sensor_10,sensor_11,sensor_12,sensor_14,sensor_15,sensor_17,sensor_2,sensor_20,sensor_21,sensor_3,sensor_4,sensor_6,sensor_7,sensor_9"
nasa_mn_clean,regression,42.73453712463379,40.143070556957476,29.404529246931183,0.6615946439713165,1.9011612118876116,1.3619060528175488,15,"class,sensor_10,sensor_11,sensor_12,sensor_14,sensor_15,sensor_17,sensor_2,sensor_20,sensor_21,sensor_3,sensor_4,sensor_6,sensor_7,sensor_8,sensor_9"
nasa_mn_clean,regression,42.73453712463379,40.10904998710041,29.355836682091386,0.6621679864918613,4.037033473833425,2.957457073488044,16,"class,sensor_1,sensor_10,sensor_11,sensor_12,sensor_14,sensor_15,sensor_17,sensor_2,sensor_20,sensor_21,sensor_3,sensor_4,sensor_6,sensor_7,sensor_8,sensor_9"
nasa_mn_clean,regression,42.73453712463379,40.034044023038994,29.292333186113677,0.6634303311683726,2.957551977485636,2.136103862306012,17,"class,sensor_1,sensor_10,sensor_11,sensor_12,sensor_14,sensor_15,sensor_16,sensor_17,sensor_2,sensor_20,sensor_21,sensor_3,sensor_4,sensor_6,sensor_7,sensor_8,sensor_9"
nasa_mn_clean,regression,42.73453712463379,39.928422445753036,29.149699579262894,0.665203927904511,2.8802175572583053,1.9950774321304863,18,"class,sensor_1,sensor_10,sensor_11,sensor_12,sensor_13,sensor_14,sensor_15,sensor_16,sensor_17,sensor_2,sensor_20,sensor_21,sensor_3,sensor_4,sensor_6,sensor_7,sensor_8,sensor_9"
nasa_mn_clean,regression,42.73453712463379,39.923978144229395,29.174070173969415,0.6652784538583867,3.886068647789479,2.7934452509178413,19,"class,sensor_1,sensor_10,sensor_11,sensor_12,sensor_13,sensor_14,sensor_15,sensor_16,sensor_17,sensor_2,sensor_20,sensor_21,sensor_3,sensor_4,sensor_5,sensor_6,sensor_7,sensor_8,sensor_9"
diamonds,regression,37.6387984752655,1402.8185021591353,807.1654663085938,0.8758554458618164,-16.405317398583293,-2.8712158203125,1,"carat,price"
diamonds,regression,37.6387984752655,982.8698413320046,541.8291625976562,0.9390580058097839,19.19361198938975,8.09161376953125,2,"carat,clarity,price"
diamonds,regression,37.6387984752655,571.2065902543492,299.9596862792969,0.9794169068336487,25.204815989832696,6.390777587890625,3,"carat,clarity,color,price"
diamonds,regression,37.6387984752655,562.9927008851892,292.6133728027344,0.980004608631134,48.060272065640106,15.04571533203125,4,"carat,clarity,color,price,x"
diamonds,regression,37.6387984752655,542.13380497807,277.40057373046875,0.9814587831497192,78.38356912907335,28.108444213867188,5,"carat,clarity,color,price,x,y"
diamonds,regression,37.6387984752655,531.5588807930877,267.8207092285156,0.9821751117706299,122.85316836053556,50.04234313964844,6,"carat,clarity,color,depth,price,x,y"
diamonds,regression,37.6387984752655,520.7139929942348,260.8518371582031,0.982895016670227,136.2404893558176,55.43565368652344,7,"carat,clarity,color,cut,depth,price,x,y"
diamonds,regression,37.6387984752655,529.0826672175152,264.12261962890625,0.9823407530784607,131.85506794349698,53.62109375,8,"carat,clarity,color,cut,depth,price,x,y,z"
diamonds,regression,37.6387984752655,524.925292303581,260.48175048828125,0.982617199420929,138.75628785086735,55.13301086425781,9,"carat,clarity,color,cut,depth,price,table,x,y,z"
diamonds_un_dirty,regression,122.3190062046051,1402.8185021591353,807.1654663085938,0.8758554458618164,-16.405317398583293,-2.8712158203125,1,"carat,price"
diamonds_un_dirty,regression,122.3190062046051,982.8698413320046,541.8291625976562,0.9390580058097839,19.19361198938975,8.09161376953125,2,"carat,clarity,price"
diamonds_un_dirty,regression,122.3190062046051,571.2065902543492,299.9596862792969,0.9794169068336487,25.204815989832696,6.390777587890625,3,"carat,clarity,color,price"
diamonds_un_dirty,regression,122.3190062046051,562.9927008851892,292.6133728027344,0.980004608631134,48.060272065640106,15.04571533203125,4,"carat,clarity,color,price,x"
diamonds_un_dirty,regression,122.3190062046051,539.0993646815028,274.2911682128906,0.9816657900810242,78.40230451072205,27.143844604492188,5,"carat,clarity,color,cut,price,x"
diamonds_un_dirty,regression,122.3190062046051,531.2168519070154,269.25830078125,0.9821979999542236,96.48971047229895,36.342742919921875,6,"carat,clarity,color,cut,depth,price,x"
diamonds_un_dirty,regression,122.3190062046051,521.6223490227388,263.4319152832031,0.9828352928161621,112.0119968281196,40.47955322265625,7,"carat,clarity,color,cut,depth,price,table,x"
diamonds_un_dirty,regression,122.3190062046051,526.5283705556615,267.67877197265625,0.9825108647346497,117.52691884674636,43.148223876953125,8,"carat,clarity,color,cut,depth,price,table,x,y_shuffled_2"
diamonds_un_dirty,regression,122.3190062046051,528.673664702527,268.74176025390625,0.9823680520057678,142.13233039919538,53.961456298828125,9,"carat,clarity,color,cut,depth,price,table,table_shuffled_1,x,y_shuffled_2"
diamonds_un_dirty,regression,122.3190062046051,528.6628474273562,267.4722900390625,0.9823687672615051,162.52589815154215,62.019012451171875,10,"carat,clarity,color,cut,depth,price,table,table_shuffled_1,table_shuffled_2,x,y_shuffled_2"
diamonds_un_dirty,regression,122.3190062046051,521.8007581922433,260.3755187988281,0.9828234910964966,188.0496111904689,75.85214233398438,11,"carat,clarity,color,cut,depth,price,table,table_shuffled_1,table_shuffled_2,x,y,y_shuffled_2"
diamonds_un_dirty,regression,122.3190062046051,527.9007660062637,262.77667236328125,0.9824195504188538,171.51027835613013,67.06228637695312,12,"carat,clarity,color,cut,depth,price,table,table_shuffled_1,table_shuffled_2,x,y,y_shuffled_2,z"
diamonds_un_dirty,regression,122.3190062046051,527.8249887510063,263.8245849609375,0.9824246168136597,175.12732697111875,68.64207458496094,13,"carat,clarity,color,cut,depth,noise_numeric_1,price,table,table_shuffled_1,table_shuffled_2,x,y,y_shuffled_2,z"
diamonds_un_dirty,regression,122.3190062046051,531.192438057998,264.2049865722656,0.9821996688842773,183.65825583630624,70.00465393066406,14,"carat,clarity,color,cut,depth,noise_numeric_1,price,table,table_shuffled_1,table_shuffled_2,x,y,y_shuffled_1,y_shuffled_2,z"
diamonds_un_dirty,regression,122.3190062046051,534.4858803092931,267.0277099609375,0.9819782376289368,170.34481046135625,66.16607666015625,15,"carat,clarity,color,cut,depth,noise_numeric_1,price,table,table_shuffled_1,table_shuffled_2,x,x_shuffled_1,y,y_shuffled_1,y_shuffled_2,z"
diamonds_un_dirty,regression,122.3190062046051,534.2237943970673,266.9888916015625,0.9819959402084351,197.08566664006025,76.98104858398438,16,"carat,clarity,color,cut,depth,noise_numeric_1,noise_numeric_2,price,table,table_shuffled_1,table_shuffled_2,x,x_shuffled_1,y,y_shuffled_1,y_shuffled_2,z"
diamonds_un_dirty,regression,122.3190062046051,532.6068554759693,264.91326904296875,0.9821047186851501,223.49331697029334,86.31947326660156,17,"carat,clarity,color,cut,depth,noise_numeric_1,noise_numeric_2,price,table,table_shuffled_1,table_shuffled_2,x,x_shuffled_1,y,y_shuffled_1,y_shuffled_2,z,z_shuffled_1"
diamonds_un_dirty,regression,122.3190062046051,534.4073528217964,267.7108459472656,0.9819835424423218,176.5439667021767,67.30850219726562,18,"carat,clarity,color,cut,depth,noise_numeric_1,noise_numeric_2,price,table,table_shuffled_1,table_shuffled_2,x,x_shuffled_1,y,y_shuffled_1,y_shuffled_2,z,z_shuffled_1,z_shuffled_2"
diamonds_un_dirty,regression,122.3190062046051,534.3309484766908,267.4759216308594,0.9819886684417725,177.99832647864804,65.84642028808594,19,"carat,clarity,color,cut,depth,noise_categorical_2,noise_numeric_1,noise_numeric_2,price,table,table_shuffled_1,table_shuffled_2,x,x_shuffled_1,y,y_shuffled_1,y_shuffled_2,z,z_shuffled_1,z_shuffled_2"
diamonds_un_dirty,regression,122.3190062046051,533.8460393690301,267.9774169921875,0.9820213913917542,195.87168521993198,72.83357238769531,20,"carat,carat_shuffled_1,clarity,color,cut,depth,noise_categorical_2,noise_numeric_1,noise_numeric_2,price,table,table_shuffled_1,table_shuffled_2,x,x_shuffled_1,y,y_shuffled_1,y_shuffled_2,z,z_shuffled_1,z_shuffled_2"
diamonds_un_dirty,regression,122.3190062046051,535.7339299969715,268.3183898925781,0.9818939566612244,180.97542939409658,67.96531677246094,21,"carat,carat_shuffled_1,clarity,color,cut,depth,noise_categorical_2,noise_numeric_1,noise_numeric_2,price,table,table_shuffled_1,table_shuffled_2,x,x_shuffled_1,x_shuffled_2,y,y_shuffled_1,y_shuffled_2,z,z_shuffled_1,z_shuffled_2"
diamonds_un_dirty,regression,122.3190062046051,535.9737341978616,268.6112365722656,0.9818777441978455,186.5988012819468,68.48851013183594,22,"carat,carat_shuffled_1,clarity,color,cut,depth,noise_categorical_1,noise_categorical_2,noise_numeric_1,noise_numeric_2,price,table,table_shuffled_1,table_shuffled_2,x,x_shuffled_1,x_shuffled_2,y,y_shuffled_1,y_shuffled_2,z,z_shuffled_1,z_shuffled_2"
diamonds_un_dirty,regression,122.3190062046051,539.6791581578818,268.31365966796875,0.9816263318061829,249.27155129297893,95.69789123535156,23,"carat,carat_shuffled_1,carat_shuffled_2,clarity,color,cut,depth,noise_categorical_1,noise_categorical_2,noise_numeric_1,noise_numeric_2,price,table,table_shuffled_1,table_shuffled_2,x,x_shuffled_1,x_shuffled_2,y,y_shuffled_1,y_shuffled_2,z,z_shuffled_1,z_shuffled_2"
diamonds_un_dirty,regression,122.3190062046051,538.8974566186039,269.41741943359375,0.9816794991493225,222.3378626043014,83.7691650390625,24,"carat,carat_shuffled_1,carat_shuffled_2,clarity,color,cut,depth,depth_shuffled_2,noise_categorical_1,noise_categorical_2,noise_numeric_1,noise_numeric_2,price,table,table_shuffled_1,table_shuffled_2,x,x_shuffled_1,x_shuffled_2,y,y_shuffled_1,y_shuffled_2,z,z_shuffled_1,z_shuffled_2"
diamonds_un_dirty,regression,122.3190062046051,538.4586799374674,268.1784973144531,0.981709361076355,216.15875411138228,79.78201293945312,25,"carat,carat_shuffled_1,carat_shuffled_2,clarity,color,cut,depth,depth_shuffled_1,depth_shuffled_2,noise_categorical_1,noise_categorical_2,noise_numeric_1,noise_numeric_2,price,table,table_shuffled_1,table_shuffled_2,x,x_shuffled_1,x_shuffled_2,y,y_shuffled_1,y_shuffled_2,z,z_shuffled_1,z_shuffled_2"
diamonds_un_dirty,regression,122.3190062046051,538.4586799374674,268.1784973144531,0.981709361076355,216.15875411138228,79.78201293945312,26,"carat,carat_shuffled_1,carat_shuffled_2,clarity,color,cut,depth,depth_shuffled_1,depth_shuffled_2,noise_categorical_1,noise_categorical_2,noise_numeric_1,noise_numeric_2,price,table,table_shuffled_1,table_shuffled_2,x,x_shuffled_1,x_shuffled_2,y,y_shuffled_1,y_shuffled_2,z,z_shuffled_1,z_shuffled_2"
diamonds_un_dirty,regression,122.3190062046051,538.4586799374674,268.1784973144531,0.981709361076355,216.15875411138228,79.78201293945312,27,"carat,carat_shuffled_1,carat_shuffled_2,clarity,color,cut,depth,depth_shuffled_1,depth_shuffled_2,noise_categorical_1,noise_categorical_2,noise_numeric_1,noise_numeric_2,price,table,table_shuffled_1,table_shuffled_2,x,x_shuffled_1,x_shuffled_2,y,y_shuffled_1,y_shuffled_2,z,z_shuffled_1,z_shuffled_2"
diamonds_un_dirty,regression,122.3190062046051,538.4586799374674,268.1784973144531,0.981709361076355,216.15875411138228,79.78201293945312,28,"carat,carat_shuffled_1,carat_shuffled_2,clarity,color,cut,depth,depth_shuffled_1,depth_shuffled_2,noise_categorical_1,noise_categorical_2,noise_numeric_1,noise_numeric_2,price,table,table_shuffled_1,table_shuffled_2,x,x_shuffled_1,x_shuffled_2,y,y_shuffled_1,y_shuffled_2,z,z_shuffled_1,z_shuffled_2"
diamonds_un_dirty,regression,122.3190062046051,538.4586799374674,268.1784973144531,0.981709361076355,216.15875411138228,79.78201293945312,29,"carat,carat_shuffled_1,carat_shuffled_2,clarity,color,cut,depth,depth_shuffled_1,depth_shuffled_2,noise_categorical_1,noise_categorical_2,noise_numeric_1,noise_numeric_2,price,table,table_shuffled_1,table_shuffled_2,x,x_shuffled_1,x_shuffled_2,y,y_shuffled_1,y_shuffled_2,z,z_shuffled_1,z_shuffled_2"
diamonds_un_dirty,regression,122.3190062046051,538.4586799374674,268.1784973144531,0.981709361076355,216.15875411138228,79.78201293945312,30,"carat,carat_shuffled_1,carat_shuffled_2,clarity,color,cut,depth,depth_shuffled_1,depth_shuffled_2,noise_categorical_1,noise_categorical_2,noise_numeric_1,noise_numeric_2,price,table,table_shuffled_1,table_shuffled_2,x,x_shuffled_1,x_shuffled_2,y,y_shuffled_1,y_shuffled_2,z,z_shuffled_1,z_shuffled_2"
diamonds_un_dirty,regression,122.3190062046051,538.4586799374674,268.1784973144531,0.981709361076355,216.15875411138228,79.78201293945312,31,"carat,carat_shuffled_1,carat_shuffled_2,clarity,color,cut,depth,depth_shuffled_1,depth_shuffled_2,noise_categorical_1,noise_categorical_2,noise_numeric_1,noise_numeric_2,price,table,table_shuffled_1,table_shuffled_2,x,x_shuffled_1,x_shuffled_2,y,y_shuffled_1,y_shuffled_2,z,z_shuffled_1,z_shuffled_2"
diamonds_un_clean,regression,36.5817768573761,1402.8185021591353,807.1654663085938,0.8758554458618164,-16.405317398583293,-2.8712158203125,1,"carat,price"
diamonds_un_clean,regression,36.5817768573761,982.8698413320046,541.8291625976562,0.9390580058097839,19.19361198938975,8.09161376953125,2,"carat,clarity,price"
diamonds_un_clean,regression,36.5817768573761,571.2065902543492,299.9596862792969,0.9794169068336487,25.204815989832696,6.390777587890625,3,"carat,clarity,color,price"
diamonds_un_clean,regression,36.5817768573761,562.9927008851892,292.6133728027344,0.980004608631134,48.060272065640106,15.04571533203125,4,"carat,clarity,color,price,x"
diamonds_un_clean,regression,36.5817768573761,542.13380497807,277.40057373046875,0.9814587831497192,78.38356912907335,28.108444213867188,5,"carat,clarity,color,price,x,y"
diamonds_un_clean,regression,36.5817768573761,531.5588807930877,267.8207092285156,0.9821751117706299,122.85316836053556,50.04234313964844,6,"carat,clarity,color,depth,price,x,y"
diamonds_un_clean,regression,36.5817768573761,520.7139929942348,260.8518371582031,0.982895016670227,136.2404893558176,55.43565368652344,7,"carat,clarity,color,cut,depth,price,x,y"
diamonds_un_clean,regression,36.5817768573761,529.0826672175152,264.12261962890625,0.9823407530784607,131.85506794349698,53.62109375,8,"carat,clarity,color,cut,depth,price,x,y,z"
diamonds_un_clean,regression,36.5817768573761,524.925292303581,260.48175048828125,0.982617199420929,138.75628785086735,55.13301086425781,9,"carat,clarity,color,cut,depth,price,table,x,y,z"
diamonds_mn_dirty,regression,159.12705159187317,1402.8185021591353,807.1654663085938,0.8758554458618164,-16.405317398583293,-2.8712158203125,1,"carat,price"
diamonds_mn_dirty,regression,159.12705159187317,982.8698413320046,541.8291625976562,0.9390580058097839,19.19361198938975,8.09161376953125,2,"carat,clarity,price"
diamonds_mn_dirty,regression,159.12705159187317,571.2065902543492,299.9596862792969,0.9794169068336487,25.204815989832696,6.390777587890625,3,"carat,clarity,color,price"
diamonds_mn_dirty,regression,159.12705159187317,562.9927008851892,292.6133728027344,0.980004608631134,48.060272065640106,15.04571533203125,4,"carat,clarity,color,price,x"
diamonds_mn_dirty,regression,159.12705159187317,539.0993646815028,274.2911682128906,0.9816657900810242,78.40230451072205,27.143844604492188,5,"carat,clarity,color,cut,price,x"
diamonds_mn_dirty,regression,159.12705159187317,531.2168519070154,269.25830078125,0.9821979999542236,96.48971047229895,36.342742919921875,6,"carat,clarity,color,cut,depth,price,x"
diamonds_mn_dirty,regression,159.12705159187317,521.6223490227388,263.4319152832031,0.9828352928161621,112.0119968281196,40.47955322265625,7,"carat,clarity,color,cut,depth,price,table,x"
diamonds_mn_dirty,regression,159.12705159187317,530.8668912731326,267.8761901855469,0.9822214841842651,139.22475551652127,50.292327880859375,8,"carat,clarity,color,cut,depth,price,spurious_num_1,table,x"
diamonds_mn_dirty,regression,159.12705159187317,532.7446621037136,269.4590759277344,0.98209547996521,186.1541932142763,67.79440307617188,9,"carat,clarity,color,cut,depth,price,spurious_num_1,spurious_num_3,table,x"
diamonds_mn_dirty,regression,159.12705159187317,535.7208636500916,271.2634582519531,0.981894850730896,187.6530608982427,67.02296447753906,10,"carat,clarity,color,cut,depth,price,spurious_num_1,spurious_num_3,table,x,y_shuffled_2"
diamonds_mn_dirty,regression,159.12705159187317,532.6965306344692,269.9196472167969,0.9820986986160278,195.19665794930808,71.48844909667969,11,"carat,clarity,color,cut,depth,price,spurious_num_1,spurious_num_3,table,table_shuffled_1,x,y_shuffled_2"
diamonds_mn_dirty,regression,159.12705159187317,532.3094729572263,270.6832275390625,0.9821246862411499,158.91955444040286,56.48687744140625,12,"carat,clarity,color,cut,depth,price,spurious_num_1,spurious_num_3,table,table_shuffled_1,table_shuffled_2,x,y_shuffled_2"
diamonds_mn_dirty,regression,159.12705159187317,540.2396458980033,272.66558837890625,0.9815881252288818,219.5285341673681,80.09175109863281,13,"carat,clarity,color,cut,depth,price,spurious_cat_2,spurious_num_1,spurious_num_3,table,table_shuffled_1,table_shuffled_2,x,y_shuffled_2"
diamonds_mn_dirty,regression,159.12705159187317,524.4939823296355,262.3472900390625,0.9826457500457764,189.4042905119074,73.99980163574219,14,"carat,clarity,color,cut,depth,price,spurious_cat_2,spurious_num_1,spurious_num_3,table,table_shuffled_1,table_shuffled_2,x,y,y_shuffled_2"
diamonds_mn_dirty,regression,159.12705159187317,526.1000083159095,263.62939453125,0.9825392961502075,179.18261225814473,68.71717834472656,15,"carat,clarity,color,cut,depth,price,spurious_cat_2,spurious_cat_4,spurious_num_1,spurious_num_3,table,table_shuffled_1,table_shuffled_2,x,y,y_shuffled_2"
diamonds_mn_dirty,regression,159.12705159187317,525.9296233813037,263.3307189941406,0.9825506210327148,180.5121223770842,69.00125122070312,16,"carat,clarity,color,cut,depth,price,spurious_cat_2,spurious_cat_3,spurious_cat_4,spurious_num_1,spurious_num_3,table,table_shuffled_1,table_shuffled_2,x,y,y_shuffled_2"
diamonds_mn_dirty,regression,159.12705159187317,531.5521493701253,264.9580078125,0.9821755290031433,211.12355455530547,81.48745727539062,17,"carat,clarity,color,cut,depth,price,spurious_cat_2,spurious_cat_3,spurious_cat_4,spurious_num_1,spurious_num_3,table,table_shuffled_1,table_shuffled_2,x,y,y_shuffled_2,z"
diamonds_mn_dirty,regression,159.12705159187317,532.4794596977428,265.7381896972656,0.9821133017539978,185.66233614773694,70.89527893066406,18,"carat,clarity,color,cut,depth,noise_numeric_1,price,spurious_cat_2,spurious_cat_3,spurious_cat_4,spurious_num_1,spurious_num_3,table,table_shuffled_1,table_shuffled_2,x,y,y_shuffled_2,z"
diamonds_mn_dirty,regression,159.12705159187317,533.2101192306837,265.6193542480469,0.9820641875267029,190.54087500602327,72.04090881347656,19,"carat,clarity,color,cut,depth,noise_numeric_1,price,spurious_cat_1,spurious_cat_2,spurious_cat_3,spurious_cat_4,spurious_num_1,spurious_num_3,table,table_shuffled_1,table_shuffled_2,x,y,y_shuffled_2,z"
diamonds_mn_dirty,regression,159.12705159187317,532.7383562782015,266.6632995605469,0.9820958971977234,204.11261930679512,77.81697082519531,20,"carat,clarity,color,cut,depth,noise_numeric_1,noise_numeric_2,price,spurious_cat_1,spurious_cat_2,spurious_cat_3,spurious_cat_4,spurious_num_1,spurious_num_3,table,table_shuffled_1,table_shuffled_2,x,y,y_shuffled_2,z"
diamonds_mn_dirty,regression,159.12705159187317,534.1063213443556,268.6753845214844,0.9820038080215454,181.74783911354564,70.86529541015625,21,"carat,clarity,color,cut,depth,noise_numeric_1,noise_numeric_2,price,spurious_cat_1,spurious_cat_2,spurious_cat_3,spurious_cat_4,spurious_num_1,spurious_num_3,table,table_shuffled_1,table_shuffled_2,x,y,y_shuffled_2,z,z_shuffled_1"
diamonds_mn_dirty,regression,159.12705159187317,533.9796929659404,267.3191223144531,0.9820123314857483,184.17279310903365,69.80697631835938,22,"carat,clarity,color,cut,depth,noise_numeric_1,noise_numeric_2,price,spurious_cat_1,spurious_cat_2,spurious_cat_3,spurious_cat_4,spurious_num_1,spurious_num_3,table,table_shuffled_1,table_shuffled_2,x,y,y_shuffled_1,y_shuffled_2,z,z_shuffled_1"
diamonds_mn_dirty,regression,159.12705159187317,531.7025131593794,266.7149353027344,0.9821654558181763,190.62112166315598,71.70114135742188,23,"carat,clarity,color,cut,depth,noise_numeric_1,noise_numeric_2,price,spurious_cat_1,spurious_cat_2,spurious_cat_3,spurious_cat_4,spurious_num_1,spurious_num_2,spurious_num_3,table,table_shuffled_1,table_shuffled_2,x,y,y_shuffled_1,y_shuffled_2,z,z_shuffled_1"
diamonds_mn_dirty,regression,159.12705159187317,533.9298291910651,267.332763671875,0.9820157289505005,189.7064278947558,71.03530883789062,24,"carat,clarity,color,cut,depth,noise_numeric_1,noise_numeric_2,price,spurious_cat_1,spurious_cat_2,spurious_cat_3,spurious_cat_4,spurious_num_1,spurious_num_2,spurious_num_3,table,table_shuffled_1,table_shuffled_2,x,x_shuffled_1,y,y_shuffled_1,y_shuffled_2,z,z_shuffled_1"
diamonds_mn_dirty,regression,159.12705159187317,536.9878082880467,269.90460205078125,0.981809139251709,171.08338514588246,65.03004455566406,25,"carat,clarity,color,cut,depth,noise_numeric_1,noise_numeric_2,price,spurious_cat_1,spurious_cat_2,spurious_cat_3,spurious_cat_4,spurious_num_1,spurious_num_2,spurious_num_3,table,table_shuffled_1,table_shuffled_2,x,x_shuffled_1,y,y_shuffled_1,y_shuffled_2,z,z_shuffled_1,z_shuffled_2"
diamonds_mn_dirty,regression,159.12705159187317,534.741204930011,268.8792724609375,0.9819610118865967,194.88275553526665,71.35716247558594,26,"carat,carat_shuffled_1,clarity,color,cut,depth,noise_numeric_1,noise_numeric_2,price,spurious_cat_1,spurious_cat_2,spurious_cat_3,spurious_cat_4,spurious_num_1,spurious_num_2,spurious_num_3,table,table_shuffled_1,table_shuffled_2,x,x_shuffled_1,y,y_shuffled_1,y_shuffled_2,z,z_shuffled_1,z_shuffled_2"
diamonds_mn_dirty,regression,159.12705159187317,536.032794006113,267.7688293457031,0.9818737506866455,227.5906651148087,85.77751159667969,27,"carat,carat_shuffled_1,clarity,color,cut,depth,noise_categorical_1,noise_numeric_1,noise_numeric_2,price,spurious_cat_1,spurious_cat_2,spurious_cat_3,spurious_cat_4,spurious_num_1,spurious_num_2,spurious_num_3,table,table_shuffled_1,table_shuffled_2,x,x_shuffled_1,y,y_shuffled_1,y_shuffled_2,z,z_shuffled_1,z_shuffled_2"
diamonds_mn_dirty,regression,159.12705159187317,533.4396931706526,268.4314880371094,0.982048749923706,197.16644815627444,73.43167114257812,28,"carat,carat_shuffled_1,clarity,color,cut,depth,noise_categorical_1,noise_numeric_1,noise_numeric_2,price,spurious_cat_1,spurious_cat_2,spurious_cat_3,spurious_cat_4,spurious_num_1,spurious_num_2,spurious_num_3,table,table_shuffled_1,table_shuffled_2,x,x_shuffled_1,x_shuffled_2,y,y_shuffled_1,y_shuffled_2,z,z_shuffled_1,z_shuffled_2"
diamonds_mn_dirty,regression,159.12705159187317,537.3600689947104,269.7016906738281,0.9817838668823242,193.7128570898268,69.965576171875,29,"carat,carat_shuffled_1,carat_shuffled_2,clarity,color,cut,depth,noise_categorical_1,noise_numeric_1,noise_numeric_2,price,spurious_cat_1,spurious_cat_2,spurious_cat_3,spurious_cat_4,spurious_num_1,spurious_num_2,spurious_num_3,table,table_shuffled_1,table_shuffled_2,x,x_shuffled_1,x_shuffled_2,y,y_shuffled_1,y_shuffled_2,z,z_shuffled_1,z_shuffled_2"
diamonds_mn_dirty,regression,159.12705159187317,534.8036438731509,268.49407958984375,0.9819567799568176,204.69364800056303,74.14590454101562,30,"carat,carat_shuffled_1,carat_shuffled_2,clarity,color,cut,depth,depth_shuffled_2,noise_categorical_1,noise_numeric_1,noise_numeric_2,price,spurious_cat_1,spurious_cat_2,spurious_cat_3,spurious_cat_4,spurious_num_1,spurious_num_2,spurious_num_3,table,table_shuffled_1,table_shuffled_2,x,x_shuffled_1,x_shuffled_2,y,y_shuffled_1,y_shuffled_2,z,z_shuffled_1,z_shuffled_2"
diamonds_mn_dirty,regression,159.12705159187317,536.8585416569248,268.8625183105469,0.981817901134491,211.39806258534844,79.18394470214844,31,"carat,carat_shuffled_1,carat_shuffled_2,clarity,color,cut,depth,depth_shuffled_1,depth_shuffled_2,noise_categorical_1,noise_numeric_1,noise_numeric_2,price,spurious_cat_1,spurious_cat_2,spurious_cat_3,spurious_cat_4,spurious_num_1,spurious_num_2,spurious_num_3,table,table_shuffled_1,table_shuffled_2,x,x_shuffled_1,x_shuffled_2,y,y_shuffled_1,y_shuffled_2,z,z_shuffled_1,z_shuffled_2"
diamonds_mn_dirty,regression,159.12705159187317,537.0609253148101,268.0953369140625,0.9818041920661926,287.59343776633216,115.712646484375,32,"carat,carat_shuffled_1,carat_shuffled_2,clarity,color,cut,depth,depth_shuffled_1,depth_shuffled_2,noise_categorical_1,noise_categorical_2,noise_numeric_1,noise_numeric_2,price,spurious_cat_1,spurious_cat_2,spurious_cat_3,spurious_cat_4,spurious_num_1,spurious_num_2,spurious_num_3,table,table_shuffled_1,table_shuffled_2,x,x_shuffled_1,x_shuffled_2,y,y_shuffled_1,y_shuffled_2,z,z_shuffled_1,z_shuffled_2"
diamonds_mn_dirty,regression,159.12705159187317,537.0609253148101,268.0953369140625,0.9818041920661926,287.59343776633216,115.712646484375,33,"carat,carat_shuffled_1,carat_shuffled_2,clarity,color,cut,depth,depth_shuffled_1,depth_shuffled_2,noise_categorical_1,noise_categorical_2,noise_numeric_1,noise_numeric_2,price,spurious_cat_1,spurious_cat_2,spurious_cat_3,spurious_cat_4,spurious_num_1,spurious_num_2,spurious_num_3,table,table_shuffled_1,table_shuffled_2,x,x_shuffled_1,x_shuffled_2,y,y_shuffled_1,y_shuffled_2,z,z_shuffled_1,z_shuffled_2"
diamonds_mn_dirty,regression,159.12705159187317,537.0609253148101,268.0953369140625,0.9818041920661926,287.59343776633216,115.712646484375,34,"carat,carat_shuffled_1,carat_shuffled_2,clarity,color,cut,depth,depth_shuffled_1,depth_shuffled_2,noise_categorical_1,noise_categorical_2,noise_numeric_1,noise_numeric_2,price,spurious_cat_1,spurious_cat_2,spurious_cat_3,spurious_cat_4,spurious_num_1,spurious_num_2,spurious_num_3,table,table_shuffled_1,table_shuffled_2,x,x_shuffled_1,x_shuffled_2,y,y_shuffled_1,y_shuffled_2,z,z_shuffled_1,z_shuffled_2"
diamonds_mn_dirty,regression,159.12705159187317,537.0609253148101,268.0953369140625,0.9818041920661926,287.59343776633216,115.712646484375,35,"carat,carat_shuffled_1,carat_shuffled_2,clarity,color,cut,depth,depth_shuffled_1,depth_shuffled_2,noise_categorical_1,noise_categorical_2,noise_numeric_1,noise_numeric_2,price,spurious_cat_1,spurious_cat_2,spurious_cat_3,spurious_cat_4,spurious_num_1,spurious_num_2,spurious_num_3,table,table_shuffled_1,table_shuffled_2,x,x_shuffled_1,x_shuffled_2,y,y_shuffled_1,y_shuffled_2,z,z_shuffled_1,z_shuffled_2"
diamonds_mn_dirty,regression,159.12705159187317,537.0609253148101,268.0953369140625,0.9818041920661926,287.59343776633216,115.712646484375,36,"carat,carat_shuffled_1,carat_shuffled_2,clarity,color,cut,depth,depth_shuffled_1,depth_shuffled_2,noise_categorical_1,noise_categorical_2,noise_numeric_1,noise_numeric_2,price,spurious_cat_1,spurious_cat_2,spurious_cat_3,spurious_cat_4,spurious_num_1,spurious_num_2,spurious_num_3,table,table_shuffled_1,table_shuffled_2,x,x_shuffled_1,x_shuffled_2,y,y_shuffled_1,y_shuffled_2,z,z_shuffled_1,z_shuffled_2"
diamonds_mn_dirty,regression,159.12705159187317,537.0609253148101,268.0953369140625,0.9818041920661926,287.59343776633216,115.712646484375,37,"carat,carat_shuffled_1,carat_shuffled_2,clarity,color,cut,depth,depth_shuffled_1,depth_shuffled_2,noise_categorical_1,noise_categorical_2,noise_numeric_1,noise_numeric_2,price,spurious_cat_1,spurious_cat_2,spurious_cat_3,spurious_cat_4,spurious_num_1,spurious_num_2,spurious_num_3,table,table_shuffled_1,table_shuffled_2,x,x_shuffled_1,x_shuffled_2,y,y_shuffled_1,y_shuffled_2,z,z_shuffled_1,z_shuffled_2"
diamonds_mn_dirty,regression,159.12705159187317,537.0609253148101,268.0953369140625,0.9818041920661926,287.59343776633216,115.712646484375,38,"carat,carat_shuffled_1,carat_shuffled_2,clarity,color,cut,depth,depth_shuffled_1,depth_shuffled_2,noise_categorical_1,noise_categorical_2,noise_numeric_1,noise_numeric_2,price,spurious_cat_1,spurious_cat_2,spurious_cat_3,spurious_cat_4,spurious_num_1,spurious_num_2,spurious_num_3,table,table_shuffled_1,table_shuffled_2,x,x_shuffled_1,x_shuffled_2,y,y_shuffled_1,y_shuffled_2,z,z_shuffled_1,z_shuffled_2"
diamonds_mn_clean,regression,40.210110902786255,1402.8185021591353,807.1654663085938,0.8758554458618164,-16.405317398583293,-2.8712158203125,1,"carat,price"
diamonds_mn_clean,regression,40.210110902786255,982.8698413320046,541.8291625976562,0.9390580058097839,19.19361198938975,8.09161376953125,2,"carat,clarity,price"
diamonds_mn_clean,regression,40.210110902786255,571.2065902543492,299.9596862792969,0.9794169068336487,25.204815989832696,6.390777587890625,3,"carat,clarity,color,price"
diamonds_mn_clean,regression,40.210110902786255,562.9927008851892,292.6133728027344,0.980004608631134,48.060272065640106,15.04571533203125,4,"carat,clarity,color,price,x"
diamonds_mn_clean,regression,40.210110902786255,547.2600787102966,281.9151306152344,0.9811065196990967,92.77747453275498,37.54173278808594,5,"carat,clarity,color,depth,price,x"
diamonds_mn_clean,regression,40.210110902786255,531.0584654724939,267.59881591796875,0.9822086095809937,125.28857609552205,50.905181884765625,6,"carat,clarity,color,depth,price,x,y"
diamonds_mn_clean,regression,40.210110902786255,520.6449125843832,260.88055419921875,0.98289954662323,132.56607072360873,53.677520751953125,7,"carat,clarity,color,cut,depth,price,x,y"
diamonds_mn_clean,regression,40.210110902786255,528.8085074013087,264.1871643066406,0.9823590517044067,136.33366744338224,55.866180419921875,8,"carat,clarity,color,cut,depth,price,x,y,z"
diamonds_mn_clean,regression,40.210110902786255,526.7735222560071,262.4783935546875,0.982494592666626,137.34330947713198,55.99885559082031,9,"carat,clarity,color,cut,depth,price,table,x,y,z"
pol,regression,36.54653716087341,37.775064140231606,31.146218556766552,0.19645420476091346,0.3128554860272601,0.3130778397431122,1,"f6,foo"
pol,regression,36.54653716087341,23.571401208768155,13.700408544263249,0.6871248922822133,1.60228658575571,1.0448920640702504,2,"f5,f6,foo"
pol,regression,36.54653716087341,18.48663363766562,9.214364686064423,0.8075509014231632,2.9862426500371804,1.548366815871618,3,"f5,f6,f7,foo"
pol,regression,36.54653716087341,12.462151626272213,5.982782117629211,0.9125446717857362,1.7887143131430445,0.9432546587013935,4,"f5,f6,f7,f8,foo"
pol,regression,36.54653716087341,9.411853341028777,4.479552747633473,0.9501172354515828,0.8759763862593957,0.5752999893927484,5,"f5,f6,f7,f8,f9,foo"
pol,regression,36.54653716087341,8.836995470642467,4.037761447941224,0.9560246325704012,1.7384024165788894,0.886636887759181,6,"f19,f5,f6,f7,f8,f9,foo"
pol,regression,36.54653716087341,8.404509372991534,3.814388602377556,0.9602236485954035,1.6284327995524475,0.8127585257154957,7,"f18,f19,f5,f6,f7,f8,f9,foo"
pol,regression,36.54653716087341,6.26336655748446,2.6949218499930576,0.9779089748416787,3.3605899658964047,1.4417371120333033,8,"f14,f18,f19,f5,f6,f7,f8,f9,foo"
pol,regression,36.54653716087341,5.460247005434254,2.3621682043853798,0.9832110014838009,3.851089652261205,1.6668841537329093,9,"f14,f17,f18,f19,f5,f6,f7,f8,f9,foo"
pol,regression,36.54653716087341,4.140997920061466,1.8939794956982854,0.9903437114087511,3.203673134537628,1.4461652732595258,10,"f13,f14,f17,f18,f19,f5,f6,f7,f8,f9,foo"
pol,regression,36.54653716087341,4.079851038371616,1.8733621757865027,0.9906267796817141,3.208258377402161,1.4571781593014348,11,"f13,f14,f17,f18,f19,f24,f5,f6,f7,f8,f9,foo"
pol,regression,36.54653716087341,3.919526673268747,1.7839550520263923,0.991348977121344,3.414496629153982,1.512343165728974,12,"f13,f14,f16,f17,f18,f19,f24,f5,f6,f7,f8,f9,foo"
pol,regression,36.54653716087341,3.942430218453559,1.7706898417395762,0.9912475781425506,3.492399448361389,1.5269950771873266,13,"f13,f14,f16,f17,f18,f19,f20,f24,f5,f6,f7,f8,f9,foo"
pol,regression,36.54653716087341,3.9568374817107084,1.7839719456369834,0.9911834913500607,3.5550047844924584,1.5655005082330462,14,"f13,f14,f16,f17,f18,f19,f20,f24,f31,f5,f6,f7,f8,f9,foo"
pol,regression,36.54653716087341,3.9547166835985883,1.787963801908171,0.9911929398169593,3.362130272907449,1.4673962503370344,15,"f13,f14,f16,f17,f18,f19,f20,f24,f25,f31,f5,f6,f7,f8,f9,foo"
pol,regression,36.54653716087341,3.991706790288905,1.8235934992319356,0.9910274171400367,3.2274914079782064,1.4111631317053424,16,"f13,f14,f16,f17,f18,f19,f20,f22,f24,f25,f31,f5,f6,f7,f8,f9,foo"
pol,regression,36.54653716087341,4.053817081770109,1.8653237205148325,0.9907460210185646,3.141079347356208,1.3760556868606082,17,"f13,f14,f16,f17,f18,f19,f20,f22,f24,f25,f30,f31,f5,f6,f7,f8,f9,foo"
pol,regression,36.54653716087341,4.045033933894262,1.8363006467159915,0.9907860775939367,3.2404611039044036,1.4002173056638103,18,"f13,f14,f16,f17,f18,f19,f20,f22,f23,f24,f25,f30,f31,f5,f6,f7,f8,f9,foo"
pol,regression,36.54653716087341,4.019473846859074,1.8364064796080735,0.9909021530518473,3.3636543880600227,1.4817686216751893,19,"f13,f14,f16,f17,f18,f19,f20,f22,f23,f24,f25,f27,f30,f31,f5,f6,f7,f8,f9,foo"
pol,regression,36.54653716087341,4.006823591304636,1.7469058437554632,0.9909593291824086,3.0743614534935215,1.2512673345479404,20,"f13,f14,f15,f16,f17,f18,f19,f20,f22,f23,f24,f25,f27,f30,f31,f5,f6,f7,f8,f9,foo"
pol,regression,36.54653716087341,4.024182781569901,1.7790532737817946,0.9908808237616067,3.2237782571670848,1.3376693304803347,21,"f13,f14,f15,f16,f17,f18,f19,f20,f22,f23,f24,f25,f27,f30,f31,f33,f5,f6,f7,f8,f9,foo"
pol,regression,36.54653716087341,3.9357079263928387,1.6733327043136912,0.9912774004457411,3.3397183749392747,1.346768366702679,22,"f13,f14,f15,f16,f17,f18,f19,f20,f21,f22,f23,f24,f25,f27,f30,f31,f33,f5,f6,f7,f8,f9,foo"
pol,regression,36.54653716087341,3.935046913818114,1.719124781662351,0.9912803301671081,3.2622079574780187,1.3511052427173587,23,"f13,f14,f15,f16,f17,f18,f19,f20,f21,f22,f23,f24,f25,f27,f28,f30,f31,f33,f5,f6,f7,f8,f9,foo"
pol,regression,36.54653716087341,3.935046913818114,1.719124781662351,0.9912803301671081,3.2622079574780187,1.3511052427173587,24,"f13,f14,f15,f16,f17,f18,f19,f20,f21,f22,f23,f24,f25,f27,f28,f30,f31,f33,f34,f5,f6,f7,f8,f9,foo"
pol,regression,36.54653716087341,3.935046913818114,1.719124781662351,0.9912803301671081,3.2622079574780187,1.3511052427173587,25,"f13,f14,f15,f16,f17,f18,f19,f20,f21,f22,f23,f24,f25,f27,f28,f30,f31,f33,f34,f42,f5,f6,f7,f8,f9,foo"
pol,regression,36.54653716087341,3.935046913818114,1.719124781662351,0.9912803301671081,3.2622079574780187,1.3511052427173587,26,"f13,f14,f15,f16,f17,f18,f19,f20,f21,f22,f23,f24,f25,f27,f28,f30,f31,f33,f34,f35,f42,f5,f6,f7,f8,f9,foo"
pol,regression,36.54653716087341,3.935046913818114,1.719124781662351,0.9912803301671081,3.2622079574780187,1.3511052427173587,27,"f13,f14,f15,f16,f17,f18,f19,f20,f21,f22,f23,f24,f25,f27,f28,f30,f31,f33,f34,f35,f42,f43,f5,f6,f7,f8,f9,foo"
pol,regression,36.54653716087341,3.994357820354067,1.689711051436214,0.9910154951793717,3.330534311112888,1.334336699152572,28,"f13,f14,f15,f16,f17,f18,f19,f20,f21,f22,f23,f24,f25,f27,f28,f30,f31,f32,f33,f34,f35,f42,f43,f5,f6,f7,f8,f9,foo"
pol,regression,36.54653716087341,3.994357820354067,1.689711051436214,0.9910154951793717,3.330534311112888,1.334336699152572,29,"f13,f14,f15,f16,f17,f18,f19,f20,f21,f22,f23,f24,f25,f27,f28,f30,f31,f32,f33,f34,f35,f36,f42,f43,f5,f6,f7,f8,f9,foo"
pol,regression,36.54653716087341,3.994357820354067,1.689711051436214,0.9910154951793717,3.330534311112888,1.334336699152572,30,"f13,f14,f15,f16,f17,f18,f19,f20,f21,f22,f23,f24,f25,f27,f28,f30,f31,f32,f33,f34,f35,f36,f37,f42,f43,f5,f6,f7,f8,f9,foo"
pol,regression,36.54653716087341,4.046299530960862,1.702469288728149,0.9907803110477938,3.332373864445004,1.315946452379647,31,"f13,f14,f15,f16,f17,f18,f19,f20,f21,f22,f23,f24,f25,f27,f28,f29,f30,f31,f32,f33,f34,f35,f36,f37,f42,f43,f5,f6,f7,f8,f9,foo"
pol,regression,36.54653716087341,4.046299530960862,1.702469288728149,0.9907803110477938,3.332373864445004,1.315946452379647,32,"f13,f14,f15,f16,f17,f18,f19,f20,f21,f22,f23,f24,f25,f27,f28,f29,f30,f31,f32,f33,f34,f35,f36,f37,f42,f43,f44,f5,f6,f7,f8,f9,foo"
pol,regression,36.54653716087341,4.046299530960862,1.702469288728149,0.9907803110477938,3.332373864445004,1.315946452379647,33,"f13,f14,f15,f16,f17,f18,f19,f20,f21,f22,f23,f24,f25,f27,f28,f29,f30,f31,f32,f33,f34,f35,f36,f37,f38,f42,f43,f44,f5,f6,f7,f8,f9,foo"
pol,regression,36.54653716087341,4.046299530960862,1.702469288728149,0.9907803110477938,3.332373864445004,1.315946452379647,34,"f13,f14,f15,f16,f17,f18,f19,f20,f21,f22,f23,f24,f25,f27,f28,f29,f30,f31,f32,f33,f34,f35,f36,f37,f38,f39,f42,f43,f44,f5,f6,f7,f8,f9,foo"
pol,regression,36.54653716087341,4.046299530960862,1.702469288728149,0.9907803110477938,3.332373864445004,1.315946452379647,35,"f13,f14,f15,f16,f17,f18,f19,f20,f21,f22,f23,f24,f25,f27,f28,f29,f30,f31,f32,f33,f34,f35,f36,f37,f38,f39,f42,f43,f44,f46,f5,f6,f7,f8,f9,foo"
pol,regression,36.54653716087341,4.046299530960862,1.702469288728149,0.9907803110477938,3.332373864445004,1.315946452379647,36,"f13,f14,f15,f16,f17,f18,f19,f20,f21,f22,f23,f24,f25,f27,f28,f29,f30,f31,f32,f33,f34,f35,f36,f37,f38,f39,f42,f43,f44,f46,f47,f5,f6,f7,f8,f9,foo"
pol,regression,36.54653716087341,3.970388636696395,1.7463182740023548,0.9911229993741263,3.3764510415710642,1.4185017368637922,37,"f13,f14,f15,f16,f17,f18,f19,f20,f21,f22,f23,f24,f25,f26,f27,f28,f29,f30,f31,f32,f33,f34,f35,f36,f37,f38,f39,f42,f43,f44,f46,f47,f5,f6,f7,f8,f9,foo"
pol,regression,36.54653716087341,3.970388636696395,1.7463182740023548,0.9911229993741263,3.3764510415710642,1.4185017368637922,38,"f13,f14,f15,f16,f17,f18,f19,f20,f21,f22,f23,f24,f25,f26,f27,f28,f29,f30,f31,f32,f33,f34,f35,f36,f37,f38,f39,f40,f42,f43,f44,f46,f47,f5,f6,f7,f8,f9,foo"
pol,regression,36.54653716087341,3.970388636696395,1.7463182740023548,0.9911229993741263,3.3764510415710642,1.4185017368637922,39,"f13,f14,f15,f16,f17,f18,f19,f20,f21,f22,f23,f24,f25,f26,f27,f28,f29,f30,f31,f32,f33,f34,f35,f36,f37,f38,f39,f40,f42,f43,f44,f46,f47,f48,f5,f6,f7,f8,f9,foo"
pol,regression,36.54653716087341,3.970388636696395,1.7463182740023548,0.9911229993741263,3.3764510415710642,1.4185017368637922,40,"f13,f14,f15,f16,f17,f18,f19,f20,f21,f22,f23,f24,f25,f26,f27,f28,f29,f30,f31,f32,f33,f34,f35,f36,f37,f38,f39,f40,f41,f42,f43,f44,f46,f47,f48,f5,f6,f7,f8,f9,foo"
pol_un_dirty,regression,36.88770246505737,37.775064140231606,31.146218556766552,0.19645420476091346,0.3128554860272601,0.3130778397431122,1,"f6,foo"
pol_un_dirty,regression,36.88770246505737,23.571401208768155,13.700408544263249,0.6871248922822133,1.60228658575571,1.0448920640702504,2,"f5,f6,foo"
pol_un_dirty,regression,36.88770246505737,18.48663363766562,9.214364686064423,0.8075509014231632,2.9862426500371804,1.548366815871618,3,"f5,f6,f7,foo"
pol_un_dirty,regression,36.88770246505737,12.462151626272213,5.982782117629211,0.9125446717857362,1.7887143131430445,0.9432546587013935,4,"f5,f6,f7,f8,foo"
pol_un_dirty,regression,36.88770246505737,12.119177815246982,5.6724363609454596,0.9172921888951929,2.298144433160891,1.124908492883991,5,"f19,f5,f6,f7,f8,foo"
pol_un_dirty,regression,36.88770246505737,8.836540563567096,4.028216201826009,0.9560291599442027,1.7913227493744994,0.912406852053743,6,"f19,f5,f6,f7,f8,f9,foo"
pol_un_dirty,regression,36.88770246505737,8.576469720484006,3.957258213223154,0.9585793099892537,1.8532159248896587,0.9497444459557478,7,"f19,f20,f5,f6,f7,f8,f9,foo"
pol_un_dirty,regression,36.88770246505737,8.3840845527471,3.839725987724509,0.9604167443741631,1.8741991904164763,0.9403446873844055,8,"f18,f19,f20,f5,f6,f7,f8,f9,foo"
pol_un_dirty,regression,36.88770246505737,6.23788696315842,2.6817331358979573,0.9780883433860442,3.223922599889161,1.3691270253978074,9,"f14,f18,f19,f20,f5,f6,f7,f8,f9,foo"
pol_un_dirty,regression,36.88770246505737,5.421016512481269,2.347207711906194,0.9834513842371786,3.9277720327607595,1.7167905462263904,10,"f14,f17,f18,f19,f20,f5,f6,f7,f8,f9,foo"
pol_un_dirty,regression,36.88770246505737,5.367100112298824,2.3311779480763652,0.9837789260383283,3.5121362374888894,1.5121451168441806,11,"f14,f17,f18,f19,f20,f24,f5,f6,f7,f8,f9,foo"
pol_un_dirty,regression,36.88770246505737,4.087268857423792,1.853105114807627,0.9905926646815012,3.135377378318237,1.4029319914921095,12,"f13,f14,f17,f18,f19,f20,f24,f5,f6,f7,f8,f9,foo"
pol_un_dirty,regression,36.88770246505737,4.249328726160635,1.8800862337423216,0.9898318751413693,2.784674299772763,1.1653714424470492,13,"f13,f14,f17,f18,f19,f20,f22,f24,f5,f6,f7,f8,f9,foo"
pol_un_dirty,regression,36.88770246505737,4.289034067915563,1.9264457517246192,0.9896409673055111,3.0852125952942124,1.3086960342464504,14,"f13,f14,f17,f18,f19,f20,f22,f24,f25,f5,f6,f7,f8,f9,foo"
pol_un_dirty,regression,36.88770246505737,4.227788074825483,1.9170362908211924,0.989934702151997,2.8070248487283624,1.2045452304703759,15,"f13,f14,f17,f18,f19,f20,f22,f24,f25,f31,f5,f6,f7,f8,f9,foo"
pol_un_dirty,regression,36.88770246505737,4.336559935597018,2.0021735963380585,0.9894101229397593,3.0807630331695783,1.346066045331084,16,"f13,f14,f17,f18,f19,f20,f22,f24,f25,f31,f5,f6,f6_shuffled_1,f7,f8,f9,foo"
pol_un_dirty,regression,36.88770246505737,4.462943655449375,2.117053344893095,0.9887838703732603,3.8887301209128795,1.82645342243008,17,"f13,f14,f17,f18,f19,f20,f22,f24,f25,f31,f5,f5_shuffled_1,f6,f6_shuffled_1,f7,f8,f9,foo"
pol_un_dirty,regression,36.88770246505737,4.4877608271179374,2.0625976036134186,0.9886587840821633,3.3862751035552,1.4947713249394117,18,"f13,f14,f17,f18,f19,f20,f22,f24,f25,f30,f31,f5,f5_shuffled_1,f6,f6_shuffled_1,f7,f8,f9,foo"
pol_un_dirty,regression,36.88770246505737,4.457242211576628,2.100023327532096,0.9888125094470919,3.735764542250327,1.71284816744233,19,"f13,f14,f17,f18,f19,f20,f22,f24,f25,f30,f31,f5,f5_shuffled_1,f6,f6_shuffled_1,f6_shuffled_2,f7,f8,f9,foo"
pol_un_dirty,regression,36.88770246505737,4.472813275241429,2.085606756368652,0.9887342074840896,3.745805725174806,1.6953361624353158,20,"f13,f14,f17,f18,f19,f20,f22,f24,f25,f30,f31,f5,f5_shuffled_1,f6,f6_shuffled_1,f6_shuffled_2,f7,f8,f8_shuffled_1,f9,foo"
pol_un_dirty,regression,36.88770246505737,4.487136810941293,2.105648797726463,0.9886619378198237,4.189863310068553,1.9455777148480315,21,"f13,f14,f15_shuffled_1,f17,f18,f19,f20,f22,f24,f25,f30,f31,f5,f5_shuffled_1,f6,f6_shuffled_1,f6_shuffled_2,f7,f8,f8_shuffled_1,f9,foo"
pol_un_dirty,regression,36.88770246505737,4.465420792487191,2.030534705497635,0.9887714159920594,4.06427847595686,1.8140558310301518,22,"f13,f14,f15_shuffled_1,f17,f18,f19,f20,f22,f24,f25,f30,f31,f5,f5_shuffled_1,f6,f6_shuffled_1,f6_shuffled_2,f7,f7_shuffled_2,f8,f8_shuffled_1,f9,foo"
pol_un_dirty,regression,36.88770246505737,4.534174372893126,2.0839884246804603,0.9884229836138925,4.137774164105705,1.8703198255099682,23,"f13,f13_shuffled_1,f14,f15_shuffled_1,f17,f18,f19,f20,f22,f24,f25,f30,f31,f5,f5_shuffled_1,f6,f6_shuffled_1,f6_shuffled_2,f7,f7_shuffled_2,f8,f8_shuffled_1,f9,foo"
pol_un_dirty,regression,36.88770246505737,4.563459438965393,2.068798524044532,0.9882729547321092,4.023632467425799,1.775485908995834,24,"f13,f13_shuffled_1,f14,f15_shuffled_1,f17,f18,f19,f20,f22,f24,f25,f30,f31,f5,f5_shuffled_1,f5_shuffled_2,f6,f6_shuffled_1,f6_shuffled_2,f7,f7_shuffled_2,f8,f8_shuffled_1,f9,foo"
pol_un_dirty,regression,36.88770246505737,4.600580908235145,2.0945405123712844,0.9880813914091499,3.9137100016700135,1.7191097263443722,25,"f13,f13_shuffled_1,f14,f15_shuffled_1,f17,f18,f19,f20,f22,f24,f25,f27,f30,f31,f5,f5_shuffled_1,f5_shuffled_2,f6,f6_shuffled_1,f6_shuffled_2,f7,f7_shuffled_2,f8,f8_shuffled_1,f9,foo"
pol_un_dirty,regression,36.88770246505737,4.633656790892045,2.1884216053531564,0.9879093976438874,4.073909028723788,1.8821857635225419,26,"f13,f13_shuffled_1,f14,f15_shuffled_1,f17,f18,f19,f20,f22,f23_shuffled_1,f24,f25,f27,f30,f31,f5,f5_shuffled_1,f5_shuffled_2,f6,f6_shuffled_1,f6_shuffled_2,f7,f7_shuffled_2,f8,f8_shuffled_1,f9,foo"
pol_un_dirty,regression,36.88770246505737,4.644975882338946,2.1861610632142985,0.9878502556771553,4.562435996292525,2.144791630145775,27,"f13,f13_shuffled_1,f14,f15_shuffled_1,f15_shuffled_2,f17,f18,f19,f20,f22,f23_shuffled_1,f24,f25,f27,f30,f31,f5,f5_shuffled_1,f5_shuffled_2,f6,f6_shuffled_1,f6_shuffled_2,f7,f7_shuffled_2,f8,f8_shuffled_1,f9,foo"
pol_un_dirty,regression,36.88770246505737,4.629647141747664,2.1943835405086185,0.987930313348414,4.571601791482015,2.166409362903943,28,"f13,f13_shuffled_1,f14,f15_shuffled_1,f15_shuffled_2,f17,f18,f18_shuffled_1,f19,f20,f22,f23_shuffled_1,f24,f25,f27,f30,f31,f5,f5_shuffled_1,f5_shuffled_2,f6,f6_shuffled_1,f6_shuffled_2,f7,f7_shuffled_2,f8,f8_shuffled_1,f9,foo"
pol_un_dirty,regression,36.88770246505737,4.603289744133395,2.1730646421665636,0.988067351851812,4.2321142212615905,1.9685945934611704,29,"f13,f13_shuffled_1,f14,f15_shuffled_1,f15_shuffled_2,f17,f18,f18_shuffled_1,f19,f20,f20_shuffled_2,f22,f23_shuffled_1,f24,f25,f27,f30,f31,f5,f5_shuffled_1,f5_shuffled_2,f6,f6_shuffled_1,f6_shuffled_2,f7,f7_shuffled_2,f8,f8_shuffled_1,f9,foo"
pol_un_dirty,regression,36.88770246505737,4.641225839492041,2.265034262548201,0.9878698655399674,4.417476040014542,2.1462284342672437,30,"f13,f13_shuffled_1,f14,f15_shuffled_1,f15_shuffled_2,f17,f18,f18_shuffled_1,f18_shuffled_2,f19,f20,f20_shuffled_2,f22,f23_shuffled_1,f24,f25,f27,f30,f31,f5,f5_shuffled_1,f5_shuffled_2,f6,f6_shuffled_1,f6_shuffled_2,f7,f7_shuffled_2,f8,f8_shuffled_1,f9,foo"
pol_un_dirty,regression,36.88770246505737,4.72724842347348,2.265575853038783,0.987416047700394,4.445506153186717,2.1147202139617987,31,"f13,f13_shuffled_1,f14,f15_shuffled_1,f15_shuffled_2,f17,f18,f18_shuffled_1,f18_shuffled_2,f19,f19_shuffled_2,f20,f20_shuffled_2,f22,f23_shuffled_1,f24,f25,f27,f30,f31,f5,f5_shuffled_1,f5_shuffled_2,f6,f6_shuffled_1,f6_shuffled_2,f7,f7_shuffled_2,f8,f8_shuffled_1,f9,foo"
pol_un_dirty,regression,36.88770246505737,4.715598254542963,2.1718324445993153,0.9874779968534135,4.022463484914382,1.780771479690218,32,"f13,f13_shuffled_1,f14,f15_shuffled_1,f15_shuffled_2,f17,f18,f18_shuffled_1,f18_shuffled_2,f19,f19_shuffled_2,f20,f20_shuffled_2,f21_shuffled_1,f22,f23_shuffled_1,f24,f25,f27,f30,f31,f5,f5_shuffled_1,f5_shuffled_2,f6,f6_shuffled_1,f6_shuffled_2,f7,f7_shuffled_2,f8,f8_shuffled_1,f9,foo"
pol_un_dirty,regression,36.88770246505737,4.741625059801191,2.2503865168936126,0.9873393899954425,3.800394414415821,1.7431211396764899,33,"f13,f13_shuffled_1,f14,f15_shuffled_1,f15_shuffled_2,f17,f18,f18_shuffled_1,f18_shuffled_2,f19,f19_shuffled_2,f20,f20_shuffled_2,f21_shuffled_1,f22,f23_shuffled_1,f24,f25,f27,f28_shuffled_1,f30,f31,f5,f5_shuffled_1,f5_shuffled_2,f6,f6_shuffled_1,f6_shuffled_2,f7,f7_shuffled_2,f8,f8_shuffled_1,f9,foo"
pol_un_dirty,regression,36.88770246505737,4.735133997952638,2.189484286459357,0.9873740298291349,4.282740793229943,1.9348491304313922,34,"f13,f13_shuffled_1,f13_shuffled_2,f14,f15_shuffled_1,f15_shuffled_2,f17,f18,f18_shuffled_1,f18_shuffled_2,f19,f19_shuffled_2,f20,f20_shuffled_2,f21_shuffled_1,f22,f23_shuffled_1,f24,f25,f27,f28_shuffled_1,f30,f31,f5,f5_shuffled_1,f5_shuffled_2,f6,f6_shuffled_1,f6_shuffled_2,f7,f7_shuffled_2,f8,f8_shuffled_1,f9,foo"
pol_un_dirty,regression,36.88770246505737,4.7730382214592195,2.2099127749546317,0.9871710817918082,3.682545173996238,1.6249277736150427,35,"f13,f13_shuffled_1,f13_shuffled_2,f14,f15_shuffled_1,f15_shuffled_2,f17,f18,f18_shuffled_1,f18_shuffled_2,f19,f19_shuffled_1,f19_shuffled_2,f20,f20_shuffled_2,f21_shuffled_1,f22,f23_shuffled_1,f24,f25,f27,f28_shuffled_1,f30,f31,f5,f5_shuffled_1,f5_shuffled_2,f6,f6_shuffled_1,f6_shuffled_2,f7,f7_shuffled_2,f8,f8_shuffled_1,f9,foo"
pol_un_dirty,regression,36.88770246505737,4.680192181299672,2.20757164677053,0.9876653285632799,4.127987986786554,1.9027598628434836,36,"f13,f13_shuffled_1,f13_shuffled_2,f14,f15_shuffled_1,f15_shuffled_2,f17,f18,f18_shuffled_1,f18_shuffled_2,f19,f19_shuffled_1,f19_shuffled_2,f20,f20_shuffled_2,f21_shuffled_1,f22,f23_shuffled_1,f24,f25,f27,f28_shuffled_1,f29_shuffled_2,f30,f31,f5,f5_shuffled_1,f5_shuffled_2,f6,f6_shuffled_1,f6_shuffled_2,f7,f7_shuffled_2,f8,f8_shuffled_1,f9,foo"
pol_un_dirty,regression,36.88770246505737,4.726900367358506,2.264971412238277,0.987417900685435,4.396744715699199,2.084465743799055,37,"f13,f13_shuffled_1,f13_shuffled_2,f14,f15_shuffled_1,f15_shuffled_2,f17,f18,f18_shuffled_1,f18_shuffled_2,f19,f19_shuffled_1,f19_shuffled_2,f20,f20_shuffled_2,f21_shuffled_1,f22,f23_shuffled_1,f24,f25,f26_shuffled_2,f27,f28_shuffled_1,f29_shuffled_2,f30,f31,f5,f5_shuffled_1,f5_shuffled_2,f6,f6_shuffled_1,f6_shuffled_2,f7,f7_shuffled_2,f8,f8_shuffled_1,f9,foo"
pol_un_dirty,regression,36.88770246505737,4.75687068164224,2.2795918789473166,0.9872578444602262,4.2637204473169,2.0066690517362415,38,"f13,f13_shuffled_1,f13_shuffled_2,f14,f15_shuffled_1,f15_shuffled_2,f17,f18,f18_shuffled_1,f18_shuffled_2,f19,f19_shuffled_1,f19_shuffled_2,f20,f20_shuffled_2,f21_shuffled_1,f22,f23_shuffled_1,f24,f25,f26_shuffled_2,f27,f28_shuffled_1,f29_shuffled_2,f30,f31,f5,f5_shuffled_1,f5_shuffled_2,f6,f6_shuffled_1,f6_shuffled_2,f7,f7_shuffled_2,f8,f8_shuffled_1,f9,f9_shuffled_1,foo"
pol_un_dirty,regression,36.88770246505737,4.740276969564603,2.2301470995966812,0.9873465880417966,4.505755410168659,2.1045321719374783,39,"f13,f13_shuffled_1,f13_shuffled_2,f14,f15_shuffled_1,f15_shuffled_2,f17,f18,f18_shuffled_1,f18_shuffled_2,f19,f19_shuffled_1,f19_shuffled_2,f20,f20_shuffled_2,f21_shuffled_1,f22,f23_shuffled_1,f24,f25,f26_shuffled_2,f27,f28_shuffled_1,f29_shuffled_2,f30,f31,f5,f5_shuffled_1,f5_shuffled_2,f6,f6_shuffled_1,f6_shuffled_2,f7,f7_shuffled_2,f8,f8_shuffled_1,f9,f9_shuffled_1,f9_shuffled_2,foo"
pol_un_dirty,regression,36.88770246505737,4.753712803591072,2.2006097743750046,0.9872747567623742,4.055629599968973,1.8190429029011987,40,"f13,f13_shuffled_1,f13_shuffled_2,f14,f15_shuffled_1,f15_shuffled_2,f17,f18,f18_shuffled_1,f18_shuffled_2,f19,f19_shuffled_1,f19_shuffled_2,f20,f20_shuffled_2,f21_shuffled_1,f22,f23_shuffled_1,f23_shuffled_2,f24,f25,f26_shuffled_2,f27,f28_shuffled_1,f29_shuffled_2,f30,f31,f5,f5_shuffled_1,f5_shuffled_2,f6,f6_shuffled_1,f6_shuffled_2,f7,f7_shuffled_2,f8,f8_shuffled_1,f9,f9_shuffled_1,f9_shuffled_2,foo"
pol_un_clean,regression,57.90004301071167,37.775064140231606,31.146218556766552,0.19645420476091346,0.3128554860272601,0.3130778397431122,1,"f6,foo"
pol_un_clean,regression,57.90004301071167,23.571401208768155,13.700408544263249,0.6871248922822133,1.60228658575571,1.0448920640702504,2,"f5,f6,foo"
pol_un_clean,regression,57.90004301071167,18.48663363766562,9.214364686064423,0.8075509014231632,2.9862426500371804,1.548366815871618,3,"f5,f6,f7,foo"
pol_un_clean,regression,57.90004301071167,13.404124851363818,6.076640501621878,0.8988240849793595,2.5480003446014425,1.1433322232278504,4,"f5,f6,f7,f9,foo"
pol_un_clean,regression,57.90004301071167,9.41600528723976,4.491554524905669,0.9500732151656427,0.8831897963829807,0.5809398023881824,5,"f5,f6,f7,f8,f9,foo"
pol_un_clean,regression,57.90004301071167,8.547463692896462,3.947943132405504,0.9588590096876904,1.28040602859467,0.7006844232919551,6,"f18,f5,f6,f7,f8,f9,foo"
pol_un_clean,regression,57.90004301071167,6.328029931264675,2.706023969462685,0.977450482092853,2.5242785548159636,1.0789039316803357,7,"f14,f18,f5,f6,f7,f8,f9,foo"
pol_un_clean,regression,57.90004301071167,6.28901188178632,2.733483481313878,0.977727701295129,3.048952561390101,1.3211642053179744,8,"f14,f18,f21,f5,f6,f7,f8,f9,foo"
pol_un_clean,regression,57.90004301071167,6.260135527918182,2.685114176893607,0.9779317607810044,3.1720199708347288,1.3319442872556237,9,"f14,f18,f19,f21,f5,f6,f7,f8,f9,foo"
pol_un_clean,regression,57.90004301071167,6.258600716792833,2.710679392094627,0.9779425804914905,3.173991237448799,1.3453540688879166,10,"f14,f18,f19,f21,f22,f5,f6,f7,f8,f9,foo"
pol_un_clean,regression,57.90004301071167,5.223367448564297,2.215509278450103,0.9846361036524401,2.680208648951894,1.0730854165795132,11,"f14,f15,f18,f19,f21,f22,f5,f6,f7,f8,f9,foo"
pol_un_clean,regression,57.90004301071167,4.654568627771451,2.0342710288335804,0.987800020861952,3.11101902491087,1.306119846216335,12,"f14,f15,f17,f18,f19,f21,f22,f5,f6,f7,f8,f9,foo"
pol_un_clean,regression,57.90004301071167,3.993375854084982,1.7573916747988916,0.9910199121077607,3.4227506440360784,1.4500912890623339,13,"f13,f14,f15,f17,f18,f19,f21,f22,f5,f6,f7,f8,f9,foo"
pol_un_clean,regression,57.90004301071167,4.0465111713869435,1.7748237170331802,0.9907793465567011,3.4663591693032982,1.4619389264237648,14,"f13,f14,f15,f17,f18,f19,f20,f21,f22,f5,f6,f7,f8,f9,foo"
pol_un_clean,regression,57.90004301071167,3.9203689324696795,1.750845641039042,0.9913452587200651,3.376160786983397,1.45464541137545,15,"f13,f14,f15,f17,f18,f19,f20,f21,f22,f23,f5,f6,f7,f8,f9,foo"
pol_un_clean,regression,57.90004301071167,3.93570505887939,1.7722814807095373,0.9912774131561164,3.181349999448628,1.3671550539443287,16,"f13,f14,f15,f16,f17,f18,f19,f20,f21,f22,f23,f5,f6,f7,f8,f9,foo"
pol_mn_dirty,regression,50.90318846702576,37.775064140231606,31.146218556766552,0.19645420476091346,0.3128554860272601,0.3130778397431122,1,"f6,foo"
pol_mn_dirty,regression,50.90318846702576,23.571401208768155,13.700408544263249,0.6871248922822133,1.60228658575571,1.0448920640702504,2,"f5,f6,foo"
pol_mn_dirty,regression,50.90318846702576,18.48663363766562,9.214364686064423,0.8075509014231632,2.9862426500371804,1.548366815871618,3,"f5,f6,f7,foo"
pol_mn_dirty,regression,50.90318846702576,12.462151626272213,5.982782117629211,0.9125446717857362,1.7887143131430445,0.9432546587013935,4,"f5,f6,f7,f8,foo"
pol_mn_dirty,regression,50.90318846702576,9.411853341028777,4.479552747633473,0.9501172354515828,0.8759763862593957,0.5752999893927484,5,"f5,f6,f7,f8,f9,foo"
pol_mn_dirty,regression,50.90318846702576,8.836995470642467,4.037761447941224,0.9560246325704012,1.7384024165788894,0.886636887759181,6,"f19,f5,f6,f7,f8,f9,foo"
pol_mn_dirty,regression,50.90318846702576,8.61904176988716,3.9969697818211474,0.9581670797293197,1.8275660519020391,0.9384241458055791,7,"f19,f20,f5,f6,f7,f8,f9,foo"
pol_mn_dirty,regression,50.90318846702576,8.381588546513075,3.8164025238579975,0.9604403093431033,1.9033635594141343,0.9475552264437908,8,"f18,f19,f20,f5,f6,f7,f8,f9,foo"
pol_mn_dirty,regression,50.90318846702576,6.252722570559134,2.6810241296174038,0.9779839941734814,3.491306007164323,1.4992631827874567,9,"f14,f18,f19,f20,f5,f6,f7,f8,f9,foo"
pol_mn_dirty,regression,50.90318846702576,6.230094136037042,2.651991498609446,0.9781430564944642,3.023018180179255,1.2625249444604705,10,"f14,f18,f19,f20,f24,f5,f6,f7,f8,f9,foo"
pol_mn_dirty,regression,50.90318846702576,5.39961218958056,2.3381296700575187,0.983581807241787,3.7122263751004145,1.604491015970022,11,"f14,f17,f18,f19,f20,f24,f5,f6,f7,f8,f9,foo"
pol_mn_dirty,regression,50.90318846702576,5.386982554495796,2.2929102649725466,0.9836585213740385,3.265769373714017,1.3491018172243432,12,"f14,f17,f18,f19,f20,f22,f24,f5,f6,f7,f8,f9,foo"
pol_mn_dirty,regression,50.90318846702576,4.233024339170134,1.8919429515372903,0.9899097542607911,2.8706507883250807,1.219021079995756,13,"f13,f14,f17,f18,f19,f20,f22,f24,f5,f6,f7,f8,f9,foo"
pol_mn_dirty,regression,50.90318846702576,4.309378096751128,1.9439915543250876,0.9895424629499847,2.9938810072163005,1.2651599072063981,14,"f13,f14,f17,f18,f19,f20,f22,f24,f25,f5,f6,f7,f8,f9,foo"
pol_mn_dirty,regression,50.90318846702576,4.159701164377345,1.8796485361511586,0.9902562871760757,2.8674381001857814,1.231365519035799,15,"f13,f14,f17,f18,f19,f20,f22,f23,f24,f25,f5,f6,f7,f8,f9,foo"
pol_mn_dirty,regression,50.90318846702576,4.227956343937351,1.9344189270135927,0.9899339009233619,3.0419508192457325,1.3312611105021752,16,"f13,f14,f17,f18,f19,f20,f22,f23,f24,f25,f31,f5,f6,f7,f8,f9,foo"
pol_mn_dirty,regression,50.90318846702576,4.3425723074484415,2.0266652800150915,0.9893807381660479,3.175425552918689,1.4332859465705652,17,"f13,f14,f17,f18,f19,f20,f22,f23,f24,f25,f31,f5,f5_shuffled_1,f6,f7,f8,f9,foo"
pol_mn_dirty,regression,50.90318846702576,4.1639855321921475,1.8624461987757919,0.9902362053738719,3.1611923059917113,1.3384263879140192,18,"f13,f14,f15,f17,f18,f19,f20,f22,f23,f24,f25,f31,f5,f5_shuffled_1,f6,f7,f8,f9,foo"
pol_mn_dirty,regression,50.90318846702576,4.190966689004967,1.9364391045689506,0.9901092635456522,3.63276979173601,1.6212953026168797,19,"f13,f14,f15,f17,f18,f19,f20,f22,f23,f24,f25,f31,f5,f5_shuffled_1,f6,f6_shuffled_1,f7,f8,f9,foo"
pol_mn_dirty,regression,50.90318846702576,4.253291435855244,1.9060998498079862,0.9898129017376561,3.397326637404535,1.4430689628860165,20,"f13,f14,f15,f17,f18,f19,f20,f22,f23,f24,f25,f30,f31,f5,f5_shuffled_1,f6,f6_shuffled_1,f7,f8,f9,foo"
pol_mn_dirty,regression,50.90318846702576,4.270361578644685,1.9216588186897632,0.989730967931911,3.546614591915148,1.515574837644008,21,"f13,f14,f15,f17,f18,f19,f20,f22,f23,f24,f25,f30,f31,f5,f5_shuffled_1,f5_shuffled_2,f6,f6_shuffled_1,f7,f8,f9,foo"
pol_mn_dirty,regression,50.90318846702576,4.212845540182606,1.8337467692430232,0.9900057252369808,3.9458490860708664,1.6806708871699014,22,"f13,f14,f15,f17,f18,f19,f20,f22,f23,f24,f25,f27,f30,f31,f5,f5_shuffled_1,f5_shuffled_2,f6,f6_shuffled_1,f7,f8,f9,foo"
pol_mn_dirty,regression,50.90318846702576,4.247007975980201,1.9237422114498428,0.9898429786521787,3.9346653914615017,1.743325092809317,23,"f13,f14,f15,f17,f18,f19,f20,f22,f23,f24,f25,f27,f30,f31,f5,f5_shuffled_1,f5_shuffled_2,f6,f6_shuffled_1,f6_shuffled_2,f7,f8,f9,foo"
pol_mn_dirty,regression,50.90318846702576,4.268636718051701,1.9070763172804728,0.9897392618766832,4.060901730231409,1.788407470384256,24,"f13,f14,f15,f17,f18,f19,f20,f22,f23,f24,f25,f27,f30,f31,f5,f5_shuffled_1,f5_shuffled_2,f6,f6_shuffled_1,f6_shuffled_2,f7,f8,f8_shuffled_1,f9,foo"
pol_mn_dirty,regression,50.90318846702576,4.315827491484975,1.9087811261405199,0.9895111381269427,3.841750894414491,1.6443870618987082,25,"f13,f14,f15,f17,f18,f19,f20,f22,f23,f24,f25,f27,f30,f31,f5,f5_shuffled_1,f5_shuffled_2,f6,f6_shuffled_1,f6_shuffled_2,f7,f7_shuffled_2,f8,f8_shuffled_1,f9,foo"
pol_mn_dirty,regression,50.90318846702576,4.33174378031322,2.015242402915975,0.9894336319753069,4.235813067919378,1.9611883559071388,26,"f13,f13_shuffled_1,f14,f15,f17,f18,f19,f20,f22,f23,f24,f25,f27,f30,f31,f5,f5_shuffled_1,f5_shuffled_2,f6,f6_shuffled_1,f6_shuffled_2,f7,f7_shuffled_2,f8,f8_shuffled_1,f9,foo"
pol_mn_dirty,regression,50.90318846702576,4.370929337698153,2.033746914890168,0.9892415976287612,4.2056220058128435,1.9385643154538867,27,"f13,f13_shuffled_1,f14,f15,f15_shuffled_1,f17,f18,f19,f20,f22,f23,f24,f25,f27,f30,f31,f5,f5_shuffled_1,f5_shuffled_2,f6,f6_shuffled_1,f6_shuffled_2,f7,f7_shuffled_2,f8,f8_shuffled_1,f9,foo"
pol_mn_dirty,regression,50.90318846702576,4.357390412498657,1.9733297707024708,0.9893081425704024,3.78296383994628,1.6563011885155872,28,"f13,f13_shuffled_1,f14,f15,f15_shuffled_1,f17,f18,f19,f20,f22,f23,f23_shuffled_1,f24,f25,f27,f30,f31,f5,f5_shuffled_1,f5_shuffled_2,f6,f6_shuffled_1,f6_shuffled_2,f7,f7_shuffled_2,f8,f8_shuffled_1,f9,foo"
pol_mn_dirty,regression,50.90318846702576,4.317611128525617,1.9830970009844022,0.9895024667013781,3.9681948648975234,1.7833151640432092,29,"f13,f13_shuffled_1,f14,f15,f15_shuffled_1,f17,f18,f19,f20,f20_shuffled_2,f22,f23,f23_shuffled_1,f24,f25,f27,f30,f31,f5,f5_shuffled_1,f5_shuffled_2,f6,f6_shuffled_1,f6_shuffled_2,f7,f7_shuffled_2,f8,f8_shuffled_1,f9,foo"
pol_mn_dirty,regression,50.90318846702576,4.35968863268984,2.0554869440936794,0.9892968611747169,3.8600563594399575,1.765481344604986,30,"f13,f13_shuffled_1,f14,f15,f15_shuffled_1,f15_shuffled_2,f17,f18,f19,f20,f20_shuffled_2,f22,f23,f23_shuffled_1,f24,f25,f27,f30,f31,f5,f5_shuffled_1,f5_shuffled_2,f6,f6_shuffled_1,f6_shuffled_2,f7,f7_shuffled_2,f8,f8_shuffled_1,f9,foo"
pol_mn_dirty,regression,50.90318846702576,4.3618466467329595,2.04439332417907,0.9892862626011077,4.262499421792245,1.988071186293099,31,"f13,f13_shuffled_1,f14,f15,f15_shuffled_1,f15_shuffled_2,f17,f18,f18_shuffled_1,f19,f20,f20_shuffled_2,f22,f23,f23_shuffled_1,f24,f25,f27,f30,f31,f5,f5_shuffled_1,f5_shuffled_2,f6,f6_shuffled_1,f6_shuffled_2,f7,f7_shuffled_2,f8,f8_shuffled_1,f9,foo"
pol_mn_dirty,regression,50.90318846702576,4.368783270555599,1.9513567627370358,0.9892521594951479,4.254071572284136,1.8812294178184943,32,"f13,f13_shuffled_1,f14,f15,f15_shuffled_1,f15_shuffled_2,f17,f18,f18_shuffled_1,f18_shuffled_2,f19,f20,f20_shuffled_2,f22,f23,f23_shuffled_1,f24,f25,f27,f30,f31,f5,f5_shuffled_1,f5_shuffled_2,f6,f6_shuffled_1,f6_shuffled_2,f7,f7_shuffled_2,f8,f8_shuffled_1,f9,foo"
pol_mn_dirty,regression,50.90318846702576,4.495150500649676,2.1257278241554642,0.9886214037998673,4.3351892391933395,2.038450155375956,33,"f13,f13_shuffled_1,f14,f15,f15_shuffled_1,f15_shuffled_2,f17,f18,f18_shuffled_1,f18_shuffled_2,f19,f20,f20_shuffled_2,f22,f23,f23_shuffled_1,f24,f25,f27,f28_shuffled_1,f30,f31,f5,f5_shuffled_1,f5_shuffled_2,f6,f6_shuffled_1,f6_shuffled_2,f7,f7_shuffled_2,f8,f8_shuffled_1,f9,foo"
pol_mn_dirty,regression,50.90318846702576,4.396465829816433,2.0191229719610226,0.9891155217416043,4.1840985228074805,1.900333916452786,34,"f13,f13_shuffled_1,f14,f15,f15_shuffled_1,f15_shuffled_2,f17,f18,f18_shuffled_1,f18_shuffled_2,f19,f20,f20_shuffled_2,f21_shuffled_1,f22,f23,f23_shuffled_1,f24,f25,f27,f28_shuffled_1,f30,f31,f5,f5_shuffled_1,f5_shuffled_2,f6,f6_shuffled_1,f6_shuffled_2,f7,f7_shuffled_2,f8,f8_shuffled_1,f9,foo"
pol_mn_dirty,regression,50.90318846702576,4.431291856178556,2.050072708465159,0.9889423988329452,4.201163010506575,1.919437363268812,35,"f13,f13_shuffled_1,f14,f15,f15_shuffled_1,f15_shuffled_2,f17,f18,f18_shuffled_1,f18_shuffled_2,f19,f19_shuffled_2,f20,f20_shuffled_2,f21_shuffled_1,f22,f23,f23_shuffled_1,f24,f25,f27,f28_shuffled_1,f30,f31,f5,f5_shuffled_1,f5_shuffled_2,f6,f6_shuffled_1,f6_shuffled_2,f7,f7_shuffled_2,f8,f8_shuffled_1,f9,foo"
pol_mn_dirty,regression,50.90318846702576,4.4455056494105705,2.060628318609917,0.9888713484343754,4.184570999556148,1.9149366228465838,36,"f13,f13_shuffled_1,f13_shuffled_2,f14,f15,f15_shuffled_1,f15_shuffled_2,f17,f18,f18_shuffled_1,f18_shuffled_2,f19,f19_shuffled_2,f20,f20_shuffled_2,f21_shuffled_1,f22,f23,f23_shuffled_1,f24,f25,f27,f28_shuffled_1,f30,f31,f5,f5_shuffled_1,f5_shuffled_2,f6,f6_shuffled_1,f6_shuffled_2,f7,f7_shuffled_2,f8,f8_shuffled_1,f9,foo"
pol_mn_dirty,regression,50.90318846702576,4.435760226269591,2.083936840270927,0.9889200873412274,4.29472481524421,2.006530791494342,37,"f13,f13_shuffled_1,f13_shuffled_2,f14,f15,f15_shuffled_1,f15_shuffled_2,f17,f18,f18_shuffled_1,f18_shuffled_2,f19,f19_shuffled_2,f20,f20_shuffled_2,f21_shuffled_1,f22,f23,f23_shuffled_1,f24,f25,f27,f28_shuffled_1,f29_shuffled_2,f30,f31,f5,f5_shuffled_1,f5_shuffled_2,f6,f6_shuffled_1,f6_shuffled_2,f7,f7_shuffled_2,f8,f8_shuffled_1,f9,foo"
pol_mn_dirty,regression,50.90318846702576,4.466284318298532,2.1388284204785255,0.9887670727912314,4.313771518575077,2.0395237806221687,38,"f13,f13_shuffled_1,f13_shuffled_2,f14,f15,f15_shuffled_1,f15_shuffled_2,f17,f18,f18_shuffled_1,f18_shuffled_2,f19,f19_shuffled_1,f19_shuffled_2,f20,f20_shuffled_2,f21_shuffled_1,f22,f23,f23_shuffled_1,f24,f25,f27,f28_shuffled_1,f29_shuffled_2,f30,f31,f5,f5_shuffled_1,f5_shuffled_2,f6,f6_shuffled_1,f6_shuffled_2,f7,f7_shuffled_2,f8,f8_shuffled_1,f9,foo"
pol_mn_dirty,regression,50.90318846702576,4.515141650522852,2.1106530474062697,0.988519971362858,4.171660167657935,1.9164914969733435,39,"f13,f13_shuffled_1,f13_shuffled_2,f14,f15,f15_shuffled_1,f15_shuffled_2,f17,f18,f18_shuffled_1,f18_shuffled_2,f19,f19_shuffled_1,f19_shuffled_2,f20,f20_shuffled_2,f21_shuffled_1,f22,f23,f23_shuffled_1,f24,f25,f27,f28_shuffled_1,f29_shuffled_2,f30,f31,f5,f5_shuffled_1,f5_shuffled_2,f6,f6_shuffled_1,f6_shuffled_2,f7,f7_shuffled_2,f8,f8_shuffled_1,f9,f9_shuffled_1,foo"
pol_mn_dirty,regression,50.90318846702576,4.522868825282256,2.1060512705240204,0.9884806440940321,4.363290195370388,2.0195027785412916,40,"f13,f13_shuffled_1,f13_shuffled_2,f14,f15,f15_shuffled_1,f15_shuffled_2,f17,f18,f18_shuffled_1,f18_shuffled_2,f19,f19_shuffled_1,f19_shuffled_2,f20,f20_shuffled_2,f21_shuffled_1,f22,f23,f23_shuffled_1,f24,f25,f26_shuffled_2,f27,f28_shuffled_1,f29_shuffled_2,f30,f31,f5,f5_shuffled_1,f5_shuffled_2,f6,f6_shuffled_1,f6_shuffled_2,f7,f7_shuffled_2,f8,f8_shuffled_1,f9,f9_shuffled_1,foo"
pol_mn_clean,regression,18.479539394378662,37.775064140231606,31.146218556766552,0.19645420476091346,0.3128554860272601,0.3130778397431122,1,"f6,foo"
pol_mn_clean,regression,18.479539394378662,23.571401208768155,13.700408544263249,0.6871248922822133,1.60228658575571,1.0448920640702504,2,"f5,f6,foo"
pol_mn_clean,regression,18.479539394378662,18.48663363766562,9.214364686064423,0.8075509014231632,2.9862426500371804,1.548366815871618,3,"f5,f6,f7,foo"
pol_mn_clean,regression,18.479539394378662,13.404124851363818,6.076640501621878,0.8988240849793595,2.5480003446014425,1.1433322232278504,4,"f5,f6,f7,f9,foo"
pol_mn_clean,regression,18.479539394378662,9.41600528723976,4.491554524905669,0.9500732151656427,0.8831897963829807,0.5809398023881824,5,"f5,f6,f7,f8,f9,foo"
pol_mn_clean,regression,18.479539394378662,8.547463692896462,3.947943132405504,0.9588590096876904,1.28040602859467,0.7006844232919551,6,"f18,f5,f6,f7,f8,f9,foo"
pol_mn_clean,regression,18.479539394378662,6.328029931264675,2.706023969462685,0.977450482092853,2.5242785548159636,1.0789039316803357,7,"f14,f18,f5,f6,f7,f8,f9,foo"
pol_mn_clean,regression,18.479539394378662,6.28901188178632,2.733483481313878,0.977727701295129,3.048952561390101,1.3211642053179744,8,"f14,f18,f21,f5,f6,f7,f8,f9,foo"
pol_mn_clean,regression,18.479539394378662,6.249823504158524,2.64901448996659,0.9780044048236132,2.5287354446157275,1.0656594587752088,9,"f14,f18,f21,f22,f5,f6,f7,f8,f9,foo"
pol_mn_clean,regression,18.479539394378662,5.334087469408468,2.291647053692354,0.9839778616267915,2.607847007562736,1.0774708990091464,10,"f14,f15,f18,f21,f22,f5,f6,f7,f8,f9,foo"
pol_mn_clean,regression,18.479539394378662,4.857819810085602,2.164796295059719,0.9867112841462737,2.9740930507299943,1.2811691680980646,11,"f14,f15,f17,f18,f21,f22,f5,f6,f7,f8,f9,foo"
pol_mn_clean,regression,18.479539394378662,4.654143654912311,2.039534932115154,0.9878022485327608,2.9956618636517103,1.2591739978422871,12,"f14,f15,f17,f18,f19,f21,f22,f5,f6,f7,f8,f9,foo"
pol_mn_clean,regression,18.479539394378662,4.589909641995325,1.9710653240990892,0.9881366188425015,3.548585731848141,1.4636467956373185,13,"f14,f15,f17,f18,f19,f20,f21,f22,f5,f6,f7,f8,f9,foo"
pol_mn_clean,regression,18.479539394378662,4.045923706610755,1.7754780815134097,0.9907820236361312,3.482489393377808,1.4702924004931448,14,"f13,f14,f15,f17,f18,f19,f20,f21,f22,f5,f6,f7,f8,f9,foo"
pol_mn_clean,regression,18.479539394378662,3.9804641560237544,1.7548358102253212,0.9910778884872691,3.2537308486393672,1.3684837213797865,15,"f13,f14,f15,f16,f17,f18,f19,f20,f21,f22,f5,f6,f7,f8,f9,foo"
pol_mn_clean,regression,18.479539394378662,3.989248348194661,1.7892616252463,0.9910384659388367,3.2121588682131694,1.3724460265025409,16,"f13,f14,f15,f16,f17,f18,f19,f20,f21,f22,f23,f5,f6,f7,f8,f9,foo"
appliances,regression,43.43167853355408,104.6083469422971,59.943138122558594,0.03942924737930298,9.081487581303762,3.9429931640625,1,"Appliances,RH_1"
appliances,regression,43.43167853355408,98.96810368434367,54.18914031982422,0.14022034406661987,26.561536734238928,13.10626220703125,2,"Appliances,RH_1,T3"
appliances,regression,43.43167853355408,92.13453987240615,48.3284797668457,0.25485360622406006,35.51246316806317,16.92997932434082,3,"Appliances,RH_1,RH_2,T3"
appliances,regression,43.43167853355408,85.49273258130629,42.12632751464844,0.3584137558937073,52.47604645898323,23.68906021118164,4,"Appliances,RH_1,RH_2,RH_8,T3"
appliances,regression,43.43167853355408,84.02762403854163,41.373130798339844,0.3802153468132019,58.669160031876245,27.23995018005371,5,"Appliances,RH_1,RH_2,RH_8,T3,lights"
appliances,regression,43.43167853355408,78.53557737778783,38.51588439941406,0.4585859179496765,64.32383835678915,30.4345703125,6,"Appliances,RH_1,RH_2,RH_8,T2,T3,lights"
appliances,regression,43.43167853355408,75.83734714938446,36.391326904296875,0.49514931440353394,68.34607109527022,31.98725175857544,7,"Appliances,RH_1,RH_2,RH_8,T2,T3,T8,lights"
appliances,regression,43.43167853355408,76.00602296755008,35.368892669677734,0.492901086807251,70.03270219383687,31.6194851398468,8,"Appliances,RH_1,RH_2,RH_3,RH_8,T2,T3,T8,lights"
appliances,regression,43.43167853355408,73.57831579132197,34.65449905395508,0.5247782468795776,70.65798045792742,32.840656876564026,9,"Appliances,RH_1,RH_2,RH_3,RH_8,RH_out,T2,T3,T8,lights"
appliances,regression,43.43167853355408,73.29338585545254,34.499778747558594,0.528451681137085,58.89657145884008,26.432823181152344,10,"Appliances,RH_1,RH_2,RH_3,RH_8,RH_out,T2,T3,T8,T9,lights"
appliances,regression,43.43167853355408,72.39863603687573,33.69686508178711,0.5398944616317749,69.8826078011969,32.107452034950256,11,"Appliances,RH_1,RH_2,RH_3,RH_8,RH_out,T2,T3,T4,T8,T9,lights"
appliances,regression,43.43167853355408,71.89019880062754,33.79731750488281,0.5463342070579529,69.07649691916596,31.997920513153076,12,"Appliances,RH_1,RH_2,RH_3,RH_7,RH_8,RH_out,T2,T3,T4,T8,T9,lights"
appliances,regression,43.43167853355408,70.44079614625852,33.78380584716797,0.5644428133964539,52.223960007771566,23.69705867767334,13,"Appliances,RH_1,RH_2,RH_3,RH_7,RH_8,RH_out,T2,T3,T4,T6,T8,T9,lights"
appliances,regression,43.43167853355408,69.79185012413699,32.77828598022461,0.5724310874938965,65.15187888342611,29.826768159866333,14,"Appliances,Press_mm_hg,RH_1,RH_2,RH_3,RH_7,RH_8,RH_out,T2,T3,T4,T6,T8,T9,lights"
appliances,regression,43.43167853355408,69.47675181647995,33.00493621826172,0.5762832164764404,58.12899270012175,26.443851470947266,15,"Appliances,Press_mm_hg,RH_1,RH_2,RH_3,RH_6,RH_7,RH_8,RH_out,T2,T3,T4,T6,T8,T9,lights"
appliances,regression,43.43167853355408,69.08411709195536,32.74462890625,0.5810588002204895,53.423642226151934,23.862873077392578,16,"Appliances,Press_mm_hg,RH_1,RH_2,RH_3,RH_5,RH_6,RH_7,RH_8,RH_out,T2,T3,T4,T6,T8,T9,lights"
appliances,regression,43.43167853355408,69.53768579765759,33.15227508544922,0.5755396485328674,53.85034969371419,24.465669631958008,17,"Appliances,Press_mm_hg,RH_1,RH_2,RH_3,RH_5,RH_6,RH_7,RH_8,RH_out,T2,T3,T4,T5,T6,T8,T9,lights"
appliances,regression,43.43167853355408,69.54772978861352,33.124813079833984,0.5754170417785645,52.491792441774535,23.675994873046875,18,"Appliances,Press_mm_hg,RH_1,RH_2,RH_3,RH_5,RH_6,RH_7,RH_8,RH_9,RH_out,T2,T3,T4,T5,T6,T8,T9,lights"
appliances,regression,43.43167853355408,68.72876092383014,32.62239456176758,0.5853576064109802,50.70974834119606,22.614795684814453,19,"Appliances,Press_mm_hg,RH_1,RH_2,RH_3,RH_5,RH_6,RH_7,RH_8,RH_9,RH_out,T2,T3,T4,T5,T6,T8,T9,Windspeed,lights"
appliances,regression,43.43167853355408,68.3535301072666,32.436614990234375,0.5898728370666504,51.590547403960834,23.277958869934082,20,"Appliances,Press_mm_hg,RH_1,RH_2,RH_3,RH_5,RH_6,RH_7,RH_8,RH_9,RH_out,T2,T3,T4,T5,T6,T8,T9,T_out,Windspeed,lights"
appliances,regression,43.43167853355408,68.20892193291138,32.230873107910156,0.5916062593460083,51.58031253119755,23.04249382019043,21,"Appliances,Press_mm_hg,RH_1,RH_2,RH_3,RH_4,RH_5,RH_6,RH_7,RH_8,RH_9,RH_out,T2,T3,T4,T5,T6,T8,T9,T_out,Windspeed,lights"
appliances,regression,43.43167853355408,68.28116061206964,32.49978256225586,0.5907407999038696,49.08404372241665,21.73606777191162,22,"Appliances,Press_mm_hg,RH_1,RH_2,RH_3,RH_4,RH_5,RH_6,RH_7,RH_8,RH_9,RH_out,T2,T3,T4,T5,T6,T8,T9,T_out,Tdewpoint,Windspeed,lights"
appliances,regression,43.43167853355408,68.36293740717626,32.170684814453125,0.5897599458694458,51.88788728247776,23.10203266143799,23,"Appliances,Press_mm_hg,RH_1,RH_2,RH_3,RH_4,RH_5,RH_6,RH_7,RH_8,RH_9,RH_out,T2,T3,T4,T5,T6,T8,T9,T_out,Tdewpoint,Visibility,Windspeed,lights"
appliances,regression,43.43167853355408,67.93930755990047,31.84618377685547,0.5948284864425659,52.13275297109934,22.850101470947266,24,"Appliances,Press_mm_hg,RH_1,RH_2,RH_3,RH_4,RH_5,RH_6,RH_7,RH_8,RH_9,RH_out,T1,T2,T3,T4,T5,T6,T8,T9,T_out,Tdewpoint,Visibility,Windspeed,lights"
appliances,regression,43.43167853355408,68.21999898650505,32.21143341064453,0.5914736986160278,49.016702353830226,21.71259117126465,25,"Appliances,Press_mm_hg,RH_1,RH_2,RH_3,RH_4,RH_5,RH_6,RH_7,RH_8,RH_9,RH_out,T1,T2,T3,T4,T5,T6,T7,T8,T9,T_out,Tdewpoint,Visibility,Windspeed,lights"
appliances,regression,43.43167853355408,70.16279897050146,32.99393844604492,0.5678739547729492,65.00623159745629,30.028362035751343,26,"Appliances,Press_mm_hg,RH_1,RH_2,RH_3,RH_4,RH_5,RH_6,RH_7,RH_8,RH_9,RH_out,T1,T2,T3,T4,T5,T6,T7,T8,T9,T_out,Tdewpoint,Visibility,Windspeed,lights,rv1"
appliances,regression,43.43167853355408,70.16279897050146,32.99393844604492,0.5678739547729492,65.00623159745629,30.028362035751343,27,"Appliances,Press_mm_hg,RH_1,RH_2,RH_3,RH_4,RH_5,RH_6,RH_7,RH_8,RH_9,RH_out,T1,T2,T3,T4,T5,T6,T7,T8,T9,T_out,Tdewpoint,Visibility,Windspeed,lights,rv1,rv2"
appliances_un_dirty,regression,155.9804549217224,104.6083469422971,59.943138122558594,0.03942924737930298,9.081487581303762,3.9429931640625,1,"Appliances,RH_1"
appliances_un_dirty,regression,155.9804549217224,98.96810368434367,54.18914031982422,0.14022034406661987,26.561536734238928,13.10626220703125,2,"Appliances,RH_1,T3"
appliances_un_dirty,regression,155.9804549217224,92.08380820955983,47.719932556152344,0.25567400455474854,34.46716785198822,15.621803283691406,3,"Appliances,RH_1,RH_8,T3"
appliances_un_dirty,regression,155.9804549217224,82.98543264483231,40.742794036865234,0.395494282245636,59.57800532339022,28.016380310058594,4,"Appliances,RH_1,RH_8,T3,T8"
appliances_un_dirty,regression,155.9804549217224,82.29374667729924,40.45281982421875,0.4055294394493103,57.98049606629624,26.99639892578125,5,"Appliances,RH_1,RH_8,T3,T8,lights"
appliances_un_dirty,regression,155.9804549217224,78.73949272660924,38.00052261352539,0.45577073097229004,66.83121544267377,31.140759468078613,6,"Appliances,RH_1,RH_2,RH_8,T3,T8,lights"
appliances_un_dirty,regression,155.9804549217224,76.28968293718522,36.16939163208008,0.48910897970199585,68.39973986833874,31.423709392547607,7,"Appliances,RH_1,RH_2,RH_8,T3,T8,T9,lights"
appliances_un_dirty,regression,155.9804549217224,77.01158154074132,36.526451110839844,0.47939449548721313,70.40348450671308,32.35908603668213,8,"Appliances,RH_1,RH_2,RH_3,RH_8,T3,T8,T9,lights"
appliances_un_dirty,regression,155.9804549217224,75.17873883909931,34.96916961669922,0.5038800239562988,68.41357422617301,30.796428203582764,9,"Appliances,RH_1,RH_2,RH_3,RH_8,T2,T3,T8,T9,lights"
appliances_un_dirty,regression,155.9804549217224,73.34735158391882,34.3494987487793,0.5277570486068726,69.19408305044927,31.76791262626648,10,"Appliances,RH_1,RH_2,RH_3,RH_7,RH_8,T2,T3,T8,T9,lights"
appliances_un_dirty,regression,155.9804549217224,72.86112244580438,33.443851470947266,0.5339973568916321,67.95926661226613,30.37469744682312,11,"Appliances,RH_1,RH_2,RH_3,RH_7,RH_8,T2,T3,T4,T8,T9,lights"
appliances_un_dirty,regression,155.9804549217224,71.58050742324163,33.29032897949219,0.5502344369888306,68.02237558726782,31.045401096343994,12,"Appliances,RH_1,RH_2,RH_3,RH_7,RH_8,T2,T3,T4,T6,T8,T9,lights"
appliances_un_dirty,regression,155.9804549217224,70.68448476659323,33.14885711669922,0.5614240169525146,57.14328335230995,25.585256576538086,13,"Appliances,RH_1,RH_2,RH_3,RH_7,RH_8,T2,T3,T4,T5,T6,T8,T9,lights"
appliances_un_dirty,regression,155.9804549217224,69.68382837861307,32.38493728637695,0.5737536549568176,58.039878952944,25.899256229400635,14,"Appliances,RH_1,RH_2,RH_3,RH_7,RH_8,T2,T3,T4,T5,T6,T8,T9,Windspeed,lights"
appliances_un_dirty,regression,155.9804549217224,69.84027885669737,33.53881072998047,0.5718375444412231,50.539282965738465,22.804438591003418,15,"Appliances,RH_1,RH_2,RH_3,RH_7,RH_8,RH_9,T2,T3,T4,T5,T6,T8,T9,Windspeed,lights"
appliances_un_dirty,regression,155.9804549217224,69.27070214586576,32.1546745300293,0.5787927508354187,54.74196937498259,24.149598121643066,16,"Appliances,RH_1,RH_2,RH_3,RH_7,RH_8,RH_9,T2,T3,T4,T5,T6,T8,T9,T_out,Windspeed,lights"
appliances_un_dirty,regression,155.9804549217224,68.54694089066813,32.52964782714844,0.5875486135482788,50.66489293300522,22.61922550201416,17,"Appliances,RH_1,RH_2,RH_3,RH_7,RH_8,RH_9,RH_out,T2,T3,T4,T5,T6,T8,T9,T_out,Windspeed,lights"
appliances_un_dirty,regression,155.9804549217224,68.92039253959963,32.978092193603516,0.5830421447753906,48.035989395680616,21.496240615844727,18,"Appliances,RH_1,RH_2,RH_3,RH_6,RH_7,RH_8,RH_9,RH_out,T2,T3,T4,T5,T6,T8,T9,T_out,Windspeed,lights"
appliances_un_dirty,regression,155.9804549217224,70.57859717298332,34.32582473754883,0.5627370476722717,55.78499046060426,25.77950382232666,19,"Appliances,RH_1,RH_2,RH_3,RH_6,RH_7,RH_8,RH_9,RH_out,T2,T3,T3_shuffled_2,T4,T5,T6,T8,T9,T_out,Windspeed,lights"
appliances_un_dirty,regression,155.9804549217224,70.30764219330108,34.0508918762207,0.5660879611968994,57.34003058569715,26.673718452453613,20,"Appliances,RH_1,RH_2,RH_3,RH_5,RH_6,RH_7,RH_8,RH_9,RH_out,T2,T3,T3_shuffled_2,T4,T5,T6,T8,T9,T_out,Windspeed,lights"
appliances_un_dirty,regression,155.9804549217224,72.52984636190297,35.87931442260742,0.5382252931594849,63.935387495542244,30.806591987609863,21,"Appliances,RH_1,RH_2,RH_3,RH_5,RH_6,RH_7,RH_8,RH_9,RH_out,T2,T3,T3_shuffled_1,T3_shuffled_2,T4,T5,T6,T8,T9,T_out,Windspeed,lights"
appliances_un_dirty,regression,155.9804549217224,71.43100637590794,34.47197723388672,0.5521112084388733,68.9692159847324,32.84167206287384,22,"Appliances,Press_mm_hg,RH_1,RH_2,RH_3,RH_5,RH_6,RH_7,RH_8,RH_9,RH_out,T2,T3,T3_shuffled_1,T3_shuffled_2,T4,T5,T6,T8,T9,T_out,Windspeed,lights"
appliances_un_dirty,regression,155.9804549217224,73.66954364020623,36.59557342529297,0.5235990285873413,67.1307757490307,32.715349435806274,23,"Appliances,Press_mm_hg,RH_1,RH_2,RH_3,RH_5,RH_6,RH_7,RH_8,RH_9,RH_out,T2,T3,T3_shuffled_1,T3_shuffled_2,T4,T5,T6,T8,T8_shuffled_2,T9,T_out,Windspeed,lights"
appliances_un_dirty,regression,155.9804549217224,74.26938733106158,36.63203811645508,0.5158094167709351,66.64864246862847,32.046810150146484,24,"Appliances,Press_mm_hg,RH_1,RH_2,RH_3,RH_5,RH_6,RH_7,RH_8,RH_9,RH_out,T2,T3,T3_shuffled_1,T3_shuffled_2,T4,T5,T6,T8,T8_shuffled_2,T9,T_out,Windspeed,lights,noise_numeric_1"
appliances_un_dirty,regression,155.9804549217224,74.50931608593486,36.77997589111328,0.5126760005950928,72.62123893974027,35.51562309265137,25,"Appliances,Press_mm_hg,RH_1,RH_2,RH_3,RH_5,RH_6,RH_7,RH_8,RH_9,RH_out,T2,T3,T3_shuffled_1,T3_shuffled_2,T4,T5,T6,T8,T8_shuffled_2,T9,T_out,T_out_shuffled_2,Windspeed,lights,noise_numeric_1"
appliances_un_dirty,regression,155.9804549217224,74.15707305695796,36.616214752197266,0.5172727108001709,73.22028667694849,36.0176505446434,26,"Appliances,Press_mm_hg,RH_1,RH_2,RH_3,RH_5,RH_6,RH_7,RH_8,RH_9,RH_out,T2,T3,T3_shuffled_1,T3_shuffled_2,T4,T5,T6,T8,T8_shuffled_2,T9,T_out,T_out_shuffled_2,Visibility,Windspeed,lights,noise_numeric_1"
appliances_un_dirty,regression,155.9804549217224,74.76285751147591,36.32856750488281,0.5093538165092468,73.29588648124908,35.29394865036011,27,"Appliances,Press_mm_hg,RH_1,RH_2,RH_3,RH_5,RH_6,RH_7,RH_7_shuffled_2,RH_8,RH_9,RH_out,T2,T3,T3_shuffled_1,T3_shuffled_2,T4,T5,T6,T8,T8_shuffled_2,T9,T_out,T_out_shuffled_2,Visibility,Windspeed,lights,noise_numeric_1"
appliances_un_dirty,regression,155.9804549217224,74.75549337047077,36.35372543334961,0.5094504356384277,74.33259362042999,36.11217951774597,28,"Appliances,Press_mm_hg,RH_1,RH_1_shuffled_2,RH_2,RH_3,RH_5,RH_6,RH_7,RH_7_shuffled_2,RH_8,RH_9,RH_out,T2,T3,T3_shuffled_1,T3_shuffled_2,T4,T5,T6,T8,T8_shuffled_2,T9,T_out,T_out_shuffled_2,Visibility,Windspeed,lights,noise_numeric_1"
appliances_un_dirty,regression,155.9804549217224,75.27633662359473,36.84436798095703,0.5025910139083862,73.09361085902748,35.29205584526062,29,"Appliances,Press_mm_hg,Press_mm_hg_shuffled_1,RH_1,RH_1_shuffled_2,RH_2,RH_3,RH_5,RH_6,RH_7,RH_7_shuffled_2,RH_8,RH_9,RH_out,T2,T3,T3_shuffled_1,T3_shuffled_2,T4,T5,T6,T8,T8_shuffled_2,T9,T_out,T_out_shuffled_2,Visibility,Windspeed,lights,noise_numeric_1"
appliances_un_dirty,regression,155.9804549217224,75.45114960398217,36.95696258544922,0.500278115272522,74.22736793905352,36.07376807928085,30,"Appliances,Press_mm_hg,Press_mm_hg_shuffled_1,RH_1,RH_1_shuffled_2,RH_2,RH_3,RH_3_shuffled_1,RH_5,RH_6,RH_7,RH_7_shuffled_2,RH_8,RH_9,RH_out,T2,T3,T3_shuffled_1,T3_shuffled_2,T4,T5,T6,T8,T8_shuffled_2,T9,T_out,T_out_shuffled_2,Visibility,Windspeed,lights,noise_numeric_1"
appliances_un_dirty,regression,155.9804549217224,76.18366094716438,37.40290832519531,0.4905279874801636,75.2724162110432,36.86794704198837,31,"Appliances,Press_mm_hg,Press_mm_hg_shuffled_1,RH_1,RH_1_shuffled_2,RH_2,RH_3,RH_3_shuffled_1,RH_5,RH_6,RH_7,RH_7_shuffled_2,RH_8,RH_9,RH_out,T2,T3,T3_shuffled_1,T3_shuffled_2,T4,T5,T6,T8,T8_shuffled_2,T9,T_out,T_out_shuffled_2,Visibility,Windspeed,Windspeed_shuffled_1,lights,noise_numeric_1"
appliances_un_dirty,regression,155.9804549217224,76.27870873481014,37.37974166870117,0.48925596475601196,69.90580013034933,33.618064403533936,32,"Appliances,Press_mm_hg,Press_mm_hg_shuffled_1,RH_1,RH_1_shuffled_2,RH_2,RH_3,RH_3_shuffled_1,RH_5,RH_6,RH_7,RH_7_shuffled_2,RH_8,RH_9,RH_out,T2,T3,T3_shuffled_1,T3_shuffled_2,T4,T5,T6,T8,T8_shuffled_1,T8_shuffled_2,T9,T_out,T_out_shuffled_2,Visibility,Windspeed,Windspeed_shuffled_1,lights,noise_numeric_1"
appliances_un_dirty,regression,155.9804549217224,76.18607720164492,37.839698791503906,0.4904956817626953,73.30862390531948,36.024569272994995,33,"Appliances,Press_mm_hg,Press_mm_hg_shuffled_1,RH_1,RH_1_shuffled_2,RH_2,RH_3,RH_3_shuffled_1,RH_5,RH_6,RH_7,RH_7_shuffled_1,RH_7_shuffled_2,RH_8,RH_9,RH_out,T2,T3,T3_shuffled_1,T3_shuffled_2,T4,T5,T6,T8,T8_shuffled_1,T8_shuffled_2,T9,T_out,T_out_shuffled_2,Visibility,Windspeed,Windspeed_shuffled_1,lights,noise_numeric_1"
appliances_un_dirty,regression,155.9804549217224,76.53823276127265,37.42694854736328,0.4857746362686157,74.95332898650247,36.45323705673218,34,"Appliances,Press_mm_hg,Press_mm_hg_shuffled_1,RH_1,RH_1_shuffled_2,RH_2,RH_3,RH_3_shuffled_1,RH_5,RH_6,RH_7,RH_7_shuffled_1,RH_7_shuffled_2,RH_8,RH_9,RH_out,T2,T3,T3_shuffled_1,T3_shuffled_2,T4,T5,T6,T8,T8_shuffled_1,T8_shuffled_2,T9,T_out,T_out_shuffled_2,Visibility,Windspeed,Windspeed_shuffled_1,lights,noise_numeric_1,noise_numeric_2"
appliances_un_dirty,regression,155.9804549217224,76.85257231279738,37.92097091674805,0.48154211044311523,74.91158807405058,36.59420073032379,35,"Appliances,Press_mm_hg,Press_mm_hg_shuffled_1,RH_1,RH_1_shuffled_2,RH_2,RH_3,RH_3_shuffled_1,RH_5,RH_6,RH_7,RH_7_shuffled_1,RH_7_shuffled_2,RH_8,RH_9,RH_out,T1_shuffled_2,T2,T3,T3_shuffled_1,T3_shuffled_2,T4,T5,T6,T8,T8_shuffled_1,T8_shuffled_2,T9,T_out,T_out_shuffled_2,Visibility,Windspeed,Windspeed_shuffled_1,lights,noise_numeric_1,noise_numeric_2"
appliances_un_dirty,regression,155.9804549217224,77.03558874697947,38.13885498046875,0.47906988859176636,73.00748872932881,35.51970171928406,36,"Appliances,Press_mm_hg,Press_mm_hg_shuffled_1,RH_1,RH_1_shuffled_2,RH_2,RH_3,RH_3_shuffled_1,RH_5,RH_6,RH_7,RH_7_shuffled_1,RH_7_shuffled_2,RH_8,RH_8_shuffled_1,RH_9,RH_out,T1_shuffled_2,T2,T3,T3_shuffled_1,T3_shuffled_2,T4,T5,T6,T8,T8_shuffled_1,T8_shuffled_2,T9,T_out,T_out_shuffled_2,Visibility,Windspeed,Windspeed_shuffled_1,lights,noise_numeric_1,noise_numeric_2"
appliances_un_dirty,regression,155.9804549217224,77.50321628910797,38.247459411621094,0.4727262854576111,72.37436675144788,34.902416467666626,37,"Appliances,Press_mm_hg,Press_mm_hg_shuffled_1,RH_1,RH_1_shuffled_2,RH_2,RH_3,RH_3_shuffled_1,RH_4_shuffled_1,RH_5,RH_6,RH_7,RH_7_shuffled_1,RH_7_shuffled_2,RH_8,RH_8_shuffled_1,RH_9,RH_out,T1_shuffled_2,T2,T3,T3_shuffled_1,T3_shuffled_2,T4,T5,T6,T8,T8_shuffled_1,T8_shuffled_2,T9,T_out,T_out_shuffled_2,Visibility,Windspeed,Windspeed_shuffled_1,lights,noise_numeric_1,noise_numeric_2"
appliances_un_dirty,regression,155.9804549217224,77.6983663458409,38.37268829345703,0.4700676202774048,72.88827466645355,35.33347010612488,38,"Appliances,Press_mm_hg,Press_mm_hg_shuffled_1,RH_1,RH_1_shuffled_2,RH_2,RH_3,RH_3_shuffled_1,RH_4_shuffled_1,RH_5,RH_6,RH_7,RH_7_shuffled_1,RH_7_shuffled_2,RH_8,RH_8_shuffled_1,RH_9,RH_9_shuffled_1,RH_out,T1_shuffled_2,T2,T3,T3_shuffled_1,T3_shuffled_2,T4,T5,T6,T8,T8_shuffled_1,T8_shuffled_2,T9,T_out,T_out_shuffled_2,Visibility,Windspeed,Windspeed_shuffled_1,lights,noise_numeric_1,noise_numeric_2"
appliances_un_dirty,regression,155.9804549217224,78.00722059427416,38.355506896972656,0.4658462405204773,69.54171351078152,32.37316179275513,39,"Appliances,Press_mm_hg,Press_mm_hg_shuffled_1,RH_1,RH_1_shuffled_2,RH_2,RH_3,RH_3_shuffled_1,RH_4_shuffled_1,RH_5,RH_6,RH_7,RH_7_shuffled_1,RH_7_shuffled_2,RH_8,RH_8_shuffled_1,RH_9,RH_9_shuffled_1,RH_out,T1_shuffled_2,T2,T3,T3_shuffled_1,T3_shuffled_2,T4,T4_shuffled_2,T5,T6,T8,T8_shuffled_1,T8_shuffled_2,T9,T_out,T_out_shuffled_2,Visibility,Windspeed,Windspeed_shuffled_1,lights,noise_numeric_1,noise_numeric_2"
appliances_un_dirty,regression,155.9804549217224,78.0644890659319,38.41486358642578,0.46506166458129883,74.80292616031743,36.350993394851685,40,"Appliances,Press_mm_hg,Press_mm_hg_shuffled_1,RH_1,RH_1_shuffled_2,RH_2,RH_3,RH_3_shuffled_1,RH_4_shuffled_1,RH_5,RH_6,RH_7,RH_7_shuffled_1,RH_7_shuffled_2,RH_8,RH_8_shuffled_1,RH_9,RH_9_shuffled_1,RH_out,T1_shuffled_2,T2,T3,T3_shuffled_1,T3_shuffled_2,T4,T4_shuffled_2,T5,T5_shuffled_1,T6,T8,T8_shuffled_1,T8_shuffled_2,T9,T_out,T_out_shuffled_2,Visibility,Windspeed,Windspeed_shuffled_1,lights,noise_numeric_1,noise_numeric_2"
appliances_un_clean,regression,41.63049793243408,104.6083469422971,59.943138122558594,0.03942924737930298,9.081487581303762,3.9429931640625,1,"Appliances,RH_1"
appliances_un_clean,regression,41.63049793243408,98.96810368434367,54.18914031982422,0.14022034406661987,26.561536734238928,13.10626220703125,2,"Appliances,RH_1,T3"
appliances_un_clean,regression,41.63049793243408,92.13453987240615,48.3284797668457,0.25485360622406006,35.51246316806317,16.92997932434082,3,"Appliances,RH_1,RH_2,T3"
appliances_un_clean,regression,41.63049793243408,85.49273258130629,42.12632751464844,0.3584137558937073,52.47604645898323,23.68906021118164,4,"Appliances,RH_1,RH_2,RH_8,T3"
appliances_un_clean,regression,41.63049793243408,84.02762403854163,41.373130798339844,0.3802153468132019,58.669160031876245,27.23995018005371,5,"Appliances,RH_1,RH_2,RH_8,T3,lights"
appliances_un_clean,regression,41.63049793243408,78.53557737778783,38.51588439941406,0.4585859179496765,64.32383835678915,30.4345703125,6,"Appliances,RH_1,RH_2,RH_8,T2,T3,lights"
appliances_un_clean,regression,41.63049793243408,75.83734714938446,36.391326904296875,0.49514931440353394,68.34607109527022,31.98725175857544,7,"Appliances,RH_1,RH_2,RH_8,T2,T3,T8,lights"
appliances_un_clean,regression,41.63049793243408,76.00602296755008,35.368892669677734,0.492901086807251,70.03270219383687,31.6194851398468,8,"Appliances,RH_1,RH_2,RH_3,RH_8,T2,T3,T8,lights"
appliances_un_clean,regression,41.63049793243408,73.57831579132197,34.65449905395508,0.5247782468795776,70.65798045792742,32.840656876564026,9,"Appliances,RH_1,RH_2,RH_3,RH_8,RH_out,T2,T3,T8,lights"
appliances_un_clean,regression,41.63049793243408,73.29338585545254,34.499778747558594,0.528451681137085,58.89657145884008,26.432823181152344,10,"Appliances,RH_1,RH_2,RH_3,RH_8,RH_out,T2,T3,T8,T9,lights"
appliances_un_clean,regression,41.63049793243408,72.39863603687573,33.69686508178711,0.5398944616317749,69.8826078011969,32.107452034950256,11,"Appliances,RH_1,RH_2,RH_3,RH_8,RH_out,T2,T3,T4,T8,T9,lights"
appliances_un_clean,regression,41.63049793243408,71.89019880062754,33.79731750488281,0.5463342070579529,69.07649691916596,31.997920513153076,12,"Appliances,RH_1,RH_2,RH_3,RH_7,RH_8,RH_out,T2,T3,T4,T8,T9,lights"
appliances_un_clean,regression,41.63049793243408,70.85014238363428,32.8665771484375,0.5593658685684204,65.38545046014916,29.470789909362793,13,"Appliances,Press_mm_hg,RH_1,RH_2,RH_3,RH_7,RH_8,RH_out,T2,T3,T4,T8,T9,lights"
appliances_un_clean,regression,41.63049793243408,69.79005556287193,32.954124450683594,0.5724531412124634,64.40935729651112,29.650997161865234,14,"Appliances,Press_mm_hg,RH_1,RH_2,RH_3,RH_7,RH_8,RH_out,T2,T3,T4,T6,T8,T9,lights"
appliances_un_clean,regression,41.63049793243408,69.52689593108914,32.99687194824219,0.5756713151931763,57.39654175020428,26.04175043106079,15,"Appliances,Press_mm_hg,RH_1,RH_2,RH_3,RH_6,RH_7,RH_8,RH_out,T2,T3,T4,T6,T8,T9,lights"
appliances_un_clean,regression,41.63049793243408,69.1882057326247,32.82560348510742,0.5797953605651855,52.85313786809864,23.600050926208496,16,"Appliances,Press_mm_hg,RH_1,RH_2,RH_3,RH_5,RH_6,RH_7,RH_8,RH_out,T2,T3,T4,T6,T8,T9,lights"
appliances_un_clean,regression,41.63049793243408,69.16017908517696,32.78811264038086,0.5801357626914978,54.27083555837298,24.389330863952637,17,"Appliances,Press_mm_hg,RH_1,RH_2,RH_3,RH_5,RH_6,RH_7,RH_8,RH_9,RH_out,T2,T3,T4,T6,T8,T9,lights"
appliances_un_clean,regression,41.63049793243408,69.5314290728031,33.24836730957031,0.5756160020828247,50.50491655182498,22.792943000793457,18,"Appliances,Press_mm_hg,RH_1,RH_2,RH_3,RH_5,RH_6,RH_7,RH_8,RH_9,RH_out,T2,T3,T4,T5,T6,T8,T9,lights"
appliances_un_clean,regression,41.63049793243408,68.77496350757846,32.69265365600586,0.5848000049591064,51.33241079119914,22.957944869995117,19,"Appliances,Press_mm_hg,RH_1,RH_2,RH_3,RH_5,RH_6,RH_7,RH_8,RH_9,RH_out,T2,T3,T4,T5,T6,T8,T9,Windspeed,lights"
appliances_un_clean,regression,41.63049793243408,68.50424114379707,32.594261169433594,0.5880622863769531,50.50860653453046,22.785276412963867,20,"Appliances,Press_mm_hg,RH_1,RH_2,RH_3,RH_5,RH_6,RH_7,RH_8,RH_9,RH_out,T2,T3,T4,T5,T6,T8,T9,T_out,Windspeed,lights"
appliances_un_clean,regression,41.63049793243408,68.37864906853235,32.53588104248047,0.5895713567733765,48.84620066779816,21.778331756591797,21,"Appliances,Press_mm_hg,RH_1,RH_2,RH_3,RH_4,RH_5,RH_6,RH_7,RH_8,RH_9,RH_out,T2,T3,T4,T5,T6,T8,T9,T_out,Windspeed,lights"
appliances_un_clean,regression,41.63049793243408,68.0752183365026,32.13229751586914,0.5932058095932007,49.20893099384551,21.843780517578125,22,"Appliances,Press_mm_hg,RH_1,RH_2,RH_3,RH_4,RH_5,RH_6,RH_7,RH_8,RH_9,RH_out,T1,T2,T3,T4,T5,T6,T8,T9,T_out,Windspeed,lights"
appliances_un_clean,regression,41.63049793243408,67.8541023020624,31.888620376586914,0.5958441495895386,51.62051308262875,22.80672836303711,23,"Appliances,Press_mm_hg,RH_1,RH_2,RH_3,RH_4,RH_5,RH_6,RH_7,RH_8,RH_9,RH_out,T1,T2,T3,T4,T5,T6,T8,T9,T_out,Tdewpoint,Windspeed,lights"
appliances_un_clean,regression,41.63049793243408,68.08992072757539,32.30945587158203,0.5930300951004028,47.902583236695044,20.959409713745117,24,"Appliances,Press_mm_hg,RH_1,RH_2,RH_3,RH_4,RH_5,RH_6,RH_7,RH_8,RH_9,RH_out,T1,T2,T3,T4,T5,T6,T7,T8,T9,T_out,Tdewpoint,Windspeed,lights"
appliances_un_clean,regression,41.63049793243408,69.65006351509129,32.56544876098633,0.5741666555404663,66.66983523570916,30.664735794067383,25,"Appliances,Press_mm_hg,RH_1,RH_2,RH_3,RH_4,RH_5,RH_6,RH_7,RH_8,RH_9,RH_out,T1,T2,T3,T4,T5,T6,T7,T8,T9,T_out,Tdewpoint,Windspeed,lights,rv1"
appliances_un_clean,regression,41.63049793243408,69.65006351509129,32.56544876098633,0.5741666555404663,66.66983523570916,30.664735794067383,26,"Appliances,Press_mm_hg,RH_1,RH_2,RH_3,RH_4,RH_5,RH_6,RH_7,RH_8,RH_9,RH_out,T1,T2,T3,T4,T5,T6,T7,T8,T9,T_out,Tdewpoint,Windspeed,lights,rv1,rv2"
appliances_mn_dirty,regression,207.35608339309692,104.6083469422971,59.943138122558594,0.03942924737930298,9.081487581303762,3.9429931640625,1,"Appliances,RH_1"
appliances_mn_dirty,regression,207.35608339309692,98.96810368434367,54.18914031982422,0.14022034406661987,26.561536734238928,13.10626220703125,2,"Appliances,RH_1,T3"
appliances_mn_dirty,regression,207.35608339309692,97.76022464907443,52.72877883911133,0.16107910871505737,25.21838260149302,11.341651916503906,3,"Appliances,RH_1,T3,lights"
appliances_mn_dirty,regression,207.35608339309692,88.73605194092478,45.16552734375,0.30881088972091675,46.68561777346493,21.5363712310791,4,"Appliances,RH_1,RH_8,T3,lights"
appliances_mn_dirty,regression,207.35608339309692,82.26276259265185,40.41926574707031,0.4059770703315735,57.28277670746331,26.719663619995117,5,"Appliances,RH_1,RH_8,T3,T8,lights"
appliances_mn_dirty,regression,207.35608339309692,78.62865154477724,37.74460983276367,0.45730191469192505,70.04419945463262,32.75519418716431,6,"Appliances,RH_1,RH_2,RH_8,T3,T8,lights"
appliances_mn_dirty,regression,207.35608339309692,76.3838828457532,36.37916564941406,0.4878464937210083,68.5917154566612,31.726389408111572,7,"Appliances,RH_1,RH_2,RH_8,T3,T8,T9,lights"
appliances_mn_dirty,regression,207.35608339309692,74.32261153873363,35.10578155517578,0.5151152014732361,69.26988018364176,32.14740824699402,8,"Appliances,RH_1,RH_2,RH_8,T2,T3,T8,T9,lights"
appliances_mn_dirty,regression,207.35608339309692,75.02151709572227,34.98530578613281,0.5059528946876526,68.46782834955492,30.99170184135437,9,"Appliances,RH_1,RH_2,RH_3,RH_8,T2,T3,T8,T9,lights"
appliances_mn_dirty,regression,207.35608339309692,73.7348004729195,34.485164642333984,0.5227546691894531,69.69909854761491,31.972609043121338,10,"Appliances,RH_1,RH_2,RH_3,RH_7,RH_8,T2,T3,T8,T9,lights"
appliances_mn_dirty,regression,207.35608339309692,73.3647378897042,33.81911849975586,0.5275330543518066,67.31004030906743,29.91930341720581,11,"Appliances,RH_1,RH_2,RH_3,RH_7,RH_8,T2,T3,T4,T8,T9,lights"
appliances_mn_dirty,regression,207.35608339309692,71.53004517880056,33.01817321777344,0.5508683919906616,66.92768504227344,30.160202503204346,12,"Appliances,RH_1,RH_2,RH_3,RH_7,RH_8,T2,T3,T4,T6,T8,T9,lights"
appliances_mn_dirty,regression,207.35608339309692,70.29226792249273,32.98134231567383,0.5662776827812195,55.830600788853545,24.906489372253418,13,"Appliances,RH_1,RH_2,RH_3,RH_7,RH_8,T2,T3,T4,T5,T6,T8,T9,lights"
appliances_mn_dirty,regression,207.35608339309692,70.38695363622082,33.611358642578125,0.5651084184646606,52.269329867756454,23.542332649230957,14,"Appliances,RH_1,RH_2,RH_3,RH_7,RH_8,T2,T3,T4,T5,T6,T8,T9,Windspeed,lights"
appliances_mn_dirty,regression,207.35608339309692,69.80436529374434,33.466651916503906,0.5722777843475342,52.70085245669278,23.83462619781494,15,"Appliances,RH_1,RH_2,RH_3,RH_7,RH_8,RH_9,T2,T3,T4,T5,T6,T8,T9,Windspeed,lights"
appliances_mn_dirty,regression,207.35608339309692,69.44332572883624,33.30948257446289,0.5766907930374146,50.80255174839638,22.931859970092773,16,"Appliances,RH_1,RH_2,RH_3,RH_7,RH_8,RH_9,T2,T3,T4,T5,T6,T8,T9,T_out,Windspeed,lights"
appliances_mn_dirty,regression,207.35608339309692,68.53819290526086,32.22125244140625,0.5876538753509521,53.344739753433984,23.665169715881348,17,"Appliances,RH_1,RH_2,RH_3,RH_7,RH_8,RH_9,RH_out,T2,T3,T4,T5,T6,T8,T9,T_out,Windspeed,lights"
appliances_mn_dirty,regression,207.35608339309692,69.68678531023654,33.45507049560547,0.573717474937439,47.759714889491136,21.488265991210938,18,"Appliances,RH_1,RH_2,RH_3,RH_6,RH_7,RH_8,RH_9,RH_out,T2,T3,T4,T5,T6,T8,T9,T_out,Windspeed,lights"
appliances_mn_dirty,regression,207.35608339309692,70.63923736471644,34.44395446777344,0.5619853734970093,56.196806777397306,26.193196296691895,19,"Appliances,RH_1,RH_2,RH_3,RH_6,RH_7,RH_8,RH_9,RH_out,T2,T3,T3_shuffled_2,T4,T5,T6,T8,T9,T_out,Windspeed,lights"
appliances_mn_dirty,regression,207.35608339309692,70.3076734454533,33.48290252685547,0.566087543964386,60.00574941778376,27.617260932922363,20,"Appliances,RH_1,RH_2,RH_3,RH_5,RH_6,RH_7,RH_8,RH_9,RH_out,T2,T3,T3_shuffled_2,T4,T5,T6,T8,T9,T_out,Windspeed,lights"
appliances_mn_dirty,regression,207.35608339309692,71.97425890769908,34.60066223144531,0.545272707939148,70.81028750316194,33.88310217857361,21,"Appliances,RH_1,RH_2,RH_3,RH_5,RH_6,RH_7,RH_8,RH_9,RH_out,T2,T3,T3_shuffled_1,T3_shuffled_2,T4,T5,T6,T8,T9,T_out,Windspeed,lights"
appliances_mn_dirty,regression,207.35608339309692,73.04839069283115,35.28680419921875,0.5315988063812256,70.23301935241186,33.47849261760712,22,"Appliances,RH_1,RH_2,RH_3,RH_5,RH_6,RH_7,RH_8,RH_9,RH_out,T2,T3,T3_shuffled_1,T3_shuffled_2,T4,T5,T6,T8,T9,T_out,Windspeed,lights,noise_numeric_1"
appliances_mn_dirty,regression,207.35608339309692,72.25192268743615,34.780696868896484,0.541757345199585,67.1526155284,31.51422953605652,23,"Appliances,Press_mm_hg,RH_1,RH_2,RH_3,RH_5,RH_6,RH_7,RH_8,RH_9,RH_out,T2,T3,T3_shuffled_1,T3_shuffled_2,T4,T5,T6,T8,T9,T_out,Windspeed,lights,noise_numeric_1"
appliances_mn_dirty,regression,207.35608339309692,73.9898773693064,36.3267822265625,0.5194469690322876,66.30059316642155,31.643935680389404,24,"Appliances,Press_mm_hg,RH_1,RH_2,RH_3,RH_5,RH_6,RH_7,RH_8,RH_9,RH_out,T2,T3,T3_shuffled_1,T3_shuffled_2,T4,T5,T6,T8,T8_shuffled_2,T9,T_out,Windspeed,lights,noise_numeric_1"
appliances_mn_dirty,regression,207.35608339309692,73.16156270756181,35.851383209228516,0.5301463603973389,72.04474051788254,35.12952882051468,25,"Appliances,Press_mm_hg,RH_1,RH_2,RH_3,RH_5,RH_6,RH_7,RH_8,RH_9,RH_out,T2,T3,T3_shuffled_1,T3_shuffled_2,T4,T5,T6,T8,T8_shuffled_2,T9,T_out,Visibility,Windspeed,lights,noise_numeric_1"
appliances_mn_dirty,regression,207.35608339309692,73.85269928314231,36.3525505065918,0.521227240562439,70.73568387949891,34.15733194351196,26,"Appliances,Press_mm_hg,RH_1,RH_2,RH_3,RH_5,RH_6,RH_7,RH_8,RH_9,RH_out,T2,T3,T3_shuffled_1,T3_shuffled_2,T4,T5,T6,T8,T8_shuffled_2,T9,T_out,T_out_shuffled_2,Visibility,Windspeed,lights,noise_numeric_1"
appliances_mn_dirty,regression,207.35608339309692,75.01151278824638,36.65008544921875,0.506084680557251,74.00586142834621,35.97539669275284,27,"Appliances,Press_mm_hg,RH_1,RH_2,RH_3,RH_5,RH_6,RH_7,RH_7_shuffled_2,RH_8,RH_9,RH_out,T2,T3,T3_shuffled_1,T3_shuffled_2,T4,T5,T6,T8,T8_shuffled_2,T9,T_out,T_out_shuffled_2,Visibility,Windspeed,lights,noise_numeric_1"
appliances_mn_dirty,regression,207.35608339309692,74.55846266835677,36.32041931152344,0.5120328664779663,74.14534908199055,36.08362913131714,28,"Appliances,Press_mm_hg,RH_1,RH_1_shuffled_2,RH_2,RH_3,RH_5,RH_6,RH_7,RH_7_shuffled_2,RH_8,RH_9,RH_out,T2,T3,T3_shuffled_1,T3_shuffled_2,T4,T5,T6,T8,T8_shuffled_2,T9,T_out,T_out_shuffled_2,Visibility,Windspeed,lights,noise_numeric_1"
appliances_mn_dirty,regression,207.35608339309692,75.22521523938964,36.6725959777832,0.5032663941383362,74.32558035746243,36.051596999168396,29,"Appliances,Press_mm_hg,Press_mm_hg_shuffled_1,RH_1,RH_1_shuffled_2,RH_2,RH_3,RH_5,RH_6,RH_7,RH_7_shuffled_2,RH_8,RH_9,RH_out,T2,T3,T3_shuffled_1,T3_shuffled_2,T4,T5,T6,T8,T8_shuffled_2,T9,T_out,T_out_shuffled_2,Visibility,Windspeed,lights,noise_numeric_1"
appliances_mn_dirty,regression,207.35608339309692,75.38162672984379,36.70106506347656,0.5011985898017883,70.45100376863041,33.59193444252014,30,"Appliances,Press_mm_hg,Press_mm_hg_shuffled_1,RH_1,RH_1_shuffled_2,RH_2,RH_3,RH_5,RH_6,RH_7,RH_7_shuffled_2,RH_8,RH_8_shuffled_1,RH_9,RH_out,T2,T3,T3_shuffled_1,T3_shuffled_2,T4,T5,T6,T8,T8_shuffled_2,T9,T_out,T_out_shuffled_2,Visibility,Windspeed,lights,noise_numeric_1"
appliances_mn_dirty,regression,207.35608339309692,76.00205589324541,37.46692657470703,0.4929540157318115,71.7749749082672,34.808157205581665,31,"Appliances,Press_mm_hg,Press_mm_hg_shuffled_1,RH_1,RH_1_shuffled_2,RH_2,RH_3,RH_3_shuffled_1,RH_5,RH_6,RH_7,RH_7_shuffled_2,RH_8,RH_8_shuffled_1,RH_9,RH_out,T2,T3,T3_shuffled_1,T3_shuffled_2,T4,T5,T6,T8,T8_shuffled_2,T9,T_out,T_out_shuffled_2,Visibility,Windspeed,lights,noise_numeric_1"
appliances_mn_dirty,regression,207.35608339309692,76.15975384327834,37.17625045776367,0.49084770679473877,71.57246274792524,34.38450074195862,32,"Appliances,Press_mm_hg,Press_mm_hg_shuffled_1,RH_1,RH_1_shuffled_2,RH_2,RH_3,RH_3_shuffled_1,RH_5,RH_6,RH_7,RH_7_shuffled_2,RH_8,RH_8_shuffled_1,RH_9,RH_out,T2,T3,T3_shuffled_1,T3_shuffled_2,T4,T5,T6,T8,T8_shuffled_2,T9,T_out,T_out_shuffled_2,Visibility,Windspeed,lights,noise_numeric_1,noise_numeric_2"
appliances_mn_dirty,regression,207.35608339309692,76.52270330492611,37.68858337402344,0.4859832525253296,75.20024016435717,36.74445903301239,33,"Appliances,Press_mm_hg,Press_mm_hg_shuffled_1,RH_1,RH_1_shuffled_2,RH_2,RH_3,RH_3_shuffled_1,RH_5,RH_6,RH_7,RH_7_shuffled_1,RH_7_shuffled_2,RH_8,RH_8_shuffled_1,RH_9,RH_out,T2,T3,T3_shuffled_1,T3_shuffled_2,T4,T5,T6,T8,T8_shuffled_2,T9,T_out,T_out_shuffled_2,Visibility,Windspeed,lights,noise_numeric_1,noise_numeric_2"
appliances_mn_dirty,regression,207.35608339309692,76.69860033252725,37.769474029541016,0.48361748456954956,73.3219147985135,35.625558376312256,34,"Appliances,Press_mm_hg,Press_mm_hg_shuffled_1,RH_1,RH_1_shuffled_2,RH_2,RH_3,RH_3_shuffled_1,RH_5,RH_6,RH_7,RH_7_shuffled_1,RH_7_shuffled_2,RH_8,RH_8_shuffled_1,RH_9,RH_out,T2,T3,T3_shuffled_1,T3_shuffled_2,T4,T5,T6,T8,T8_shuffled_2,T9,T_out,T_out_shuffled_2,Visibility,Windspeed,Windspeed_shuffled_1,lights,noise_numeric_1,noise_numeric_2"
appliances_mn_dirty,regression,207.35608339309692,76.8313900694241,37.978355407714844,0.48182785511016846,73.01603624311306,35.516958236694336,35,"Appliances,Press_mm_hg,Press_mm_hg_shuffled_1,RH_1,RH_1_shuffled_2,RH_2,RH_3,RH_3_shuffled_1,RH_5,RH_6,RH_7,RH_7_shuffled_1,RH_7_shuffled_2,RH_8,RH_8_shuffled_1,RH_9,RH_out,T1_shuffled_2,T2,T3,T3_shuffled_1,T3_shuffled_2,T4,T5,T6,T8,T8_shuffled_2,T9,T_out,T_out_shuffled_2,Visibility,Windspeed,Windspeed_shuffled_1,lights,noise_numeric_1,noise_numeric_2"
appliances_mn_dirty,regression,207.35608339309692,76.73994742798564,37.79573059082031,0.4830605983734131,72.40134917166921,34.72895526885986,36,"Appliances,Press_mm_hg,Press_mm_hg_shuffled_1,RH_1,RH_1_shuffled_2,RH_2,RH_3,RH_3_shuffled_1,RH_4_shuffled_1,RH_5,RH_6,RH_7,RH_7_shuffled_1,RH_7_shuffled_2,RH_8,RH_8_shuffled_1,RH_9,RH_out,T1_shuffled_2,T2,T3,T3_shuffled_1,T3_shuffled_2,T4,T5,T6,T8,T8_shuffled_2,T9,T_out,T_out_shuffled_2,Visibility,Windspeed,Windspeed_shuffled_1,lights,noise_numeric_1,noise_numeric_2"
appliances_mn_dirty,regression,207.35608339309692,76.97472888369761,37.97787857055664,0.47989267110824585,69.81897811005257,33.237431049346924,37,"Appliances,Press_mm_hg,Press_mm_hg_shuffled_1,RH_1,RH_1_shuffled_2,RH_2,RH_3,RH_3_shuffled_1,RH_4_shuffled_1,RH_5,RH_6,RH_7,RH_7_shuffled_1,RH_7_shuffled_2,RH_8,RH_8_shuffled_1,RH_9,RH_out,T1_shuffled_2,T2,T3,T3_shuffled_1,T3_shuffled_2,T4,T5,T6,T8,T8_shuffled_1,T8_shuffled_2,T9,T_out,T_out_shuffled_2,Visibility,Windspeed,Windspeed_shuffled_1,lights,noise_numeric_1,noise_numeric_2"
appliances_mn_dirty,regression,207.35608339309692,77.92929863624785,38.716365814208984,0.4669128656387329,70.09736723492048,33.48906850814819,38,"Appliances,Press_mm_hg,Press_mm_hg_shuffled_1,RH_1,RH_1_shuffled_2,RH_2,RH_3,RH_3_shuffled_1,RH_4_shuffled_1,RH_5,RH_6,RH_7,RH_7_shuffled_1,RH_7_shuffled_2,RH_8,RH_8_shuffled_1,RH_9,RH_9_shuffled_1,RH_out,T1_shuffled_2,T2,T3,T3_shuffled_1,T3_shuffled_2,T4,T5,T6,T8,T8_shuffled_1,T8_shuffled_2,T9,T_out,T_out_shuffled_2,Visibility,Windspeed,Windspeed_shuffled_1,lights,noise_numeric_1,noise_numeric_2"
appliances_mn_dirty,regression,207.35608339309692,77.59854495857188,38.06462097167969,0.47142839431762695,74.1386512758181,35.74630284309387,39,"Appliances,Press_mm_hg,Press_mm_hg_shuffled_1,RH_1,RH_1_shuffled_2,RH_2,RH_3,RH_3_shuffled_1,RH_4_shuffled_1,RH_5,RH_6,RH_7,RH_7_shuffled_1,RH_7_shuffled_2,RH_8,RH_8_shuffled_1,RH_9,RH_9_shuffled_1,RH_out,T1_shuffled_2,T2,T3,T3_shuffled_1,T3_shuffled_2,T4,T5,T6,T8,T8_shuffled_1,T8_shuffled_2,T9,T_out,T_out_shuffled_2,Visibility,Windspeed,Windspeed_shuffled_1,lights,noise_numeric_1,noise_numeric_2,rv2_shuffled_2"
appliances_mn_dirty,regression,207.35608339309692,77.826887475104,38.08757400512695,0.4683130383491516,74.13180505770787,35.49192214012146,40,"Appliances,Press_mm_hg,Press_mm_hg_shuffled_1,RH_1,RH_1_shuffled_2,RH_2,RH_3,RH_3_shuffled_1,RH_4_shuffled_1,RH_5,RH_5_shuffled_2,RH_6,RH_7,RH_7_shuffled_1,RH_7_shuffled_2,RH_8,RH_8_shuffled_1,RH_9,RH_9_shuffled_1,RH_out,T1_shuffled_2,T2,T3,T3_shuffled_1,T3_shuffled_2,T4,T5,T6,T8,T8_shuffled_1,T8_shuffled_2,T9,T_out,T_out_shuffled_2,Visibility,Windspeed,Windspeed_shuffled_1,lights,noise_numeric_1,noise_numeric_2,rv2_shuffled_2"
appliances_mn_clean,regression,3.3759565353393555,104.822217423717,59.714996337890625,0.03549754619598389,5.632910768778132,1.7133102416992188,1,"Appliances,lights"
superconductivity,regression,100.11099624633789,21.696585007313175,15.106784333744914,0.5955497484337141,0.09066300972537888,0.20883628577607816,1,"critical_temp,range_atomic_radius"
superconductivity,regression,100.11099624633789,16.43259835204378,10.119705326264668,0.7679963454969185,3.3547526951087807,2.1004140317087074,2,"critical_temp,range_atomic_radius,wtd_std_ThermalConductivity"
superconductivity,regression,100.11099624633789,12.217436406997866,7.2486262393076295,0.871754386446629,4.055880393515093,2.322966114364294,3,"critical_temp,range_atomic_radius,std_Density,wtd_std_ThermalConductivity"
superconductivity,regression,100.11099624633789,11.502789951055222,6.7335720389351605,0.88631878043591,3.932987227819935,2.2741977195302274,4,"critical_temp,gmean_ElectronAffinity,range_atomic_radius,std_Density,wtd_std_ThermalConductivity"
superconductivity,regression,100.11099624633789,11.374267921606418,6.589303834421678,0.888844935996574,4.01563399536731,2.3020126074369953,5,"critical_temp,gmean_Density,gmean_ElectronAffinity,range_atomic_radius,std_Density,wtd_std_ThermalConductivity"
superconductivity,regression,100.11099624633789,10.621099446591083,6.090976864104238,0.903078239135957,4.526133316011179,2.6509995288085983,6,"critical_temp,gmean_Density,gmean_ElectronAffinity,range_atomic_radius,std_Density,wtd_mean_ThermalConductivity,wtd_std_ThermalConductivity"
superconductivity,regression,100.11099624633789,10.149993585923184,5.782433238868961,0.9114856099595438,4.4301161004488625,2.535138798421994,7,"critical_temp,gmean_Density,gmean_ElectronAffinity,range_atomic_radius,std_Density,wtd_gmean_ElectronAffinity,wtd_mean_ThermalConductivity,wtd_std_ThermalConductivity"
superconductivity,regression,100.11099624633789,9.652540048179416,5.476921361604308,0.9199492196808694,4.335360184344645,2.523818244480304,8,"critical_temp,gmean_Density,gmean_ElectronAffinity,range_atomic_radius,std_Density,wtd_gmean_ElectronAffinity,wtd_mean_ThermalConductivity,wtd_std_ThermalConductivity,wtd_std_Valence"
superconductivity,regression,100.11099624633789,9.618787050578398,5.442349012333461,0.9205080839149907,4.057398151126046,2.3268393472742015,9,"critical_temp,gmean_Density,gmean_ElectronAffinity,range_atomic_radius,std_Density,wtd_gmean_ElectronAffinity,wtd_gmean_ThermalConductivity,wtd_mean_ThermalConductivity,wtd_std_ThermalConductivity,wtd_std_Valence"
superconductivity,regression,100.11099624633789,9.645206384494298,5.444248396689961,0.920070813060789,3.9944020579643498,2.2846769934392497,10,"critical_temp,gmean_Density,gmean_ElectronAffinity,range_ThermalConductivity,range_atomic_radius,std_Density,wtd_gmean_ElectronAffinity,wtd_gmean_ThermalConductivity,wtd_mean_ThermalConductivity,wtd_std_ThermalConductivity,wtd_std_Valence"
superconductivity,regression,100.11099624633789,9.679103389566707,5.4370888015709244,0.919508021386002,4.66236034348611,2.7582187529520756,11,"critical_temp,gmean_Density,gmean_ElectronAffinity,range_ThermalConductivity,range_atomic_radius,std_Density,wtd_gmean_ElectronAffinity,wtd_gmean_ThermalConductivity,wtd_mean_ThermalConductivity,wtd_std_Density,wtd_std_ThermalConductivity,wtd_std_Valence"
superconductivity,regression,100.11099624633789,9.564112884827141,5.406628099836944,0.9214091959120578,4.08701834115521,2.3615708875380146,12,"critical_temp,gmean_Density,gmean_ElectronAffinity,range_ThermalConductivity,range_atomic_radius,std_Density,wtd_entropy_ThermalConductivity,wtd_gmean_ElectronAffinity,wtd_gmean_ThermalConductivity,wtd_mean_ThermalConductivity,wtd_std_Density,wtd_std_ThermalConductivity,wtd_std_Valence"
superconductivity,regression,100.11099624633789,9.531153831132254,5.321629797057314,0.92194992882923,4.113500844165454,2.3455811494182215,13,"critical_temp,gmean_Density,gmean_ElectronAffinity,range_ThermalConductivity,range_atomic_radius,std_Density,wtd_entropy_ThermalConductivity,wtd_gmean_ElectronAffinity,wtd_gmean_ThermalConductivity,wtd_mean_ThermalConductivity,wtd_mean_Valence,wtd_std_Density,wtd_std_ThermalConductivity,wtd_std_Valence"
superconductivity,regression,100.11099624633789,9.517599083445846,5.327126600763452,0.9221717690719327,3.950534879365846,2.2379165032424138,14,"critical_temp,gmean_Density,gmean_ElectronAffinity,range_ThermalConductivity,range_atomic_radius,std_Density,wtd_entropy_ThermalConductivity,wtd_gmean_ElectronAffinity,wtd_gmean_ThermalConductivity,wtd_mean_Density,wtd_mean_ThermalConductivity,wtd_mean_Valence,wtd_std_Density,wtd_std_ThermalConductivity,wtd_std_Valence"
superconductivity,regression,100.11099624633789,9.516315459316946,5.290598862000587,0.922192760806807,3.885481436351366,2.1699333781262373,15,"critical_temp,gmean_Density,gmean_ElectronAffinity,range_ThermalConductivity,range_atomic_radius,std_Density,wtd_entropy_ThermalConductivity,wtd_gmean_ElectronAffinity,wtd_gmean_ThermalConductivity,wtd_gmean_Valence,wtd_mean_Density,wtd_mean_ThermalConductivity,wtd_mean_Valence,wtd_std_Density,wtd_std_ThermalConductivity,wtd_std_Valence"
superconductivity,regression,100.11099624633789,9.519609331361178,5.273065827137262,0.9221388888129033,4.159829948265,2.3587258281026577,16,"critical_temp,gmean_Density,gmean_ElectronAffinity,range_ThermalConductivity,range_atomic_radius,std_Density,wtd_entropy_ThermalConductivity,wtd_gmean_ElectronAffinity,wtd_gmean_ThermalConductivity,wtd_gmean_Valence,wtd_mean_Density,wtd_mean_ThermalConductivity,wtd_mean_Valence,wtd_range_Valence,wtd_std_Density,wtd_std_ThermalConductivity,wtd_std_Valence"
superconductivity,regression,100.11099624633789,9.482048914096167,5.251747577983746,0.9227520917924574,4.0797198811008775,2.2935959313279755,17,"critical_temp,gmean_Density,gmean_ElectronAffinity,range_ThermalConductivity,range_atomic_radius,std_Density,wtd_entropy_ThermalConductivity,wtd_gmean_Density,wtd_gmean_ElectronAffinity,wtd_gmean_ThermalConductivity,wtd_gmean_Valence,wtd_mean_Density,wtd_mean_ThermalConductivity,wtd_mean_Valence,wtd_range_Valence,wtd_std_Density,wtd_std_ThermalConductivity,wtd_std_Valence"
superconductivity,regression,100.11099624633789,9.493251555212868,5.263121532895294,0.9225694536715499,4.27417973852461,2.447198455181879,18,"critical_temp,entropy_ThermalConductivity,gmean_Density,gmean_ElectronAffinity,range_ThermalConductivity,range_atomic_radius,std_Density,wtd_entropy_ThermalConductivity,wtd_gmean_Density,wtd_gmean_ElectronAffinity,wtd_gmean_ThermalConductivity,wtd_gmean_Valence,wtd_mean_Density,wtd_mean_ThermalConductivity,wtd_mean_Valence,wtd_range_Valence,wtd_std_Density,wtd_std_ThermalConductivity,wtd_std_Valence"
superconductivity,regression,100.11099624633789,9.448700474616215,5.215564611422836,0.9232944992696219,4.357329058901745,2.528814254691514,19,"critical_temp,entropy_ThermalConductivity,gmean_Density,gmean_ElectronAffinity,range_ThermalConductivity,range_atomic_radius,std_Density,wtd_entropy_ThermalConductivity,wtd_gmean_Density,wtd_gmean_ElectronAffinity,wtd_gmean_ThermalConductivity,wtd_gmean_Valence,wtd_mean_Density,wtd_mean_ThermalConductivity,wtd_mean_Valence,wtd_range_Valence,wtd_std_Density,wtd_std_ElectronAffinity,wtd_std_ThermalConductivity,wtd_std_Valence"
superconductivity,regression,100.11099624633789,9.413955232860888,5.223506996687388,0.9238575927784709,4.170806750718454,2.412546851125165,20,"critical_temp,entropy_ThermalConductivity,gmean_Density,gmean_ElectronAffinity,range_ThermalConductivity,range_atomic_radius,std_Density,wtd_entropy_ThermalConductivity,wtd_entropy_Valence,wtd_gmean_Density,wtd_gmean_ElectronAffinity,wtd_gmean_ThermalConductivity,wtd_gmean_Valence,wtd_mean_Density,wtd_mean_ThermalConductivity,wtd_mean_Valence,wtd_range_Valence,wtd_std_Density,wtd_std_ElectronAffinity,wtd_std_ThermalConductivity,wtd_std_Valence"
superconductivity,regression,100.11099624633789,9.398407330586307,5.2188750000376425,0.9241088956711793,4.142479724921596,2.384877049989177,21,"critical_temp,entropy_ThermalConductivity,gmean_Density,gmean_ElectronAffinity,range_ThermalConductivity,range_atomic_radius,std_Density,wtd_entropy_ThermalConductivity,wtd_entropy_Valence,wtd_gmean_Density,wtd_gmean_ElectronAffinity,wtd_gmean_ThermalConductivity,wtd_gmean_Valence,wtd_mean_Density,wtd_mean_ThermalConductivity,wtd_mean_Valence,wtd_range_ElectronAffinity,wtd_range_Valence,wtd_std_Density,wtd_std_ElectronAffinity,wtd_std_ThermalConductivity,wtd_std_Valence"
superconductivity,regression,100.11099624633789,9.415560616858611,5.225206086011941,0.9238316210754347,4.172753735686197,2.4094826856006364,22,"critical_temp,entropy_ThermalConductivity,gmean_Density,gmean_ElectronAffinity,range_ThermalConductivity,range_atomic_radius,range_fie,std_Density,wtd_entropy_ThermalConductivity,wtd_entropy_Valence,wtd_gmean_Density,wtd_gmean_ElectronAffinity,wtd_gmean_ThermalConductivity,wtd_gmean_Valence,wtd_mean_Density,wtd_mean_ThermalConductivity,wtd_mean_Valence,wtd_range_ElectronAffinity,wtd_range_Valence,wtd_std_Density,wtd_std_ElectronAffinity,wtd_std_ThermalConductivity,wtd_std_Valence"
superconductivity,regression,100.11099624633789,9.445772015586728,5.223075176432631,0.9233420389512812,4.338941129071548,2.5212305913246262,23,"critical_temp,entropy_ThermalConductivity,gmean_Density,gmean_ElectronAffinity,range_ThermalConductivity,range_atomic_radius,range_fie,std_Density,wtd_entropy_ThermalConductivity,wtd_entropy_Valence,wtd_gmean_Density,wtd_gmean_ElectronAffinity,wtd_gmean_ThermalConductivity,wtd_gmean_Valence,wtd_mean_Density,wtd_mean_ThermalConductivity,wtd_mean_Valence,wtd_range_Density,wtd_range_ElectronAffinity,wtd_range_Valence,wtd_std_Density,wtd_std_ElectronAffinity,wtd_std_ThermalConductivity,wtd_std_Valence"
superconductivity,regression,100.11099624633789,9.443051817609316,5.210808821121117,0.9233861845869609,4.366993546469317,2.5341929500064055,24,"critical_temp,entropy_ThermalConductivity,gmean_Density,gmean_ElectronAffinity,mean_Density,range_ThermalConductivity,range_atomic_radius,range_fie,std_Density,wtd_entropy_ThermalConductivity,wtd_entropy_Valence,wtd_gmean_Density,wtd_gmean_ElectronAffinity,wtd_gmean_ThermalConductivity,wtd_gmean_Valence,wtd_mean_Density,wtd_mean_ThermalConductivity,wtd_mean_Valence,wtd_range_Density,wtd_range_ElectronAffinity,wtd_range_Valence,wtd_std_Density,wtd_std_ElectronAffinity,wtd_std_ThermalConductivity,wtd_std_Valence"
superconductivity,regression,100.11099624633789,9.428536689103463,5.238239443986649,0.9236215332246044,4.272569378525451,2.497867792355947,25,"critical_temp,entropy_ThermalConductivity,gmean_Density,gmean_ElectronAffinity,mean_Density,range_ThermalConductivity,range_atomic_radius,range_fie,std_Density,wtd_entropy_FusionHeat,wtd_entropy_ThermalConductivity,wtd_entropy_Valence,wtd_gmean_Density,wtd_gmean_ElectronAffinity,wtd_gmean_ThermalConductivity,wtd_gmean_Valence,wtd_mean_Density,wtd_mean_ThermalConductivity,wtd_mean_Valence,wtd_range_Density,wtd_range_ElectronAffinity,wtd_range_Valence,wtd_std_Density,wtd_std_ElectronAffinity,wtd_std_ThermalConductivity,wtd_std_Valence"
superconductivity,regression,100.11099624633789,9.429387096829268,5.209800377084353,0.9236077546777129,4.312519616372574,2.5108110363311837,26,"critical_temp,entropy_Density,entropy_ThermalConductivity,gmean_Density,gmean_ElectronAffinity,mean_Density,range_ThermalConductivity,range_atomic_radius,range_fie,std_Density,wtd_entropy_FusionHeat,wtd_entropy_ThermalConductivity,wtd_entropy_Valence,wtd_gmean_Density,wtd_gmean_ElectronAffinity,wtd_gmean_ThermalConductivity,wtd_gmean_Valence,wtd_mean_Density,wtd_mean_ThermalConductivity,wtd_mean_Valence,wtd_range_Density,wtd_range_ElectronAffinity,wtd_range_Valence,wtd_std_Density,wtd_std_ElectronAffinity,wtd_std_ThermalConductivity,wtd_std_Valence"
superconductivity,regression,100.11099624633789,9.372132934307576,5.220958060357028,0.9245326282576989,4.233600630363137,2.4896449441429422,27,"critical_temp,entropy_Density,entropy_ThermalConductivity,gmean_Density,gmean_ElectronAffinity,mean_Density,range_ThermalConductivity,range_atomic_radius,range_fie,std_Density,wtd_entropy_ElectronAffinity,wtd_entropy_FusionHeat,wtd_entropy_ThermalConductivity,wtd_entropy_Valence,wtd_gmean_Density,wtd_gmean_ElectronAffinity,wtd_gmean_ThermalConductivity,wtd_gmean_Valence,wtd_mean_Density,wtd_mean_ThermalConductivity,wtd_mean_Valence,wtd_range_Density,wtd_range_ElectronAffinity,wtd_range_Valence,wtd_std_Density,wtd_std_ElectronAffinity,wtd_std_ThermalConductivity,wtd_std_Valence"
superconductivity,regression,100.11099624633789,9.393953185046682,5.228635612221598,0.9241808120951903,4.30888041242445,2.544155088265062,28,"critical_temp,entropy_Density,entropy_ThermalConductivity,gmean_Density,gmean_ElectronAffinity,mean_Density,range_ThermalConductivity,range_atomic_radius,range_fie,std_Density,wtd_entropy_Density,wtd_entropy_ElectronAffinity,wtd_entropy_FusionHeat,wtd_entropy_ThermalConductivity,wtd_entropy_Valence,wtd_gmean_Density,wtd_gmean_ElectronAffinity,wtd_gmean_ThermalConductivity,wtd_gmean_Valence,wtd_mean_Density,wtd_mean_ThermalConductivity,wtd_mean_Valence,wtd_range_Density,wtd_range_ElectronAffinity,wtd_range_Valence,wtd_std_Density,wtd_std_ElectronAffinity,wtd_std_ThermalConductivity,wtd_std_Valence"
superconductivity,regression,100.11099624633789,9.283462674188772,5.17333277514278,0.9259538748845153,4.285016244714315,2.587304685882195,29,"critical_temp,entropy_Density,entropy_ThermalConductivity,gmean_Density,gmean_ElectronAffinity,mean_Density,range_ThermalConductivity,range_atomic_mass,range_atomic_radius,range_fie,std_Density,wtd_entropy_Density,wtd_entropy_ElectronAffinity,wtd_entropy_FusionHeat,wtd_entropy_ThermalConductivity,wtd_entropy_Valence,wtd_gmean_Density,wtd_gmean_ElectronAffinity,wtd_gmean_ThermalConductivity,wtd_gmean_Valence,wtd_mean_Density,wtd_mean_ThermalConductivity,wtd_mean_Valence,wtd_range_Density,wtd_range_ElectronAffinity,wtd_range_Valence,wtd_std_Density,wtd_std_ElectronAffinity,wtd_std_ThermalConductivity,wtd_std_Valence"
superconductivity,regression,100.11099624633789,9.240361008936635,5.136566799711107,0.926639847902514,4.194082296143122,2.508564241108499,30,"critical_temp,entropy_Density,entropy_ThermalConductivity,gmean_Density,gmean_ElectronAffinity,mean_Density,mean_ThermalConductivity,range_ThermalConductivity,range_atomic_mass,range_atomic_radius,range_fie,std_Density,wtd_entropy_Density,wtd_entropy_ElectronAffinity,wtd_entropy_FusionHeat,wtd_entropy_ThermalConductivity,wtd_entropy_Valence,wtd_gmean_Density,wtd_gmean_ElectronAffinity,wtd_gmean_ThermalConductivity,wtd_gmean_Valence,wtd_mean_Density,wtd_mean_ThermalConductivity,wtd_mean_Valence,wtd_range_Density,wtd_range_ElectronAffinity,wtd_range_Valence,wtd_std_Density,wtd_std_ElectronAffinity,wtd_std_ThermalConductivity,wtd_std_Valence"
superconductivity,regression,100.11099624633789,9.242961598731824,5.150771294279101,0.9265985494058279,4.145110073981561,2.464309353313776,31,"critical_temp,entropy_Density,entropy_ThermalConductivity,gmean_Density,gmean_ElectronAffinity,mean_Density,mean_ThermalConductivity,range_ThermalConductivity,range_atomic_mass,range_atomic_radius,range_fie,std_Density,std_atomic_mass,wtd_entropy_Density,wtd_entropy_ElectronAffinity,wtd_entropy_FusionHeat,wtd_entropy_ThermalConductivity,wtd_entropy_Valence,wtd_gmean_Density,wtd_gmean_ElectronAffinity,wtd_gmean_ThermalConductivity,wtd_gmean_Valence,wtd_mean_Density,wtd_mean_ThermalConductivity,wtd_mean_Valence,wtd_range_Density,wtd_range_ElectronAffinity,wtd_range_Valence,wtd_std_Density,wtd_std_ElectronAffinity,wtd_std_ThermalConductivity,wtd_std_Valence"
superconductivity,regression,100.11099624633789,9.237858565401615,5.140747836784086,0.9266795768221863,4.215322077998946,2.5270724101759945,32,"critical_temp,entropy_Density,entropy_FusionHeat,entropy_ThermalConductivity,gmean_Density,gmean_ElectronAffinity,mean_Density,mean_ThermalConductivity,range_ThermalConductivity,range_atomic_mass,range_atomic_radius,range_fie,std_Density,std_atomic_mass,wtd_entropy_Density,wtd_entropy_ElectronAffinity,wtd_entropy_FusionHeat,wtd_entropy_ThermalConductivity,wtd_entropy_Valence,wtd_gmean_Density,wtd_gmean_ElectronAffinity,wtd_gmean_ThermalConductivity,wtd_gmean_Valence,wtd_mean_Density,wtd_mean_ThermalConductivity,wtd_mean_Valence,wtd_range_Density,wtd_range_ElectronAffinity,wtd_range_Valence,wtd_std_Density,wtd_std_ElectronAffinity,wtd_std_ThermalConductivity,wtd_std_Valence"
superconductivity,regression,100.11099624633789,9.239295375791693,5.1502093099292825,0.9266567672635215,4.134542671949854,2.4661445889075595,33,"critical_temp,entropy_Density,entropy_FusionHeat,entropy_ThermalConductivity,gmean_Density,gmean_ElectronAffinity,mean_Density,mean_ThermalConductivity,range_ThermalConductivity,range_atomic_mass,range_atomic_radius,range_fie,std_Density,std_atomic_mass,std_atomic_radius,wtd_entropy_Density,wtd_entropy_ElectronAffinity,wtd_entropy_FusionHeat,wtd_entropy_ThermalConductivity,wtd_entropy_Valence,wtd_gmean_Density,wtd_gmean_ElectronAffinity,wtd_gmean_ThermalConductivity,wtd_gmean_Valence,wtd_mean_Density,wtd_mean_ThermalConductivity,wtd_mean_Valence,wtd_range_Density,wtd_range_ElectronAffinity,wtd_range_Valence,wtd_std_Density,wtd_std_ElectronAffinity,wtd_std_ThermalConductivity,wtd_std_Valence"
superconductivity,regression,100.11099624633789,9.226284136898933,5.155064333547996,0.9268631930452715,4.165325692848023,2.4587192310396215,34,"critical_temp,entropy_Density,entropy_FusionHeat,entropy_ThermalConductivity,gmean_Density,gmean_ElectronAffinity,mean_Density,mean_ThermalConductivity,range_ThermalConductivity,range_atomic_mass,range_atomic_radius,range_fie,std_Density,std_atomic_mass,std_atomic_radius,wtd_entropy_Density,wtd_entropy_ElectronAffinity,wtd_entropy_FusionHeat,wtd_entropy_ThermalConductivity,wtd_entropy_Valence,wtd_gmean_Density,wtd_gmean_ElectronAffinity,wtd_gmean_ThermalConductivity,wtd_gmean_Valence,wtd_mean_Density,wtd_mean_ThermalConductivity,wtd_mean_Valence,wtd_range_Density,wtd_range_ElectronAffinity,wtd_range_Valence,wtd_range_fie,wtd_std_Density,wtd_std_ElectronAffinity,wtd_std_ThermalConductivity,wtd_std_Valence"
superconductivity,regression,100.11099624633789,9.188229597707913,5.116079899403178,0.927465265928962,4.196642838279278,2.502299652623783,35,"critical_temp,entropy_Density,entropy_FusionHeat,entropy_ThermalConductivity,gmean_Density,gmean_ElectronAffinity,mean_Density,mean_ThermalConductivity,range_ThermalConductivity,range_atomic_mass,range_atomic_radius,range_fie,std_Density,std_atomic_mass,std_atomic_radius,wtd_entropy_Density,wtd_entropy_ElectronAffinity,wtd_entropy_FusionHeat,wtd_entropy_ThermalConductivity,wtd_entropy_Valence,wtd_gmean_Density,wtd_gmean_ElectronAffinity,wtd_gmean_ThermalConductivity,wtd_gmean_Valence,wtd_mean_Density,wtd_mean_ThermalConductivity,wtd_mean_Valence,wtd_range_Density,wtd_range_ElectronAffinity,wtd_range_Valence,wtd_range_atomic_mass,wtd_range_fie,wtd_std_Density,wtd_std_ElectronAffinity,wtd_std_ThermalConductivity,wtd_std_Valence"
superconductivity,regression,100.11099624633789,9.19278313848398,5.099909219119556,0.9273933539879359,4.262485359977569,2.5465121660517904,36,"critical_temp,entropy_Density,entropy_FusionHeat,entropy_ThermalConductivity,gmean_Density,gmean_ElectronAffinity,mean_Density,mean_ThermalConductivity,range_ThermalConductivity,range_atomic_mass,range_atomic_radius,range_fie,std_Density,std_atomic_mass,std_atomic_radius,wtd_entropy_Density,wtd_entropy_ElectronAffinity,wtd_entropy_FusionHeat,wtd_entropy_ThermalConductivity,wtd_entropy_Valence,wtd_gmean_Density,wtd_gmean_ElectronAffinity,wtd_gmean_ThermalConductivity,wtd_gmean_Valence,wtd_mean_Density,wtd_mean_ThermalConductivity,wtd_mean_Valence,wtd_range_Density,wtd_range_ElectronAffinity,wtd_range_Valence,wtd_range_atomic_mass,wtd_range_fie,wtd_std_Density,wtd_std_ElectronAffinity,wtd_std_FusionHeat,wtd_std_ThermalConductivity,wtd_std_Valence"
superconductivity,regression,100.11099624633789,9.184747946663853,5.101197470406905,0.9275202259803905,4.183126579171498,2.485256106466961,37,"critical_temp,entropy_Density,entropy_FusionHeat,entropy_ThermalConductivity,gmean_Density,gmean_ElectronAffinity,mean_Density,mean_ThermalConductivity,range_Density,range_ThermalConductivity,range_atomic_mass,range_atomic_radius,range_fie,std_Density,std_atomic_mass,std_atomic_radius,wtd_entropy_Density,wtd_entropy_ElectronAffinity,wtd_entropy_FusionHeat,wtd_entropy_ThermalConductivity,wtd_entropy_Valence,wtd_gmean_Density,wtd_gmean_ElectronAffinity,wtd_gmean_ThermalConductivity,wtd_gmean_Valence,wtd_mean_Density,wtd_mean_ThermalConductivity,wtd_mean_Valence,wtd_range_Density,wtd_range_ElectronAffinity,wtd_range_Valence,wtd_range_atomic_mass,wtd_range_fie,wtd_std_Density,wtd_std_ElectronAffinity,wtd_std_FusionHeat,wtd_std_ThermalConductivity,wtd_std_Valence"
superconductivity,regression,100.11099624633789,9.171610011372128,5.105276878680897,0.9277274289531141,4.125624970575833,2.431484851743204,38,"critical_temp,entropy_Density,entropy_FusionHeat,entropy_ThermalConductivity,gmean_Density,gmean_ElectronAffinity,mean_Density,mean_ThermalConductivity,range_Density,range_ElectronAffinity,range_ThermalConductivity,range_atomic_mass,range_atomic_radius,range_fie,std_Density,std_atomic_mass,std_atomic_radius,wtd_entropy_Density,wtd_entropy_ElectronAffinity,wtd_entropy_FusionHeat,wtd_entropy_ThermalConductivity,wtd_entropy_Valence,wtd_gmean_Density,wtd_gmean_ElectronAffinity,wtd_gmean_ThermalConductivity,wtd_gmean_Valence,wtd_mean_Density,wtd_mean_ThermalConductivity,wtd_mean_Valence,wtd_range_Density,wtd_range_ElectronAffinity,wtd_range_Valence,wtd_range_atomic_mass,wtd_range_fie,wtd_std_Density,wtd_std_ElectronAffinity,wtd_std_FusionHeat,wtd_std_ThermalConductivity,wtd_std_Valence"
superconductivity,regression,100.11099624633789,9.169927035427365,5.09914510470114,0.9277539503247502,4.1318146119653845,2.4618785021994243,39,"critical_temp,entropy_Density,entropy_FusionHeat,entropy_ThermalConductivity,gmean_Density,gmean_ElectronAffinity,mean_Density,mean_ThermalConductivity,range_Density,range_ElectronAffinity,range_ThermalConductivity,range_atomic_mass,range_atomic_radius,range_fie,std_Density,std_atomic_mass,std_atomic_radius,wtd_entropy_Density,wtd_entropy_ElectronAffinity,wtd_entropy_FusionHeat,wtd_entropy_ThermalConductivity,wtd_entropy_Valence,wtd_gmean_Density,wtd_gmean_ElectronAffinity,wtd_gmean_FusionHeat,wtd_gmean_ThermalConductivity,wtd_gmean_Valence,wtd_mean_Density,wtd_mean_ThermalConductivity,wtd_mean_Valence,wtd_range_Density,wtd_range_ElectronAffinity,wtd_range_Valence,wtd_range_atomic_mass,wtd_range_fie,wtd_std_Density,wtd_std_ElectronAffinity,wtd_std_FusionHeat,wtd_std_ThermalConductivity,wtd_std_Valence"
superconductivity,regression,100.11099624633789,9.129203320726987,5.068717288232312,0.9283942159448993,4.268131149064361,2.5819366509036006,40,"critical_temp,entropy_Density,entropy_FusionHeat,entropy_ThermalConductivity,gmean_Density,gmean_ElectronAffinity,mean_Density,mean_ThermalConductivity,range_Density,range_ElectronAffinity,range_ThermalConductivity,range_atomic_mass,range_atomic_radius,range_fie,std_Density,std_atomic_mass,std_atomic_radius,wtd_entropy_Density,wtd_entropy_ElectronAffinity,wtd_entropy_FusionHeat,wtd_entropy_ThermalConductivity,wtd_entropy_Valence,wtd_gmean_Density,wtd_gmean_ElectronAffinity,wtd_gmean_FusionHeat,wtd_gmean_ThermalConductivity,wtd_gmean_Valence,wtd_mean_Density,wtd_mean_ThermalConductivity,wtd_mean_Valence,wtd_range_Density,wtd_range_ElectronAffinity,wtd_range_Valence,wtd_range_atomic_mass,wtd_range_atomic_radius,wtd_range_fie,wtd_std_Density,wtd_std_ElectronAffinity,wtd_std_FusionHeat,wtd_std_ThermalConductivity,wtd_std_Valence"
superconductivity_un_dirty,regression,342.1082990169525,21.696585007313175,15.106784333744914,0.5955497484337141,0.09066300972537888,0.20883628577607816,1,"critical_temp,range_atomic_radius"
superconductivity_un_dirty,regression,342.1082990169525,16.43259835204378,10.119705326264668,0.7679963454969185,3.3547526951087807,2.1004140317087074,2,"critical_temp,range_atomic_radius,wtd_std_ThermalConductivity"
superconductivity_un_dirty,regression,342.1082990169525,12.217436406997866,7.2486262393076295,0.871754386446629,4.055880393515093,2.322966114364294,3,"critical_temp,range_atomic_radius,std_Density,wtd_std_ThermalConductivity"
superconductivity_un_dirty,regression,342.1082990169525,11.502789951055222,6.7335720389351605,0.88631878043591,3.932987227819935,2.2741977195302274,4,"critical_temp,gmean_ElectronAffinity,range_atomic_radius,std_Density,wtd_std_ThermalConductivity"
superconductivity_un_dirty,regression,342.1082990169525,11.374267921606418,6.589303834421678,0.888844935996574,4.01563399536731,2.3020126074369953,5,"critical_temp,gmean_Density,gmean_ElectronAffinity,range_atomic_radius,std_Density,wtd_std_ThermalConductivity"
superconductivity_un_dirty,regression,342.1082990169525,10.621099446591083,6.090976864104238,0.903078239135957,4.526133316011179,2.6509995288085983,6,"critical_temp,gmean_Density,gmean_ElectronAffinity,range_atomic_radius,std_Density,wtd_mean_ThermalConductivity,wtd_std_ThermalConductivity"
superconductivity_un_dirty,regression,342.1082990169525,10.149993585923184,5.782433238868961,0.9114856099595438,4.4301161004488625,2.535138798421994,7,"critical_temp,gmean_Density,gmean_ElectronAffinity,range_atomic_radius,std_Density,wtd_gmean_ElectronAffinity,wtd_mean_ThermalConductivity,wtd_std_ThermalConductivity"
superconductivity_un_dirty,regression,342.1082990169525,10.015268984740333,5.699534268776463,0.9138197834547619,4.567425573992288,2.659325309083662,8,"critical_temp,gmean_Density,gmean_ElectronAffinity,range_atomic_radius,std_Density,wtd_gmean_ElectronAffinity,wtd_mean_ThermalConductivity,wtd_std_Density,wtd_std_ThermalConductivity"
superconductivity_un_dirty,regression,342.1082990169525,9.874017874470645,5.573484355569584,0.9162335397922161,4.757053116677342,2.7778807573163746,9,"critical_temp,gmean_Density,gmean_ElectronAffinity,range_atomic_radius,std_Density,wtd_gmean_ElectronAffinity,wtd_mean_Density,wtd_mean_ThermalConductivity,wtd_std_Density,wtd_std_ThermalConductivity"
superconductivity_un_dirty,regression,342.1082990169525,9.856316289776009,5.557741228632896,0.9165336141832708,4.836371347279753,2.8546280482201243,10,"critical_temp,gmean_Density,gmean_ElectronAffinity,range_atomic_radius,range_fie,std_Density,wtd_gmean_ElectronAffinity,wtd_mean_Density,wtd_mean_ThermalConductivity,wtd_std_Density,wtd_std_ThermalConductivity"
superconductivity_un_dirty,regression,342.1082990169525,9.883890603077477,5.582168310708781,0.9160659450022779,4.672377576315571,2.693812755187919,11,"critical_temp,gmean_Density,gmean_ElectronAffinity,range_atomic_radius,range_fie,std_Density,wtd_gmean_Density,wtd_gmean_ElectronAffinity,wtd_mean_Density,wtd_mean_ThermalConductivity,wtd_std_Density,wtd_std_ThermalConductivity"
superconductivity_un_dirty,regression,342.1082990169525,9.892369894936925,5.568692599841498,0.9159218708398584,4.776040422996636,2.78762385980507,12,"critical_temp,gmean_Density,gmean_ElectronAffinity,range_atomic_radius,range_fie,std_Density,wtd_gmean_Density,wtd_gmean_ElectronAffinity,wtd_mean_Density,wtd_mean_ThermalConductivity,wtd_range_Density,wtd_std_Density,wtd_std_ThermalConductivity"
superconductivity_un_dirty,regression,342.1082990169525,9.746346600890632,5.484345983782393,0.9183857396916533,4.398566421003432,2.5335766005484226,13,"critical_temp,gmean_Density,gmean_ElectronAffinity,range_atomic_mass,range_atomic_radius,range_fie,std_Density,wtd_gmean_Density,wtd_gmean_ElectronAffinity,wtd_mean_Density,wtd_mean_ThermalConductivity,wtd_range_Density,wtd_std_Density,wtd_std_ThermalConductivity"
superconductivity_un_dirty,regression,342.1082990169525,9.797886267958544,5.532054301938539,0.9175202884950429,4.733940951931751,2.7603528927848737,14,"critical_temp,gmean_Density,gmean_ElectronAffinity,range_Density,range_atomic_mass,range_atomic_radius,range_fie,std_Density,wtd_gmean_Density,wtd_gmean_ElectronAffinity,wtd_mean_Density,wtd_mean_ThermalConductivity,wtd_range_Density,wtd_std_Density,wtd_std_ThermalConductivity"
superconductivity_un_dirty,regression,342.1082990169525,10.121417049265949,5.8978572633821935,0.9119833194358239,6.300523727688618,3.4841692148412418,15,"critical_temp,gmean_Density,gmean_ElectronAffinity,mean_Density_shuffled_2,range_Density,range_atomic_mass,range_atomic_radius,range_fie,std_Density,wtd_gmean_Density,wtd_gmean_ElectronAffinity,wtd_mean_Density,wtd_mean_ThermalConductivity,wtd_range_Density,wtd_std_Density,wtd_std_ThermalConductivity"
superconductivity_un_dirty,regression,342.1082990169525,10.13682884021256,5.980508611389817,0.9117150709415265,6.992691435434507,3.933665019379539,16,"critical_temp,gmean_Density,gmean_ElectronAffinity,mean_Density_shuffled_2,range_Density,range_atomic_mass,range_atomic_radius,range_fie,std_Density,wtd_gmean_Density,wtd_gmean_Density_shuffled_2,wtd_gmean_ElectronAffinity,wtd_mean_Density,wtd_mean_ThermalConductivity,wtd_range_Density,wtd_std_Density,wtd_std_ThermalConductivity"
superconductivity_un_dirty,regression,342.1082990169525,10.306990361682393,6.141765235130739,0.9087262098124118,6.982159756257399,3.9206269067816537,17,"critical_temp,gmean_Density,gmean_ElectronAffinity,mean_Density_shuffled_2,range_Density,range_atomic_mass,range_atomic_radius,range_fie,std_Density,wtd_gmean_Density,wtd_gmean_Density_shuffled_2,wtd_gmean_ElectronAffinity,wtd_mean_Density,wtd_mean_Density_shuffled_1,wtd_mean_ThermalConductivity,wtd_range_Density,wtd_std_Density,wtd_std_ThermalConductivity"
superconductivity_un_dirty,regression,342.1082990169525,10.409786001974313,6.228670234162326,0.9068965126302798,7.125853992422366,3.9942963242124145,18,"critical_temp,gmean_Density,gmean_ElectronAffinity,mean_Density_shuffled_2,range_Density,range_atomic_mass,range_atomic_radius,range_fie,std_Density,wtd_gmean_Density,wtd_gmean_Density_shuffled_2,wtd_gmean_ElectronAffinity,wtd_mean_Density,wtd_mean_Density_shuffled_1,wtd_mean_ThermalConductivity,wtd_range_Density,wtd_std_Density,wtd_std_ThermalConductivity,wtd_std_ThermalConductivity_shuffled_2"
superconductivity_un_dirty,regression,342.1082990169525,10.51823285650394,6.39450183469792,0.9049465449048322,6.694231782425201,3.709302730624427,19,"critical_temp,gmean_Density,gmean_ElectronAffinity,mean_Density_shuffled_2,range_Density,range_atomic_mass,range_atomic_radius,range_fie,std_Density,wtd_gmean_Density,wtd_gmean_Density_shuffled_2,wtd_gmean_ElectronAffinity,wtd_mean_Density,wtd_mean_Density_shuffled_1,wtd_mean_ThermalConductivity,wtd_range_Density,wtd_std_Density,wtd_std_Density_shuffled_1,wtd_std_ThermalConductivity,wtd_std_ThermalConductivity_shuffled_2"
superconductivity_un_dirty,regression,342.1082990169525,10.529936342583612,6.377828756172197,0.9047348980034882,6.7890077773868125,3.776713890187534,20,"critical_temp,gmean_Density,gmean_ElectronAffinity,mean_Density_shuffled_2,range_Density,range_atomic_mass,range_atomic_radius,range_fie,std_Density,wtd_gmean_Density,wtd_gmean_Density_shuffled_2,wtd_gmean_ElectronAffinity,wtd_gmean_Valence_shuffled_2,wtd_mean_Density,wtd_mean_Density_shuffled_1,wtd_mean_ThermalConductivity,wtd_range_Density,wtd_std_Density,wtd_std_Density_shuffled_1,wtd_std_ThermalConductivity,wtd_std_ThermalConductivity_shuffled_2"
superconductivity_un_dirty,regression,342.1082990169525,10.604633458451303,6.38182811285529,0.9033785235827659,7.601141415886831,4.278403252605472,21,"critical_temp,gmean_Density,gmean_ElectronAffinity,mean_Density_shuffled_2,range_Density,range_atomic_mass,range_atomic_radius,range_fie,std_Density,wtd_gmean_Density,wtd_gmean_Density_shuffled_2,wtd_gmean_ElectronAffinity,wtd_gmean_Valence_shuffled_2,wtd_mean_Density,wtd_mean_Density_shuffled_1,wtd_mean_ThermalConductivity,wtd_range_Density,wtd_std_Density,wtd_std_Density_shuffled_1,wtd_std_ThermalConductivity,wtd_std_ThermalConductivity_shuffled_1,wtd_std_ThermalConductivity_shuffled_2"
superconductivity_un_dirty,regression,342.1082990169525,10.65454185757413,6.376748319672439,0.9024669276092211,9.893200436520793,5.8545965447282455,22,"critical_temp,gmean_Density,gmean_ElectronAffinity,mean_Density_shuffled_2,range_Density,range_atomic_mass,range_atomic_radius,range_fie,std_Density,wtd_gmean_Density,wtd_gmean_Density_shuffled_2,wtd_gmean_ElectronAffinity,wtd_gmean_Valence_shuffled_2,wtd_mean_Density,wtd_mean_Density_shuffled_1,wtd_mean_ThermalConductivity,wtd_range_Density,wtd_range_Density_shuffled_2,wtd_std_Density,wtd_std_Density_shuffled_1,wtd_std_ThermalConductivity,wtd_std_ThermalConductivity_shuffled_1,wtd_std_ThermalConductivity_shuffled_2"
superconductivity_un_dirty,regression,342.1082990169525,10.688376762785152,6.581516432494008,0.901846485710961,5.732159568857263,3.0821480709743665,23,"critical_temp,gmean_Density,gmean_ElectronAffinity,mean_Density_shuffled_2,range_Density,range_atomic_mass,range_atomic_radius,range_fie,std_Density,wtd_gmean_Density,wtd_gmean_Density_shuffled_2,wtd_gmean_ElectronAffinity,wtd_gmean_Valence_shuffled_2,wtd_mean_Density,wtd_mean_Density_shuffled_1,wtd_mean_ThermalConductivity,wtd_range_Density,wtd_range_Density_shuffled_1,wtd_range_Density_shuffled_2,wtd_std_Density,wtd_std_Density_shuffled_1,wtd_std_ThermalConductivity,wtd_std_ThermalConductivity_shuffled_1,wtd_std_ThermalConductivity_shuffled_2"
superconductivity_un_dirty,regression,342.1082990169525,10.705505647111595,6.4646644632570025,0.901531637647615,9.906232833493581,5.904467612301286,24,"critical_temp,gmean_Density,gmean_ElectronAffinity,mean_Density_shuffled_2,range_Density,range_atomic_mass,range_atomic_radius,range_fie,std_Density,wtd_gmean_Density,wtd_gmean_Density_shuffled_2,wtd_gmean_ElectronAffinity,wtd_gmean_ThermalConductivity_shuffled_2,wtd_gmean_Valence_shuffled_2,wtd_mean_Density,wtd_mean_Density_shuffled_1,wtd_mean_ThermalConductivity,wtd_range_Density,wtd_range_Density_shuffled_1,wtd_range_Density_shuffled_2,wtd_std_Density,wtd_std_Density_shuffled_1,wtd_std_ThermalConductivity,wtd_std_ThermalConductivity_shuffled_1,wtd_std_ThermalConductivity_shuffled_2"
superconductivity_un_dirty,regression,342.1082990169525,10.711275039584363,6.477286569118242,0.901425476252211,9.890921157144406,5.9511294301360875,25,"critical_temp,gmean_Density,gmean_Density_shuffled_1,gmean_ElectronAffinity,mean_Density_shuffled_2,range_Density,range_atomic_mass,range_atomic_radius,range_fie,std_Density,wtd_gmean_Density,wtd_gmean_Density_shuffled_2,wtd_gmean_ElectronAffinity,wtd_gmean_ThermalConductivity_shuffled_2,wtd_gmean_Valence_shuffled_2,wtd_mean_Density,wtd_mean_Density_shuffled_1,wtd_mean_ThermalConductivity,wtd_range_Density,wtd_range_Density_shuffled_1,wtd_range_Density_shuffled_2,wtd_std_Density,wtd_std_Density_shuffled_1,wtd_std_ThermalConductivity,wtd_std_ThermalConductivity_shuffled_1,wtd_std_ThermalConductivity_shuffled_2"
superconductivity_un_dirty,regression,342.1082990169525,10.683461219074772,6.574678208707442,0.9019367458048275,7.129840817728949,4.013217066627602,26,"critical_temp,gmean_Density,gmean_Density_shuffled_1,gmean_ElectronAffinity,mean_Density_shuffled_2,range_Density,range_atomic_mass,range_atomic_radius,range_fie,std_Density,wtd_gmean_Density,wtd_gmean_Density_shuffled_2,wtd_gmean_ElectronAffinity,wtd_gmean_ThermalConductivity_shuffled_2,wtd_gmean_Valence_shuffled_2,wtd_mean_Density,wtd_mean_Density_shuffled_1,wtd_mean_ThermalConductivity,wtd_range_Density,wtd_range_Density_shuffled_1,wtd_range_Density_shuffled_2,wtd_range_fie,wtd_std_Density,wtd_std_Density_shuffled_1,wtd_std_ThermalConductivity,wtd_std_ThermalConductivity_shuffled_1,wtd_std_ThermalConductivity_shuffled_2"
superconductivity_un_dirty,regression,342.1082990169525,10.661183390052566,6.44076503660866,0.9023452947936924,8.828606480363947,5.12257435225588,27,"critical_temp,gmean_Density,gmean_Density_shuffled_1,gmean_ElectronAffinity,mean_Density_shuffled_2,range_Density,range_atomic_mass,range_atomic_radius,range_fie,std_Density,wtd_gmean_Density,wtd_gmean_Density_shuffled_2,wtd_gmean_ElectronAffinity,wtd_gmean_ThermalConductivity_shuffled_2,wtd_gmean_Valence_shuffled_2,wtd_mean_Density,wtd_mean_Density_shuffled_1,wtd_mean_ThermalConductivity,wtd_range_Density,wtd_range_Density_shuffled_1,wtd_range_Density_shuffled_2,wtd_range_fie,wtd_std_Density,wtd_std_Density_shuffled_1,wtd_std_Density_shuffled_2,wtd_std_ThermalConductivity,wtd_std_ThermalConductivity_shuffled_1,wtd_std_ThermalConductivity_shuffled_2"
superconductivity_un_dirty,regression,342.1082990169525,10.825649009303305,6.579583086504293,0.8993090983572075,8.889715065313567,5.170076987514524,28,"critical_temp,gmean_Density,gmean_Density_shuffled_1,gmean_ElectronAffinity,mean_Density_shuffled_2,range_Density,range_atomic_mass,range_atomic_radius,range_fie,std_Density,wtd_entropy_ThermalConductivity_shuffled_2,wtd_gmean_Density,wtd_gmean_Density_shuffled_2,wtd_gmean_ElectronAffinity,wtd_gmean_ThermalConductivity_shuffled_2,wtd_gmean_Valence_shuffled_2,wtd_mean_Density,wtd_mean_Density_shuffled_1,wtd_mean_ThermalConductivity,wtd_range_Density,wtd_range_Density_shuffled_1,wtd_range_Density_shuffled_2,wtd_range_fie,wtd_std_Density,wtd_std_Density_shuffled_1,wtd_std_Density_shuffled_2,wtd_std_ThermalConductivity,wtd_std_ThermalConductivity_shuffled_1,wtd_std_ThermalConductivity_shuffled_2"
superconductivity_un_dirty,regression,342.1082990169525,10.795779614005138,6.552733173114887,0.899863970807137,8.667377880413937,4.988696170914358,29,"critical_temp,gmean_Density,gmean_Density_shuffled_1,gmean_ElectronAffinity,mean_Density_shuffled_2,range_Density,range_atomic_mass,range_atomic_radius,range_fie,std_Density,wtd_entropy_ThermalConductivity_shuffled_2,wtd_gmean_Density,wtd_gmean_Density_shuffled_2,wtd_gmean_ElectronAffinity,wtd_gmean_ThermalConductivity_shuffled_2,wtd_gmean_Valence_shuffled_2,wtd_mean_Density,wtd_mean_Density_shuffled_1,wtd_mean_ThermalConductivity,wtd_range_Density,wtd_range_Density_shuffled_1,wtd_range_Density_shuffled_2,wtd_range_FusionHeat_shuffled_1,wtd_range_fie,wtd_std_Density,wtd_std_Density_shuffled_1,wtd_std_Density_shuffled_2,wtd_std_ThermalConductivity,wtd_std_ThermalConductivity_shuffled_1,wtd_std_ThermalConductivity_shuffled_2"
superconductivity_un_dirty,regression,342.1082990169525,10.763454886899114,6.542940430352682,0.9004627277314774,9.184900229202302,5.388557823833991,30,"critical_temp,gmean_Density,gmean_Density_shuffled_1,gmean_Density_shuffled_2,gmean_ElectronAffinity,mean_Density_shuffled_2,range_Density,range_atomic_mass,range_atomic_radius,range_fie,std_Density,wtd_entropy_ThermalConductivity_shuffled_2,wtd_gmean_Density,wtd_gmean_Density_shuffled_2,wtd_gmean_ElectronAffinity,wtd_gmean_ThermalConductivity_shuffled_2,wtd_gmean_Valence_shuffled_2,wtd_mean_Density,wtd_mean_Density_shuffled_1,wtd_mean_ThermalConductivity,wtd_range_Density,wtd_range_Density_shuffled_1,wtd_range_Density_shuffled_2,wtd_range_FusionHeat_shuffled_1,wtd_range_fie,wtd_std_Density,wtd_std_Density_shuffled_1,wtd_std_Density_shuffled_2,wtd_std_ThermalConductivity,wtd_std_ThermalConductivity_shuffled_1,wtd_std_ThermalConductivity_shuffled_2"
superconductivity_un_dirty,regression,342.1082990169525,10.84011977710607,6.68659545109242,0.8990397291026935,7.139864212302967,3.967016438452582,31,"critical_temp,gmean_Density,gmean_Density_shuffled_1,gmean_Density_shuffled_2,gmean_ElectronAffinity,mean_Density_shuffled_1,mean_Density_shuffled_2,range_Density,range_atomic_mass,range_atomic_radius,range_fie,std_Density,wtd_entropy_ThermalConductivity_shuffled_2,wtd_gmean_Density,wtd_gmean_Density_shuffled_2,wtd_gmean_ElectronAffinity,wtd_gmean_ThermalConductivity_shuffled_2,wtd_gmean_Valence_shuffled_2,wtd_mean_Density,wtd_mean_Density_shuffled_1,wtd_mean_ThermalConductivity,wtd_range_Density,wtd_range_Density_shuffled_1,wtd_range_Density_shuffled_2,wtd_range_FusionHeat_shuffled_1,wtd_range_fie,wtd_std_Density,wtd_std_Density_shuffled_1,wtd_std_Density_shuffled_2,wtd_std_ThermalConductivity,wtd_std_ThermalConductivity_shuffled_1,wtd_std_ThermalConductivity_shuffled_2"
superconductivity_un_dirty,regression,342.1082990169525,10.726483063851875,6.521825955926174,0.9011453624501409,9.217956520094711,5.4064101827686075,32,"critical_temp,gmean_Density,gmean_Density_shuffled_1,gmean_Density_shuffled_2,gmean_ElectronAffinity,mean_Density_shuffled_1,mean_Density_shuffled_2,range_Density,range_atomic_mass,range_atomic_radius,range_fie,std_Density,wtd_entropy_ThermalConductivity_shuffled_2,wtd_gmean_Density,wtd_gmean_Density_shuffled_2,wtd_gmean_ElectronAffinity,wtd_gmean_ThermalConductivity_shuffled_2,wtd_gmean_Valence_shuffled_2,wtd_mean_Density,wtd_mean_Density_shuffled_1,wtd_mean_ThermalConductivity,wtd_range_Density,wtd_range_Density_shuffled_1,wtd_range_Density_shuffled_2,wtd_range_FusionHeat_shuffled_1,wtd_range_ThermalConductivity_shuffled_1,wtd_range_fie,wtd_std_Density,wtd_std_Density_shuffled_1,wtd_std_Density_shuffled_2,wtd_std_ThermalConductivity,wtd_std_ThermalConductivity_shuffled_1,wtd_std_ThermalConductivity_shuffled_2"
superconductivity_un_dirty,regression,342.1082990169525,10.689008546238957,6.512104489594066,0.9018348817788813,10.301949063940388,6.2269978075499335,33,"critical_temp,gmean_Density,gmean_Density_shuffled_1,gmean_Density_shuffled_2,gmean_ElectronAffinity,mean_Density_shuffled_1,mean_Density_shuffled_2,range_Density,range_atomic_mass,range_atomic_radius,range_fie,std_Density,wtd_entropy_ThermalConductivity_shuffled_2,wtd_gmean_Density,wtd_gmean_Density_shuffled_2,wtd_gmean_ElectronAffinity,wtd_gmean_ThermalConductivity_shuffled_2,wtd_gmean_Valence_shuffled_2,wtd_mean_Density,wtd_mean_Density_shuffled_1,wtd_mean_ThermalConductivity,wtd_range_Density,wtd_range_Density_shuffled_1,wtd_range_Density_shuffled_2,wtd_range_FusionHeat_shuffled_1,wtd_range_ThermalConductivity_shuffled_1,wtd_range_Valence_shuffled_1,wtd_range_fie,wtd_std_Density,wtd_std_Density_shuffled_1,wtd_std_Density_shuffled_2,wtd_std_ThermalConductivity,wtd_std_ThermalConductivity_shuffled_1,wtd_std_ThermalConductivity_shuffled_2"
superconductivity_un_dirty,regression,342.1082990169525,10.769082663657535,6.595374168069563,0.9003586124637604,8.686501936269783,5.083559569314129,34,"critical_temp,gmean_Density,gmean_Density_shuffled_1,gmean_Density_shuffled_2,gmean_ElectronAffinity,gmean_ThermalConductivity_shuffled_2,mean_Density_shuffled_1,mean_Density_shuffled_2,range_Density,range_atomic_mass,range_atomic_radius,range_fie,std_Density,wtd_entropy_ThermalConductivity_shuffled_2,wtd_gmean_Density,wtd_gmean_Density_shuffled_2,wtd_gmean_ElectronAffinity,wtd_gmean_ThermalConductivity_shuffled_2,wtd_gmean_Valence_shuffled_2,wtd_mean_Density,wtd_mean_Density_shuffled_1,wtd_mean_ThermalConductivity,wtd_range_Density,wtd_range_Density_shuffled_1,wtd_range_Density_shuffled_2,wtd_range_FusionHeat_shuffled_1,wtd_range_ThermalConductivity_shuffled_1,wtd_range_Valence_shuffled_1,wtd_range_fie,wtd_std_Density,wtd_std_Density_shuffled_1,wtd_std_Density_shuffled_2,wtd_std_ThermalConductivity,wtd_std_ThermalConductivity_shuffled_1,wtd_std_ThermalConductivity_shuffled_2"
superconductivity_un_dirty,regression,342.1082990169525,10.883040184332303,6.7163056713600495,0.898238661479081,7.608110835432704,4.2899528221919265,35,"critical_temp,gmean_Density,gmean_Density_shuffled_1,gmean_Density_shuffled_2,gmean_ElectronAffinity,gmean_ThermalConductivity_shuffled_2,mean_Density_shuffled_1,mean_Density_shuffled_2,range_Density,range_atomic_mass,range_atomic_radius,range_fie,std_Density,wtd_entropy_ThermalConductivity_shuffled_2,wtd_gmean_Density,wtd_gmean_Density_shuffled_2,wtd_gmean_ElectronAffinity,wtd_gmean_ThermalConductivity_shuffled_1,wtd_gmean_ThermalConductivity_shuffled_2,wtd_gmean_Valence_shuffled_2,wtd_mean_Density,wtd_mean_Density_shuffled_1,wtd_mean_ThermalConductivity,wtd_range_Density,wtd_range_Density_shuffled_1,wtd_range_Density_shuffled_2,wtd_range_FusionHeat_shuffled_1,wtd_range_ThermalConductivity_shuffled_1,wtd_range_Valence_shuffled_1,wtd_range_fie,wtd_std_Density,wtd_std_Density_shuffled_1,wtd_std_Density_shuffled_2,wtd_std_ThermalConductivity,wtd_std_ThermalConductivity_shuffled_1,wtd_std_ThermalConductivity_shuffled_2"
superconductivity_un_dirty,regression,342.1082990169525,10.86576648512594,6.769118575587954,0.8985614388879029,6.6169942906092185,3.623658430560219,36,"critical_temp,gmean_Density,gmean_Density_shuffled_1,gmean_Density_shuffled_2,gmean_ElectronAffinity,gmean_ThermalConductivity_shuffled_2,mean_Density_shuffled_1,mean_Density_shuffled_2,range_Density,range_atomic_mass,range_atomic_radius,range_fie,std_Density,std_ElectronAffinity_shuffled_2,wtd_entropy_ThermalConductivity_shuffled_2,wtd_gmean_Density,wtd_gmean_Density_shuffled_2,wtd_gmean_ElectronAffinity,wtd_gmean_ThermalConductivity_shuffled_1,wtd_gmean_ThermalConductivity_shuffled_2,wtd_gmean_Valence_shuffled_2,wtd_mean_Density,wtd_mean_Density_shuffled_1,wtd_mean_ThermalConductivity,wtd_range_Density,wtd_range_Density_shuffled_1,wtd_range_Density_shuffled_2,wtd_range_FusionHeat_shuffled_1,wtd_range_ThermalConductivity_shuffled_1,wtd_range_Valence_shuffled_1,wtd_range_fie,wtd_std_Density,wtd_std_Density_shuffled_1,wtd_std_Density_shuffled_2,wtd_std_ThermalConductivity,wtd_std_ThermalConductivity_shuffled_1,wtd_std_ThermalConductivity_shuffled_2"
superconductivity_un_dirty,regression,342.1082990169525,10.787235715806966,6.672499238986941,0.9000224055887542,8.251266270091993,4.800313854430185,37,"critical_temp,gmean_Density,gmean_Density_shuffled_1,gmean_Density_shuffled_2,gmean_ElectronAffinity,gmean_ThermalConductivity_shuffled_2,mean_Density_shuffled_1,mean_Density_shuffled_2,range_Density,range_atomic_mass,range_atomic_radius,range_fie,std_Density,std_Density_shuffled_2,std_ElectronAffinity_shuffled_2,wtd_entropy_ThermalConductivity_shuffled_2,wtd_gmean_Density,wtd_gmean_Density_shuffled_2,wtd_gmean_ElectronAffinity,wtd_gmean_ThermalConductivity_shuffled_1,wtd_gmean_ThermalConductivity_shuffled_2,wtd_gmean_Valence_shuffled_2,wtd_mean_Density,wtd_mean_Density_shuffled_1,wtd_mean_ThermalConductivity,wtd_range_Density,wtd_range_Density_shuffled_1,wtd_range_Density_shuffled_2,wtd_range_FusionHeat_shuffled_1,wtd_range_ThermalConductivity_shuffled_1,wtd_range_Valence_shuffled_1,wtd_range_fie,wtd_std_Density,wtd_std_Density_shuffled_1,wtd_std_Density_shuffled_2,wtd_std_ThermalConductivity,wtd_std_ThermalConductivity_shuffled_1,wtd_std_ThermalConductivity_shuffled_2"
superconductivity_un_dirty,regression,342.1082990169525,10.75832085604554,6.679569161044868,0.900557661106586,7.750352763354517,4.441732434477185,38,"critical_temp,gmean_Density,gmean_Density_shuffled_1,gmean_Density_shuffled_2,gmean_ElectronAffinity,gmean_ThermalConductivity_shuffled_2,mean_Density_shuffled_1,mean_Density_shuffled_2,range_Density,range_atomic_mass,range_atomic_radius,range_fie,std_Density,std_Density_shuffled_2,std_ElectronAffinity_shuffled_2,wtd_entropy_ThermalConductivity_shuffled_2,wtd_gmean_Density,wtd_gmean_Density_shuffled_2,wtd_gmean_ElectronAffinity,wtd_gmean_ThermalConductivity_shuffled_1,wtd_gmean_ThermalConductivity_shuffled_2,wtd_gmean_Valence_shuffled_2,wtd_mean_Density,wtd_mean_Density_shuffled_1,wtd_mean_ThermalConductivity,wtd_mean_Valence_shuffled_2,wtd_range_Density,wtd_range_Density_shuffled_1,wtd_range_Density_shuffled_2,wtd_range_FusionHeat_shuffled_1,wtd_range_ThermalConductivity_shuffled_1,wtd_range_Valence_shuffled_1,wtd_range_fie,wtd_std_Density,wtd_std_Density_shuffled_1,wtd_std_Density_shuffled_2,wtd_std_ThermalConductivity,wtd_std_ThermalConductivity_shuffled_1,wtd_std_ThermalConductivity_shuffled_2"
superconductivity_un_dirty,regression,342.1082990169525,10.416171140311695,6.331621778325363,0.9067822622572886,8.253426888867027,4.793824511702777,39,"critical_temp,gmean_Density,gmean_Density_shuffled_1,gmean_Density_shuffled_2,gmean_ElectronAffinity,gmean_ThermalConductivity_shuffled_2,mean_Density_shuffled_1,mean_Density_shuffled_2,range_Density,range_atomic_mass,range_atomic_radius,range_fie,std_Density,std_Density_shuffled_2,std_ElectronAffinity_shuffled_2,wtd_entropy_ThermalConductivity_shuffled_2,wtd_gmean_Density,wtd_gmean_Density_shuffled_2,wtd_gmean_ElectronAffinity,wtd_gmean_ThermalConductivity_shuffled_1,wtd_gmean_ThermalConductivity_shuffled_2,wtd_gmean_Valence,wtd_gmean_Valence_shuffled_2,wtd_mean_Density,wtd_mean_Density_shuffled_1,wtd_mean_ThermalConductivity,wtd_mean_Valence_shuffled_2,wtd_range_Density,wtd_range_Density_shuffled_1,wtd_range_Density_shuffled_2,wtd_range_FusionHeat_shuffled_1,wtd_range_ThermalConductivity_shuffled_1,wtd_range_Valence_shuffled_1,wtd_range_fie,wtd_std_Density,wtd_std_Density_shuffled_1,wtd_std_Density_shuffled_2,wtd_std_ThermalConductivity,wtd_std_ThermalConductivity_shuffled_1,wtd_std_ThermalConductivity_shuffled_2"
superconductivity_un_dirty,regression,342.1082990169525,10.409211767237082,6.314369063296204,0.9069067840771662,7.582126025654331,4.292863176179503,40,"critical_temp,gmean_Density,gmean_Density_shuffled_1,gmean_Density_shuffled_2,gmean_ElectronAffinity,gmean_ThermalConductivity_shuffled_2,mean_Density_shuffled_1,mean_Density_shuffled_2,range_Density,range_atomic_mass,range_atomic_radius,range_fie,std_Density,std_Density_shuffled_2,std_ElectronAffinity_shuffled_2,wtd_entropy_ThermalConductivity_shuffled_2,wtd_gmean_Density,wtd_gmean_Density_shuffled_2,wtd_gmean_ElectronAffinity,wtd_gmean_ThermalConductivity_shuffled_1,wtd_gmean_ThermalConductivity_shuffled_2,wtd_gmean_Valence,wtd_gmean_Valence_shuffled_2,wtd_mean_Density,wtd_mean_Density_shuffled_1,wtd_mean_ThermalConductivity,wtd_mean_Valence_shuffled_2,wtd_range_Density,wtd_range_Density_shuffled_1,wtd_range_Density_shuffled_2,wtd_range_FusionHeat_shuffled_1,wtd_range_ThermalConductivity_shuffled_1,wtd_range_Valence_shuffled_1,wtd_range_fie,wtd_std_Density,wtd_std_Density_shuffled_1,wtd_std_Density_shuffled_2,wtd_std_ThermalConductivity,wtd_std_ThermalConductivity_shuffled_1,wtd_std_ThermalConductivity_shuffled_2,wtd_std_Valence"
superconductivity_un_clean,regression,94.4052209854126,21.696585007313175,15.106784333744914,0.5955497484337141,0.09066300972537888,0.20883628577607816,1,"critical_temp,range_atomic_radius"
superconductivity_un_clean,regression,94.4052209854126,16.43259835204378,10.119705326264668,0.7679963454969185,3.3547526951087807,2.1004140317087074,2,"critical_temp,range_atomic_radius,wtd_std_ThermalConductivity"
superconductivity_un_clean,regression,94.4052209854126,12.217436406997866,7.2486262393076295,0.871754386446629,4.055880393515093,2.322966114364294,3,"critical_temp,range_atomic_radius,std_Density,wtd_std_ThermalConductivity"
superconductivity_un_clean,regression,94.4052209854126,11.502789951055222,6.7335720389351605,0.88631878043591,3.932987227819935,2.2741977195302274,4,"critical_temp,gmean_ElectronAffinity,range_atomic_radius,std_Density,wtd_std_ThermalConductivity"
superconductivity_un_clean,regression,94.4052209854126,11.374267921606418,6.589303834421678,0.888844935996574,4.01563399536731,2.3020126074369953,5,"critical_temp,gmean_Density,gmean_ElectronAffinity,range_atomic_radius,std_Density,wtd_std_ThermalConductivity"
superconductivity_un_clean,regression,94.4052209854126,10.621099446591083,6.090976864104238,0.903078239135957,4.526133316011179,2.6509995288085983,6,"critical_temp,gmean_Density,gmean_ElectronAffinity,range_atomic_radius,std_Density,wtd_mean_ThermalConductivity,wtd_std_ThermalConductivity"
superconductivity_un_clean,regression,94.4052209854126,10.149993585923184,5.782433238868961,0.9114856099595438,4.4301161004488625,2.535138798421994,7,"critical_temp,gmean_Density,gmean_ElectronAffinity,range_atomic_radius,std_Density,wtd_gmean_ElectronAffinity,wtd_mean_ThermalConductivity,wtd_std_ThermalConductivity"
superconductivity_un_clean,regression,94.4052209854126,9.652540048179416,5.476921361604308,0.9199492196808694,4.335360184344645,2.523818244480304,8,"critical_temp,gmean_Density,gmean_ElectronAffinity,range_atomic_radius,std_Density,wtd_gmean_ElectronAffinity,wtd_mean_ThermalConductivity,wtd_std_ThermalConductivity,wtd_std_Valence"
superconductivity_un_clean,regression,94.4052209854126,9.643957485891622,5.42878826920792,0.9200915108008142,4.587080030068277,2.722696645505839,9,"critical_temp,gmean_Density,gmean_ElectronAffinity,range_atomic_radius,std_Density,wtd_gmean_ElectronAffinity,wtd_mean_ThermalConductivity,wtd_std_Density,wtd_std_ThermalConductivity,wtd_std_Valence"
superconductivity_un_clean,regression,94.4052209854126,9.586570035469792,5.396536225038675,0.9210396901090646,4.051984334387055,2.326588745208667,10,"critical_temp,gmean_Density,gmean_ElectronAffinity,range_atomic_radius,std_Density,wtd_gmean_ElectronAffinity,wtd_mean_Density,wtd_mean_ThermalConductivity,wtd_std_Density,wtd_std_ThermalConductivity,wtd_std_Valence"
superconductivity_un_clean,regression,94.4052209854126,9.557448340741068,5.3519094381077545,0.9215186863363947,4.646946946001012,2.754404424919195,11,"critical_temp,gmean_Density,gmean_ElectronAffinity,range_atomic_radius,std_Density,wtd_gmean_ElectronAffinity,wtd_mean_Density,wtd_mean_ThermalConductivity,wtd_std_Density,wtd_std_ThermalConductivity,wtd_std_Valence,wtd_std_atomic_radius"
superconductivity_un_clean,regression,94.4052209854126,9.518117343213827,5.3676222779904,0.9221632929134534,3.9496180777908902,2.273005326043576,12,"critical_temp,gmean_Density,gmean_ElectronAffinity,range_atomic_radius,std_Density,wtd_gmean_ElectronAffinity,wtd_gmean_Valence,wtd_mean_Density,wtd_mean_ThermalConductivity,wtd_std_Density,wtd_std_ThermalConductivity,wtd_std_Valence,wtd_std_atomic_radius"
superconductivity_un_clean,regression,94.4052209854126,9.461855552405536,5.257178044994874,0.9230807620948672,4.195600526670053,2.3947516513973772,13,"critical_temp,gmean_Density,gmean_ElectronAffinity,range_atomic_radius,std_Density,wtd_gmean_ElectronAffinity,wtd_gmean_Valence,wtd_mean_Density,wtd_mean_ThermalConductivity,wtd_range_Valence,wtd_std_Density,wtd_std_ThermalConductivity,wtd_std_Valence,wtd_std_atomic_radius"
superconductivity_un_clean,regression,94.4052209854126,9.452195680107316,5.34279785537436,0.9232377399141313,4.007471551537301,2.334321297763011,14,"critical_temp,gmean_Density,gmean_ElectronAffinity,range_atomic_radius,std_Density,wtd_gmean_ElectronAffinity,wtd_gmean_Valence,wtd_mean_Density,wtd_mean_ThermalConductivity,wtd_range_Valence,wtd_range_atomic_mass,wtd_std_Density,wtd_std_ThermalConductivity,wtd_std_Valence,wtd_std_atomic_radius"
superconductivity_un_clean,regression,94.4052209854126,9.393174212680917,5.290090305459661,0.9241933858439109,4.007159000698596,2.3487246183625836,15,"critical_temp,gmean_Density,gmean_ElectronAffinity,range_atomic_radius,std_Density,wtd_gmean_ElectronAffinity,wtd_gmean_Valence,wtd_mean_Density,wtd_mean_ThermalConductivity,wtd_range_Valence,wtd_range_atomic_mass,wtd_std_Density,wtd_std_ThermalConductivity,wtd_std_Valence,wtd_std_atomic_radius,wtd_std_fie"
superconductivity_un_clean,regression,94.4052209854126,9.318236586628576,5.263984617764795,0.9253981133048214,4.048138527811227,2.4145681543725726,16,"critical_temp,gmean_Density,gmean_ElectronAffinity,range_atomic_radius,std_Density,wtd_gmean_ElectronAffinity,wtd_gmean_ThermalConductivity,wtd_gmean_Valence,wtd_mean_Density,wtd_mean_ThermalConductivity,wtd_range_Valence,wtd_range_atomic_mass,wtd_std_Density,wtd_std_ThermalConductivity,wtd_std_Valence,wtd_std_atomic_radius,wtd_std_fie"
superconductivity_un_clean,regression,94.4052209854126,9.341877745050605,5.251375828639321,0.9250190904495286,4.170833275458119,2.486368795861287,17,"critical_temp,gmean_Density,gmean_ElectronAffinity,range_atomic_radius,std_Density,wtd_gmean_ElectronAffinity,wtd_gmean_ThermalConductivity,wtd_gmean_Valence,wtd_mean_Density,wtd_mean_ThermalConductivity,wtd_range_Valence,wtd_range_atomic_mass,wtd_std_Density,wtd_std_ElectronAffinity,wtd_std_ThermalConductivity,wtd_std_Valence,wtd_std_atomic_radius,wtd_std_fie"
superconductivity_un_clean,regression,94.4052209854126,9.369645104492367,5.247842139787472,0.924572688521403,4.12479109802386,2.4305470007004533,18,"critical_temp,gmean_Density,gmean_ElectronAffinity,range_atomic_radius,std_Density,wtd_gmean_ElectronAffinity,wtd_gmean_ThermalConductivity,wtd_gmean_Valence,wtd_mean_Density,wtd_mean_ThermalConductivity,wtd_range_Valence,wtd_range_atomic_mass,wtd_range_fie,wtd_std_Density,wtd_std_ElectronAffinity,wtd_std_ThermalConductivity,wtd_std_Valence,wtd_std_atomic_radius,wtd_std_fie"
superconductivity_un_clean,regression,94.4052209854126,9.31521042504893,5.197248705193326,0.925446560390932,4.184658891513131,2.4607091591233763,19,"critical_temp,gmean_Density,gmean_ElectronAffinity,range_atomic_radius,std_Density,wtd_gmean_Density,wtd_gmean_ElectronAffinity,wtd_gmean_ThermalConductivity,wtd_gmean_Valence,wtd_mean_Density,wtd_mean_ThermalConductivity,wtd_range_Valence,wtd_range_atomic_mass,wtd_range_fie,wtd_std_Density,wtd_std_ElectronAffinity,wtd_std_ThermalConductivity,wtd_std_Valence,wtd_std_atomic_radius,wtd_std_fie"
superconductivity_un_clean,regression,94.4052209854126,9.33849767338866,5.21150695433633,0.9250733397138796,4.11209523538123,2.392833368908291,20,"critical_temp,gmean_Density,gmean_ElectronAffinity,range_atomic_radius,std_Density,wtd_gmean_Density,wtd_gmean_ElectronAffinity,wtd_gmean_ThermalConductivity,wtd_gmean_Valence,wtd_mean_Density,wtd_mean_ThermalConductivity,wtd_range_Valence,wtd_range_atomic_mass,wtd_range_fie,wtd_std_Density,wtd_std_ElectronAffinity,wtd_std_FusionHeat,wtd_std_ThermalConductivity,wtd_std_Valence,wtd_std_atomic_radius,wtd_std_fie"
superconductivity_un_clean,regression,94.4052209854126,9.265419437033735,5.169446744522906,0.9262414256604004,4.14514460573231,2.4374569460487012,21,"critical_temp,gmean_Density,gmean_ElectronAffinity,range_atomic_radius,std_Density,wtd_gmean_Density,wtd_gmean_ElectronAffinity,wtd_gmean_ThermalConductivity,wtd_gmean_Valence,wtd_mean_Density,wtd_mean_ThermalConductivity,wtd_range_ElectronAffinity,wtd_range_Valence,wtd_range_atomic_mass,wtd_range_fie,wtd_std_Density,wtd_std_ElectronAffinity,wtd_std_FusionHeat,wtd_std_ThermalConductivity,wtd_std_Valence,wtd_std_atomic_radius,wtd_std_fie"
superconductivity_un_clean,regression,94.4052209854126,9.329425419319117,5.231637070403056,0.9252188499523807,4.068095876749166,2.394677021526009,22,"critical_temp,gmean_Density,gmean_ElectronAffinity,range_atomic_radius,std_Density,wtd_gmean_Density,wtd_gmean_ElectronAffinity,wtd_gmean_ThermalConductivity,wtd_gmean_Valence,wtd_mean_Density,wtd_mean_ThermalConductivity,wtd_range_ElectronAffinity,wtd_range_Valence,wtd_range_atomic_mass,wtd_range_fie,wtd_std_Density,wtd_std_ElectronAffinity,wtd_std_FusionHeat,wtd_std_ThermalConductivity,wtd_std_Valence,wtd_std_atomic_mass,wtd_std_atomic_radius,wtd_std_fie"
superconductivity_un_clean,regression,94.4052209854126,9.20544195549371,5.145897599750135,0.9271932520036754,4.00284852596868,2.3483669457695724,23,"critical_temp,gmean_Density,gmean_ElectronAffinity,range_atomic_radius,std_Density,std_atomic_mass,wtd_gmean_Density,wtd_gmean_ElectronAffinity,wtd_gmean_ThermalConductivity,wtd_gmean_Valence,wtd_mean_Density,wtd_mean_ThermalConductivity,wtd_range_ElectronAffinity,wtd_range_Valence,wtd_range_atomic_mass,wtd_range_fie,wtd_std_Density,wtd_std_ElectronAffinity,wtd_std_FusionHeat,wtd_std_ThermalConductivity,wtd_std_Valence,wtd_std_atomic_mass,wtd_std_atomic_radius,wtd_std_fie"
superconductivity_un_clean,regression,94.4052209854126,9.231587414666219,5.141036782075754,0.926779090654952,4.122096544428343,2.4461999618030403,24,"critical_temp,gmean_Density,gmean_ElectronAffinity,range_atomic_radius,std_Density,std_atomic_mass,wtd_entropy_ThermalConductivity,wtd_gmean_Density,wtd_gmean_ElectronAffinity,wtd_gmean_ThermalConductivity,wtd_gmean_Valence,wtd_mean_Density,wtd_mean_ThermalConductivity,wtd_range_ElectronAffinity,wtd_range_Valence,wtd_range_atomic_mass,wtd_range_fie,wtd_std_Density,wtd_std_ElectronAffinity,wtd_std_FusionHeat,wtd_std_ThermalConductivity,wtd_std_Valence,wtd_std_atomic_mass,wtd_std_atomic_radius,wtd_std_fie"
superconductivity_un_clean,regression,94.4052209854126,9.271631787396297,5.171484830566843,0.9261424840587532,4.0830284826960614,2.4059762100857434,25,"critical_temp,gmean_Density,gmean_ElectronAffinity,range_atomic_radius,std_Density,std_atomic_mass,wtd_entropy_ThermalConductivity,wtd_gmean_Density,wtd_gmean_ElectronAffinity,wtd_gmean_ThermalConductivity,wtd_gmean_Valence,wtd_mean_Density,wtd_mean_ThermalConductivity,wtd_mean_Valence,wtd_range_ElectronAffinity,wtd_range_Valence,wtd_range_atomic_mass,wtd_range_fie,wtd_std_Density,wtd_std_ElectronAffinity,wtd_std_FusionHeat,wtd_std_ThermalConductivity,wtd_std_Valence,wtd_std_atomic_mass,wtd_std_atomic_radius,wtd_std_fie"
superconductivity_un_clean,regression,94.4052209854126,9.228910947551393,5.1412193243189135,0.9268215416308027,4.084903588829043,2.415507682332926,26,"critical_temp,gmean_Density,gmean_ElectronAffinity,range_ThermalConductivity,range_atomic_radius,std_Density,std_atomic_mass,wtd_entropy_ThermalConductivity,wtd_gmean_Density,wtd_gmean_ElectronAffinity,wtd_gmean_ThermalConductivity,wtd_gmean_Valence,wtd_mean_Density,wtd_mean_ThermalConductivity,wtd_mean_Valence,wtd_range_ElectronAffinity,wtd_range_Valence,wtd_range_atomic_mass,wtd_range_fie,wtd_std_Density,wtd_std_ElectronAffinity,wtd_std_FusionHeat,wtd_std_ThermalConductivity,wtd_std_Valence,wtd_std_atomic_mass,wtd_std_atomic_radius,wtd_std_fie"
superconductivity_un_clean,regression,94.4052209854126,9.242367013686401,5.149493076396314,0.9266079926996497,4.0812579455839755,2.413036252860253,27,"critical_temp,gmean_Density,gmean_ElectronAffinity,range_ThermalConductivity,range_atomic_radius,std_Density,std_atomic_mass,wtd_entropy_ThermalConductivity,wtd_gmean_Density,wtd_gmean_ElectronAffinity,wtd_gmean_ThermalConductivity,wtd_gmean_Valence,wtd_mean_Density,wtd_mean_ThermalConductivity,wtd_mean_Valence,wtd_mean_atomic_radius,wtd_range_ElectronAffinity,wtd_range_Valence,wtd_range_atomic_mass,wtd_range_fie,wtd_std_Density,wtd_std_ElectronAffinity,wtd_std_FusionHeat,wtd_std_ThermalConductivity,wtd_std_Valence,wtd_std_atomic_mass,wtd_std_atomic_radius,wtd_std_fie"
superconductivity_un_clean,regression,94.4052209854126,9.249261282672297,5.15919449437644,0.9264984595126595,4.057697401497973,2.3981678805427737,28,"critical_temp,gmean_Density,gmean_ElectronAffinity,range_ThermalConductivity,range_atomic_radius,std_Density,std_atomic_mass,wtd_entropy_ThermalConductivity,wtd_gmean_Density,wtd_gmean_ElectronAffinity,wtd_gmean_ThermalConductivity,wtd_gmean_Valence,wtd_mean_Density,wtd_mean_ThermalConductivity,wtd_mean_Valence,wtd_mean_atomic_radius,wtd_range_ElectronAffinity,wtd_range_Valence,wtd_range_atomic_mass,wtd_range_atomic_radius,wtd_range_fie,wtd_std_Density,wtd_std_ElectronAffinity,wtd_std_FusionHeat,wtd_std_ThermalConductivity,wtd_std_Valence,wtd_std_atomic_mass,wtd_std_atomic_radius,wtd_std_fie"
superconductivity_un_clean,regression,94.4052209854126,9.288067282108333,5.152820473238399,0.9258804027453541,4.245065603644749,2.531297849441328,29,"critical_temp,gmean_Density,gmean_ElectronAffinity,range_ThermalConductivity,range_atomic_radius,std_Density,std_atomic_mass,wtd_entropy_ThermalConductivity,wtd_gmean_Density,wtd_gmean_ElectronAffinity,wtd_gmean_ThermalConductivity,wtd_gmean_Valence,wtd_mean_Density,wtd_mean_ThermalConductivity,wtd_mean_Valence,wtd_mean_atomic_radius,wtd_range_Density,wtd_range_ElectronAffinity,wtd_range_Valence,wtd_range_atomic_mass,wtd_range_atomic_radius,wtd_range_fie,wtd_std_Density,wtd_std_ElectronAffinity,wtd_std_FusionHeat,wtd_std_ThermalConductivity,wtd_std_Valence,wtd_std_atomic_mass,wtd_std_atomic_radius,wtd_std_fie"
superconductivity_un_clean,regression,94.4052209854126,9.235803686420846,5.122883838677768,0.9267121921384713,4.199582076048888,2.4966978378010376,30,"critical_temp,gmean_Density,gmean_ElectronAffinity,range_ThermalConductivity,range_atomic_radius,std_Density,std_atomic_mass,wtd_entropy_ElectronAffinity,wtd_entropy_ThermalConductivity,wtd_gmean_Density,wtd_gmean_ElectronAffinity,wtd_gmean_ThermalConductivity,wtd_gmean_Valence,wtd_mean_Density,wtd_mean_ThermalConductivity,wtd_mean_Valence,wtd_mean_atomic_radius,wtd_range_Density,wtd_range_ElectronAffinity,wtd_range_Valence,wtd_range_atomic_mass,wtd_range_atomic_radius,wtd_range_fie,wtd_std_Density,wtd_std_ElectronAffinity,wtd_std_FusionHeat,wtd_std_ThermalConductivity,wtd_std_Valence,wtd_std_atomic_mass,wtd_std_atomic_radius,wtd_std_fie"
superconductivity_un_clean,regression,94.4052209854126,9.209272269428123,5.099346638732365,0.9271326507373557,4.218520046404446,2.52378620921117,31,"critical_temp,gmean_Density,gmean_ElectronAffinity,range_ThermalConductivity,range_atomic_radius,std_Density,std_atomic_mass,wtd_entropy_ElectronAffinity,wtd_entropy_ThermalConductivity,wtd_gmean_Density,wtd_gmean_ElectronAffinity,wtd_gmean_ThermalConductivity,wtd_gmean_Valence,wtd_mean_Density,wtd_mean_ThermalConductivity,wtd_mean_Valence,wtd_mean_atomic_radius,wtd_mean_fie,wtd_range_Density,wtd_range_ElectronAffinity,wtd_range_Valence,wtd_range_atomic_mass,wtd_range_atomic_radius,wtd_range_fie,wtd_std_Density,wtd_std_ElectronAffinity,wtd_std_FusionHeat,wtd_std_ThermalConductivity,wtd_std_Valence,wtd_std_atomic_mass,wtd_std_atomic_radius,wtd_std_fie"
superconductivity_un_clean,regression,94.4052209854126,9.161440833960677,5.111960374700966,0.9278876069699504,4.186323283679794,2.5220734171920736,32,"critical_temp,gmean_Density,gmean_ElectronAffinity,range_ThermalConductivity,range_atomic_radius,range_fie,std_Density,std_atomic_mass,wtd_entropy_ElectronAffinity,wtd_entropy_ThermalConductivity,wtd_gmean_Density,wtd_gmean_ElectronAffinity,wtd_gmean_ThermalConductivity,wtd_gmean_Valence,wtd_mean_Density,wtd_mean_ThermalConductivity,wtd_mean_Valence,wtd_mean_atomic_radius,wtd_mean_fie,wtd_range_Density,wtd_range_ElectronAffinity,wtd_range_Valence,wtd_range_atomic_mass,wtd_range_atomic_radius,wtd_range_fie,wtd_std_Density,wtd_std_ElectronAffinity,wtd_std_FusionHeat,wtd_std_ThermalConductivity,wtd_std_Valence,wtd_std_atomic_mass,wtd_std_atomic_radius,wtd_std_fie"
superconductivity_un_clean,regression,94.4052209854126,9.243451606077153,5.139567947543879,0.9265907665749786,4.186640173100899,2.5052353348332383,33,"critical_temp,gmean_Density,gmean_ElectronAffinity,range_ThermalConductivity,range_atomic_radius,range_fie,std_Density,std_atomic_mass,wtd_entropy_ElectronAffinity,wtd_entropy_ThermalConductivity,wtd_gmean_Density,wtd_gmean_ElectronAffinity,wtd_gmean_ThermalConductivity,wtd_gmean_Valence,wtd_gmean_atomic_mass,wtd_mean_Density,wtd_mean_ThermalConductivity,wtd_mean_Valence,wtd_mean_atomic_radius,wtd_mean_fie,wtd_range_Density,wtd_range_ElectronAffinity,wtd_range_Valence,wtd_range_atomic_mass,wtd_range_atomic_radius,wtd_range_fie,wtd_std_Density,wtd_std_ElectronAffinity,wtd_std_FusionHeat,wtd_std_ThermalConductivity,wtd_std_Valence,wtd_std_atomic_mass,wtd_std_atomic_radius,wtd_std_fie"
superconductivity_un_clean,regression,94.4052209854126,9.20916853115515,5.124473048151245,0.9271342923633544,4.234601912919251,2.549139644029697,34,"critical_temp,gmean_Density,gmean_ElectronAffinity,range_ThermalConductivity,range_atomic_radius,range_fie,std_Density,std_atomic_mass,wtd_entropy_ElectronAffinity,wtd_entropy_FusionHeat,wtd_entropy_ThermalConductivity,wtd_gmean_Density,wtd_gmean_ElectronAffinity,wtd_gmean_ThermalConductivity,wtd_gmean_Valence,wtd_gmean_atomic_mass,wtd_mean_Density,wtd_mean_ThermalConductivity,wtd_mean_Valence,wtd_mean_atomic_radius,wtd_mean_fie,wtd_range_Density,wtd_range_ElectronAffinity,wtd_range_Valence,wtd_range_atomic_mass,wtd_range_atomic_radius,wtd_range_fie,wtd_std_Density,wtd_std_ElectronAffinity,wtd_std_FusionHeat,wtd_std_ThermalConductivity,wtd_std_Valence,wtd_std_atomic_mass,wtd_std_atomic_radius,wtd_std_fie"
superconductivity_un_clean,regression,94.4052209854126,9.189312388579989,5.111780505582689,0.9274481691477132,4.209373341842015,2.5494526469115546,35,"critical_temp,gmean_Density,gmean_ElectronAffinity,range_ThermalConductivity,range_atomic_radius,range_fie,std_Density,std_atomic_mass,wtd_entropy_Density,wtd_entropy_ElectronAffinity,wtd_entropy_FusionHeat,wtd_entropy_ThermalConductivity,wtd_gmean_Density,wtd_gmean_ElectronAffinity,wtd_gmean_ThermalConductivity,wtd_gmean_Valence,wtd_gmean_atomic_mass,wtd_mean_Density,wtd_mean_ThermalConductivity,wtd_mean_Valence,wtd_mean_atomic_radius,wtd_mean_fie,wtd_range_Density,wtd_range_ElectronAffinity,wtd_range_Valence,wtd_range_atomic_mass,wtd_range_atomic_radius,wtd_range_fie,wtd_std_Density,wtd_std_ElectronAffinity,wtd_std_FusionHeat,wtd_std_ThermalConductivity,wtd_std_Valence,wtd_std_atomic_mass,wtd_std_atomic_radius,wtd_std_fie"
superconductivity_un_clean,regression,94.4052209854126,9.191250967696439,5.123222568234514,0.9274175548223512,4.2173494697711895,2.552345006158375,36,"critical_temp,gmean_Density,gmean_ElectronAffinity,range_ThermalConductivity,range_atomic_radius,range_fie,std_Density,std_atomic_mass,wtd_entropy_Density,wtd_entropy_ElectronAffinity,wtd_entropy_FusionHeat,wtd_entropy_ThermalConductivity,wtd_entropy_Valence,wtd_gmean_Density,wtd_gmean_ElectronAffinity,wtd_gmean_ThermalConductivity,wtd_gmean_Valence,wtd_gmean_atomic_mass,wtd_mean_Density,wtd_mean_ThermalConductivity,wtd_mean_Valence,wtd_mean_atomic_radius,wtd_mean_fie,wtd_range_Density,wtd_range_ElectronAffinity,wtd_range_Valence,wtd_range_atomic_mass,wtd_range_atomic_radius,wtd_range_fie,wtd_std_Density,wtd_std_ElectronAffinity,wtd_std_FusionHeat,wtd_std_ThermalConductivity,wtd_std_Valence,wtd_std_atomic_mass,wtd_std_atomic_radius,wtd_std_fie"
superconductivity_un_clean,regression,94.4052209854126,9.251063898235675,5.161566942900793,0.926469806860748,4.216511130486137,2.536770662624785,37,"critical_temp,gmean_Density,gmean_ElectronAffinity,range_ThermalConductivity,range_atomic_radius,range_fie,std_Density,std_atomic_mass,wtd_entropy_Density,wtd_entropy_ElectronAffinity,wtd_entropy_FusionHeat,wtd_entropy_ThermalConductivity,wtd_entropy_Valence,wtd_entropy_atomic_mass,wtd_gmean_Density,wtd_gmean_ElectronAffinity,wtd_gmean_ThermalConductivity,wtd_gmean_Valence,wtd_gmean_atomic_mass,wtd_mean_Density,wtd_mean_ThermalConductivity,wtd_mean_Valence,wtd_mean_atomic_radius,wtd_mean_fie,wtd_range_Density,wtd_range_ElectronAffinity,wtd_range_Valence,wtd_range_atomic_mass,wtd_range_atomic_radius,wtd_range_fie,wtd_std_Density,wtd_std_ElectronAffinity,wtd_std_FusionHeat,wtd_std_ThermalConductivity,wtd_std_Valence,wtd_std_atomic_mass,wtd_std_atomic_radius,wtd_std_fie"
superconductivity_un_clean,regression,94.4052209854126,9.20918888648228,5.1150612725009985,0.9271339702480734,4.194154344891908,2.475089297747907,38,"critical_temp,gmean_Density,gmean_ElectronAffinity,range_ThermalConductivity,range_atomic_radius,range_fie,std_Density,std_atomic_mass,std_atomic_radius,wtd_entropy_Density,wtd_entropy_ElectronAffinity,wtd_entropy_FusionHeat,wtd_entropy_ThermalConductivity,wtd_entropy_Valence,wtd_entropy_atomic_mass,wtd_gmean_Density,wtd_gmean_ElectronAffinity,wtd_gmean_ThermalConductivity,wtd_gmean_Valence,wtd_gmean_atomic_mass,wtd_mean_Density,wtd_mean_ThermalConductivity,wtd_mean_Valence,wtd_mean_atomic_radius,wtd_mean_fie,wtd_range_Density,wtd_range_ElectronAffinity,wtd_range_Valence,wtd_range_atomic_mass,wtd_range_atomic_radius,wtd_range_fie,wtd_std_Density,wtd_std_ElectronAffinity,wtd_std_FusionHeat,wtd_std_ThermalConductivity,wtd_std_Valence,wtd_std_atomic_mass,wtd_std_atomic_radius,wtd_std_fie"
superconductivity_un_clean,regression,94.4052209854126,9.210951413753898,5.133069114485874,0.927106076227001,4.211829357655614,2.4994555477141063,39,"critical_temp,gmean_Density,gmean_ElectronAffinity,range_ThermalConductivity,range_atomic_radius,range_fie,std_Density,std_atomic_mass,std_atomic_radius,wtd_entropy_Density,wtd_entropy_ElectronAffinity,wtd_entropy_FusionHeat,wtd_entropy_ThermalConductivity,wtd_entropy_Valence,wtd_entropy_atomic_mass,wtd_gmean_Density,wtd_gmean_ElectronAffinity,wtd_gmean_ThermalConductivity,wtd_gmean_Valence,wtd_gmean_atomic_mass,wtd_mean_Density,wtd_mean_ThermalConductivity,wtd_mean_Valence,wtd_mean_atomic_mass,wtd_mean_atomic_radius,wtd_mean_fie,wtd_range_Density,wtd_range_ElectronAffinity,wtd_range_Valence,wtd_range_atomic_mass,wtd_range_atomic_radius,wtd_range_fie,wtd_std_Density,wtd_std_ElectronAffinity,wtd_std_FusionHeat,wtd_std_ThermalConductivity,wtd_std_Valence,wtd_std_atomic_mass,wtd_std_atomic_radius,wtd_std_fie"
superconductivity_un_clean,regression,94.4052209854126,9.148162072249646,5.099279759867045,0.9280964975464083,4.203352962221206,2.5120779668533437,40,"critical_temp,gmean_Density,gmean_ElectronAffinity,range_ThermalConductivity,range_atomic_mass,range_atomic_radius,range_fie,std_Density,std_atomic_mass,std_atomic_radius,wtd_entropy_Density,wtd_entropy_ElectronAffinity,wtd_entropy_FusionHeat,wtd_entropy_ThermalConductivity,wtd_entropy_Valence,wtd_entropy_atomic_mass,wtd_gmean_Density,wtd_gmean_ElectronAffinity,wtd_gmean_ThermalConductivity,wtd_gmean_Valence,wtd_gmean_atomic_mass,wtd_mean_Density,wtd_mean_ThermalConductivity,wtd_mean_Valence,wtd_mean_atomic_mass,wtd_mean_atomic_radius,wtd_mean_fie,wtd_range_Density,wtd_range_ElectronAffinity,wtd_range_Valence,wtd_range_atomic_mass,wtd_range_atomic_radius,wtd_range_fie,wtd_std_Density,wtd_std_ElectronAffinity,wtd_std_FusionHeat,wtd_std_ThermalConductivity,wtd_std_Valence,wtd_std_atomic_mass,wtd_std_atomic_radius,wtd_std_fie"
superconductivity_mn_dirty,regression,732.3816590309143,21.696585007313175,15.106784333744914,0.5955497484337141,0.09066300972537888,0.20883628577607816,1,"critical_temp,range_atomic_radius"
superconductivity_mn_dirty,regression,732.3816590309143,16.43259835204378,10.119705326264668,0.7679963454969185,3.3547526951087807,2.1004140317087074,2,"critical_temp,range_atomic_radius,wtd_std_ThermalConductivity"
superconductivity_mn_dirty,regression,732.3816590309143,12.217436406997866,7.2486262393076295,0.871754386446629,4.055880393515093,2.322966114364294,3,"critical_temp,range_atomic_radius,std_Density,wtd_std_ThermalConductivity"
superconductivity_mn_dirty,regression,732.3816590309143,11.502789951055222,6.7335720389351605,0.88631878043591,3.932987227819935,2.2741977195302274,4,"critical_temp,gmean_ElectronAffinity,range_atomic_radius,std_Density,wtd_std_ThermalConductivity"
superconductivity_mn_dirty,regression,732.3816590309143,11.374267921606418,6.589303834421678,0.888844935996574,4.01563399536731,2.3020126074369953,5,"critical_temp,gmean_Density,gmean_ElectronAffinity,range_atomic_radius,std_Density,wtd_std_ThermalConductivity"
superconductivity_mn_dirty,regression,732.3816590309143,10.621099446591083,6.090976864104238,0.903078239135957,4.526133316011179,2.6509995288085983,6,"critical_temp,gmean_Density,gmean_ElectronAffinity,range_atomic_radius,std_Density,wtd_mean_ThermalConductivity,wtd_std_ThermalConductivity"
superconductivity_mn_dirty,regression,732.3816590309143,10.149993585923184,5.782433238868961,0.9114856099595438,4.4301161004488625,2.535138798421994,7,"critical_temp,gmean_Density,gmean_ElectronAffinity,range_atomic_radius,std_Density,wtd_gmean_ElectronAffinity,wtd_mean_ThermalConductivity,wtd_std_ThermalConductivity"
superconductivity_mn_dirty,regression,732.3816590309143,10.015268984740333,5.699534268776463,0.9138197834547619,4.567425573992288,2.659325309083662,8,"critical_temp,gmean_Density,gmean_ElectronAffinity,range_atomic_radius,std_Density,wtd_gmean_ElectronAffinity,wtd_mean_ThermalConductivity,wtd_std_Density,wtd_std_ThermalConductivity"
superconductivity_mn_dirty,regression,732.3816590309143,9.874017874470645,5.573484355569584,0.9162335397922161,4.757053116677342,2.7778807573163746,9,"critical_temp,gmean_Density,gmean_ElectronAffinity,range_atomic_radius,std_Density,wtd_gmean_ElectronAffinity,wtd_mean_Density,wtd_mean_ThermalConductivity,wtd_std_Density,wtd_std_ThermalConductivity"
superconductivity_mn_dirty,regression,732.3816590309143,9.856316289776009,5.557741228632896,0.9165336141832708,4.836371347279753,2.8546280482201243,10,"critical_temp,gmean_Density,gmean_ElectronAffinity,range_atomic_radius,range_fie,std_Density,wtd_gmean_ElectronAffinity,wtd_mean_Density,wtd_mean_ThermalConductivity,wtd_std_Density,wtd_std_ThermalConductivity"
superconductivity_mn_dirty,regression,732.3816590309143,9.883890603077477,5.582168310708781,0.9160659450022779,4.672377576315571,2.693812755187919,11,"critical_temp,gmean_Density,gmean_ElectronAffinity,range_atomic_radius,range_fie,std_Density,wtd_gmean_Density,wtd_gmean_ElectronAffinity,wtd_mean_Density,wtd_mean_ThermalConductivity,wtd_std_Density,wtd_std_ThermalConductivity"
superconductivity_mn_dirty,regression,732.3816590309143,9.892369894936925,5.568692599841498,0.9159218708398584,4.776040422996636,2.78762385980507,12,"critical_temp,gmean_Density,gmean_ElectronAffinity,range_atomic_radius,range_fie,std_Density,wtd_gmean_Density,wtd_gmean_ElectronAffinity,wtd_mean_Density,wtd_mean_ThermalConductivity,wtd_range_Density,wtd_std_Density,wtd_std_ThermalConductivity"
superconductivity_mn_dirty,regression,732.3816590309143,9.746346600890632,5.484345983782393,0.9183857396916533,4.398566421003432,2.5335766005484226,13,"critical_temp,gmean_Density,gmean_ElectronAffinity,range_atomic_mass,range_atomic_radius,range_fie,std_Density,wtd_gmean_Density,wtd_gmean_ElectronAffinity,wtd_mean_Density,wtd_mean_ThermalConductivity,wtd_range_Density,wtd_std_Density,wtd_std_ThermalConductivity"
superconductivity_mn_dirty,regression,732.3816590309143,9.797886267958544,5.532054301938539,0.9175202884950429,4.733940951931751,2.7603528927848737,14,"critical_temp,gmean_Density,gmean_ElectronAffinity,range_Density,range_atomic_mass,range_atomic_radius,range_fie,std_Density,wtd_gmean_Density,wtd_gmean_ElectronAffinity,wtd_mean_Density,wtd_mean_ThermalConductivity,wtd_range_Density,wtd_std_Density,wtd_std_ThermalConductivity"
superconductivity_mn_dirty,regression,732.3816590309143,10.121417049265949,5.8978572633821935,0.9119833194358239,6.300523727688618,3.4841692148412418,15,"critical_temp,gmean_Density,gmean_ElectronAffinity,mean_Density_shuffled_2,range_Density,range_atomic_mass,range_atomic_radius,range_fie,std_Density,wtd_gmean_Density,wtd_gmean_ElectronAffinity,wtd_mean_Density,wtd_mean_ThermalConductivity,wtd_range_Density,wtd_std_Density,wtd_std_ThermalConductivity"
superconductivity_mn_dirty,regression,732.3816590309143,10.19483711351139,6.018890566855196,0.9107017541268131,5.978437590440382,3.2539137692987645,16,"critical_temp,gmean_Density,gmean_ElectronAffinity,mean_Density_shuffled_2,range_Density,range_atomic_mass,range_atomic_radius,range_fie,std_Density,wtd_gmean_Density,wtd_gmean_ElectronAffinity,wtd_mean_Density,wtd_mean_Density_shuffled_1,wtd_mean_ThermalConductivity,wtd_range_Density,wtd_std_Density,wtd_std_ThermalConductivity"
superconductivity_mn_dirty,regression,732.3816590309143,10.28101506667364,6.160105514968534,0.9091856797570396,6.241783447450015,3.4471614772898223,17,"critical_temp,gmean_Density,gmean_ElectronAffinity,mean_Density_shuffled_2,range_Density,range_atomic_mass,range_atomic_radius,range_fie,std_Density,wtd_gmean_Density,wtd_gmean_Density_shuffled_2,wtd_gmean_ElectronAffinity,wtd_mean_Density,wtd_mean_Density_shuffled_1,wtd_mean_ThermalConductivity,wtd_range_Density,wtd_std_Density,wtd_std_ThermalConductivity"
superconductivity_mn_dirty,regression,732.3816590309143,10.39828702382964,6.174259796521847,0.9071020891252741,7.68139396367085,4.32997666685703,18,"critical_temp,gmean_Density,gmean_ElectronAffinity,mean_Density_shuffled_2,range_Density,range_atomic_mass,range_atomic_radius,range_fie,std_Density,wtd_gmean_Density,wtd_gmean_Density_shuffled_2,wtd_gmean_ElectronAffinity,wtd_mean_Density,wtd_mean_Density_shuffled_1,wtd_mean_ThermalConductivity,wtd_range_Density,wtd_std_Density,wtd_std_Density_shuffled_1,wtd_std_ThermalConductivity"
superconductivity_mn_dirty,regression,732.3816590309143,10.384478395796409,6.264274912532264,0.907348656841163,6.560943982286762,3.634199370268677,19,"critical_temp,gmean_Density,gmean_Density_shuffled_2,gmean_ElectronAffinity,mean_Density_shuffled_2,range_Density,range_atomic_mass,range_atomic_radius,range_fie,std_Density,wtd_gmean_Density,wtd_gmean_Density_shuffled_2,wtd_gmean_ElectronAffinity,wtd_mean_Density,wtd_mean_Density_shuffled_1,wtd_mean_ThermalConductivity,wtd_range_Density,wtd_std_Density,wtd_std_Density_shuffled_1,wtd_std_ThermalConductivity"
superconductivity_mn_dirty,regression,732.3816590309143,10.452271818647933,6.41390861848072,0.9061349888654727,5.39454422454168,2.9524380841891276,20,"critical_temp,gmean_Density,gmean_Density_shuffled_2,gmean_ElectronAffinity,mean_Density_shuffled_2,range_Density,range_atomic_mass,range_atomic_radius,range_fie,std_Density,wtd_gmean_Density,wtd_gmean_Density_shuffled_2,wtd_gmean_ElectronAffinity,wtd_mean_Density,wtd_mean_Density_shuffled_1,wtd_mean_ThermalConductivity,wtd_range_Density,wtd_std_Density,wtd_std_Density_shuffled_1,wtd_std_Density_shuffled_2,wtd_std_ThermalConductivity"
superconductivity_mn_dirty,regression,732.3816590309143,10.520351931829772,6.480038223620877,0.904908240804828,5.587088868282459,3.0515477509973596,21,"critical_temp,gmean_Density,gmean_Density_shuffled_1,gmean_Density_shuffled_2,gmean_ElectronAffinity,mean_Density_shuffled_2,range_Density,range_atomic_mass,range_atomic_radius,range_fie,std_Density,wtd_gmean_Density,wtd_gmean_Density_shuffled_2,wtd_gmean_ElectronAffinity,wtd_mean_Density,wtd_mean_Density_shuffled_1,wtd_mean_ThermalConductivity,wtd_range_Density,wtd_std_Density,wtd_std_Density_shuffled_1,wtd_std_Density_shuffled_2,wtd_std_ThermalConductivity"
superconductivity_mn_dirty,regression,732.3816590309143,10.499273940818576,6.404541974449842,0.9052889001902363,7.93033138004877,4.592887249467212,22,"critical_temp,gmean_Density,gmean_Density_shuffled_1,gmean_Density_shuffled_2,gmean_ElectronAffinity,mean_Density_shuffled_1,mean_Density_shuffled_2,range_Density,range_atomic_mass,range_atomic_radius,range_fie,std_Density,wtd_gmean_Density,wtd_gmean_Density_shuffled_2,wtd_gmean_ElectronAffinity,wtd_mean_Density,wtd_mean_Density_shuffled_1,wtd_mean_ThermalConductivity,wtd_range_Density,wtd_std_Density,wtd_std_Density_shuffled_1,wtd_std_Density_shuffled_2,wtd_std_ThermalConductivity"
superconductivity_mn_dirty,regression,732.3816590309143,10.540623897947144,6.520278018438004,0.9045414176795123,6.653146352539061,3.7714672431736966,23,"critical_temp,gmean_Density,gmean_Density_shuffled_1,gmean_Density_shuffled_2,gmean_ElectronAffinity,mean_Density_shuffled_1,mean_Density_shuffled_2,range_Density,range_atomic_mass,range_atomic_radius,range_fie,std_Density,wtd_gmean_Density,wtd_gmean_Density_shuffled_2,wtd_gmean_ElectronAffinity,wtd_mean_Density,wtd_mean_Density_shuffled_1,wtd_mean_ThermalConductivity,wtd_range_Density,wtd_range_Density_shuffled_1,wtd_std_Density,wtd_std_Density_shuffled_1,wtd_std_Density_shuffled_2,wtd_std_ThermalConductivity"
superconductivity_mn_dirty,regression,732.3816590309143,10.665331382301645,6.541860819664121,0.9022692901426503,7.374274663011931,4.175724739841243,24,"critical_temp,gmean_Density,gmean_Density_shuffled_1,gmean_Density_shuffled_2,gmean_ElectronAffinity,mean_Density_shuffled_1,mean_Density_shuffled_2,range_Density,range_atomic_mass,range_atomic_radius,range_fie,std_Density,wtd_gmean_Density,wtd_gmean_Density_shuffled_2,wtd_gmean_ElectronAffinity,wtd_mean_Density,wtd_mean_Density_shuffled_1,wtd_mean_ThermalConductivity,wtd_range_Density,wtd_range_Density_shuffled_1,wtd_range_Density_shuffled_2,wtd_std_Density,wtd_std_Density_shuffled_1,wtd_std_Density_shuffled_2,wtd_std_ThermalConductivity"
superconductivity_mn_dirty,regression,732.3816590309143,10.712818812329301,6.526292301405038,0.9013970599098339,9.50840370245904,5.664856847424787,25,"critical_temp,gmean_Density,gmean_Density_shuffled_1,gmean_Density_shuffled_2,gmean_ElectronAffinity,mean_Density_shuffled_1,mean_Density_shuffled_2,range_Density,range_atomic_mass,range_atomic_radius,range_fie,std_Density,std_Density_shuffled_2,wtd_gmean_Density,wtd_gmean_Density_shuffled_2,wtd_gmean_ElectronAffinity,wtd_mean_Density,wtd_mean_Density_shuffled_1,wtd_mean_ThermalConductivity,wtd_range_Density,wtd_range_Density_shuffled_1,wtd_range_Density_shuffled_2,wtd_std_Density,wtd_std_Density_shuffled_1,wtd_std_Density_shuffled_2,wtd_std_ThermalConductivity"
superconductivity_mn_dirty,regression,732.3816590309143,10.602056475717662,6.514664330329151,0.9034254769497487,7.930797401011031,4.645410777738839,26,"critical_temp,gmean_Density,gmean_Density_shuffled_1,gmean_Density_shuffled_2,gmean_ElectronAffinity,mean_Density_shuffled_1,mean_Density_shuffled_2,range_Density,range_atomic_mass,range_atomic_radius,range_fie,std_Density,std_Density_shuffled_2,wtd_gmean_Density,wtd_gmean_Density_shuffled_1,wtd_gmean_Density_shuffled_2,wtd_gmean_ElectronAffinity,wtd_mean_Density,wtd_mean_Density_shuffled_1,wtd_mean_ThermalConductivity,wtd_range_Density,wtd_range_Density_shuffled_1,wtd_range_Density_shuffled_2,wtd_std_Density,wtd_std_Density_shuffled_1,wtd_std_Density_shuffled_2,wtd_std_ThermalConductivity"
superconductivity_mn_dirty,regression,732.3816590309143,10.672200922699286,6.511821146274223,0.9021433528888485,9.77408505805269,5.89892215036721,27,"critical_temp,gmean_Density,gmean_Density_shuffled_1,gmean_Density_shuffled_2,gmean_ElectronAffinity,mean_Density_shuffled_1,mean_Density_shuffled_2,range_Density,range_atomic_mass,range_atomic_radius,range_fie,std_Density,std_Density_shuffled_2,wtd_gmean_Density,wtd_gmean_Density_shuffled_1,wtd_gmean_Density_shuffled_2,wtd_gmean_ElectronAffinity,wtd_mean_Density,wtd_mean_Density_shuffled_1,wtd_mean_Density_shuffled_2,wtd_mean_ThermalConductivity,wtd_range_Density,wtd_range_Density_shuffled_1,wtd_range_Density_shuffled_2,wtd_std_Density,wtd_std_Density_shuffled_1,wtd_std_Density_shuffled_2,wtd_std_ThermalConductivity"
superconductivity_mn_dirty,regression,732.3816590309143,10.677632120852001,6.52543478586188,0.9020437269386758,10.034104376519934,6.064637908141379,28,"critical_temp,gmean_Density,gmean_Density_shuffled_1,gmean_Density_shuffled_2,gmean_ElectronAffinity,mean_Density_shuffled_1,mean_Density_shuffled_2,range_Density,range_Density_shuffled_1,range_atomic_mass,range_atomic_radius,range_fie,std_Density,std_Density_shuffled_2,wtd_gmean_Density,wtd_gmean_Density_shuffled_1,wtd_gmean_Density_shuffled_2,wtd_gmean_ElectronAffinity,wtd_mean_Density,wtd_mean_Density_shuffled_1,wtd_mean_Density_shuffled_2,wtd_mean_ThermalConductivity,wtd_range_Density,wtd_range_Density_shuffled_1,wtd_range_Density_shuffled_2,wtd_std_Density,wtd_std_Density_shuffled_1,wtd_std_Density_shuffled_2,wtd_std_ThermalConductivity"
superconductivity_mn_dirty,regression,732.3816590309143,10.646559087092216,6.5096908893822745,0.9026130235127172,9.779928082563146,5.891115524457068,29,"critical_temp,gmean_Density,gmean_Density_shuffled_1,gmean_Density_shuffled_2,gmean_ElectronAffinity,mean_Density_shuffled_1,mean_Density_shuffled_2,range_Density,range_Density_shuffled_1,range_Density_shuffled_2,range_atomic_mass,range_atomic_radius,range_fie,std_Density,std_Density_shuffled_2,wtd_gmean_Density,wtd_gmean_Density_shuffled_1,wtd_gmean_Density_shuffled_2,wtd_gmean_ElectronAffinity,wtd_mean_Density,wtd_mean_Density_shuffled_1,wtd_mean_Density_shuffled_2,wtd_mean_ThermalConductivity,wtd_range_Density,wtd_range_Density_shuffled_1,wtd_range_Density_shuffled_2,wtd_std_Density,wtd_std_Density_shuffled_1,wtd_std_Density_shuffled_2,wtd_std_ThermalConductivity"
superconductivity_mn_dirty,regression,732.3816590309143,10.728010961235954,6.574531959243963,0.9011171984194164,8.901413483747813,5.2636899154185866,30,"critical_temp,gmean_Density,gmean_Density_shuffled_1,gmean_Density_shuffled_2,gmean_ElectronAffinity,mean_Density_shuffled_1,mean_Density_shuffled_2,range_Density,range_Density_shuffled_1,range_Density_shuffled_2,range_atomic_mass,range_atomic_radius,range_fie,std_Density,std_Density_shuffled_2,wtd_gmean_Density,wtd_gmean_Density_shuffled_1,wtd_gmean_Density_shuffled_2,wtd_gmean_ElectronAffinity,wtd_mean_Density,wtd_mean_Density_shuffled_1,wtd_mean_Density_shuffled_2,wtd_mean_ThermalConductivity,wtd_range_Density,wtd_range_Density_shuffled_1,wtd_range_Density_shuffled_2,wtd_std_Density,wtd_std_Density_shuffled_1,wtd_std_Density_shuffled_2,wtd_std_ThermalConductivity,wtd_std_ThermalConductivity_shuffled_2"
superconductivity_mn_dirty,regression,732.3816590309143,10.820314182907712,6.685073232058322,0.8994083138633505,8.66424189878804,5.125247769168568,31,"critical_temp,gmean_Density,gmean_Density_shuffled_1,gmean_Density_shuffled_2,gmean_ElectronAffinity,mean_Density_shuffled_1,mean_Density_shuffled_2,range_Density,range_Density_shuffled_1,range_Density_shuffled_2,range_atomic_mass,range_atomic_radius,range_fie,std_Density,std_Density_shuffled_2,wtd_gmean_Density,wtd_gmean_Density_shuffled_1,wtd_gmean_Density_shuffled_2,wtd_gmean_ElectronAffinity,wtd_mean_Density,wtd_mean_Density_shuffled_1,wtd_mean_Density_shuffled_2,wtd_mean_ThermalConductivity,wtd_range_Density,wtd_range_Density_shuffled_1,wtd_range_Density_shuffled_2,wtd_std_Density,wtd_std_Density_shuffled_1,wtd_std_Density_shuffled_2,wtd_std_ThermalConductivity,wtd_std_ThermalConductivity_shuffled_1,wtd_std_ThermalConductivity_shuffled_2"
superconductivity_mn_dirty,regression,732.3816590309143,10.64298671637132,6.574946481973159,0.9026783674445124,8.52971951095399,5.039499102362319,32,"critical_temp,gmean_Density,gmean_Density_shuffled_1,gmean_Density_shuffled_2,gmean_ElectronAffinity,mean_Density_shuffled_1,mean_Density_shuffled_2,range_Density,range_Density_shuffled_1,range_Density_shuffled_2,range_atomic_mass,range_atomic_radius,range_fie,std_Density,std_Density_shuffled_2,std_atomic_radius,wtd_gmean_Density,wtd_gmean_Density_shuffled_1,wtd_gmean_Density_shuffled_2,wtd_gmean_ElectronAffinity,wtd_mean_Density,wtd_mean_Density_shuffled_1,wtd_mean_Density_shuffled_2,wtd_mean_ThermalConductivity,wtd_range_Density,wtd_range_Density_shuffled_1,wtd_range_Density_shuffled_2,wtd_std_Density,wtd_std_Density_shuffled_1,wtd_std_Density_shuffled_2,wtd_std_ThermalConductivity,wtd_std_ThermalConductivity_shuffled_1,wtd_std_ThermalConductivity_shuffled_2"
superconductivity_mn_dirty,regression,732.3816590309143,10.50431654388256,6.386234313452434,0.9051979024367474,8.626055286837234,5.060808189022293,33,"critical_temp,gmean_Density,gmean_Density_shuffled_1,gmean_Density_shuffled_2,gmean_ElectronAffinity,mean_Density_shuffled_1,mean_Density_shuffled_2,range_Density,range_Density_shuffled_1,range_Density_shuffled_2,range_atomic_mass,range_atomic_radius,range_fie,std_Density,std_Density_shuffled_2,std_atomic_radius,wtd_gmean_Density,wtd_gmean_Density_shuffled_1,wtd_gmean_Density_shuffled_2,wtd_gmean_ElectronAffinity,wtd_mean_Density,wtd_mean_Density_shuffled_1,wtd_mean_Density_shuffled_2,wtd_mean_ThermalConductivity,wtd_range_Density,wtd_range_Density_shuffled_1,wtd_range_Density_shuffled_2,wtd_std_Density,wtd_std_Density_shuffled_1,wtd_std_Density_shuffled_2,wtd_std_ThermalConductivity,wtd_std_ThermalConductivity_shuffled_1,wtd_std_ThermalConductivity_shuffled_2,wtd_std_atomic_radius"
superconductivity_mn_dirty,regression,732.3816590309143,10.487237724225308,6.352670041450769,0.9055059266053483,9.13391175210719,5.3969630872326375,34,"critical_temp,gmean_Density,gmean_Density_shuffled_1,gmean_Density_shuffled_2,gmean_ElectronAffinity,mean_Density_shuffled_1,mean_Density_shuffled_2,range_Density,range_Density_shuffled_1,range_Density_shuffled_2,range_atomic_mass,range_atomic_radius,range_fie,std_Density,std_Density_shuffled_2,std_atomic_radius,wtd_gmean_Density,wtd_gmean_Density_shuffled_1,wtd_gmean_Density_shuffled_2,wtd_gmean_ElectronAffinity,wtd_mean_Density,wtd_mean_Density_shuffled_1,wtd_mean_Density_shuffled_2,wtd_mean_ThermalConductivity,wtd_range_Density,wtd_range_Density_shuffled_1,wtd_range_Density_shuffled_2,wtd_range_fie,wtd_std_Density,wtd_std_Density_shuffled_1,wtd_std_Density_shuffled_2,wtd_std_ThermalConductivity,wtd_std_ThermalConductivity_shuffled_1,wtd_std_ThermalConductivity_shuffled_2,wtd_std_atomic_radius"
superconductivity_mn_dirty,regression,732.3816590309143,10.52262693568894,6.4245098330552715,0.9048671095743437,8.74503217495702,5.112535047848933,35,"critical_temp,gmean_Density,gmean_Density_shuffled_1,gmean_Density_shuffled_2,gmean_ElectronAffinity,mean_Density_shuffled_1,mean_Density_shuffled_2,range_Density,range_Density_shuffled_1,range_Density_shuffled_2,range_atomic_mass,range_atomic_radius,range_fie,std_Density,std_Density_shuffled_2,std_atomic_radius,wtd_gmean_Density,wtd_gmean_Density_shuffled_1,wtd_gmean_Density_shuffled_2,wtd_gmean_ElectronAffinity,wtd_mean_Density,wtd_mean_Density_shuffled_1,wtd_mean_Density_shuffled_2,wtd_mean_ThermalConductivity,wtd_range_Density,wtd_range_Density_shuffled_1,wtd_range_Density_shuffled_2,wtd_range_atomic_radius,wtd_range_fie,wtd_std_Density,wtd_std_Density_shuffled_1,wtd_std_Density_shuffled_2,wtd_std_ThermalConductivity,wtd_std_ThermalConductivity_shuffled_1,wtd_std_ThermalConductivity_shuffled_2,wtd_std_atomic_radius"
superconductivity_mn_dirty,regression,732.3816590309143,10.464296110780586,6.339783914419866,0.9059189000495962,9.705013246110498,5.788929307540487,36,"critical_temp,gmean_Density,gmean_Density_shuffled_1,gmean_Density_shuffled_2,gmean_ElectronAffinity,mean_Density_shuffled_1,mean_Density_shuffled_2,range_Density,range_Density_shuffled_1,range_Density_shuffled_2,range_atomic_mass,range_atomic_radius,range_fie,std_Density,std_Density_shuffled_2,std_atomic_radius,wtd_gmean_Density,wtd_gmean_Density_shuffled_1,wtd_gmean_Density_shuffled_2,wtd_gmean_ElectronAffinity,wtd_gmean_Valence_shuffled_2,wtd_mean_Density,wtd_mean_Density_shuffled_1,wtd_mean_Density_shuffled_2,wtd_mean_ThermalConductivity,wtd_range_Density,wtd_range_Density_shuffled_1,wtd_range_Density_shuffled_2,wtd_range_atomic_radius,wtd_range_fie,wtd_std_Density,wtd_std_Density_shuffled_1,wtd_std_Density_shuffled_2,wtd_std_ThermalConductivity,wtd_std_ThermalConductivity_shuffled_1,wtd_std_ThermalConductivity_shuffled_2,wtd_std_atomic_radius"
superconductivity_mn_dirty,regression,732.3816590309143,10.391798058381239,6.305333270889219,0.9072179973018397,8.64294561300219,5.029499314842372,37,"critical_temp,gmean_Density,gmean_Density_shuffled_1,gmean_Density_shuffled_2,gmean_ElectronAffinity,mean_Density_shuffled_1,mean_Density_shuffled_2,range_Density,range_Density_shuffled_1,range_Density_shuffled_2,range_atomic_mass,range_atomic_radius,range_fie,std_Density,std_Density_shuffled_2,std_atomic_radius,wtd_gmean_Density,wtd_gmean_Density_shuffled_1,wtd_gmean_Density_shuffled_2,wtd_gmean_ElectronAffinity,wtd_gmean_Valence_shuffled_2,wtd_mean_Density,wtd_mean_Density_shuffled_1,wtd_mean_Density_shuffled_2,wtd_mean_ThermalConductivity,wtd_range_Density,wtd_range_Density_shuffled_1,wtd_range_Density_shuffled_2,wtd_range_atomic_radius,wtd_range_fie,wtd_std_Density,wtd_std_Density_shuffled_1,wtd_std_Density_shuffled_2,wtd_std_ThermalConductivity,wtd_std_ThermalConductivity_shuffled_1,wtd_std_ThermalConductivity_shuffled_2,wtd_std_atomic_radius,wtd_std_fie"
superconductivity_mn_dirty,regression,732.3816590309143,10.347266956790461,6.2393996091487365,0.9080114754243843,9.515713737905884,5.637669971297189,38,"critical_temp,entropy_atomic_radius,gmean_Density,gmean_Density_shuffled_1,gmean_Density_shuffled_2,gmean_ElectronAffinity,mean_Density_shuffled_1,mean_Density_shuffled_2,range_Density,range_Density_shuffled_1,range_Density_shuffled_2,range_atomic_mass,range_atomic_radius,range_fie,std_Density,std_Density_shuffled_2,std_atomic_radius,wtd_gmean_Density,wtd_gmean_Density_shuffled_1,wtd_gmean_Density_shuffled_2,wtd_gmean_ElectronAffinity,wtd_gmean_Valence_shuffled_2,wtd_mean_Density,wtd_mean_Density_shuffled_1,wtd_mean_Density_shuffled_2,wtd_mean_ThermalConductivity,wtd_range_Density,wtd_range_Density_shuffled_1,wtd_range_Density_shuffled_2,wtd_range_atomic_radius,wtd_range_fie,wtd_std_Density,wtd_std_Density_shuffled_1,wtd_std_Density_shuffled_2,wtd_std_ThermalConductivity,wtd_std_ThermalConductivity_shuffled_1,wtd_std_ThermalConductivity_shuffled_2,wtd_std_atomic_radius,wtd_std_fie"
superconductivity_mn_dirty,regression,732.3816590309143,10.35484292371073,6.213998830251897,0.9078767234849975,9.196790508547961,5.505036170638492,39,"critical_temp,entropy_atomic_radius,gmean_Density,gmean_Density_shuffled_1,gmean_Density_shuffled_2,gmean_ElectronAffinity,mean_Density_shuffled_1,mean_Density_shuffled_2,range_Density,range_Density_shuffled_1,range_Density_shuffled_2,range_atomic_mass,range_atomic_radius,range_fie,std_Density,std_Density_shuffled_2,std_atomic_radius,wtd_gmean_Density,wtd_gmean_Density_shuffled_1,wtd_gmean_Density_shuffled_2,wtd_gmean_ElectronAffinity,wtd_gmean_ThermalConductivity_shuffled_2,wtd_gmean_Valence_shuffled_2,wtd_mean_Density,wtd_mean_Density_shuffled_1,wtd_mean_Density_shuffled_2,wtd_mean_ThermalConductivity,wtd_range_Density,wtd_range_Density_shuffled_1,wtd_range_Density_shuffled_2,wtd_range_atomic_radius,wtd_range_fie,wtd_std_Density,wtd_std_Density_shuffled_1,wtd_std_Density_shuffled_2,wtd_std_ThermalConductivity,wtd_std_ThermalConductivity_shuffled_1,wtd_std_ThermalConductivity_shuffled_2,wtd_std_atomic_radius,wtd_std_fie"
superconductivity_mn_dirty,regression,732.3816590309143,10.323441041802273,6.229069240387322,0.9084346185456343,9.52071787611429,5.6809971715455525,40,"critical_temp,entropy_atomic_radius,gmean_Density,gmean_Density_shuffled_1,gmean_Density_shuffled_2,gmean_ElectronAffinity,mean_Density_shuffled_1,mean_Density_shuffled_2,range_Density,range_Density_shuffled_1,range_Density_shuffled_2,range_atomic_mass,range_atomic_radius,range_fie,std_Density,std_Density_shuffled_2,std_atomic_radius,wtd_entropy_atomic_radius,wtd_gmean_Density,wtd_gmean_Density_shuffled_1,wtd_gmean_Density_shuffled_2,wtd_gmean_ElectronAffinity,wtd_gmean_ThermalConductivity_shuffled_2,wtd_gmean_Valence_shuffled_2,wtd_mean_Density,wtd_mean_Density_shuffled_1,wtd_mean_Density_shuffled_2,wtd_mean_ThermalConductivity,wtd_range_Density,wtd_range_Density_shuffled_1,wtd_range_Density_shuffled_2,wtd_range_atomic_radius,wtd_range_fie,wtd_std_Density,wtd_std_Density_shuffled_1,wtd_std_Density_shuffled_2,wtd_std_ThermalConductivity,wtd_std_ThermalConductivity_shuffled_1,wtd_std_ThermalConductivity_shuffled_2,wtd_std_atomic_radius,wtd_std_fie"
superconductivity_mn_clean,regression,127.09767818450928,21.696585007313175,15.106784333744914,0.5955497484337141,0.09066300972537888,0.20883628577607816,1,"critical_temp,range_atomic_radius"
superconductivity_mn_clean,regression,127.09767818450928,16.43259835204378,10.119705326264668,0.7679963454969185,3.3547526951087807,2.1004140317087074,2,"critical_temp,range_atomic_radius,wtd_std_ThermalConductivity"
superconductivity_mn_clean,regression,127.09767818450928,12.217436406997866,7.2486262393076295,0.871754386446629,4.055880393515093,2.322966114364294,3,"critical_temp,range_atomic_radius,std_Density,wtd_std_ThermalConductivity"
superconductivity_mn_clean,regression,127.09767818450928,11.502789951055222,6.7335720389351605,0.88631878043591,3.932987227819935,2.2741977195302274,4,"critical_temp,gmean_ElectronAffinity,range_atomic_radius,std_Density,wtd_std_ThermalConductivity"
superconductivity_mn_clean,regression,127.09767818450928,11.374267921606418,6.589303834421678,0.888844935996574,4.01563399536731,2.3020126074369953,5,"critical_temp,gmean_Density,gmean_ElectronAffinity,range_atomic_radius,std_Density,wtd_std_ThermalConductivity"
superconductivity_mn_clean,regression,127.09767818450928,10.621099446591083,6.090976864104238,0.903078239135957,4.526133316011179,2.6509995288085983,6,"critical_temp,gmean_Density,gmean_ElectronAffinity,range_atomic_radius,std_Density,wtd_mean_ThermalConductivity,wtd_std_ThermalConductivity"
superconductivity_mn_clean,regression,127.09767818450928,10.280749040794342,5.944181099431427,0.9091903794188291,4.497350598382523,2.649759920935765,7,"critical_temp,gmean_Density,gmean_ElectronAffinity,range_atomic_radius,std_Density,wtd_entropy_ThermalConductivity,wtd_mean_ThermalConductivity,wtd_std_ThermalConductivity"
superconductivity_mn_clean,regression,127.09767818450928,10.004172701160662,5.717059501195695,0.9140106421075452,4.657339156479363,2.7421396672406098,8,"critical_temp,gmean_Density,gmean_ElectronAffinity,range_atomic_radius,std_Density,wtd_entropy_ThermalConductivity,wtd_gmean_ElectronAffinity,wtd_mean_ThermalConductivity,wtd_std_ThermalConductivity"
superconductivity_mn_clean,regression,127.09767818450928,9.908707297374844,5.657624017158821,0.9156439288456075,4.791491193034581,2.85545957687527,9,"critical_temp,gmean_Density,gmean_ElectronAffinity,range_atomic_radius,std_Density,wtd_entropy_ThermalConductivity,wtd_gmean_ElectronAffinity,wtd_mean_ThermalConductivity,wtd_range_fie,wtd_std_ThermalConductivity"
superconductivity_mn_clean,regression,127.09767818450928,9.73867737972326,5.599283761738262,0.9185141306830105,4.138454252976118,2.3986056677837433,10,"critical_temp,gmean_Density,gmean_ElectronAffinity,range_atomic_radius,std_Density,wtd_entropy_ThermalConductivity,wtd_gmean_ElectronAffinity,wtd_mean_ThermalConductivity,wtd_range_fie,wtd_std_ElectronAffinity,wtd_std_ThermalConductivity"
superconductivity_mn_clean,regression,127.09767818450928,9.744642386840372,5.546526619704717,0.918414278797549,4.786849966526076,2.895463744470268,11,"critical_temp,gmean_Density,gmean_ElectronAffinity,range_atomic_radius,std_Density,wtd_entropy_ThermalConductivity,wtd_gmean_ElectronAffinity,wtd_mean_ThermalConductivity,wtd_range_fie,wtd_std_Density,wtd_std_ElectronAffinity,wtd_std_ThermalConductivity"
superconductivity_mn_clean,regression,127.09767818450928,9.641996696470912,5.485053242761029,0.9201240011539025,4.115799833357019,2.397773061632573,12,"critical_temp,gmean_Density,gmean_ElectronAffinity,range_atomic_radius,std_Density,wtd_entropy_ThermalConductivity,wtd_gmean_ElectronAffinity,wtd_mean_Density,wtd_mean_ThermalConductivity,wtd_range_fie,wtd_std_Density,wtd_std_ElectronAffinity,wtd_std_ThermalConductivity"
superconductivity_mn_clean,regression,127.09767818450928,9.611126916716584,5.437542415550135,0.9206346437924465,4.316023498708977,2.4982210025630973,13,"critical_temp,gmean_Density,gmean_ElectronAffinity,range_atomic_radius,std_Density,wtd_entropy_ThermalConductivity,wtd_gmean_ElectronAffinity,wtd_gmean_ThermalConductivity,wtd_mean_Density,wtd_mean_ThermalConductivity,wtd_range_fie,wtd_std_Density,wtd_std_ElectronAffinity,wtd_std_ThermalConductivity"
superconductivity_mn_clean,regression,127.09767818450928,9.599096533378091,5.460648761844423,0.9208332049188647,4.389448097940974,2.5819912986468463,14,"critical_temp,gmean_Density,gmean_ElectronAffinity,mean_Density,range_atomic_radius,std_Density,wtd_entropy_ThermalConductivity,wtd_gmean_ElectronAffinity,wtd_gmean_ThermalConductivity,wtd_mean_Density,wtd_mean_ThermalConductivity,wtd_range_fie,wtd_std_Density,wtd_std_ElectronAffinity,wtd_std_ThermalConductivity"
superconductivity_mn_clean,regression,127.09767818450928,9.596308495572115,5.433721860747227,0.9208791859053168,4.407438887061158,2.570360298872986,15,"critical_temp,gmean_Density,gmean_ElectronAffinity,mean_Density,range_atomic_radius,std_Density,wtd_entropy_ThermalConductivity,wtd_gmean_Density,wtd_gmean_ElectronAffinity,wtd_gmean_ThermalConductivity,wtd_mean_Density,wtd_mean_ThermalConductivity,wtd_range_fie,wtd_std_Density,wtd_std_ElectronAffinity,wtd_std_ThermalConductivity"
superconductivity_mn_clean,regression,127.09767818450928,9.531615024761189,5.35918004516005,0.9219423752702187,4.28783766742804,2.4931121173677497,16,"critical_temp,gmean_Density,gmean_ElectronAffinity,mean_Density,range_atomic_radius,std_Density,wtd_entropy_ThermalConductivity,wtd_gmean_Density,wtd_gmean_ElectronAffinity,wtd_gmean_ThermalConductivity,wtd_mean_Density,wtd_mean_ThermalConductivity,wtd_range_fie,wtd_std_Density,wtd_std_ElectronAffinity,wtd_std_FusionHeat,wtd_std_ThermalConductivity"
superconductivity_mn_clean,regression,127.09767818450928,9.508528252242163,5.3506696397805324,0.9223200481338151,4.455272702443188,2.649054145996525,17,"critical_temp,gmean_Density,gmean_ElectronAffinity,mean_Density,range_atomic_radius,std_Density,wtd_entropy_FusionHeat,wtd_entropy_ThermalConductivity,wtd_gmean_Density,wtd_gmean_ElectronAffinity,wtd_gmean_ThermalConductivity,wtd_mean_Density,wtd_mean_ThermalConductivity,wtd_range_fie,wtd_std_Density,wtd_std_ElectronAffinity,wtd_std_FusionHeat,wtd_std_ThermalConductivity"
superconductivity_mn_clean,regression,127.09767818450928,9.424233741378558,5.314079216160553,0.9236912317507461,4.464259474579085,2.6858143599310202,18,"critical_temp,gmean_Density,gmean_ElectronAffinity,mean_Density,range_atomic_radius,std_Density,std_atomic_mass,wtd_entropy_FusionHeat,wtd_entropy_ThermalConductivity,wtd_gmean_Density,wtd_gmean_ElectronAffinity,wtd_gmean_ThermalConductivity,wtd_mean_Density,wtd_mean_ThermalConductivity,wtd_range_fie,wtd_std_Density,wtd_std_ElectronAffinity,wtd_std_FusionHeat,wtd_std_ThermalConductivity"
superconductivity_mn_clean,regression,127.09767818450928,9.320479925456375,5.248964448992708,0.9253621885989198,4.231843538492487,2.512877589678592,19,"critical_temp,gmean_Density,gmean_ElectronAffinity,mean_Density,range_atomic_radius,std_Density,std_atomic_mass,std_atomic_radius,wtd_entropy_FusionHeat,wtd_entropy_ThermalConductivity,wtd_gmean_Density,wtd_gmean_ElectronAffinity,wtd_gmean_ThermalConductivity,wtd_mean_Density,wtd_mean_ThermalConductivity,wtd_range_fie,wtd_std_Density,wtd_std_ElectronAffinity,wtd_std_FusionHeat,wtd_std_ThermalConductivity"
superconductivity_mn_clean,regression,127.09767818450928,9.209381910530333,5.145378552777139,0.9271309156808143,4.2226901791559115,2.519654018497206,20,"critical_temp,gmean_Density,gmean_ElectronAffinity,mean_Density,range_atomic_radius,std_Density,std_atomic_mass,std_atomic_radius,wtd_entropy_FusionHeat,wtd_entropy_ThermalConductivity,wtd_gmean_Density,wtd_gmean_ElectronAffinity,wtd_gmean_ThermalConductivity,wtd_mean_Density,wtd_mean_ThermalConductivity,wtd_mean_Valence,wtd_range_fie,wtd_std_Density,wtd_std_ElectronAffinity,wtd_std_FusionHeat,wtd_std_ThermalConductivity"
superconductivity_mn_clean,regression,127.09767818450928,9.232891900945651,5.139777730882366,0.9267583959649003,4.2355671242697746,2.531451601881224,21,"critical_temp,gmean_Density,gmean_ElectronAffinity,mean_Density,range_atomic_radius,std_Density,std_atomic_mass,std_atomic_radius,wtd_entropy_FusionHeat,wtd_entropy_ThermalConductivity,wtd_gmean_Density,wtd_gmean_ElectronAffinity,wtd_gmean_ThermalConductivity,wtd_mean_Density,wtd_mean_ThermalConductivity,wtd_mean_Valence,wtd_range_atomic_radius,wtd_range_fie,wtd_std_Density,wtd_std_ElectronAffinity,wtd_std_FusionHeat,wtd_std_ThermalConductivity"
superconductivity_mn_clean,regression,127.09767818450928,9.230639836462771,5.173138533695374,0.9267941214343236,4.114692061610694,2.4719069358195056,22,"critical_temp,gmean_Density,gmean_ElectronAffinity,mean_Density,range_atomic_radius,std_Density,std_atomic_mass,std_atomic_radius,wtd_entropy_Density,wtd_entropy_FusionHeat,wtd_entropy_ThermalConductivity,wtd_gmean_Density,wtd_gmean_ElectronAffinity,wtd_gmean_ThermalConductivity,wtd_mean_Density,wtd_mean_ThermalConductivity,wtd_mean_Valence,wtd_range_atomic_radius,wtd_range_fie,wtd_std_Density,wtd_std_ElectronAffinity,wtd_std_FusionHeat,wtd_std_ThermalConductivity"
superconductivity_mn_clean,regression,127.09767818450928,9.230459940691421,5.172794270828335,0.9267969748225818,4.159781292324242,2.46595941535098,23,"critical_temp,gmean_Density,gmean_ElectronAffinity,mean_Density,range_atomic_radius,std_Density,std_atomic_mass,std_atomic_radius,wtd_entropy_Density,wtd_entropy_FusionHeat,wtd_entropy_ThermalConductivity,wtd_gmean_Density,wtd_gmean_ElectronAffinity,wtd_gmean_ThermalConductivity,wtd_mean_Density,wtd_mean_ThermalConductivity,wtd_mean_Valence,wtd_mean_atomic_radius,wtd_range_atomic_radius,wtd_range_fie,wtd_std_Density,wtd_std_ElectronAffinity,wtd_std_FusionHeat,wtd_std_ThermalConductivity"
superconductivity_mn_clean,regression,127.09767818450928,9.23217829223959,5.135487069123236,0.9267697171905871,4.221634916639811,2.521192697067744,24,"critical_temp,gmean_Density,gmean_ElectronAffinity,mean_Density,range_atomic_radius,std_Density,std_atomic_mass,std_atomic_radius,wtd_entropy_Density,wtd_entropy_FusionHeat,wtd_entropy_ThermalConductivity,wtd_gmean_Density,wtd_gmean_ElectronAffinity,wtd_gmean_ThermalConductivity,wtd_mean_Density,wtd_mean_ThermalConductivity,wtd_mean_Valence,wtd_mean_atomic_radius,wtd_range_Density,wtd_range_atomic_radius,wtd_range_fie,wtd_std_Density,wtd_std_ElectronAffinity,wtd_std_FusionHeat,wtd_std_ThermalConductivity"
superconductivity_mn_clean,regression,127.09767818450928,9.196293710806144,5.144494149853189,0.9273378888372046,4.213100417774894,2.511120790181453,25,"critical_temp,gmean_Density,gmean_ElectronAffinity,mean_Density,range_atomic_radius,range_fie,std_Density,std_atomic_mass,std_atomic_radius,wtd_entropy_Density,wtd_entropy_FusionHeat,wtd_entropy_ThermalConductivity,wtd_gmean_Density,wtd_gmean_ElectronAffinity,wtd_gmean_ThermalConductivity,wtd_mean_Density,wtd_mean_ThermalConductivity,wtd_mean_Valence,wtd_mean_atomic_radius,wtd_range_Density,wtd_range_atomic_radius,wtd_range_fie,wtd_std_Density,wtd_std_ElectronAffinity,wtd_std_FusionHeat,wtd_std_ThermalConductivity"
superconductivity_mn_clean,regression,127.09767818450928,9.209691994948706,5.1460879095621,0.927126008522386,4.265197633179926,2.5418082965932505,26,"critical_temp,gmean_Density,gmean_ElectronAffinity,mean_Density,range_atomic_radius,range_fie,std_Density,std_atomic_mass,std_atomic_radius,wtd_entropy_Density,wtd_entropy_FusionHeat,wtd_entropy_ThermalConductivity,wtd_entropy_atomic_mass,wtd_gmean_Density,wtd_gmean_ElectronAffinity,wtd_gmean_ThermalConductivity,wtd_mean_Density,wtd_mean_ThermalConductivity,wtd_mean_Valence,wtd_mean_atomic_radius,wtd_range_Density,wtd_range_atomic_radius,wtd_range_fie,wtd_std_Density,wtd_std_ElectronAffinity,wtd_std_FusionHeat,wtd_std_ThermalConductivity"
superconductivity_mn_clean,regression,127.09767818450928,9.213903001424645,5.14028219655208,0.9270593520029438,4.301485026078319,2.5883113982482637,27,"critical_temp,gmean_Density,gmean_ElectronAffinity,mean_Density,range_atomic_radius,range_fie,std_Density,std_atomic_mass,std_atomic_radius,wtd_entropy_Density,wtd_entropy_FusionHeat,wtd_entropy_ThermalConductivity,wtd_entropy_atomic_mass,wtd_gmean_Density,wtd_gmean_ElectronAffinity,wtd_gmean_ThermalConductivity,wtd_mean_Density,wtd_mean_ThermalConductivity,wtd_mean_Valence,wtd_mean_atomic_radius,wtd_range_Density,wtd_range_ElectronAffinity,wtd_range_atomic_radius,wtd_range_fie,wtd_std_Density,wtd_std_ElectronAffinity,wtd_std_FusionHeat,wtd_std_ThermalConductivity"
superconductivity_mn_clean,regression,127.09767818450928,9.161705858240289,5.150950991000115,0.9278834347416314,4.087304613028919,2.4275608599666043,28,"critical_temp,entropy_FusionHeat,gmean_Density,gmean_ElectronAffinity,mean_Density,range_atomic_radius,range_fie,std_Density,std_atomic_mass,std_atomic_radius,wtd_entropy_Density,wtd_entropy_FusionHeat,wtd_entropy_ThermalConductivity,wtd_entropy_atomic_mass,wtd_gmean_Density,wtd_gmean_ElectronAffinity,wtd_gmean_ThermalConductivity,wtd_mean_Density,wtd_mean_ThermalConductivity,wtd_mean_Valence,wtd_mean_atomic_radius,wtd_range_Density,wtd_range_ElectronAffinity,wtd_range_atomic_radius,wtd_range_fie,wtd_std_Density,wtd_std_ElectronAffinity,wtd_std_FusionHeat,wtd_std_ThermalConductivity"
superconductivity_mn_clean,regression,127.09767818450928,9.234960896201553,5.149346985689305,0.9267255669202649,4.253427670918355,2.5375438491445763,29,"critical_temp,entropy_FusionHeat,gmean_Density,gmean_ElectronAffinity,mean_Density,range_atomic_radius,range_fie,std_Density,std_atomic_mass,std_atomic_radius,wtd_entropy_Density,wtd_entropy_FusionHeat,wtd_entropy_ThermalConductivity,wtd_entropy_atomic_mass,wtd_gmean_Density,wtd_gmean_ElectronAffinity,wtd_gmean_ThermalConductivity,wtd_mean_Density,wtd_mean_ThermalConductivity,wtd_mean_Valence,wtd_mean_atomic_radius,wtd_range_Density,wtd_range_ElectronAffinity,wtd_range_Valence,wtd_range_atomic_radius,wtd_range_fie,wtd_std_Density,wtd_std_ElectronAffinity,wtd_std_FusionHeat,wtd_std_ThermalConductivity"
superconductivity_mn_clean,regression,127.09767818450928,9.213536541351512,5.152509037258145,0.9270651539532441,4.237247972246035,2.5203201453241038,30,"critical_temp,entropy_FusionHeat,gmean_Density,gmean_ElectronAffinity,mean_Density,range_atomic_radius,range_fie,std_Density,std_atomic_mass,std_atomic_radius,wtd_entropy_Density,wtd_entropy_FusionHeat,wtd_entropy_ThermalConductivity,wtd_entropy_atomic_mass,wtd_gmean_Density,wtd_gmean_ElectronAffinity,wtd_gmean_ThermalConductivity,wtd_gmean_Valence,wtd_mean_Density,wtd_mean_ThermalConductivity,wtd_mean_Valence,wtd_mean_atomic_radius,wtd_range_Density,wtd_range_ElectronAffinity,wtd_range_Valence,wtd_range_atomic_radius,wtd_range_fie,wtd_std_Density,wtd_std_ElectronAffinity,wtd_std_FusionHeat,wtd_std_ThermalConductivity"
superconductivity_mn_clean,regression,127.09767818450928,9.211927564777879,5.139389660643961,0.9270906252175306,4.283740183786649,2.5817879701819515,31,"critical_temp,entropy_FusionHeat,gmean_Density,gmean_ElectronAffinity,mean_Density,range_atomic_radius,range_fie,std_Density,std_atomic_mass,std_atomic_radius,wtd_entropy_Density,wtd_entropy_FusionHeat,wtd_entropy_ThermalConductivity,wtd_entropy_atomic_mass,wtd_gmean_Density,wtd_gmean_ElectronAffinity,wtd_gmean_ThermalConductivity,wtd_gmean_Valence,wtd_mean_Density,wtd_mean_ThermalConductivity,wtd_mean_Valence,wtd_mean_atomic_radius,wtd_range_Density,wtd_range_ElectronAffinity,wtd_range_Valence,wtd_range_atomic_radius,wtd_range_fie,wtd_std_Density,wtd_std_ElectronAffinity,wtd_std_FusionHeat,wtd_std_ThermalConductivity,wtd_std_Valence"
superconductivity_mn_clean,regression,127.09767818450928,9.232053672272007,5.1365858517287295,0.9267716941658117,4.196456850603268,2.4759742603243153,32,"critical_temp,entropy_FusionHeat,gmean_Density,gmean_ElectronAffinity,mean_Density,range_atomic_radius,range_fie,std_Density,std_atomic_mass,std_atomic_radius,wtd_entropy_Density,wtd_entropy_FusionHeat,wtd_entropy_ThermalConductivity,wtd_entropy_atomic_mass,wtd_gmean_Density,wtd_gmean_ElectronAffinity,wtd_gmean_ThermalConductivity,wtd_gmean_Valence,wtd_mean_Density,wtd_mean_ThermalConductivity,wtd_mean_Valence,wtd_mean_atomic_radius,wtd_range_Density,wtd_range_ElectronAffinity,wtd_range_Valence,wtd_range_atomic_radius,wtd_range_fie,wtd_std_Density,wtd_std_ElectronAffinity,wtd_std_FusionHeat,wtd_std_ThermalConductivity,wtd_std_Valence,wtd_std_atomic_mass"
superconductivity_mn_clean,regression,127.09767818450928,9.184844570469997,5.11750266591286,0.9275187009938559,4.208179963946746,2.5256698068993253,33,"critical_temp,entropy_FusionHeat,gmean_Density,gmean_ElectronAffinity,mean_Density,range_atomic_radius,range_fie,std_Density,std_atomic_mass,std_atomic_radius,wtd_entropy_Density,wtd_entropy_ElectronAffinity,wtd_entropy_FusionHeat,wtd_entropy_ThermalConductivity,wtd_entropy_atomic_mass,wtd_gmean_Density,wtd_gmean_ElectronAffinity,wtd_gmean_ThermalConductivity,wtd_gmean_Valence,wtd_mean_Density,wtd_mean_ThermalConductivity,wtd_mean_Valence,wtd_mean_atomic_radius,wtd_range_Density,wtd_range_ElectronAffinity,wtd_range_Valence,wtd_range_atomic_radius,wtd_range_fie,wtd_std_Density,wtd_std_ElectronAffinity,wtd_std_FusionHeat,wtd_std_ThermalConductivity,wtd_std_Valence,wtd_std_atomic_mass"
superconductivity_mn_clean,regression,127.09767818450928,9.187733566438983,5.1006618469076255,0.9274730973669152,4.202870203422023,2.504364077617858,34,"critical_temp,entropy_FusionHeat,gmean_Density,gmean_ElectronAffinity,mean_Density,range_atomic_mass,range_atomic_radius,range_fie,std_Density,std_atomic_mass,std_atomic_radius,wtd_entropy_Density,wtd_entropy_ElectronAffinity,wtd_entropy_FusionHeat,wtd_entropy_ThermalConductivity,wtd_entropy_atomic_mass,wtd_gmean_Density,wtd_gmean_ElectronAffinity,wtd_gmean_ThermalConductivity,wtd_gmean_Valence,wtd_mean_Density,wtd_mean_ThermalConductivity,wtd_mean_Valence,wtd_mean_atomic_radius,wtd_range_Density,wtd_range_ElectronAffinity,wtd_range_Valence,wtd_range_atomic_radius,wtd_range_fie,wtd_std_Density,wtd_std_ElectronAffinity,wtd_std_FusionHeat,wtd_std_ThermalConductivity,wtd_std_Valence,wtd_std_atomic_mass"
superconductivity_mn_clean,regression,127.09767818450928,9.125159997524388,5.0865339002952625,0.9284576302873281,4.13732940021129,2.4906640425815287,35,"critical_temp,entropy_FusionHeat,entropy_atomic_radius,gmean_Density,gmean_ElectronAffinity,mean_Density,range_atomic_mass,range_atomic_radius,range_fie,std_Density,std_atomic_mass,std_atomic_radius,wtd_entropy_Density,wtd_entropy_ElectronAffinity,wtd_entropy_FusionHeat,wtd_entropy_ThermalConductivity,wtd_entropy_atomic_mass,wtd_gmean_Density,wtd_gmean_ElectronAffinity,wtd_gmean_ThermalConductivity,wtd_gmean_Valence,wtd_mean_Density,wtd_mean_ThermalConductivity,wtd_mean_Valence,wtd_mean_atomic_radius,wtd_range_Density,wtd_range_ElectronAffinity,wtd_range_Valence,wtd_range_atomic_radius,wtd_range_fie,wtd_std_Density,wtd_std_ElectronAffinity,wtd_std_FusionHeat,wtd_std_ThermalConductivity,wtd_std_Valence,wtd_std_atomic_mass"
superconductivity_mn_clean,regression,127.09767818450928,9.178064859590071,5.108601548744129,0.9276256643475862,4.164017910937484,2.455465293845544,36,"critical_temp,entropy_FusionHeat,entropy_atomic_radius,gmean_Density,gmean_ElectronAffinity,mean_Density,range_atomic_mass,range_atomic_radius,range_fie,std_Density,std_atomic_mass,std_atomic_radius,wtd_entropy_Density,wtd_entropy_ElectronAffinity,wtd_entropy_FusionHeat,wtd_entropy_ThermalConductivity,wtd_entropy_atomic_mass,wtd_gmean_Density,wtd_gmean_ElectronAffinity,wtd_gmean_FusionHeat,wtd_gmean_ThermalConductivity,wtd_gmean_Valence,wtd_mean_Density,wtd_mean_ThermalConductivity,wtd_mean_Valence,wtd_mean_atomic_radius,wtd_range_Density,wtd_range_ElectronAffinity,wtd_range_Valence,wtd_range_atomic_radius,wtd_range_fie,wtd_std_Density,wtd_std_ElectronAffinity,wtd_std_FusionHeat,wtd_std_ThermalConductivity,wtd_std_Valence,wtd_std_atomic_mass"
superconductivity_mn_clean,regression,127.09767818450928,9.171283730292945,5.093957778997471,0.9277325710716725,4.1592408183281995,2.4792498427402436,37,"critical_temp,entropy_FusionHeat,entropy_atomic_radius,gmean_Density,gmean_ElectronAffinity,mean_Density,range_atomic_mass,range_atomic_radius,range_fie,std_Density,std_atomic_mass,std_atomic_radius,wtd_entropy_Density,wtd_entropy_ElectronAffinity,wtd_entropy_FusionHeat,wtd_entropy_ThermalConductivity,wtd_entropy_atomic_mass,wtd_gmean_Density,wtd_gmean_ElectronAffinity,wtd_gmean_FusionHeat,wtd_gmean_ThermalConductivity,wtd_gmean_Valence,wtd_mean_Density,wtd_mean_ThermalConductivity,wtd_mean_Valence,wtd_mean_atomic_radius,wtd_range_Density,wtd_range_ElectronAffinity,wtd_range_Valence,wtd_range_atomic_radius,wtd_range_fie,wtd_std_Density,wtd_std_ElectronAffinity,wtd_std_FusionHeat,wtd_std_ThermalConductivity,wtd_std_Valence,wtd_std_atomic_mass,wtd_std_atomic_radius"
superconductivity_mn_clean,regression,127.09767818450928,9.13536255057376,5.093630049365538,0.9282975623280115,4.088288632910788,2.4363656179028106,38,"critical_temp,entropy_FusionHeat,entropy_atomic_radius,gmean_Density,gmean_ElectronAffinity,mean_Density,range_atomic_mass,range_atomic_radius,range_fie,std_Density,std_atomic_mass,std_atomic_radius,wtd_entropy_Density,wtd_entropy_ElectronAffinity,wtd_entropy_FusionHeat,wtd_entropy_ThermalConductivity,wtd_entropy_atomic_mass,wtd_gmean_Density,wtd_gmean_ElectronAffinity,wtd_gmean_FusionHeat,wtd_gmean_ThermalConductivity,wtd_gmean_Valence,wtd_gmean_atomic_mass,wtd_mean_Density,wtd_mean_ThermalConductivity,wtd_mean_Valence,wtd_mean_atomic_radius,wtd_range_Density,wtd_range_ElectronAffinity,wtd_range_Valence,wtd_range_atomic_radius,wtd_range_fie,wtd_std_Density,wtd_std_ElectronAffinity,wtd_std_FusionHeat,wtd_std_ThermalConductivity,wtd_std_Valence,wtd_std_atomic_mass,wtd_std_atomic_radius"
superconductivity_mn_clean,regression,127.09767818450928,9.122396018668105,5.092949155422372,0.9285009635877088,4.165354301930281,2.489426927939258,39,"critical_temp,entropy_FusionHeat,entropy_ThermalConductivity,entropy_atomic_radius,gmean_Density,gmean_ElectronAffinity,mean_Density,range_atomic_mass,range_atomic_radius,range_fie,std_Density,std_atomic_mass,std_atomic_radius,wtd_entropy_Density,wtd_entropy_ElectronAffinity,wtd_entropy_FusionHeat,wtd_entropy_ThermalConductivity,wtd_entropy_atomic_mass,wtd_gmean_Density,wtd_gmean_ElectronAffinity,wtd_gmean_FusionHeat,wtd_gmean_ThermalConductivity,wtd_gmean_Valence,wtd_gmean_atomic_mass,wtd_mean_Density,wtd_mean_ThermalConductivity,wtd_mean_Valence,wtd_mean_atomic_radius,wtd_range_Density,wtd_range_ElectronAffinity,wtd_range_Valence,wtd_range_atomic_radius,wtd_range_fie,wtd_std_Density,wtd_std_ElectronAffinity,wtd_std_FusionHeat,wtd_std_ThermalConductivity,wtd_std_Valence,wtd_std_atomic_mass,wtd_std_atomic_radius"
superconductivity_mn_clean,regression,127.09767818450928,9.122661038367758,5.0981212679714005,0.9284968092123976,4.16611732299697,2.4930852895062534,40,"critical_temp,entropy_FusionHeat,entropy_ThermalConductivity,entropy_atomic_mass,entropy_atomic_radius,gmean_Density,gmean_ElectronAffinity,mean_Density,range_atomic_mass,range_atomic_radius,range_fie,std_Density,std_atomic_mass,std_atomic_radius,wtd_entropy_Density,wtd_entropy_ElectronAffinity,wtd_entropy_FusionHeat,wtd_entropy_ThermalConductivity,wtd_entropy_atomic_mass,wtd_gmean_Density,wtd_gmean_ElectronAffinity,wtd_gmean_FusionHeat,wtd_gmean_ThermalConductivity,wtd_gmean_Valence,wtd_gmean_atomic_mass,wtd_mean_Density,wtd_mean_ThermalConductivity,wtd_mean_Valence,wtd_mean_atomic_radius,wtd_range_Density,wtd_range_ElectronAffinity,wtd_range_Valence,wtd_range_atomic_radius,wtd_range_fie,wtd_std_Density,wtd_std_ElectronAffinity,wtd_std_FusionHeat,wtd_std_ThermalConductivity,wtd_std_Valence,wtd_std_atomic_mass,wtd_std_atomic_radius"
