benchmark,problem,augmentation_time,test_rmse,test_mae,test_r2,overfit_rmse,overfit_mae,num_new_features,selected_features
house_sales_synthetic_target_1_noise,regression,50.3053514957428,0.28336347557691594,0.22323000663620213,0.6836981636039315,-0.00135677196018269,-0.002073494351130245,1,"sqft_living,synthetic_target_1"
house_sales_synthetic_target_1_noise,regression,50.3053514957428,0.28134488360756427,0.2216551532141845,0.6881885811854893,0.008072606242605362,0.0050246443092085424,2,"sqft_living,sqft_lot,synthetic_target_1"
house_sales_synthetic_target_1_noise,regression,50.3053514957428,0.2813864640359009,0.22195885523555323,0.6880964081182817,0.01635681972708869,0.011956066523530207,3,"sqft_living,sqft_lot,sqft_lot15,synthetic_target_1"
house_sales_synthetic_target_1_noise,regression,50.3053514957428,0.2817581974562692,0.22232768007739695,0.6872717659265519,0.01778948364934474,0.01319543270232193,4,"sqft_living,sqft_living_shuffled_2,sqft_lot,sqft_lot15,synthetic_target_1"
house_sales_synthetic_target_1_noise,regression,50.3053514957428,0.27961365100240054,0.22075917420210897,0.692014186434717,0.023671186238737485,0.017628935353398767,5,"sqft_living,sqft_living_shuffled_2,sqft_lot,sqft_lot15,synthetic_target_1,yr_built"
house_sales_synthetic_target_1_noise,regression,50.3053514957428,0.2793942063527061,0.22048140867833554,0.6924974197645435,0.029317004934921953,0.02173557273658222,6,"sqft_above_shuffled_2,sqft_living,sqft_living_shuffled_2,sqft_lot,sqft_lot15,synthetic_target_1,yr_built"
house_sales_synthetic_target_1_noise,regression,50.3053514957428,0.2808934529682959,0.22170275988031812,0.6891884095629064,0.03605681223240756,0.026508527334902388,7,"sqft_above_shuffled_2,sqft_living,sqft_living_shuffled_2,sqft_lot,sqft_lot15,sqft_lot_shuffled_1,synthetic_target_1,yr_built"
house_sales_synthetic_target_1_noise,regression,50.3053514957428,0.27978140703972676,0.22054468773332456,0.6916445193725247,0.024539406173554268,0.017985113843446532,8,"sqft_above_shuffled_2,sqft_living,sqft_living_shuffled_2,sqft_lot,sqft_lot15,sqft_lot_shuffled_1,sqft_lot_shuffled_2,synthetic_target_1,yr_built"
house_sales_synthetic_target_1_noise,regression,50.3053514957428,0.2796831295872945,0.22085345972570303,0.691861110381643,0.025314265373453826,0.01875974506948269,9,"sqft_above_shuffled_1,sqft_above_shuffled_2,sqft_living,sqft_living_shuffled_2,sqft_lot,sqft_lot15,sqft_lot_shuffled_1,sqft_lot_shuffled_2,synthetic_target_1,yr_built"
house_sales_synthetic_target_1_noise,regression,50.3053514957428,0.2795997810605846,0.22045673706682564,0.6920447403032515,0.032979025290527486,0.024391624637793097,10,"sqft_above_shuffled_1,sqft_above_shuffled_2,sqft_living,sqft_living15,sqft_living_shuffled_2,sqft_lot,sqft_lot15,sqft_lot_shuffled_1,sqft_lot_shuffled_2,synthetic_target_1,yr_built"
house_sales_synthetic_target_1_noise,regression,50.3053514957428,0.2801452158672403,0.22097172083143987,0.6908420687430384,0.049460885468794985,0.03676784489814788,11,"sqft_above_shuffled_1,sqft_above_shuffled_2,sqft_living,sqft_living15,sqft_living_shuffled_2,sqft_lot,sqft_lot15,sqft_lot15_shuffled_1,sqft_lot_shuffled_1,sqft_lot_shuffled_2,synthetic_target_1,yr_built"
house_sales_synthetic_target_1_noise,regression,50.3053514957428,0.279689791152546,0.22052943465497232,0.6918464315429984,0.04657865895626559,0.034037214350194106,12,"sqft_above,sqft_above_shuffled_1,sqft_above_shuffled_2,sqft_living,sqft_living15,sqft_living_shuffled_2,sqft_lot,sqft_lot15,sqft_lot15_shuffled_1,sqft_lot_shuffled_1,sqft_lot_shuffled_2,synthetic_target_1,yr_built"
house_sales_synthetic_target_1_noise,regression,50.3053514957428,0.28002928825277057,0.2208700409705546,0.6910978826847098,0.043079318263821775,0.03147751875240429,13,"sqft_above,sqft_above_shuffled_1,sqft_above_shuffled_2,sqft_living,sqft_living15,sqft_living_shuffled_2,sqft_lot,sqft_lot15,sqft_lot15_shuffled_1,sqft_lot15_shuffled_2,sqft_lot_shuffled_1,sqft_lot_shuffled_2,synthetic_target_1,yr_built"
house_sales_synthetic_target_1_noise,regression,50.3053514957428,0.2799254268744842,0.22072752610337246,0.6913269805062474,0.051272614845463055,0.037746210131684055,14,"sqft_above,sqft_above_shuffled_1,sqft_above_shuffled_2,sqft_basement_shuffled_2,sqft_living,sqft_living15,sqft_living_shuffled_2,sqft_lot,sqft_lot15,sqft_lot15_shuffled_1,sqft_lot15_shuffled_2,sqft_lot_shuffled_1,sqft_lot_shuffled_2,synthetic_target_1,yr_built"
house_sales_synthetic_target_1_noise,regression,50.3053514957428,0.2803254217831973,0.2211219603090796,0.6904442036097393,0.0574486192821311,0.04244462714684877,15,"sqft_above,sqft_above_shuffled_1,sqft_above_shuffled_2,sqft_basement_shuffled_2,sqft_living,sqft_living15,sqft_living_shuffled_1,sqft_living_shuffled_2,sqft_lot,sqft_lot15,sqft_lot15_shuffled_1,sqft_lot15_shuffled_2,sqft_lot_shuffled_1,sqft_lot_shuffled_2,synthetic_target_1,yr_built"
house_sales_synthetic_target_1_noise,regression,50.3053514957428,0.2802820527852555,0.22102987101172042,0.6905399786280317,0.062374125546217324,0.04612739009691366,16,"long_shuffled_1,sqft_above,sqft_above_shuffled_1,sqft_above_shuffled_2,sqft_basement_shuffled_2,sqft_living,sqft_living15,sqft_living_shuffled_1,sqft_living_shuffled_2,sqft_lot,sqft_lot15,sqft_lot15_shuffled_1,sqft_lot15_shuffled_2,sqft_lot_shuffled_1,sqft_lot_shuffled_2,synthetic_target_1,yr_built"
house_sales_synthetic_target_1_noise,regression,50.3053514957428,0.2803588732921791,0.2212158807757977,0.6903703200048911,0.05518450622320642,0.04046268342166004,17,"lat_shuffled_1,long_shuffled_1,sqft_above,sqft_above_shuffled_1,sqft_above_shuffled_2,sqft_basement_shuffled_2,sqft_living,sqft_living15,sqft_living_shuffled_1,sqft_living_shuffled_2,sqft_lot,sqft_lot15,sqft_lot15_shuffled_1,sqft_lot15_shuffled_2,sqft_lot_shuffled_1,sqft_lot_shuffled_2,synthetic_target_1,yr_built"
house_sales_synthetic_target_1_noise,regression,50.3053514957428,0.2799174657895843,0.2206205477825813,0.6913445375906329,0.04787497341870578,0.034864333706487616,18,"lat_shuffled_1,long_shuffled_1,sqft_above,sqft_above_shuffled_1,sqft_above_shuffled_2,sqft_basement_shuffled_2,sqft_living,sqft_living15,sqft_living_shuffled_1,sqft_living_shuffled_2,sqft_lot,sqft_lot15,sqft_lot15_shuffled_1,sqft_lot15_shuffled_2,sqft_lot_shuffled_1,sqft_lot_shuffled_2,synthetic_target_1,yr_built,yr_renovated_shuffled_1"
house_sales_synthetic_target_1_noise,regression,50.3053514957428,0.27905898704127763,0.21982653534234092,0.6932348650107047,0.04607093020486849,0.03369110235950812,19,"grade,lat_shuffled_1,long_shuffled_1,sqft_above,sqft_above_shuffled_1,sqft_above_shuffled_2,sqft_basement_shuffled_2,sqft_living,sqft_living15,sqft_living_shuffled_1,sqft_living_shuffled_2,sqft_lot,sqft_lot15,sqft_lot15_shuffled_1,sqft_lot15_shuffled_2,sqft_lot_shuffled_1,sqft_lot_shuffled_2,synthetic_target_1,yr_built,yr_renovated_shuffled_1"
house_sales_synthetic_target_1_noise,regression,50.3053514957428,0.27090081981746145,0.21403365395759838,0.7109089738813719,0.0444820040842997,0.033322403031088355,20,"bathrooms,grade,lat_shuffled_1,long_shuffled_1,sqft_above,sqft_above_shuffled_1,sqft_above_shuffled_2,sqft_basement_shuffled_2,sqft_living,sqft_living15,sqft_living_shuffled_1,sqft_living_shuffled_2,sqft_lot,sqft_lot15,sqft_lot15_shuffled_1,sqft_lot15_shuffled_2,sqft_lot_shuffled_1,sqft_lot_shuffled_2,synthetic_target_1,yr_built,yr_renovated_shuffled_1"
house_sales_synthetic_target_1_noise,regression,50.3053514957428,0.23521346061127127,0.18608413499514329,0.7820593132102382,0.033129611904883643,0.024869318547265706,21,"bathrooms,bedrooms,grade,lat_shuffled_1,long_shuffled_1,sqft_above,sqft_above_shuffled_1,sqft_above_shuffled_2,sqft_basement_shuffled_2,sqft_living,sqft_living15,sqft_living_shuffled_1,sqft_living_shuffled_2,sqft_lot,sqft_lot15,sqft_lot15_shuffled_1,sqft_lot15_shuffled_2,sqft_lot_shuffled_1,sqft_lot_shuffled_2,synthetic_target_1,yr_built,yr_renovated_shuffled_1"
house_sales_synthetic_target_1_noise,regression,50.3053514957428,0.23525902411845115,0.18605027662555157,0.7819748698810858,0.027856309122919587,0.02080942470255312,22,"bathrooms,bedrooms,grade,lat_shuffled_1,long_shuffled_1,sqft_above,sqft_above_shuffled_1,sqft_above_shuffled_2,sqft_basement_shuffled_2,sqft_living,sqft_living15,sqft_living_shuffled_1,sqft_living_shuffled_2,sqft_lot,sqft_lot15,sqft_lot15_shuffled_1,sqft_lot15_shuffled_2,sqft_lot_shuffled_1,sqft_lot_shuffled_2,synthetic_target_1,synthetic_target_2,yr_built,yr_renovated_shuffled_1"
house_sales_synthetic_target_1_noise,regression,50.3053514957428,0.22934359201078536,0.1833562101839812,0.7928012207310663,0.03089361739679583,0.024006590647217163,23,"bathrooms,bedrooms,grade,lat_shuffled_1,long_shuffled_1,sqft_above,sqft_above_shuffled_1,sqft_above_shuffled_2,sqft_basement_shuffled_2,sqft_living,sqft_living15,sqft_living_shuffled_1,sqft_living_shuffled_2,sqft_lot,sqft_lot15,sqft_lot15_shuffled_1,sqft_lot15_shuffled_2,sqft_lot_shuffled_1,sqft_lot_shuffled_2,synthetic_target_1,synthetic_target_2,waterfront,yr_built,yr_renovated_shuffled_1"
house_sales_synthetic_target_1_noise,regression,50.3053514957428,0.22985729355722,0.18374994450031215,0.7918719814459537,0.02645302176303163,0.020570380829996737,24,"bathrooms,bedrooms,date_day_shuffled_1,grade,lat_shuffled_1,long_shuffled_1,sqft_above,sqft_above_shuffled_1,sqft_above_shuffled_2,sqft_basement_shuffled_2,sqft_living,sqft_living15,sqft_living_shuffled_1,sqft_living_shuffled_2,sqft_lot,sqft_lot15,sqft_lot15_shuffled_1,sqft_lot15_shuffled_2,sqft_lot_shuffled_1,sqft_lot_shuffled_2,synthetic_target_1,synthetic_target_2,waterfront,yr_built,yr_renovated_shuffled_1"
house_sales_synthetic_target_1_noise,regression,50.3053514957428,0.22954557091086836,0.18341216775270894,0.7924361073275967,0.026319759195228498,0.020285929234857142,25,"bathrooms,bedrooms,date_day_shuffled_1,grade,lat_shuffled_1,long_shuffled_1,noise_numeric_2,sqft_above,sqft_above_shuffled_1,sqft_above_shuffled_2,sqft_basement_shuffled_2,sqft_living,sqft_living15,sqft_living_shuffled_1,sqft_living_shuffled_2,sqft_lot,sqft_lot15,sqft_lot15_shuffled_1,sqft_lot15_shuffled_2,sqft_lot_shuffled_1,sqft_lot_shuffled_2,synthetic_target_1,synthetic_target_2,waterfront,yr_built,yr_renovated_shuffled_1"
house_sales_synthetic_target_1_noise,regression,50.3053514957428,0.22966145312762024,0.18382988814800633,0.7922264841554134,0.03396605137411257,0.02692568657682229,26,"bathrooms,bedrooms,date_day_shuffled_1,date_month_shuffled_2,grade,lat_shuffled_1,long_shuffled_1,noise_numeric_2,sqft_above,sqft_above_shuffled_1,sqft_above_shuffled_2,sqft_basement_shuffled_2,sqft_living,sqft_living15,sqft_living_shuffled_1,sqft_living_shuffled_2,sqft_lot,sqft_lot15,sqft_lot15_shuffled_1,sqft_lot15_shuffled_2,sqft_lot_shuffled_1,sqft_lot_shuffled_2,synthetic_target_1,synthetic_target_2,waterfront,yr_built,yr_renovated_shuffled_1"
house_sales_synthetic_target_1_noise,regression,50.3053514957428,0.22947784829117726,0.183448477424338,0.792558564031346,0.03248144637380673,0.02540515914741928,27,"bathrooms,bedrooms,date_day_shuffled_1,date_month_shuffled_1,date_month_shuffled_2,grade,lat_shuffled_1,long_shuffled_1,noise_numeric_2,sqft_above,sqft_above_shuffled_1,sqft_above_shuffled_2,sqft_basement_shuffled_2,sqft_living,sqft_living15,sqft_living_shuffled_1,sqft_living_shuffled_2,sqft_lot,sqft_lot15,sqft_lot15_shuffled_1,sqft_lot15_shuffled_2,sqft_lot_shuffled_1,sqft_lot_shuffled_2,synthetic_target_1,synthetic_target_2,waterfront,yr_built,yr_renovated_shuffled_1"
house_sales_synthetic_target_1_noise,regression,50.3053514957428,0.2298473819364498,0.18370118519402454,0.7918899303348755,0.0384950695524707,0.03013328602744139,28,"bathrooms,bedrooms,date_day_shuffled_1,date_day_shuffled_2,date_month_shuffled_1,date_month_shuffled_2,grade,lat_shuffled_1,long_shuffled_1,noise_numeric_2,sqft_above,sqft_above_shuffled_1,sqft_above_shuffled_2,sqft_basement_shuffled_2,sqft_living,sqft_living15,sqft_living_shuffled_1,sqft_living_shuffled_2,sqft_lot,sqft_lot15,sqft_lot15_shuffled_1,sqft_lot15_shuffled_2,sqft_lot_shuffled_1,sqft_lot_shuffled_2,synthetic_target_1,synthetic_target_2,waterfront,yr_built,yr_renovated_shuffled_1"
house_sales_synthetic_target_1_noise,regression,50.3053514957428,0.22937523923205796,0.18329129993606194,0.7927440338877157,0.0348234243291351,0.026904114742949098,29,"bathrooms,bedrooms,date_day_shuffled_1,date_day_shuffled_2,date_month_shuffled_1,date_month_shuffled_2,grade,lat_shuffled_1,lat_shuffled_2,long_shuffled_1,noise_numeric_2,sqft_above,sqft_above_shuffled_1,sqft_above_shuffled_2,sqft_basement_shuffled_2,sqft_living,sqft_living15,sqft_living_shuffled_1,sqft_living_shuffled_2,sqft_lot,sqft_lot15,sqft_lot15_shuffled_1,sqft_lot15_shuffled_2,sqft_lot_shuffled_1,sqft_lot_shuffled_2,synthetic_target_1,synthetic_target_2,waterfront,yr_built,yr_renovated_shuffled_1"
house_sales_synthetic_target_1_noise,regression,50.3053514957428,0.22944793875588587,0.18351477069940159,0.7926126352426515,0.029045527064275933,0.022790668635948363,30,"bathrooms,bedrooms,date_day_shuffled_1,date_day_shuffled_2,date_month_shuffled_1,date_month_shuffled_2,grade,lat_shuffled_1,lat_shuffled_2,long_shuffled_1,noise_numeric_2,price,sqft_above,sqft_above_shuffled_1,sqft_above_shuffled_2,sqft_basement_shuffled_2,sqft_living,sqft_living15,sqft_living_shuffled_1,sqft_living_shuffled_2,sqft_lot,sqft_lot15,sqft_lot15_shuffled_1,sqft_lot15_shuffled_2,sqft_lot_shuffled_1,sqft_lot_shuffled_2,synthetic_target_1,synthetic_target_2,waterfront,yr_built,yr_renovated_shuffled_1"
house_sales_synthetic_target_1_noise,regression,50.3053514957428,0.229773334167454,0.18365153510464818,0.792023998462806,0.032633403798078164,0.025248179659076414,31,"bathrooms,bedrooms,date_day_shuffled_1,date_day_shuffled_2,date_month_shuffled_1,date_month_shuffled_2,grade,lat_shuffled_1,lat_shuffled_2,long_shuffled_1,noise_categorical_2,noise_numeric_2,price,sqft_above,sqft_above_shuffled_1,sqft_above_shuffled_2,sqft_basement_shuffled_2,sqft_living,sqft_living15,sqft_living_shuffled_1,sqft_living_shuffled_2,sqft_lot,sqft_lot15,sqft_lot15_shuffled_1,sqft_lot15_shuffled_2,sqft_lot_shuffled_1,sqft_lot_shuffled_2,synthetic_target_1,synthetic_target_2,waterfront,yr_built,yr_renovated_shuffled_1"
house_sales_synthetic_target_1_noise,regression,50.3053514957428,0.23000325983180941,0.1838359382483057,0.7916075624489584,0.02731943942306425,0.02137639704283939,32,"bathrooms,bedrooms,date_day_shuffled_1,date_day_shuffled_2,date_month_shuffled_1,date_month_shuffled_2,grade,lat_shuffled_1,lat_shuffled_2,long_shuffled_1,long_shuffled_2,noise_categorical_2,noise_numeric_2,price,sqft_above,sqft_above_shuffled_1,sqft_above_shuffled_2,sqft_basement_shuffled_2,sqft_living,sqft_living15,sqft_living_shuffled_1,sqft_living_shuffled_2,sqft_lot,sqft_lot15,sqft_lot15_shuffled_1,sqft_lot15_shuffled_2,sqft_lot_shuffled_1,sqft_lot_shuffled_2,synthetic_target_1,synthetic_target_2,waterfront,yr_built,yr_renovated_shuffled_1"
house_sales_synthetic_target_1_noise,regression,50.3053514957428,0.22961249307407408,0.18361820867829987,0.7923150625215845,0.03493861665750744,0.027062959988286228,33,"bathrooms,bedrooms,date_day_shuffled_1,date_day_shuffled_2,date_month_shuffled_1,date_month_shuffled_2,grade,lat_shuffled_1,lat_shuffled_2,long_shuffled_1,long_shuffled_2,noise_categorical_2,noise_numeric_2,price,sqft_above,sqft_above_shuffled_1,sqft_above_shuffled_2,sqft_basement_shuffled_2,sqft_living,sqft_living15,sqft_living15_shuffled_2,sqft_living_shuffled_1,sqft_living_shuffled_2,sqft_lot,sqft_lot15,sqft_lot15_shuffled_1,sqft_lot15_shuffled_2,sqft_lot_shuffled_1,sqft_lot_shuffled_2,synthetic_target_1,synthetic_target_2,waterfront,yr_built,yr_renovated_shuffled_1"
house_sales_synthetic_target_1_noise,regression,50.3053514957428,0.22953644029800963,0.1835663787377556,0.7924526194985579,0.030347296397670087,0.023592224293578073,34,"bathrooms,bedrooms,date_day_shuffled_1,date_day_shuffled_2,date_month_shuffled_1,date_month_shuffled_2,grade,lat_shuffled_1,lat_shuffled_2,long_shuffled_1,long_shuffled_2,noise_categorical_2,noise_numeric_1,noise_numeric_2,price,sqft_above,sqft_above_shuffled_1,sqft_above_shuffled_2,sqft_basement_shuffled_2,sqft_living,sqft_living15,sqft_living15_shuffled_2,sqft_living_shuffled_1,sqft_living_shuffled_2,sqft_lot,sqft_lot15,sqft_lot15_shuffled_1,sqft_lot15_shuffled_2,sqft_lot_shuffled_1,sqft_lot_shuffled_2,synthetic_target_1,synthetic_target_2,waterfront,yr_built,yr_renovated_shuffled_1"
house_sales_synthetic_target_1_noise,regression,50.3053514957428,0.22973856809922777,0.1836243144034129,0.7920869297065528,0.0365536031244621,0.028262069784462218,35,"bathrooms,bedrooms,date_day_shuffled_1,date_day_shuffled_2,date_month_shuffled_1,date_month_shuffled_2,grade,lat_shuffled_1,lat_shuffled_2,long_shuffled_1,long_shuffled_2,noise_categorical_2,noise_numeric_1,noise_numeric_2,price,sqft_above,sqft_above_shuffled_1,sqft_above_shuffled_2,sqft_basement_shuffled_2,sqft_living,sqft_living15,sqft_living15_shuffled_2,sqft_living_shuffled_1,sqft_living_shuffled_2,sqft_lot,sqft_lot15,sqft_lot15_shuffled_1,sqft_lot15_shuffled_2,sqft_lot_shuffled_1,sqft_lot_shuffled_2,synthetic_target_1,synthetic_target_2,waterfront,yr_built,yr_built_shuffled_2,yr_renovated_shuffled_1"
house_sales_synthetic_target_1_noise,regression,50.3053514957428,0.22963101091656454,0.18376199089817274,0.7922815623231417,0.035306465515606456,0.027564164065761704,36,"bathrooms,bedrooms,date_day_shuffled_1,date_day_shuffled_2,date_month_shuffled_1,date_month_shuffled_2,date_year_shuffled_1,grade,lat_shuffled_1,lat_shuffled_2,long_shuffled_1,long_shuffled_2,noise_categorical_2,noise_numeric_1,noise_numeric_2,price,sqft_above,sqft_above_shuffled_1,sqft_above_shuffled_2,sqft_basement_shuffled_2,sqft_living,sqft_living15,sqft_living15_shuffled_2,sqft_living_shuffled_1,sqft_living_shuffled_2,sqft_lot,sqft_lot15,sqft_lot15_shuffled_1,sqft_lot15_shuffled_2,sqft_lot_shuffled_1,sqft_lot_shuffled_2,synthetic_target_1,synthetic_target_2,waterfront,yr_built,yr_built_shuffled_2,yr_renovated_shuffled_1"
house_sales_synthetic_target_1_noise,regression,50.3053514957428,0.2298741269174964,0.18393099968774027,0.791841496250961,0.04147404624399251,0.032547829686801116,37,"bathrooms,bedrooms,date_day_shuffled_1,date_day_shuffled_2,date_month_shuffled_1,date_month_shuffled_2,date_year_shuffled_1,grade,lat_shuffled_1,lat_shuffled_2,long_shuffled_1,long_shuffled_2,noise_categorical_2,noise_numeric_1,noise_numeric_2,price,sqft_above,sqft_above_shuffled_1,sqft_above_shuffled_2,sqft_basement_shuffled_2,sqft_living,sqft_living15,sqft_living15_shuffled_1,sqft_living15_shuffled_2,sqft_living_shuffled_1,sqft_living_shuffled_2,sqft_lot,sqft_lot15,sqft_lot15_shuffled_1,sqft_lot15_shuffled_2,sqft_lot_shuffled_1,sqft_lot_shuffled_2,synthetic_target_1,synthetic_target_2,waterfront,yr_built,yr_built_shuffled_2,yr_renovated_shuffled_1"
house_sales_synthetic_target_1_noise,regression,50.3053514957428,0.22986520731877838,0.18380654572136804,0.7918576499114562,0.030065630099250923,0.023346975713337353,38,"bathrooms,bedrooms,date_day_shuffled_1,date_day_shuffled_2,date_month_shuffled_1,date_month_shuffled_2,date_year_shuffled_1,grade,lat_shuffled_1,lat_shuffled_2,long_shuffled_1,long_shuffled_2,noise_categorical_2,noise_numeric_1,noise_numeric_2,price,sqft_above,sqft_above_shuffled_1,sqft_above_shuffled_2,sqft_basement_shuffled_2,sqft_living,sqft_living15,sqft_living15_shuffled_1,sqft_living15_shuffled_2,sqft_living_shuffled_1,sqft_living_shuffled_2,sqft_lot,sqft_lot15,sqft_lot15_shuffled_1,sqft_lot15_shuffled_2,sqft_lot_shuffled_1,sqft_lot_shuffled_2,synthetic_target_1,synthetic_target_2,waterfront,yr_built,yr_built_shuffled_1,yr_built_shuffled_2,yr_renovated_shuffled_1"
house_sales_synthetic_target_1_noise,regression,50.3053514957428,0.22988933891953017,0.18373007259643553,0.7918139454134898,0.028370543386152774,0.021885155534634243,39,"bathrooms,bedrooms,date_day_shuffled_1,date_day_shuffled_2,date_month_shuffled_1,date_month_shuffled_2,date_year_shuffled_1,date_year_shuffled_2,grade,lat_shuffled_1,lat_shuffled_2,long_shuffled_1,long_shuffled_2,noise_categorical_2,noise_numeric_1,noise_numeric_2,price,sqft_above,sqft_above_shuffled_1,sqft_above_shuffled_2,sqft_basement_shuffled_2,sqft_living,sqft_living15,sqft_living15_shuffled_1,sqft_living15_shuffled_2,sqft_living_shuffled_1,sqft_living_shuffled_2,sqft_lot,sqft_lot15,sqft_lot15_shuffled_1,sqft_lot15_shuffled_2,sqft_lot_shuffled_1,sqft_lot_shuffled_2,synthetic_target_1,synthetic_target_2,waterfront,yr_built,yr_built_shuffled_1,yr_built_shuffled_2,yr_renovated_shuffled_1"
house_sales_synthetic_target_1_noise,regression,50.3053514957428,0.22977761783892328,0.18383553549648696,0.7920162437842934,0.03138283953771015,0.024664717549002735,40,"bathrooms,bedrooms,date_day_shuffled_1,date_day_shuffled_2,date_month_shuffled_1,date_month_shuffled_2,date_year_shuffled_1,date_year_shuffled_2,grade,lat_shuffled_1,lat_shuffled_2,long_shuffled_1,long_shuffled_2,noise_categorical_2,noise_numeric_1,noise_numeric_2,price,sqft_above,sqft_above_shuffled_1,sqft_above_shuffled_2,sqft_basement_shuffled_1,sqft_basement_shuffled_2,sqft_living,sqft_living15,sqft_living15_shuffled_1,sqft_living15_shuffled_2,sqft_living_shuffled_1,sqft_living_shuffled_2,sqft_lot,sqft_lot15,sqft_lot15_shuffled_1,sqft_lot15_shuffled_2,sqft_lot_shuffled_1,sqft_lot_shuffled_2,synthetic_target_1,synthetic_target_2,waterfront,yr_built,yr_built_shuffled_1,yr_built_shuffled_2,yr_renovated_shuffled_1"
house_sales_synthetic_target_1_clean,regression,26.438364505767822,0.28336347557691594,0.22323000663620213,0.6836981636039315,-0.00135677196018269,-0.002073494351130245,1,"sqft_living,synthetic_target_1"
house_sales_synthetic_target_1_clean,regression,26.438364505767822,0.28364793275979766,0.2235669285686078,0.683062799501756,0.012920055975710165,0.008981543807243336,2,"sqft_living,sqft_living15,synthetic_target_1"
house_sales_synthetic_target_1_clean,regression,26.438364505767822,0.28101137283085126,0.2215415029126708,0.6889273956253816,0.01592925649849214,0.01122965827414485,3,"sqft_living,sqft_living15,sqft_lot,synthetic_target_1"
house_sales_synthetic_target_1_clean,regression,26.438364505767822,0.2797016020132938,0.22038188733708877,0.69182040531074,0.022084352030559473,0.016182622125855806,4,"sqft_living,sqft_living15,sqft_lot,synthetic_target_1,yr_built"
house_sales_synthetic_target_1_clean,regression,26.438364505767822,0.27965818985575563,0.2205576649157525,0.6919160622735108,0.021584426258752787,0.0158181811486999,5,"sqft_living,sqft_living15,sqft_lot,sqft_lot15,synthetic_target_1,yr_built"
house_sales_synthetic_target_1_clean,regression,26.438364505767822,0.2794284843901594,0.22045309385059922,0.6924219619968519,0.023992477615045138,0.017643406950227175,6,"sqft_living,sqft_living15,sqft_lot,sqft_lot15,synthetic_target_1,synthetic_target_2,yr_built"
house_sales_synthetic_target_1_clean,regression,26.438364505767822,0.27875615205125537,0.2196533004627313,0.6939003071843015,0.03195167763521875,0.023495840438630816,7,"sqft_above,sqft_living,sqft_living15,sqft_lot,sqft_lot15,synthetic_target_1,synthetic_target_2,yr_built"
house_sales_synthetic_target_1_clean,regression,26.438364505767822,0.24181876702455465,0.19123270883917978,0.7696469446890717,0.012379775773943114,0.009166296404484603,8,"bedrooms,sqft_above,sqft_living,sqft_living15,sqft_lot,sqft_lot15,synthetic_target_1,synthetic_target_2,yr_built"
house_sales_synthetic_target_1_clean,regression,26.438364505767822,0.23804873204452195,0.18843986335260943,0.7767735168729355,0.015570980533109957,0.011648719072698127,9,"bathrooms,bedrooms,sqft_above,sqft_living,sqft_living15,sqft_lot,sqft_lot15,synthetic_target_1,synthetic_target_2,yr_built"
house_sales_synthetic_target_1_clean,regression,26.438364505767822,0.23789136003660957,0.18825058530412886,0.7770685656020448,0.014323691253448179,0.010598225646777482,10,"bathrooms,bedrooms,lat,sqft_above,sqft_living,sqft_living15,sqft_lot,sqft_lot15,synthetic_target_1,synthetic_target_2,yr_built"
house_sales_synthetic_target_1_clean,regression,26.438364505767822,0.2376529514904292,0.18826301449698335,0.7775151738942595,0.02463257568404087,0.01846678878512953,11,"bathrooms,bedrooms,lat,long,sqft_above,sqft_living,sqft_living15,sqft_lot,sqft_lot15,synthetic_target_1,synthetic_target_2,yr_built"
house_sales_synthetic_target_1_clean,regression,26.438364505767822,0.23220640962699102,0.185390137005407,0.7875961527047175,0.022550376029162544,0.017265129833958753,12,"bathrooms,bedrooms,lat,long,sqft_above,sqft_living,sqft_living15,sqft_lot,sqft_lot15,synthetic_target_1,synthetic_target_2,waterfront,yr_built"
house_sales_synthetic_target_1_clean,regression,26.438364505767822,0.22965544459544301,0.18375107994338727,0.7922373557884861,0.019299937974922104,0.015218371585531743,13,"bathrooms,bedrooms,grade,lat,long,sqft_above,sqft_living,sqft_living15,sqft_lot,sqft_lot15,synthetic_target_1,synthetic_target_2,waterfront,yr_built"
house_sales_synthetic_target_1_clean,regression,26.438364505767822,0.2294714796273113,0.18340979540772437,0.7925700780528944,0.017385117566116215,0.013421228678544367,14,"bathrooms,bedrooms,grade,lat,long,sqft_above,sqft_basement,sqft_living,sqft_living15,sqft_lot,sqft_lot15,synthetic_target_1,synthetic_target_2,waterfront,yr_built"
house_sales_synthetic_target_1_clean,regression,26.438364505767822,0.22973363074921993,0.18369838570074085,0.7920958661996891,0.01928143784401326,0.014996687997837654,15,"bathrooms,bedrooms,date_month,grade,lat,long,sqft_above,sqft_basement,sqft_living,sqft_living15,sqft_lot,sqft_lot15,synthetic_target_1,synthetic_target_2,waterfront,yr_built"
house_sales_synthetic_target_1_clean,regression,26.438364505767822,0.22956172985051307,0.18375660753717374,0.7924068832353676,0.023054655406812147,0.018286965599773525,16,"bathrooms,bedrooms,date_month,date_year,grade,lat,long,sqft_above,sqft_basement,sqft_living,sqft_living15,sqft_lot,sqft_lot15,synthetic_target_1,synthetic_target_2,waterfront,yr_built"
house_sales_synthetic_target_2_noise,regression,46.21740794181824,0.49248766410607836,0.41163385032995964,0.06996553188545318,0.0050853554271542145,0.004953426912452097,1,"sqft_living15,synthetic_target_2"
house_sales_synthetic_target_2_noise,regression,46.21740794181824,0.4733410609169367,0.39521761668886624,0.14087433996763588,0.00410250980955712,0.0050035509672521905,2,"date_day,sqft_living15,synthetic_target_2"
house_sales_synthetic_target_2_noise,regression,46.21740794181824,0.43434637930647435,0.3628929976340764,0.2765962727451069,-0.0009351778693751922,0.000269080361429197,3,"date_day,sqft_living15,synthetic_target_2,yr_built"
house_sales_synthetic_target_2_noise,regression,46.21740794181824,0.42953197797717396,0.35787937966179423,0.29254416213890255,0.0028479469377321043,0.0032697534430684017,4,"date_day,sqft_living15,sqft_lot,synthetic_target_2,yr_built"
house_sales_synthetic_target_2_noise,regression,46.21740794181824,0.42794223881589327,0.3563506161268486,0.2977711955217469,0.006188943830525762,0.006374721449814047,5,"date_day,sqft_living15,sqft_lot,sqft_lot15,synthetic_target_2,yr_built"
house_sales_synthetic_target_2_noise,regression,46.21740794181824,0.4286282235069174,0.35703900164920715,0.2955180676035205,0.00898269032968968,0.008226116572140396,6,"date_day,sqft_living15,sqft_living_shuffled_1,sqft_lot,sqft_lot15,synthetic_target_2,yr_built"
house_sales_synthetic_target_2_noise,regression,46.21740794181824,0.4290572416787909,0.3574970408262129,0.29410711615689533,0.009789659477521029,0.0091491421305267,7,"date_day,sqft_living15,sqft_living_shuffled_1,sqft_lot,sqft_lot15,sqft_lot15_shuffled_1,synthetic_target_2,yr_built"
house_sales_synthetic_target_2_noise,regression,46.21740794181824,0.42970605013531654,0.3582081805773427,0.29197063874898244,0.011197149314932986,0.010325203789367243,8,"date_day,sqft_living15,sqft_living_shuffled_1,sqft_lot,sqft_lot15,sqft_lot15_shuffled_1,sqft_lot_shuffled_1,synthetic_target_2,yr_built"
house_sales_synthetic_target_2_noise,regression,46.21740794181824,0.43010516354815936,0.3581781620129634,0.29065478458547067,0.010707784412746224,0.009425189339890117,9,"date_day,sqft_living15,sqft_living_shuffled_1,sqft_living_shuffled_2,sqft_lot,sqft_lot15,sqft_lot15_shuffled_1,sqft_lot_shuffled_1,synthetic_target_2,yr_built"
house_sales_synthetic_target_2_noise,regression,46.21740794181824,0.4302757956966254,0.35876429787553893,0.29009184734404403,0.01419651144929912,0.012853801822671151,10,"date_day,sqft_living15,sqft_living_shuffled_1,sqft_living_shuffled_2,sqft_lot,sqft_lot15,sqft_lot15_shuffled_1,sqft_lot15_shuffled_2,sqft_lot_shuffled_1,synthetic_target_2,yr_built"
house_sales_synthetic_target_2_noise,regression,46.21740794181824,0.4294064809750981,0.35778911263796304,0.2929574986134248,0.015181274164428882,0.013629865819481835,11,"date_day,sqft_living15,sqft_living_shuffled_1,sqft_living_shuffled_2,sqft_lot,sqft_lot15,sqft_lot15_shuffled_1,sqft_lot15_shuffled_2,sqft_lot_shuffled_1,sqft_lot_shuffled_2,synthetic_target_2,yr_built"
house_sales_synthetic_target_2_noise,regression,46.21740794181824,0.43047474324231544,0.3590163013705031,0.28943521205339817,0.00996855967427085,0.009016706457778634,12,"date_day,sqft_living15,sqft_living15_shuffled_1,sqft_living_shuffled_1,sqft_living_shuffled_2,sqft_lot,sqft_lot15,sqft_lot15_shuffled_1,sqft_lot15_shuffled_2,sqft_lot_shuffled_1,sqft_lot_shuffled_2,synthetic_target_2,yr_built"
house_sales_synthetic_target_2_noise,regression,46.21740794181824,0.42807496456440575,0.35631455655381444,0.29733553720726524,0.027420302373473593,0.022866329856592704,13,"date_day,sqft_living15,sqft_living15_shuffled_1,sqft_living_shuffled_1,sqft_living_shuffled_2,sqft_lot,sqft_lot15,sqft_lot15_shuffled_1,sqft_lot15_shuffled_2,sqft_lot_shuffled_1,sqft_lot_shuffled_2,synthetic_target_2,yr_built,yr_renovated"
house_sales_synthetic_target_2_noise,regression,46.21740794181824,0.42818835157515067,0.3565764025186372,0.2969632492607803,0.008922282391544134,0.007773143445722996,14,"date_day,sqft_basement,sqft_living15,sqft_living15_shuffled_1,sqft_living_shuffled_1,sqft_living_shuffled_2,sqft_lot,sqft_lot15,sqft_lot15_shuffled_1,sqft_lot15_shuffled_2,sqft_lot_shuffled_1,sqft_lot_shuffled_2,synthetic_target_2,yr_built,yr_renovated"
house_sales_synthetic_target_2_noise,regression,46.21740794181824,0.426998909144654,0.3550446624555034,0.3008636836828834,0.023370249011164468,0.019522806697862882,15,"date_day,sqft_basement,sqft_living15,sqft_living15_shuffled_1,sqft_living15_shuffled_2,sqft_living_shuffled_1,sqft_living_shuffled_2,sqft_lot,sqft_lot15,sqft_lot15_shuffled_1,sqft_lot15_shuffled_2,sqft_lot_shuffled_1,sqft_lot_shuffled_2,synthetic_target_2,yr_built,yr_renovated"
house_sales_synthetic_target_2_noise,regression,46.21740794181824,0.4273128723547005,0.35571564006149964,0.29983518559822464,0.01832844906121117,0.015613097691210276,16,"date_day,sqft_basement,sqft_basement_shuffled_1,sqft_living15,sqft_living15_shuffled_1,sqft_living15_shuffled_2,sqft_living_shuffled_1,sqft_living_shuffled_2,sqft_lot,sqft_lot15,sqft_lot15_shuffled_1,sqft_lot15_shuffled_2,sqft_lot_shuffled_1,sqft_lot_shuffled_2,synthetic_target_2,yr_built,yr_renovated"
house_sales_synthetic_target_2_noise,regression,46.21740794181824,0.4282918256119003,0.3564470358714138,0.2966234229200896,0.009833240111245867,0.008612725466497773,17,"date_day,sqft_basement,sqft_basement_shuffled_1,sqft_basement_shuffled_2,sqft_living15,sqft_living15_shuffled_1,sqft_living15_shuffled_2,sqft_living_shuffled_1,sqft_living_shuffled_2,sqft_lot,sqft_lot15,sqft_lot15_shuffled_1,sqft_lot15_shuffled_2,sqft_lot_shuffled_1,sqft_lot_shuffled_2,synthetic_target_2,yr_built,yr_renovated"
house_sales_synthetic_target_2_noise,regression,46.21740794181824,0.27144917957506104,0.21531079165785483,0.7174564499179311,0.03862766145952917,0.03030074326419674,18,"date_day,date_month,sqft_basement,sqft_basement_shuffled_1,sqft_basement_shuffled_2,sqft_living15,sqft_living15_shuffled_1,sqft_living15_shuffled_2,sqft_living_shuffled_1,sqft_living_shuffled_2,sqft_lot,sqft_lot15,sqft_lot15_shuffled_1,sqft_lot15_shuffled_2,sqft_lot_shuffled_1,sqft_lot_shuffled_2,synthetic_target_2,yr_built,yr_renovated"
house_sales_synthetic_target_2_noise,regression,46.21740794181824,0.2613686019347936,0.20770733408108022,0.7380519556018734,0.017209845414489888,0.013512187726997305,19,"date_day,date_month,date_year,sqft_basement,sqft_basement_shuffled_1,sqft_basement_shuffled_2,sqft_living15,sqft_living15_shuffled_1,sqft_living15_shuffled_2,sqft_living_shuffled_1,sqft_living_shuffled_2,sqft_lot,sqft_lot15,sqft_lot15_shuffled_1,sqft_lot15_shuffled_2,sqft_lot_shuffled_1,sqft_lot_shuffled_2,synthetic_target_2,yr_built,yr_renovated"
house_sales_synthetic_target_2_noise,regression,46.21740794181824,0.24553660087791312,0.1952528184670586,0.7688250302164398,0.025447129468723323,0.02007198450891129,20,"date_day,date_month,date_year,lat,sqft_basement,sqft_basement_shuffled_1,sqft_basement_shuffled_2,sqft_living15,sqft_living15_shuffled_1,sqft_living15_shuffled_2,sqft_living_shuffled_1,sqft_living_shuffled_2,sqft_lot,sqft_lot15,sqft_lot15_shuffled_1,sqft_lot15_shuffled_2,sqft_lot_shuffled_1,sqft_lot_shuffled_2,synthetic_target_2,yr_built,yr_renovated"
house_sales_synthetic_target_2_noise,regression,46.21740794181824,0.23149298106737679,0.1845479280134316,0.7945131729860853,0.012708086248909983,0.010076959451762485,21,"date_day,date_month,date_year,lat,long,sqft_basement,sqft_basement_shuffled_1,sqft_basement_shuffled_2,sqft_living15,sqft_living15_shuffled_1,sqft_living15_shuffled_2,sqft_living_shuffled_1,sqft_living_shuffled_2,sqft_lot,sqft_lot15,sqft_lot15_shuffled_1,sqft_lot15_shuffled_2,sqft_lot_shuffled_1,sqft_lot_shuffled_2,synthetic_target_2,yr_built,yr_renovated"
house_sales_synthetic_target_2_noise,regression,46.21740794181824,0.231664865831254,0.18493376386645308,0.7942079095846459,0.014764736640586612,0.011842679795835864,22,"date_day,date_month,date_year,lat,long,sqft_basement,sqft_basement_shuffled_1,sqft_basement_shuffled_2,sqft_living15,sqft_living15_shuffled_1,sqft_living15_shuffled_2,sqft_living_shuffled_1,sqft_living_shuffled_2,sqft_lot,sqft_lot15,sqft_lot15_shuffled_1,sqft_lot15_shuffled_2,sqft_lot_shuffled_1,sqft_lot_shuffled_2,synthetic_target_2,yr_built,yr_renovated,yr_renovated_shuffled_2"
house_sales_synthetic_target_2_noise,regression,46.21740794181824,0.2319208683440196,0.18522382273510007,0.7937528349573997,0.014941475858364639,0.012163167759875887,23,"date_day,date_month,date_year,lat,long,noise_numeric_2,sqft_basement,sqft_basement_shuffled_1,sqft_basement_shuffled_2,sqft_living15,sqft_living15_shuffled_1,sqft_living15_shuffled_2,sqft_living_shuffled_1,sqft_living_shuffled_2,sqft_lot,sqft_lot15,sqft_lot15_shuffled_1,sqft_lot15_shuffled_2,sqft_lot_shuffled_1,sqft_lot_shuffled_2,synthetic_target_2,yr_built,yr_renovated,yr_renovated_shuffled_2"
house_sales_synthetic_target_2_noise,regression,46.21740794181824,0.23177986783061283,0.18537297398103086,0.7940035421595497,0.016542050115802176,0.013600472269871128,24,"date_day,date_month,date_year,lat,long,noise_numeric_1,noise_numeric_2,sqft_basement,sqft_basement_shuffled_1,sqft_basement_shuffled_2,sqft_living15,sqft_living15_shuffled_1,sqft_living15_shuffled_2,sqft_living_shuffled_1,sqft_living_shuffled_2,sqft_lot,sqft_lot15,sqft_lot15_shuffled_1,sqft_lot15_shuffled_2,sqft_lot_shuffled_1,sqft_lot_shuffled_2,synthetic_target_2,yr_built,yr_renovated,yr_renovated_shuffled_2"
house_sales_synthetic_target_2_noise,regression,46.21740794181824,0.23207481938125538,0.1852766535098537,0.7934789268453464,0.018699281340495255,0.01501508134588822,25,"date_day,date_month,date_year,lat,lat_shuffled_1,long,noise_numeric_1,noise_numeric_2,sqft_basement,sqft_basement_shuffled_1,sqft_basement_shuffled_2,sqft_living15,sqft_living15_shuffled_1,sqft_living15_shuffled_2,sqft_living_shuffled_1,sqft_living_shuffled_2,sqft_lot,sqft_lot15,sqft_lot15_shuffled_1,sqft_lot15_shuffled_2,sqft_lot_shuffled_1,sqft_lot_shuffled_2,synthetic_target_2,yr_built,yr_renovated,yr_renovated_shuffled_2"
house_sales_synthetic_target_2_noise,regression,46.21740794181824,0.23148276456890737,0.18481186463022434,0.7945313101193882,0.01730670149627256,0.013983665542897344,26,"date_day,date_day_shuffled_1,date_month,date_year,lat,lat_shuffled_1,long,noise_numeric_1,noise_numeric_2,sqft_basement,sqft_basement_shuffled_1,sqft_basement_shuffled_2,sqft_living15,sqft_living15_shuffled_1,sqft_living15_shuffled_2,sqft_living_shuffled_1,sqft_living_shuffled_2,sqft_lot,sqft_lot15,sqft_lot15_shuffled_1,sqft_lot15_shuffled_2,sqft_lot_shuffled_1,sqft_lot_shuffled_2,synthetic_target_2,yr_built,yr_renovated,yr_renovated_shuffled_2"
house_sales_synthetic_target_2_noise,regression,46.21740794181824,0.23217251526882937,0.18541653100299685,0.7933050130500441,0.017843694712207592,0.014253165729157663,27,"date_day,date_day_shuffled_1,date_month,date_month_shuffled_2,date_year,lat,lat_shuffled_1,long,noise_numeric_1,noise_numeric_2,sqft_basement,sqft_basement_shuffled_1,sqft_basement_shuffled_2,sqft_living15,sqft_living15_shuffled_1,sqft_living15_shuffled_2,sqft_living_shuffled_1,sqft_living_shuffled_2,sqft_lot,sqft_lot15,sqft_lot15_shuffled_1,sqft_lot15_shuffled_2,sqft_lot_shuffled_1,sqft_lot_shuffled_2,synthetic_target_2,yr_built,yr_renovated,yr_renovated_shuffled_2"
house_sales_synthetic_target_2_noise,regression,46.21740794181824,0.23120274406382565,0.18453640029497403,0.7950281129516213,0.017689034144544397,0.014211326307344396,28,"date_day,date_day_shuffled_1,date_month,date_month_shuffled_2,date_year,lat,lat_shuffled_1,long,noise_numeric_1,noise_numeric_2,sqft_above_shuffled_2,sqft_basement,sqft_basement_shuffled_1,sqft_basement_shuffled_2,sqft_living15,sqft_living15_shuffled_1,sqft_living15_shuffled_2,sqft_living_shuffled_1,sqft_living_shuffled_2,sqft_lot,sqft_lot15,sqft_lot15_shuffled_1,sqft_lot15_shuffled_2,sqft_lot_shuffled_1,sqft_lot_shuffled_2,synthetic_target_2,yr_built,yr_renovated,yr_renovated_shuffled_2"
house_sales_synthetic_target_2_noise,regression,46.21740794181824,0.2318840674592972,0.1851913204346041,0.7938182837978396,0.018650623859210014,0.015004462277638242,29,"date_day,date_day_shuffled_1,date_month,date_month_shuffled_2,date_year,lat,lat_shuffled_1,long,noise_numeric_1,noise_numeric_2,sqft_above_shuffled_1,sqft_above_shuffled_2,sqft_basement,sqft_basement_shuffled_1,sqft_basement_shuffled_2,sqft_living15,sqft_living15_shuffled_1,sqft_living15_shuffled_2,sqft_living_shuffled_1,sqft_living_shuffled_2,sqft_lot,sqft_lot15,sqft_lot15_shuffled_1,sqft_lot15_shuffled_2,sqft_lot_shuffled_1,sqft_lot_shuffled_2,synthetic_target_2,yr_built,yr_renovated,yr_renovated_shuffled_2"
house_sales_synthetic_target_2_noise,regression,46.21740794181824,0.23224772495588308,0.1854308624181068,0.7931710783062542,0.013995074520522038,0.011287929435804672,30,"date_day,date_day_shuffled_1,date_month,date_month_shuffled_2,date_year,lat,lat_shuffled_1,long,long_shuffled_2,noise_numeric_1,noise_numeric_2,sqft_above_shuffled_1,sqft_above_shuffled_2,sqft_basement,sqft_basement_shuffled_1,sqft_basement_shuffled_2,sqft_living15,sqft_living15_shuffled_1,sqft_living15_shuffled_2,sqft_living_shuffled_1,sqft_living_shuffled_2,sqft_lot,sqft_lot15,sqft_lot15_shuffled_1,sqft_lot15_shuffled_2,sqft_lot_shuffled_1,sqft_lot_shuffled_2,synthetic_target_2,yr_built,yr_renovated,yr_renovated_shuffled_2"
house_sales_synthetic_target_2_noise,regression,46.21740794181824,0.23201032538926505,0.1851028483829862,0.7935936960196641,0.01819808815830462,0.014463689462457574,31,"date_day,date_day_shuffled_1,date_month,date_month_shuffled_2,date_year,lat,lat_shuffled_1,long,long_shuffled_2,noise_numeric_1,noise_numeric_2,price,sqft_above_shuffled_1,sqft_above_shuffled_2,sqft_basement,sqft_basement_shuffled_1,sqft_basement_shuffled_2,sqft_living15,sqft_living15_shuffled_1,sqft_living15_shuffled_2,sqft_living_shuffled_1,sqft_living_shuffled_2,sqft_lot,sqft_lot15,sqft_lot15_shuffled_1,sqft_lot15_shuffled_2,sqft_lot_shuffled_1,sqft_lot_shuffled_2,synthetic_target_2,yr_built,yr_renovated,yr_renovated_shuffled_2"
house_sales_synthetic_target_2_noise,regression,46.21740794181824,0.2314626851577945,0.1846206999358273,0.7945669543399513,0.03150295422449123,0.024662437708717816,32,"date_day,date_day_shuffled_1,date_month,date_month_shuffled_2,date_year,lat,lat_shuffled_1,long,long_shuffled_1,long_shuffled_2,noise_numeric_1,noise_numeric_2,price,sqft_above_shuffled_1,sqft_above_shuffled_2,sqft_basement,sqft_basement_shuffled_1,sqft_basement_shuffled_2,sqft_living15,sqft_living15_shuffled_1,sqft_living15_shuffled_2,sqft_living_shuffled_1,sqft_living_shuffled_2,sqft_lot,sqft_lot15,sqft_lot15_shuffled_1,sqft_lot15_shuffled_2,sqft_lot_shuffled_1,sqft_lot_shuffled_2,synthetic_target_2,yr_built,yr_renovated,yr_renovated_shuffled_2"
house_sales_synthetic_target_2_noise,regression,46.21740794181824,0.23188955587529678,0.184859563557168,0.7938085235375996,0.021275715729268174,0.01671385435359002,33,"date_day,date_day_shuffled_1,date_month,date_month_shuffled_1,date_month_shuffled_2,date_year,lat,lat_shuffled_1,long,long_shuffled_1,long_shuffled_2,noise_numeric_1,noise_numeric_2,price,sqft_above_shuffled_1,sqft_above_shuffled_2,sqft_basement,sqft_basement_shuffled_1,sqft_basement_shuffled_2,sqft_living15,sqft_living15_shuffled_1,sqft_living15_shuffled_2,sqft_living_shuffled_1,sqft_living_shuffled_2,sqft_lot,sqft_lot15,sqft_lot15_shuffled_1,sqft_lot15_shuffled_2,sqft_lot_shuffled_1,sqft_lot_shuffled_2,synthetic_target_2,yr_built,yr_renovated,yr_renovated_shuffled_2"
house_sales_synthetic_target_2_noise,regression,46.21740794181824,0.2318906819637955,0.1850309280508431,0.7938065209427602,0.025393369529769616,0.02017880679831016,34,"date_day,date_day_shuffled_1,date_month,date_month_shuffled_1,date_month_shuffled_2,date_year,lat,lat_shuffled_1,long,long_shuffled_1,long_shuffled_2,noise_numeric_1,noise_numeric_2,price,sqft_above_shuffled_1,sqft_above_shuffled_2,sqft_basement,sqft_basement_shuffled_1,sqft_basement_shuffled_2,sqft_living15,sqft_living15_shuffled_1,sqft_living15_shuffled_2,sqft_living_shuffled_1,sqft_living_shuffled_2,sqft_lot,sqft_lot15,sqft_lot15_shuffled_1,sqft_lot15_shuffled_2,sqft_lot_shuffled_1,sqft_lot_shuffled_2,synthetic_target_2,yr_built,yr_built_shuffled_1,yr_renovated,yr_renovated_shuffled_2"
house_sales_synthetic_target_2_noise,regression,46.21740794181824,0.23220555466428788,0.18497228419036735,0.7932461812515221,0.0217527202594672,0.017002018125992835,35,"date_day,date_day_shuffled_1,date_month,date_month_shuffled_1,date_month_shuffled_2,date_year,lat,lat_shuffled_1,long,long_shuffled_1,long_shuffled_2,noise_categorical_2,noise_numeric_1,noise_numeric_2,price,sqft_above_shuffled_1,sqft_above_shuffled_2,sqft_basement,sqft_basement_shuffled_1,sqft_basement_shuffled_2,sqft_living15,sqft_living15_shuffled_1,sqft_living15_shuffled_2,sqft_living_shuffled_1,sqft_living_shuffled_2,sqft_lot,sqft_lot15,sqft_lot15_shuffled_1,sqft_lot15_shuffled_2,sqft_lot_shuffled_1,sqft_lot_shuffled_2,synthetic_target_2,yr_built,yr_built_shuffled_1,yr_renovated,yr_renovated_shuffled_2"
house_sales_synthetic_target_2_noise,regression,46.21740794181824,0.23259658245417816,0.18534854697477418,0.7925492594181986,0.02994609623771427,0.02366505991593265,36,"date_day,date_day_shuffled_1,date_month,date_month_shuffled_1,date_month_shuffled_2,date_year,lat,lat_shuffled_1,long,long_shuffled_1,long_shuffled_2,noise_categorical_2,noise_numeric_1,noise_numeric_2,price,sqft_above_shuffled_1,sqft_above_shuffled_2,sqft_basement,sqft_basement_shuffled_1,sqft_basement_shuffled_2,sqft_living15,sqft_living15_shuffled_1,sqft_living15_shuffled_2,sqft_living_shuffled_1,sqft_living_shuffled_2,sqft_lot,sqft_lot15,sqft_lot15_shuffled_1,sqft_lot15_shuffled_2,sqft_lot_shuffled_1,sqft_lot_shuffled_2,synthetic_target_2,yr_built,yr_built_shuffled_1,yr_built_shuffled_2,yr_renovated,yr_renovated_shuffled_2"
house_sales_synthetic_target_2_noise,regression,46.21740794181824,0.23256328066125584,0.18510612721601774,0.7926086582878977,0.032302310694131725,0.025079686495236037,37,"date_day,date_day_shuffled_1,date_month,date_month_shuffled_1,date_month_shuffled_2,date_year,lat,lat_shuffled_1,lat_shuffled_2,long,long_shuffled_1,long_shuffled_2,noise_categorical_2,noise_numeric_1,noise_numeric_2,price,sqft_above_shuffled_1,sqft_above_shuffled_2,sqft_basement,sqft_basement_shuffled_1,sqft_basement_shuffled_2,sqft_living15,sqft_living15_shuffled_1,sqft_living15_shuffled_2,sqft_living_shuffled_1,sqft_living_shuffled_2,sqft_lot,sqft_lot15,sqft_lot15_shuffled_1,sqft_lot15_shuffled_2,sqft_lot_shuffled_1,sqft_lot_shuffled_2,synthetic_target_2,yr_built,yr_built_shuffled_1,yr_built_shuffled_2,yr_renovated,yr_renovated_shuffled_2"
house_sales_synthetic_target_2_noise,regression,46.21740794181824,0.23220805198696415,0.18514233149819448,0.7932417340385584,0.025834804872714195,0.02034513968471882,38,"date_day,date_day_shuffled_1,date_month,date_month_shuffled_1,date_month_shuffled_2,date_year,date_year_shuffled_1,lat,lat_shuffled_1,lat_shuffled_2,long,long_shuffled_1,long_shuffled_2,noise_categorical_2,noise_numeric_1,noise_numeric_2,price,sqft_above_shuffled_1,sqft_above_shuffled_2,sqft_basement,sqft_basement_shuffled_1,sqft_basement_shuffled_2,sqft_living15,sqft_living15_shuffled_1,sqft_living15_shuffled_2,sqft_living_shuffled_1,sqft_living_shuffled_2,sqft_lot,sqft_lot15,sqft_lot15_shuffled_1,sqft_lot15_shuffled_2,sqft_lot_shuffled_1,sqft_lot_shuffled_2,synthetic_target_2,yr_built,yr_built_shuffled_1,yr_built_shuffled_2,yr_renovated,yr_renovated_shuffled_2"
house_sales_synthetic_target_2_noise,regression,46.21740794181824,0.23217514375358064,0.18511484834598232,0.7933003329293492,0.039921892740548914,0.0310607005289098,39,"date_day,date_day_shuffled_1,date_month,date_month_shuffled_1,date_month_shuffled_2,date_year,date_year_shuffled_1,lat,lat_shuffled_1,lat_shuffled_2,long,long_shuffled_1,long_shuffled_2,noise_categorical_2,noise_numeric_1,noise_numeric_2,price,sqft_above_shuffled_1,sqft_above_shuffled_2,sqft_basement,sqft_basement_shuffled_1,sqft_basement_shuffled_2,sqft_living15,sqft_living15_shuffled_1,sqft_living15_shuffled_2,sqft_living_shuffled_1,sqft_living_shuffled_2,sqft_lot,sqft_lot15,sqft_lot15_shuffled_1,sqft_lot15_shuffled_2,sqft_lot_shuffled_1,sqft_lot_shuffled_2,synthetic_target_1,synthetic_target_2,yr_built,yr_built_shuffled_1,yr_built_shuffled_2,yr_renovated,yr_renovated_shuffled_2"
house_sales_synthetic_target_2_noise,regression,46.21740794181824,0.2321558403098616,0.1852392577032341,0.7933347022374253,0.019760877098006446,0.015715434774257575,40,"date_day,date_day_shuffled_1,date_month,date_month_shuffled_1,date_month_shuffled_2,date_year,date_year_shuffled_1,date_year_shuffled_2,lat,lat_shuffled_1,lat_shuffled_2,long,long_shuffled_1,long_shuffled_2,noise_categorical_2,noise_numeric_1,noise_numeric_2,price,sqft_above_shuffled_1,sqft_above_shuffled_2,sqft_basement,sqft_basement_shuffled_1,sqft_basement_shuffled_2,sqft_living15,sqft_living15_shuffled_1,sqft_living15_shuffled_2,sqft_living_shuffled_1,sqft_living_shuffled_2,sqft_lot,sqft_lot15,sqft_lot15_shuffled_1,sqft_lot15_shuffled_2,sqft_lot_shuffled_1,sqft_lot_shuffled_2,synthetic_target_1,synthetic_target_2,yr_built,yr_built_shuffled_1,yr_built_shuffled_2,yr_renovated,yr_renovated_shuffled_2"
house_sales_synthetic_target_2_clean,regression,18.862016439437866,0.49248766410607836,0.41163385032995964,0.06996553188545318,0.0050853554271542145,0.004953426912452097,1,"sqft_living15,synthetic_target_2"
house_sales_synthetic_target_2_clean,regression,18.862016439437866,0.4562061049068349,0.3797174501198432,0.20194923872817672,0.0020993209359660425,0.00275856674324626,2,"sqft_living15,synthetic_target_2,yr_built"
house_sales_synthetic_target_2_clean,regression,18.862016439437866,0.4516023615601099,0.37557540170511944,0.21797481530959395,0.012223118199411465,0.011421364749382212,3,"sqft_living15,sqft_lot15,synthetic_target_2,yr_built"
house_sales_synthetic_target_2_clean,regression,18.862016439437866,0.30435315164716537,0.2440965571681391,0.6448073768292486,0.012611316304456832,0.012218406568844126,4,"date_year,sqft_living15,sqft_lot15,synthetic_target_2,yr_built"
house_sales_synthetic_target_2_clean,regression,18.862016439437866,0.28901813882247446,0.23113216409478363,0.6796988257117895,0.031109343172545045,0.025867271669825886,5,"date_year,lat,sqft_living15,sqft_lot15,synthetic_target_2,yr_built"
house_sales_synthetic_target_2_clean,regression,18.862016439437866,0.2794890267771705,0.2245458698758625,0.7004717054770604,0.016534593633977135,0.015241082057227961,6,"date_year,lat,long,sqft_living15,sqft_lot15,synthetic_target_2,yr_built"
house_sales_synthetic_target_2_clean,regression,18.862016439437866,0.27930334876643154,0.22439620113462846,0.7008695553990842,0.01819072966755092,0.016344983918655492,7,"date_year,lat,long,sqft_above,sqft_living15,sqft_lot15,synthetic_target_2,yr_built"
house_sales_synthetic_target_2_clean,regression,18.862016439437866,0.27872576502163093,0.22391568845026572,0.7021054463455929,0.015220293129307616,0.013779052621931825,8,"date_year,lat,long,sqft_above,sqft_basement,sqft_living15,sqft_lot15,synthetic_target_2,yr_built"
house_sales_synthetic_target_2_clean,regression,18.862016439437866,0.2789908470368762,0.22413553232949926,0.7015385519350302,0.018382025864690843,0.01647065698152242,9,"date_year,lat,long,sqft_above,sqft_basement,sqft_living15,sqft_lot,sqft_lot15,synthetic_target_2,yr_built"
house_sales_synthetic_target_2_clean,regression,18.862016439437866,0.2789126619536631,0.2241937975189701,0.7017058116400636,0.022196363233000838,0.019429893709347806,10,"date_year,lat,long,sqft_above,sqft_basement,sqft_living15,sqft_lot,sqft_lot15,synthetic_target_1,synthetic_target_2,yr_built"
house_sales_synthetic_target_2_clean,regression,18.862016439437866,0.26835140825008763,0.2143476601572705,0.7238684133867448,0.02864791120100707,0.022658432035161907,11,"date_month,date_year,lat,long,sqft_above,sqft_basement,sqft_living15,sqft_lot,sqft_lot15,synthetic_target_1,synthetic_target_2,yr_built"
house_sales_synthetic_target_2_clean,regression,18.862016439437866,0.26774977705559433,0.21373249121197752,0.7251051734265923,0.012856924482288423,0.010085524413596891,12,"date_month,date_year,lat,long,sqft_above,sqft_basement,sqft_living,sqft_living15,sqft_lot,sqft_lot15,synthetic_target_1,synthetic_target_2,yr_built"
house_sales_synthetic_target_2_clean,regression,18.862016439437866,0.26766503631758054,0.2136429972835368,0.725279150073187,0.01269492591650212,0.009902309679765853,13,"date_month,date_year,lat,long,sqft_above,sqft_basement,sqft_living,sqft_living15,sqft_lot,sqft_lot15,synthetic_target_1,synthetic_target_2,waterfront,yr_built"
house_sales_synthetic_target_2_clean,regression,18.862016439437866,0.2675974499973631,0.213801967792662,0.72541786843123,0.016661407609717682,0.013230453099236067,14,"date_month,date_year,grade,lat,long,sqft_above,sqft_basement,sqft_living,sqft_living15,sqft_lot,sqft_lot15,synthetic_target_1,synthetic_target_2,waterfront,yr_built"
house_sales_synthetic_target_2_clean,regression,18.862016439437866,0.2676712568537947,0.2135857496749963,0.7252663808981252,0.011534972030761259,0.00882982467632723,15,"bathrooms,date_month,date_year,grade,lat,long,sqft_above,sqft_basement,sqft_living,sqft_living15,sqft_lot,sqft_lot15,synthetic_target_1,synthetic_target_2,waterfront,yr_built"
house_sales_synthetic_target_2_clean,regression,18.862016439437866,0.2677350385478294,0.21341576433319845,0.7251354362194908,0.02192999614302868,0.01684068177095213,16,"bathrooms,bedrooms,date_month,date_year,grade,lat,long,sqft_above,sqft_basement,sqft_living,sqft_living15,sqft_lot,sqft_lot15,synthetic_target_1,synthetic_target_2,waterfront,yr_built"
avocado_sales_synthetic_target_1_noise,regression,57.23055148124695,0.3759319518262602,0.307468519209154,0.04680353499362322,0.02210858848518321,0.013054804530339748,1,"4225,synthetic_target_1"
avocado_sales_synthetic_target_1_noise,regression,57.23055148124695,0.3129501850025088,0.2402415587768735,0.3394368095153899,0.03398861133266323,0.020331985497209187,2,"4046,4225,synthetic_target_1"
avocado_sales_synthetic_target_1_noise,regression,57.23055148124695,0.24832783960385316,0.18572764107795603,0.5840752497217732,0.07796618773634073,0.05286961102926757,3,"4046,4225,Total Bags,synthetic_target_1"
avocado_sales_synthetic_target_1_noise,regression,57.23055148124695,0.24703748476197784,0.18485503683969853,0.5883864550009523,0.09852662401783818,0.06795480112483351,4,"4046,4225,Total Bags,synthetic_target_1,synthetic_target_2"
avocado_sales_synthetic_target_1_noise,regression,57.23055148124695,0.24756307561417473,0.18534211439925938,0.5866331141728975,0.09726028648621332,0.06672855541331614,5,"4046,4225,4225_shuffled_2,Total Bags,synthetic_target_1,synthetic_target_2"
avocado_sales_synthetic_target_1_noise,regression,57.23055148124695,0.19240494203016362,0.15161061255403532,0.7503127363765179,0.05238254648423099,0.03986322083147344,6,"4046,4225,4225_shuffled_2,4770,Total Bags,synthetic_target_1,synthetic_target_2"
avocado_sales_synthetic_target_1_noise,regression,57.23055148124695,0.19216101374249775,0.1514481721345052,0.7509454350824268,0.05474015062847981,0.04131429032673406,7,"4046,4225,4225_shuffled_2,4770,Large Bags,Total Bags,synthetic_target_1,synthetic_target_2"
avocado_sales_synthetic_target_1_noise,regression,57.23055148124695,0.19251038598244757,0.1516631561339743,0.750038988457963,0.05397119134314568,0.04062629961544659,8,"4046,4225,4225_shuffled_2,4770,Large Bags,Small Bags_shuffled_1,Total Bags,synthetic_target_1,synthetic_target_2"
avocado_sales_synthetic_target_1_noise,regression,57.23055148124695,0.19158462779211627,0.15105967364613546,0.752437270062295,0.054812773461599684,0.04130807925859188,9,"4046,4225,4225_shuffled_2,4770,Large Bags,Small Bags_shuffled_1,Total Bags,Total Bags_shuffled_2,synthetic_target_1,synthetic_target_2"
avocado_sales_synthetic_target_1_noise,regression,57.23055148124695,0.19258895592615133,0.15184939748326884,0.7498349118803987,0.05590304161633819,0.042205363506107235,10,"4046,4046_shuffled_1,4225,4225_shuffled_2,4770,Large Bags,Small Bags_shuffled_1,Total Bags,Total Bags_shuffled_2,synthetic_target_1,synthetic_target_2"
avocado_sales_synthetic_target_1_noise,regression,57.23055148124695,0.19207370993756737,0.15161522367445568,0.7511716877590474,0.059590670293857145,0.04528557341824753,11,"4046,4046_shuffled_1,4225,4225_shuffled_2,4770,Large Bags,Small Bags_shuffled_1,Total Bags,Total Bags_shuffled_2,synthetic_target_1,synthetic_target_2,year"
avocado_sales_synthetic_target_1_noise,regression,57.23055148124695,0.19261447927572903,0.15198688461260657,0.7497685999357371,0.059769685201382594,0.045415234889817566,12,"4046,4046_shuffled_1,4225,4225_shuffled_2,4770,Large Bags,Small Bags_shuffled_1,Total Bags,Total Bags_shuffled_2,day_shuffled_2,synthetic_target_1,synthetic_target_2,year"
avocado_sales_synthetic_target_1_noise,regression,57.23055148124695,0.19279459423252227,0.15208099271335815,0.749300395356417,0.05808639035809443,0.04423397233597577,13,"4046,4046_shuffled_1,4225,4225_shuffled_2,4770,Large Bags,Small Bags,Small Bags_shuffled_1,Total Bags,Total Bags_shuffled_2,day_shuffled_2,synthetic_target_1,synthetic_target_2,year"
avocado_sales_synthetic_target_1_noise,regression,57.23055148124695,0.19240468116568143,0.15182615739388003,0.750313413432875,0.056386846184087125,0.042767739211111086,14,"4046,4046_shuffled_1,4225,4225_shuffled_2,4770,Large Bags,Small Bags,Small Bags_shuffled_1,Total Bags,Total Bags_shuffled_2,Total Volume_shuffled_1,day_shuffled_2,synthetic_target_1,synthetic_target_2,year"
avocado_sales_synthetic_target_1_noise,regression,57.23055148124695,0.19313359384069922,0.15233451250853236,0.7484179869422265,0.05818730079284398,0.04417907197070288,15,"4046,4046_shuffled_1,4225,4225_shuffled_2,4770,Large Bags,Small Bags,Small Bags_shuffled_1,Total Bags,Total Bags_shuffled_1,Total Bags_shuffled_2,Total Volume_shuffled_1,day_shuffled_2,synthetic_target_1,synthetic_target_2,year"
avocado_sales_synthetic_target_1_noise,regression,57.23055148124695,0.19266077339568988,0.15188953152710305,0.7496483012478161,0.05919071509199392,0.04465204849562297,16,"4046,4046_shuffled_1,4225,4225_shuffled_2,4770,Large Bags,Small Bags,Small Bags_shuffled_1,Total Bags,Total Bags_shuffled_1,Total Bags_shuffled_2,Total Volume_shuffled_1,day_shuffled_2,synthetic_target_1,synthetic_target_2,type,year"
avocado_sales_synthetic_target_1_noise,regression,57.23055148124695,0.1922252011144252,0.15185662567012842,0.7507790243459487,0.061164405936141475,0.04661172203776716,17,"4046,4046_shuffled_1,4225,4225_shuffled_2,4770,Large Bags,Small Bags,Small Bags_shuffled_1,Total Bags,Total Bags_shuffled_1,Total Bags_shuffled_2,Total Volume,Total Volume_shuffled_1,day_shuffled_2,synthetic_target_1,synthetic_target_2,type,year"
avocado_sales_synthetic_target_1_noise,regression,57.23055148124695,0.19255669394566272,0.1523699820495348,0.7499187188168035,0.05892768302418455,0.04520544515989354,18,"4046,4046_shuffled_1,4225,4225_shuffled_2,4770,Large Bags,Small Bags,Small Bags_shuffled_1,Total Bags,Total Bags_shuffled_1,Total Bags_shuffled_2,Total Volume,Total Volume_shuffled_1,day_shuffled_2,noise_categorical_2,synthetic_target_1,synthetic_target_2,type,year"
avocado_sales_synthetic_target_1_noise,regression,57.23055148124695,0.19246172715372747,0.15214153791562168,0.7501653325287245,0.06079186811202075,0.04636746267480292,19,"4046,4046_shuffled_1,4225,4225_shuffled_1,4225_shuffled_2,4770,Large Bags,Small Bags,Small Bags_shuffled_1,Total Bags,Total Bags_shuffled_1,Total Bags_shuffled_2,Total Volume,Total Volume_shuffled_1,day_shuffled_2,noise_categorical_2,synthetic_target_1,synthetic_target_2,type,year"
avocado_sales_synthetic_target_1_noise,regression,57.23055148124695,0.19343946129927306,0.1530513567432708,0.7476204904193964,0.07105564609585648,0.0549479796768224,20,"4046,4046_shuffled_1,4225,4225_shuffled_1,4225_shuffled_2,4770,AveragePrice,Large Bags,Small Bags,Small Bags_shuffled_1,Total Bags,Total Bags_shuffled_1,Total Bags_shuffled_2,Total Volume,Total Volume_shuffled_1,day_shuffled_2,noise_categorical_2,synthetic_target_1,synthetic_target_2,type,year"
avocado_sales_synthetic_target_1_noise,regression,57.23055148124695,0.19324695528324545,0.15293368865971463,0.7481225637660245,0.07479071293895162,0.0579177991973501,21,"4046,4046_shuffled_1,4225,4225_shuffled_1,4225_shuffled_2,4770,AveragePrice,Large Bags,Small Bags,Small Bags_shuffled_1,Total Bags,Total Bags_shuffled_1,Total Bags_shuffled_2,Total Volume,Total Volume_shuffled_1,day_shuffled_2,noise_categorical_2,noise_numeric_2,synthetic_target_1,synthetic_target_2,type,year"
avocado_sales_synthetic_target_1_noise,regression,57.23055148124695,0.19309131095992166,0.15280942890410346,0.7485281329567257,0.07377215521742012,0.057065453836426056,22,"4046,4046_shuffled_1,4225,4225_shuffled_1,4225_shuffled_2,4770,AveragePrice,Large Bags,Large Bags_shuffled_2,Small Bags,Small Bags_shuffled_1,Total Bags,Total Bags_shuffled_1,Total Bags_shuffled_2,Total Volume,Total Volume_shuffled_1,day_shuffled_2,noise_categorical_2,noise_numeric_2,synthetic_target_1,synthetic_target_2,type,year"
avocado_sales_synthetic_target_1_noise,regression,57.23055148124695,0.19323520633906321,0.15258315497898298,0.74815318990423,0.07062669564044231,0.05410331670118178,23,"4046,4046_shuffled_1,4225,4225_shuffled_1,4225_shuffled_2,4770,AveragePrice,Large Bags,Large Bags_shuffled_2,Small Bags,Small Bags_shuffled_1,Total Bags,Total Bags_shuffled_1,Total Bags_shuffled_2,Total Volume,Total Volume_shuffled_1,day_shuffled_1,day_shuffled_2,noise_categorical_2,noise_numeric_2,synthetic_target_1,synthetic_target_2,type,year"
avocado_sales_synthetic_target_1_noise,regression,57.23055148124695,0.19326573822884174,0.15257154831747421,0.7480735981293516,0.06944420817952401,0.053060957198877684,24,"4046,4046_shuffled_1,4046_shuffled_2,4225,4225_shuffled_1,4225_shuffled_2,4770,AveragePrice,Large Bags,Large Bags_shuffled_2,Small Bags,Small Bags_shuffled_1,Total Bags,Total Bags_shuffled_1,Total Bags_shuffled_2,Total Volume,Total Volume_shuffled_1,day_shuffled_1,day_shuffled_2,noise_categorical_2,noise_numeric_2,synthetic_target_1,synthetic_target_2,type,year"
avocado_sales_synthetic_target_1_noise,regression,57.23055148124695,0.1934749267591883,0.15253417376302086,0.7475279387151856,0.0716205412636118,0.054636904190442245,25,"4046,4046_shuffled_1,4046_shuffled_2,4225,4225_shuffled_1,4225_shuffled_2,4770,AveragePrice,Large Bags,Large Bags_shuffled_2,Small Bags,Small Bags_shuffled_1,Total Bags,Total Bags_shuffled_1,Total Bags_shuffled_2,Total Volume,Total Volume_shuffled_1,day_shuffled_1,day_shuffled_2,noise_categorical_1,noise_categorical_2,noise_numeric_2,synthetic_target_1,synthetic_target_2,type,year"
avocado_sales_synthetic_target_1_noise,regression,57.23055148124695,0.19382450624700245,0.15314311110006218,0.7466147579673659,0.0765066017183313,0.059002146015844595,26,"4046,4046_shuffled_1,4046_shuffled_2,4225,4225_shuffled_1,4225_shuffled_2,4770,AveragePrice,Large Bags,Large Bags_shuffled_2,Small Bags,Small Bags_shuffled_1,Total Bags,Total Bags_shuffled_1,Total Bags_shuffled_2,Total Volume,Total Volume_shuffled_1,day_shuffled_1,day_shuffled_2,noise_categorical_1,noise_categorical_2,noise_numeric_1,noise_numeric_2,synthetic_target_1,synthetic_target_2,type,year"
avocado_sales_synthetic_target_1_noise,regression,57.23055148124695,0.1942672278160739,0.153225921196334,0.7454559031838152,0.0728673756070421,0.05578766128555458,27,"4046,4046_shuffled_1,4046_shuffled_2,4225,4225_shuffled_1,4225_shuffled_2,4770,AveragePrice,Large Bags,Large Bags_shuffled_2,Small Bags,Small Bags_shuffled_1,Small Bags_shuffled_2,Total Bags,Total Bags_shuffled_1,Total Bags_shuffled_2,Total Volume,Total Volume_shuffled_1,day_shuffled_1,day_shuffled_2,noise_categorical_1,noise_categorical_2,noise_numeric_1,noise_numeric_2,synthetic_target_1,synthetic_target_2,type,year"
avocado_sales_synthetic_target_1_noise,regression,57.23055148124695,0.19423498400931064,0.15322980723892238,0.7455403928801869,0.07441982009027479,0.05718122658932774,28,"4046,4046_shuffled_1,4046_shuffled_2,4225,4225_shuffled_1,4225_shuffled_2,4770,AveragePrice,Large Bags,Large Bags_shuffled_2,Small Bags,Small Bags_shuffled_1,Small Bags_shuffled_2,Total Bags,Total Bags_shuffled_1,Total Bags_shuffled_2,Total Volume,Total Volume_shuffled_1,day_shuffled_1,day_shuffled_2,month_shuffled_2,noise_categorical_1,noise_categorical_2,noise_numeric_1,noise_numeric_2,synthetic_target_1,synthetic_target_2,type,year"
avocado_sales_synthetic_target_1_noise,regression,57.23055148124695,0.1940288962231325,0.15301231674454852,0.7460800814106303,0.07332774615294768,0.05616398475980594,29,"4046,4046_shuffled_1,4046_shuffled_2,4225,4225_shuffled_1,4225_shuffled_2,4770,AveragePrice,Large Bags,Large Bags_shuffled_2,Small Bags,Small Bags_shuffled_1,Small Bags_shuffled_2,Total Bags,Total Bags_shuffled_1,Total Bags_shuffled_2,Total Volume,Total Volume_shuffled_1,day_shuffled_1,day_shuffled_2,month_shuffled_1,month_shuffled_2,noise_categorical_1,noise_categorical_2,noise_numeric_1,noise_numeric_2,synthetic_target_1,synthetic_target_2,type,year"
avocado_sales_synthetic_target_1_noise,regression,57.23055148124695,0.19388269413668083,0.15288432687980033,0.7464625979961657,0.0738903479173865,0.056558744163672486,30,"4046,4046_shuffled_1,4046_shuffled_2,4225,4225_shuffled_1,4225_shuffled_2,4770,4770_shuffled_2,AveragePrice,Large Bags,Large Bags_shuffled_2,Small Bags,Small Bags_shuffled_1,Small Bags_shuffled_2,Total Bags,Total Bags_shuffled_1,Total Bags_shuffled_2,Total Volume,Total Volume_shuffled_1,day_shuffled_1,day_shuffled_2,month_shuffled_1,month_shuffled_2,noise_categorical_1,noise_categorical_2,noise_numeric_1,noise_numeric_2,synthetic_target_1,synthetic_target_2,type,year"
avocado_sales_synthetic_target_1_noise,regression,57.23055148124695,0.19413113421133044,0.15308183553311408,0.7458124192051049,0.0752310202711934,0.05769675722261561,31,"4046,4046_shuffled_1,4046_shuffled_2,4225,4225_shuffled_1,4225_shuffled_2,4770,4770_shuffled_2,AveragePrice,Large Bags,Large Bags_shuffled_1,Large Bags_shuffled_2,Small Bags,Small Bags_shuffled_1,Small Bags_shuffled_2,Total Bags,Total Bags_shuffled_1,Total Bags_shuffled_2,Total Volume,Total Volume_shuffled_1,day_shuffled_1,day_shuffled_2,month_shuffled_1,month_shuffled_2,noise_categorical_1,noise_categorical_2,noise_numeric_1,noise_numeric_2,synthetic_target_1,synthetic_target_2,type,year"
avocado_sales_synthetic_target_1_noise,regression,57.23055148124695,0.1941155160723288,0.15304785179529598,0.7458533170991166,0.0715322053462438,0.054595052525265184,32,"4046,4046_shuffled_1,4046_shuffled_2,4225,4225_shuffled_1,4225_shuffled_2,4770,4770_shuffled_1,4770_shuffled_2,AveragePrice,Large Bags,Large Bags_shuffled_1,Large Bags_shuffled_2,Small Bags,Small Bags_shuffled_1,Small Bags_shuffled_2,Total Bags,Total Bags_shuffled_1,Total Bags_shuffled_2,Total Volume,Total Volume_shuffled_1,day_shuffled_1,day_shuffled_2,month_shuffled_1,month_shuffled_2,noise_categorical_1,noise_categorical_2,noise_numeric_1,noise_numeric_2,synthetic_target_1,synthetic_target_2,type,year"
avocado_sales_synthetic_target_1_noise,regression,57.23055148124695,0.19389431513208347,0.15310653911425004,0.7464322038932161,0.07411369024890745,0.05697635583485626,33,"4046,4046_shuffled_1,4046_shuffled_2,4225,4225_shuffled_1,4225_shuffled_2,4770,4770_shuffled_1,4770_shuffled_2,AveragePrice,Large Bags,Large Bags_shuffled_1,Large Bags_shuffled_2,Small Bags,Small Bags_shuffled_1,Small Bags_shuffled_2,Total Bags,Total Bags_shuffled_1,Total Bags_shuffled_2,Total Volume,Total Volume_shuffled_1,day_shuffled_1,day_shuffled_2,month_shuffled_1,month_shuffled_2,noise_categorical_1,noise_categorical_2,noise_numeric_1,noise_numeric_2,synthetic_target_1,synthetic_target_2,type,year,year_shuffled_2"
avocado_sales_synthetic_target_1_noise,regression,57.23055148124695,0.1938772703533534,0.15305417515745617,0.7464767829929817,0.07552287809356663,0.05796730139760821,34,"4046,4046_shuffled_1,4046_shuffled_2,4225,4225_shuffled_1,4225_shuffled_2,4770,4770_shuffled_1,4770_shuffled_2,AveragePrice,Large Bags,Large Bags_shuffled_1,Large Bags_shuffled_2,Small Bags,Small Bags_shuffled_1,Small Bags_shuffled_2,Total Bags,Total Bags_shuffled_1,Total Bags_shuffled_2,Total Volume,Total Volume_shuffled_1,Total Volume_shuffled_2,day_shuffled_1,day_shuffled_2,month_shuffled_1,month_shuffled_2,noise_categorical_1,noise_categorical_2,noise_numeric_1,noise_numeric_2,synthetic_target_1,synthetic_target_2,type,year,year_shuffled_2"
avocado_sales_synthetic_target_1_noise,regression,57.23055148124695,0.19383706741561985,0.15295773383753408,0.7465819146706523,0.0766926691624719,0.058788331143617645,35,"4046,4046_shuffled_1,4046_shuffled_2,4225,4225_shuffled_1,4225_shuffled_2,4770,4770_shuffled_1,4770_shuffled_2,AveragePrice,Large Bags,Large Bags_shuffled_1,Large Bags_shuffled_2,Small Bags,Small Bags_shuffled_1,Small Bags_shuffled_2,Total Bags,Total Bags_shuffled_1,Total Bags_shuffled_2,Total Volume,Total Volume_shuffled_1,Total Volume_shuffled_2,XLarge Bags_shuffled_1,day_shuffled_1,day_shuffled_2,month_shuffled_1,month_shuffled_2,noise_categorical_1,noise_categorical_2,noise_numeric_1,noise_numeric_2,synthetic_target_1,synthetic_target_2,type,year,year_shuffled_2"
avocado_sales_synthetic_target_1_noise,regression,57.23055148124695,0.19406563580934896,0.15298478376349955,0.7459839122714693,0.0738308004232878,0.05631973007745823,36,"4046,4046_shuffled_1,4046_shuffled_2,4225,4225_shuffled_1,4225_shuffled_2,4770,4770_shuffled_1,4770_shuffled_2,AveragePrice,Large Bags,Large Bags_shuffled_1,Large Bags_shuffled_2,Small Bags,Small Bags_shuffled_1,Small Bags_shuffled_2,Total Bags,Total Bags_shuffled_1,Total Bags_shuffled_2,Total Volume,Total Volume_shuffled_1,Total Volume_shuffled_2,XLarge Bags_shuffled_1,XLarge Bags_shuffled_2,day_shuffled_1,day_shuffled_2,month_shuffled_1,month_shuffled_2,noise_categorical_1,noise_categorical_2,noise_numeric_1,noise_numeric_2,synthetic_target_1,synthetic_target_2,type,year,year_shuffled_2"
avocado_sales_synthetic_target_1_noise,regression,57.23055148124695,0.19465643570786084,0.15358026747421114,0.7444349403102406,0.07277673333123304,0.05575849450911745,37,"4046,4046_shuffled_1,4046_shuffled_2,4225,4225_shuffled_1,4225_shuffled_2,4770,4770_shuffled_1,4770_shuffled_2,AveragePrice,Large Bags,Large Bags_shuffled_1,Large Bags_shuffled_2,Small Bags,Small Bags_shuffled_1,Small Bags_shuffled_2,Total Bags,Total Bags_shuffled_1,Total Bags_shuffled_2,Total Volume,Total Volume_shuffled_1,Total Volume_shuffled_2,XLarge Bags_shuffled_1,XLarge Bags_shuffled_2,day_shuffled_1,day_shuffled_2,month_shuffled_1,month_shuffled_2,noise_categorical_1,noise_categorical_2,noise_numeric_1,noise_numeric_2,synthetic_target_1,synthetic_target_2,type,year,year_shuffled_1,year_shuffled_2"
avocado_sales_synthetic_target_1_noise,regression,57.23055148124695,0.1942476482459553,0.15307821009868158,0.7455072099625661,0.07166240029799109,0.0545164042654744,38,"4046,4046_shuffled_1,4046_shuffled_2,4225,4225_shuffled_1,4225_shuffled_2,4770,4770_shuffled_1,4770_shuffled_2,AveragePrice,Large Bags,Large Bags_shuffled_1,Large Bags_shuffled_2,Small Bags,Small Bags_shuffled_1,Small Bags_shuffled_2,Total Bags,Total Bags_shuffled_1,Total Bags_shuffled_2,Total Volume,Total Volume_shuffled_1,Total Volume_shuffled_2,XLarge Bags_shuffled_1,XLarge Bags_shuffled_2,day,day_shuffled_1,day_shuffled_2,month_shuffled_1,month_shuffled_2,noise_categorical_1,noise_categorical_2,noise_numeric_1,noise_numeric_2,synthetic_target_1,synthetic_target_2,type,year,year_shuffled_1,year_shuffled_2"
avocado_sales_synthetic_target_1_noise,regression,57.23055148124695,0.19459835870694278,0.15342136497833594,0.7445874165228217,0.07150871266872962,0.054513722617297714,39,"4046,4046_shuffled_1,4046_shuffled_2,4225,4225_shuffled_1,4225_shuffled_2,4770,4770_shuffled_1,4770_shuffled_2,AveragePrice,Large Bags,Large Bags_shuffled_1,Large Bags_shuffled_2,Small Bags,Small Bags_shuffled_1,Small Bags_shuffled_2,Total Bags,Total Bags_shuffled_1,Total Bags_shuffled_2,Total Volume,Total Volume_shuffled_1,Total Volume_shuffled_2,XLarge Bags,XLarge Bags_shuffled_1,XLarge Bags_shuffled_2,day,day_shuffled_1,day_shuffled_2,month_shuffled_1,month_shuffled_2,noise_categorical_1,noise_categorical_2,noise_numeric_1,noise_numeric_2,synthetic_target_1,synthetic_target_2,type,year,year_shuffled_1,year_shuffled_2"
avocado_sales_synthetic_target_1_noise,regression,57.23055148124695,0.1942703598786956,0.1534498999964915,0.7454476953714428,0.07661514970632567,0.058904463480909344,40,"4046,4046_shuffled_1,4046_shuffled_2,4225,4225_shuffled_1,4225_shuffled_2,4770,4770_shuffled_1,4770_shuffled_2,AveragePrice,Large Bags,Large Bags_shuffled_1,Large Bags_shuffled_2,Small Bags,Small Bags_shuffled_1,Small Bags_shuffled_2,Total Bags,Total Bags_shuffled_1,Total Bags_shuffled_2,Total Volume,Total Volume_shuffled_1,Total Volume_shuffled_2,XLarge Bags,XLarge Bags_shuffled_1,XLarge Bags_shuffled_2,day,day_shuffled_1,day_shuffled_2,month,month_shuffled_1,month_shuffled_2,noise_categorical_1,noise_categorical_2,noise_numeric_1,noise_numeric_2,synthetic_target_1,synthetic_target_2,type,year,year_shuffled_1,year_shuffled_2"
avocado_sales_synthetic_target_1_clean,regression,14.084412574768066,0.3759319518262602,0.307468519209154,0.04680353499362322,0.02210858848518321,0.013054804530339748,1,"4225,synthetic_target_1"
avocado_sales_synthetic_target_1_clean,regression,14.084412574768066,0.3129501850025088,0.2402415587768735,0.3394368095153899,0.03398861133266323,0.020331985497209187,2,"4046,4225,synthetic_target_1"
avocado_sales_synthetic_target_1_clean,regression,14.084412574768066,0.24832783960385316,0.18572764107795603,0.5840752497217732,0.07796618773634073,0.05286961102926757,3,"4046,4225,Total Bags,synthetic_target_1"
avocado_sales_synthetic_target_1_clean,regression,14.084412574768066,0.19027921648106239,0.15044540391340372,0.7557994415101494,0.04220082885152995,0.03235947989717594,4,"4046,4225,4770,Total Bags,synthetic_target_1"
avocado_sales_synthetic_target_1_clean,regression,14.084412574768066,0.19058269946415426,0.1502398841506644,0.7550198522704958,0.04274572735622195,0.03189820817949267,5,"4046,4225,4770,Large Bags,Total Bags,synthetic_target_1"
avocado_sales_synthetic_target_1_clean,regression,14.084412574768066,0.19041962570943882,0.1502303844412653,0.7554389117226009,0.047808463844689314,0.036094898471767056,6,"4046,4225,4770,Large Bags,Small Bags,Total Bags,synthetic_target_1"
avocado_sales_synthetic_target_1_clean,regression,14.084412574768066,0.19050859056086825,0.15038630306241824,0.7552103383981487,0.04794433490233849,0.03626733319399181,7,"4046,4225,4770,Large Bags,Small Bags,Total Bags,synthetic_target_1,type"
avocado_sales_synthetic_target_1_clean,regression,14.084412574768066,0.1909790817482674,0.15075378948504653,0.7539997515662806,0.05444903500335402,0.041368393872823414,8,"4046,4225,4770,Large Bags,Small Bags,Total Bags,synthetic_target_1,synthetic_target_2,type"
avocado_sales_synthetic_target_1_clean,regression,14.084412574768066,0.1910725059837843,0.1509044206135547,0.7537590130910138,0.05370083479932594,0.04093328483929434,9,"4046,4225,4770,Large Bags,Small Bags,Total Bags,Total Volume,synthetic_target_1,synthetic_target_2,type"
avocado_sales_synthetic_target_1_clean,regression,14.084412574768066,0.19180471742815253,0.1515690515117069,0.7518681504193071,0.0518502767037706,0.03951840752067222,10,"4046,4225,4770,Large Bags,Small Bags,Total Bags,Total Volume,day,synthetic_target_1,synthetic_target_2,type"
avocado_sales_synthetic_target_1_clean,regression,14.084412574768066,0.1918566104314194,0.15141017640866122,0.7517338674996381,0.057014414247890305,0.043305578568019795,11,"4046,4225,4770,Large Bags,Small Bags,Total Bags,Total Volume,day,synthetic_target_1,synthetic_target_2,type,year"
avocado_sales_synthetic_target_1_clean,regression,14.084412574768066,0.1918734959696314,0.1514275184775214,0.7516901651561646,0.05836375892364995,0.044502960714774026,12,"4046,4225,4770,Large Bags,Small Bags,Total Bags,Total Volume,XLarge Bags,day,synthetic_target_1,synthetic_target_2,type,year"
avocado_sales_synthetic_target_1_clean,regression,14.084412574768066,0.1918734959696314,0.1514275184775214,0.7516901651561646,0.05836375892364995,0.044502960714774026,13,"4046,4225,4770,Large Bags,Small Bags,Total Bags,Total Volume,XLarge Bags,day,synthetic_target_1,synthetic_target_2,type,year"
avocado_sales_synthetic_target_2_noise,regression,36.03053879737854,0.36824581003280366,0.3061591736446047,0.09461517231782424,-0.004116155723158155,-0.0033392595170848027,1,"Total Volume,synthetic_target_2"
avocado_sales_synthetic_target_2_noise,regression,36.03053879737854,0.3660026436318712,0.3031502485403084,0.10561186570509018,-0.0031222173489641736,-0.00311550490463397,2,"Total Volume,synthetic_target_2,type"
avocado_sales_synthetic_target_2_noise,regression,36.03053879737854,0.3610974651436358,0.2987828605254676,0.1294244543017231,0.006926669705587418,0.005440337016112962,3,"Total Volume,synthetic_target_1,synthetic_target_2,type"
avocado_sales_synthetic_target_2_noise,regression,36.03053879737854,0.28939801140367855,0.22971214582902783,0.4408238117061064,0.016823002538209175,0.011364684653868806,4,"Total Volume,day,synthetic_target_1,synthetic_target_2,type"
avocado_sales_synthetic_target_2_noise,regression,36.03053879737854,0.24882484940202793,0.19751568661445804,0.586624166093431,0.024853477004578184,0.019436446208896035,5,"Total Volume,day,month,synthetic_target_1,synthetic_target_2,type"
avocado_sales_synthetic_target_2_noise,regression,36.03053879737854,0.2495043116161429,0.1980341781406952,0.5843634855528625,0.031112569538136903,0.023904022767234162,6,"Small Bags_shuffled_2,Total Volume,day,month,synthetic_target_1,synthetic_target_2,type"
avocado_sales_synthetic_target_2_noise,regression,36.03053879737854,0.249165336343354,0.19805631825980358,0.5854920816352254,0.04756528219295833,0.036500371632220974,7,"Small Bags_shuffled_2,Total Bags_shuffled_2,Total Volume,day,month,synthetic_target_1,synthetic_target_2,type"
avocado_sales_synthetic_target_2_noise,regression,36.03053879737854,0.23915534942170677,0.1902982383535632,0.6181280284073558,0.05431550958062811,0.04231437898857909,8,"Large Bags,Small Bags_shuffled_2,Total Bags_shuffled_2,Total Volume,day,month,synthetic_target_1,synthetic_target_2,type"
avocado_sales_synthetic_target_2_noise,regression,36.03053879737854,0.2339919894961965,0.18640993191585378,0.6344392461718871,0.0885785897200945,0.07197427530041617,9,"Large Bags,Small Bags_shuffled_2,Total Bags,Total Bags_shuffled_2,Total Volume,day,month,synthetic_target_1,synthetic_target_2,type"
avocado_sales_synthetic_target_2_noise,regression,36.03053879737854,0.22773932003723157,0.18205510860806143,0.6537150447549426,0.07129551005142529,0.05877135573129327,10,"Large Bags,Small Bags_shuffled_2,Total Bags,Total Bags_shuffled_2,Total Volume,XLarge Bags,day,month,synthetic_target_1,synthetic_target_2,type"
avocado_sales_synthetic_target_2_noise,regression,36.03053879737854,0.22869167594156606,0.18267368165523998,0.6508128136503647,0.07389685883296335,0.06036605578155507,11,"4225_shuffled_1,Large Bags,Small Bags_shuffled_2,Total Bags,Total Bags_shuffled_2,Total Volume,XLarge Bags,day,month,synthetic_target_1,synthetic_target_2,type"
avocado_sales_synthetic_target_2_noise,regression,36.03053879737854,0.2245462883730487,0.17956887691894255,0.6633571879837465,0.05143909736086294,0.04233719917437617,12,"4225_shuffled_1,Large Bags,Small Bags_shuffled_2,Total Bags,Total Bags_shuffled_2,Total Volume,XLarge Bags,day,month,synthetic_target_1,synthetic_target_2,type,year"
avocado_sales_synthetic_target_2_noise,regression,36.03053879737854,0.21908538460470747,0.1746616186533539,0.6795322015160465,0.07520211949075159,0.06136093001558528,13,"4225_shuffled_1,4770,Large Bags,Small Bags_shuffled_2,Total Bags,Total Bags_shuffled_2,Total Volume,XLarge Bags,day,month,synthetic_target_1,synthetic_target_2,type,year"
avocado_sales_synthetic_target_2_noise,regression,36.03053879737854,0.21226386066477348,0.16926731896957137,0.6991779253324162,0.08964237657684113,0.07271046849035222,14,"4046,4225_shuffled_1,4770,Large Bags,Small Bags_shuffled_2,Total Bags,Total Bags_shuffled_2,Total Volume,XLarge Bags,day,month,synthetic_target_1,synthetic_target_2,type,year"
avocado_sales_synthetic_target_2_noise,regression,36.03053879737854,0.21291344538951965,0.16964089017183812,0.6973339145172224,0.09172552908263962,0.07426380231464197,15,"4046,4225_shuffled_1,4770,Large Bags,Small Bags_shuffled_2,Total Bags,Total Bags_shuffled_2,Total Volume,XLarge Bags,day,month,noise_categorical_2,synthetic_target_1,synthetic_target_2,type,year"
avocado_sales_synthetic_target_2_noise,regression,36.03053879737854,0.21274682040857168,0.1697568275291959,0.6978074590303627,0.09766481235641562,0.0793908784799196,16,"4046,4225_shuffled_1,4770,Large Bags,Small Bags,Small Bags_shuffled_2,Total Bags,Total Bags_shuffled_2,Total Volume,XLarge Bags,day,month,noise_categorical_2,synthetic_target_1,synthetic_target_2,type,year"
avocado_sales_synthetic_target_2_noise,regression,36.03053879737854,0.2132726448194606,0.17032325579226068,0.6963118166214666,0.09799436112917446,0.07958091914890454,17,"4046,4225_shuffled_1,4770,Large Bags,Small Bags,Small Bags_shuffled_1,Small Bags_shuffled_2,Total Bags,Total Bags_shuffled_2,Total Volume,XLarge Bags,day,month,noise_categorical_2,synthetic_target_1,synthetic_target_2,type,year"
avocado_sales_synthetic_target_2_noise,regression,36.03053879737854,0.2135616757871582,0.17037006144212277,0.6954881313623553,0.09878713495295567,0.08052904955422588,18,"4046,4225_shuffled_1,4770,Large Bags,Small Bags,Small Bags_shuffled_1,Small Bags_shuffled_2,Total Bags,Total Bags_shuffled_2,Total Volume,XLarge Bags,day,day_shuffled_2,month,noise_categorical_2,synthetic_target_1,synthetic_target_2,type,year"
avocado_sales_synthetic_target_2_noise,regression,36.03053879737854,0.21398986840205486,0.17090863802744544,0.6942658104663451,0.09242125209374932,0.07507699106004663,19,"4046,4225_shuffled_1,4770,Large Bags,Small Bags,Small Bags_shuffled_1,Small Bags_shuffled_2,Total Bags,Total Bags_shuffled_2,Total Volume,XLarge Bags,day,day_shuffled_1,day_shuffled_2,month,noise_categorical_2,synthetic_target_1,synthetic_target_2,type,year"
avocado_sales_synthetic_target_2_noise,regression,36.03053879737854,0.2141047890448984,0.17098131675551853,0.6939373406717744,0.08939070311029407,0.07265246338553237,20,"4046,4046_shuffled_2,4225_shuffled_1,4770,Large Bags,Small Bags,Small Bags_shuffled_1,Small Bags_shuffled_2,Total Bags,Total Bags_shuffled_2,Total Volume,XLarge Bags,day,day_shuffled_1,day_shuffled_2,month,noise_categorical_2,synthetic_target_1,synthetic_target_2,type,year"
avocado_sales_synthetic_target_2_noise,regression,36.03053879737854,0.21105775945725477,0.16785671489144507,0.7025868059030818,0.0884435829140173,0.07106281443195167,21,"4046,4046_shuffled_2,4225,4225_shuffled_1,4770,Large Bags,Small Bags,Small Bags_shuffled_1,Small Bags_shuffled_2,Total Bags,Total Bags_shuffled_2,Total Volume,XLarge Bags,day,day_shuffled_1,day_shuffled_2,month,noise_categorical_2,synthetic_target_1,synthetic_target_2,type,year"
avocado_sales_synthetic_target_2_noise,regression,36.03053879737854,0.2114898104145427,0.16839348396936557,0.7013679056580774,0.08813022209581747,0.07092949497852477,22,"4046,4046_shuffled_2,4225,4225_shuffled_1,4770,Large Bags,Small Bags,Small Bags_shuffled_1,Small Bags_shuffled_2,Total Bags,Total Bags_shuffled_1,Total Bags_shuffled_2,Total Volume,XLarge Bags,day,day_shuffled_1,day_shuffled_2,month,noise_categorical_2,synthetic_target_1,synthetic_target_2,type,year"
avocado_sales_synthetic_target_2_noise,regression,36.03053879737854,0.21162185507814119,0.16840938960150928,0.7009948845240626,0.10945772870844866,0.08842623277427404,23,"4046,4046_shuffled_2,4225,4225_shuffled_1,4770,Large Bags,Large Bags_shuffled_2,Small Bags,Small Bags_shuffled_1,Small Bags_shuffled_2,Total Bags,Total Bags_shuffled_1,Total Bags_shuffled_2,Total Volume,XLarge Bags,day,day_shuffled_1,day_shuffled_2,month,noise_categorical_2,synthetic_target_1,synthetic_target_2,type,year"
avocado_sales_synthetic_target_2_noise,regression,36.03053879737854,0.21148645181055095,0.16817370399845072,0.7013773905498374,0.08459706021504015,0.06790879036730436,24,"4046,4046_shuffled_2,4225,4225_shuffled_1,4770,Large Bags,Large Bags_shuffled_2,Small Bags,Small Bags_shuffled_1,Small Bags_shuffled_2,Total Bags,Total Bags_shuffled_1,Total Bags_shuffled_2,Total Volume,XLarge Bags,day,day_shuffled_1,day_shuffled_2,month,month_shuffled_2,noise_categorical_2,synthetic_target_1,synthetic_target_2,type,year"
avocado_sales_synthetic_target_2_noise,regression,36.03053879737854,0.2118640303189466,0.16802204882806165,0.70031014363158,0.10367344452794927,0.08284029938724256,25,"4046,4046_shuffled_2,4225,4225_shuffled_1,4770,Large Bags,Large Bags_shuffled_2,Small Bags,Small Bags_shuffled_1,Small Bags_shuffled_2,Total Bags,Total Bags_shuffled_1,Total Bags_shuffled_2,Total Volume,XLarge Bags,day,day_shuffled_1,day_shuffled_2,month,month_shuffled_2,noise_categorical_1,noise_categorical_2,synthetic_target_1,synthetic_target_2,type,year"
avocado_sales_synthetic_target_2_noise,regression,36.03053879737854,0.21261162114511548,0.16882586327052818,0.6981914198994462,0.07666757293820034,0.06102431935403954,26,"4046,4046_shuffled_2,4225,4225_shuffled_1,4770,Large Bags,Large Bags_shuffled_2,Small Bags,Small Bags_shuffled_1,Small Bags_shuffled_2,Total Bags,Total Bags_shuffled_1,Total Bags_shuffled_2,Total Volume,XLarge Bags,day,day_shuffled_1,day_shuffled_2,month,month_shuffled_2,noise_categorical_1,noise_categorical_2,noise_numeric_2,synthetic_target_1,synthetic_target_2,type,year"
avocado_sales_synthetic_target_2_noise,regression,36.03053879737854,0.21262213959970122,0.16901799417582228,0.6981615566365336,0.08621794017552817,0.06879280846585713,27,"4046,4046_shuffled_2,4225,4225_shuffled_1,4770,AveragePrice,Large Bags,Large Bags_shuffled_2,Small Bags,Small Bags_shuffled_1,Small Bags_shuffled_2,Total Bags,Total Bags_shuffled_1,Total Bags_shuffled_2,Total Volume,XLarge Bags,day,day_shuffled_1,day_shuffled_2,month,month_shuffled_2,noise_categorical_1,noise_categorical_2,noise_numeric_2,synthetic_target_1,synthetic_target_2,type,year"
avocado_sales_synthetic_target_2_noise,regression,36.03053879737854,0.21263861747541324,0.168606991899131,0.6981147708306017,0.11001009548869492,0.08844896847804239,28,"4046,4046_shuffled_2,4225,4225_shuffled_1,4770,AveragePrice,Large Bags,Large Bags_shuffled_1,Large Bags_shuffled_2,Small Bags,Small Bags_shuffled_1,Small Bags_shuffled_2,Total Bags,Total Bags_shuffled_1,Total Bags_shuffled_2,Total Volume,XLarge Bags,day,day_shuffled_1,day_shuffled_2,month,month_shuffled_2,noise_categorical_1,noise_categorical_2,noise_numeric_2,synthetic_target_1,synthetic_target_2,type,year"
avocado_sales_synthetic_target_2_noise,regression,36.03053879737854,0.21368824453738272,0.1697157032827695,0.6951270824288929,0.05950597478151479,0.04717655023346956,29,"4046,4046_shuffled_2,4225,4225_shuffled_1,4770,AveragePrice,Large Bags,Large Bags_shuffled_1,Large Bags_shuffled_2,Small Bags,Small Bags_shuffled_1,Small Bags_shuffled_2,Total Bags,Total Bags_shuffled_1,Total Bags_shuffled_2,Total Volume,Total Volume_shuffled_2,XLarge Bags,day,day_shuffled_1,day_shuffled_2,month,month_shuffled_2,noise_categorical_1,noise_categorical_2,noise_numeric_2,synthetic_target_1,synthetic_target_2,type,year"
avocado_sales_synthetic_target_2_noise,regression,36.03053879737854,0.21375579208129375,0.16927651509530708,0.6949343093387843,0.09087800547787435,0.07167186035970978,30,"4046,4046_shuffled_2,4225,4225_shuffled_1,4225_shuffled_2,4770,AveragePrice,Large Bags,Large Bags_shuffled_1,Large Bags_shuffled_2,Small Bags,Small Bags_shuffled_1,Small Bags_shuffled_2,Total Bags,Total Bags_shuffled_1,Total Bags_shuffled_2,Total Volume,Total Volume_shuffled_2,XLarge Bags,day,day_shuffled_1,day_shuffled_2,month,month_shuffled_2,noise_categorical_1,noise_categorical_2,noise_numeric_2,synthetic_target_1,synthetic_target_2,type,year"
avocado_sales_synthetic_target_2_noise,regression,36.03053879737854,0.21415822910341176,0.1698783558926804,0.6937845365452824,0.09347536743689243,0.07398879688868287,31,"4046,4046_shuffled_2,4225,4225_shuffled_1,4225_shuffled_2,4770,AveragePrice,Large Bags,Large Bags_shuffled_1,Large Bags_shuffled_2,Small Bags,Small Bags_shuffled_1,Small Bags_shuffled_2,Total Bags,Total Bags_shuffled_1,Total Bags_shuffled_2,Total Volume,Total Volume_shuffled_2,XLarge Bags,day,day_shuffled_1,day_shuffled_2,month,month_shuffled_1,month_shuffled_2,noise_categorical_1,noise_categorical_2,noise_numeric_2,synthetic_target_1,synthetic_target_2,type,year"
avocado_sales_synthetic_target_2_noise,regression,36.03053879737854,0.21334616482436802,0.16935091195166865,0.6961024038756881,0.1027290952298918,0.08218238582256615,32,"4046,4046_shuffled_1,4046_shuffled_2,4225,4225_shuffled_1,4225_shuffled_2,4770,AveragePrice,Large Bags,Large Bags_shuffled_1,Large Bags_shuffled_2,Small Bags,Small Bags_shuffled_1,Small Bags_shuffled_2,Total Bags,Total Bags_shuffled_1,Total Bags_shuffled_2,Total Volume,Total Volume_shuffled_2,XLarge Bags,day,day_shuffled_1,day_shuffled_2,month,month_shuffled_1,month_shuffled_2,noise_categorical_1,noise_categorical_2,noise_numeric_2,synthetic_target_1,synthetic_target_2,type,year"
avocado_sales_synthetic_target_2_noise,regression,36.03053879737854,0.2141211207259962,0.17010787925978965,0.6938906466355397,0.07593661398304796,0.0605041300227844,33,"4046,4046_shuffled_1,4046_shuffled_2,4225,4225_shuffled_1,4225_shuffled_2,4770,AveragePrice,Large Bags,Large Bags_shuffled_1,Large Bags_shuffled_2,Small Bags,Small Bags_shuffled_1,Small Bags_shuffled_2,Total Bags,Total Bags_shuffled_1,Total Bags_shuffled_2,Total Volume,Total Volume_shuffled_2,XLarge Bags,day,day_shuffled_1,day_shuffled_2,month,month_shuffled_1,month_shuffled_2,noise_categorical_1,noise_categorical_2,noise_numeric_1,noise_numeric_2,synthetic_target_1,synthetic_target_2,type,year"
avocado_sales_synthetic_target_2_noise,regression,36.03053879737854,0.21403605708697282,0.1700104732528712,0.6941338137108057,0.10971273586054983,0.08771264266757971,34,"4046,4046_shuffled_1,4046_shuffled_2,4225,4225_shuffled_1,4225_shuffled_2,4770,AveragePrice,Large Bags,Large Bags_shuffled_1,Large Bags_shuffled_2,Small Bags,Small Bags_shuffled_1,Small Bags_shuffled_2,Total Bags,Total Bags_shuffled_1,Total Bags_shuffled_2,Total Volume,Total Volume_shuffled_2,XLarge Bags,XLarge Bags_shuffled_2,day,day_shuffled_1,day_shuffled_2,month,month_shuffled_1,month_shuffled_2,noise_categorical_1,noise_categorical_2,noise_numeric_1,noise_numeric_2,synthetic_target_1,synthetic_target_2,type,year"
avocado_sales_synthetic_target_2_noise,regression,36.03053879737854,0.21508209649192606,0.17075215026444157,0.691136842875264,0.10660340757631305,0.08559997587342837,35,"4046,4046_shuffled_1,4046_shuffled_2,4225,4225_shuffled_1,4225_shuffled_2,4770,AveragePrice,Large Bags,Large Bags_shuffled_1,Large Bags_shuffled_2,Small Bags,Small Bags_shuffled_1,Small Bags_shuffled_2,Total Bags,Total Bags_shuffled_1,Total Bags_shuffled_2,Total Volume,Total Volume_shuffled_2,XLarge Bags,XLarge Bags_shuffled_2,day,day_shuffled_1,day_shuffled_2,month,month_shuffled_1,month_shuffled_2,noise_categorical_1,noise_categorical_2,noise_numeric_1,noise_numeric_2,synthetic_target_1,synthetic_target_2,type,year,year_shuffled_2"
avocado_sales_synthetic_target_2_noise,regression,36.03053879737854,0.21389440677694585,0.1694531067827819,0.6945385277948828,0.08325914825622491,0.06577572493145557,36,"4046,4046_shuffled_1,4046_shuffled_2,4225,4225_shuffled_1,4225_shuffled_2,4770,AveragePrice,Large Bags,Large Bags_shuffled_1,Large Bags_shuffled_2,Small Bags,Small Bags_shuffled_1,Small Bags_shuffled_2,Total Bags,Total Bags_shuffled_1,Total Bags_shuffled_2,Total Volume,Total Volume_shuffled_2,XLarge Bags,XLarge Bags_shuffled_2,day,day_shuffled_1,day_shuffled_2,month,month_shuffled_1,month_shuffled_2,noise_categorical_1,noise_categorical_2,noise_numeric_1,noise_numeric_2,synthetic_target_1,synthetic_target_2,type,year,year_shuffled_1,year_shuffled_2"
avocado_sales_synthetic_target_2_noise,regression,36.03053879737854,0.21459285918828708,0.17034236133548517,0.6925403582971658,0.09098176498183556,0.07210847072919327,37,"4046,4046_shuffled_1,4046_shuffled_2,4225,4225_shuffled_1,4225_shuffled_2,4770,4770_shuffled_1,AveragePrice,Large Bags,Large Bags_shuffled_1,Large Bags_shuffled_2,Small Bags,Small Bags_shuffled_1,Small Bags_shuffled_2,Total Bags,Total Bags_shuffled_1,Total Bags_shuffled_2,Total Volume,Total Volume_shuffled_2,XLarge Bags,XLarge Bags_shuffled_2,day,day_shuffled_1,day_shuffled_2,month,month_shuffled_1,month_shuffled_2,noise_categorical_1,noise_categorical_2,noise_numeric_1,noise_numeric_2,synthetic_target_1,synthetic_target_2,type,year,year_shuffled_1,year_shuffled_2"
avocado_sales_synthetic_target_2_noise,regression,36.03053879737854,0.21408905632167838,0.17026232316958226,0.6939823188547927,0.09027268213171134,0.07244735575369891,38,"4046,4046_shuffled_1,4046_shuffled_2,4225,4225_shuffled_1,4225_shuffled_2,4770,4770_shuffled_1,4770_shuffled_2,AveragePrice,Large Bags,Large Bags_shuffled_1,Large Bags_shuffled_2,Small Bags,Small Bags_shuffled_1,Small Bags_shuffled_2,Total Bags,Total Bags_shuffled_1,Total Bags_shuffled_2,Total Volume,Total Volume_shuffled_2,XLarge Bags,XLarge Bags_shuffled_2,day,day_shuffled_1,day_shuffled_2,month,month_shuffled_1,month_shuffled_2,noise_categorical_1,noise_categorical_2,noise_numeric_1,noise_numeric_2,synthetic_target_1,synthetic_target_2,type,year,year_shuffled_1,year_shuffled_2"
avocado_sales_synthetic_target_2_noise,regression,36.03053879737854,0.21420812533605668,0.1700446947435285,0.6936418310515242,0.10065093697653417,0.08042502868862769,39,"4046,4046_shuffled_1,4046_shuffled_2,4225,4225_shuffled_1,4225_shuffled_2,4770,4770_shuffled_1,4770_shuffled_2,AveragePrice,Large Bags,Large Bags_shuffled_1,Large Bags_shuffled_2,Small Bags,Small Bags_shuffled_1,Small Bags_shuffled_2,Total Bags,Total Bags_shuffled_1,Total Bags_shuffled_2,Total Volume,Total Volume_shuffled_1,Total Volume_shuffled_2,XLarge Bags,XLarge Bags_shuffled_2,day,day_shuffled_1,day_shuffled_2,month,month_shuffled_1,month_shuffled_2,noise_categorical_1,noise_categorical_2,noise_numeric_1,noise_numeric_2,synthetic_target_1,synthetic_target_2,type,year,year_shuffled_1,year_shuffled_2"
avocado_sales_synthetic_target_2_noise,regression,36.03053879737854,0.21483575817332753,0.17065663167040437,0.6918439334347963,0.10531252191155945,0.08452403374521063,40,"4046,4046_shuffled_1,4046_shuffled_2,4225,4225_shuffled_1,4225_shuffled_2,4770,4770_shuffled_1,4770_shuffled_2,AveragePrice,Large Bags,Large Bags_shuffled_1,Large Bags_shuffled_2,Small Bags,Small Bags_shuffled_1,Small Bags_shuffled_2,Total Bags,Total Bags_shuffled_1,Total Bags_shuffled_2,Total Volume,Total Volume_shuffled_1,Total Volume_shuffled_2,XLarge Bags,XLarge Bags_shuffled_1,XLarge Bags_shuffled_2,day,day_shuffled_1,day_shuffled_2,month,month_shuffled_1,month_shuffled_2,noise_categorical_1,noise_categorical_2,noise_numeric_1,noise_numeric_2,synthetic_target_1,synthetic_target_2,type,year,year_shuffled_1,year_shuffled_2"
avocado_sales_synthetic_target_2_clean,regression,1993.7251362800598,0.32205169211765855,0.2596015019945822,0.30751757602659124,0.0004321236960740382,0.000421733797354662,1,"day,synthetic_target_2"
avocado_sales_synthetic_target_2_clean,regression,1993.7251362800598,0.3108099498343595,0.25006675359442326,0.35501827308389444,0.005941208004114906,0.0051556920408324936,2,"day,synthetic_target_1,synthetic_target_2"
avocado_sales_synthetic_target_2_clean,regression,1993.7251362800598,0.292538657379732,0.23341228335749428,0.4286212140497302,0.004441281499111938,0.0031462093584376793,3,"day,synthetic_target_1,synthetic_target_2,type"
avocado_sales_synthetic_target_2_clean,regression,1993.7251362800598,0.2864438254325628,0.22793105721814524,0.45218172712737004,0.009929181584027613,0.00697185852461546,4,"Large Bags,day,synthetic_target_1,synthetic_target_2,type"
avocado_sales_synthetic_target_2_clean,regression,1993.7251362800598,0.2785227963767771,0.22129059672475074,0.4820604466231083,0.0247536787716513,0.01852250757731999,5,"Large Bags,Total Volume,day,synthetic_target_1,synthetic_target_2,type"
avocado_sales_synthetic_target_2_clean,regression,1993.7251362800598,0.2687366214008687,0.2123579964898582,0.5178176714324023,0.049423168415014984,0.037988266846518765,6,"Large Bags,Total Volume,XLarge Bags,day,synthetic_target_1,synthetic_target_2,type"
avocado_sales_synthetic_target_2_clean,regression,1993.7251362800598,0.26074335100636625,0.20529854013014576,0.5460750341424356,0.056768426660715465,0.043920346048657716,7,"4046,Large Bags,Total Volume,XLarge Bags,day,synthetic_target_1,synthetic_target_2,type"
avocado_sales_synthetic_target_2_clean,regression,1993.7251362800598,0.25420956113387816,0.199991901334834,0.5685391984063933,0.06441029300332879,0.050140034479150136,8,"4046,4225,Large Bags,Total Volume,XLarge Bags,day,synthetic_target_1,synthetic_target_2,type"
avocado_sales_synthetic_target_2_clean,regression,1993.7251362800598,0.2486805272039555,0.19536523807696934,0.5871035555713657,0.07654287423739137,0.06011224811015847,9,"4046,4225,4770,Large Bags,Total Volume,XLarge Bags,day,synthetic_target_1,synthetic_target_2,type"
avocado_sales_synthetic_target_2_clean,regression,1993.7251362800598,0.2369373739424624,0.18725208250981173,0.6251783003435348,0.09046771085353544,0.07255528615070918,10,"4046,4225,4770,Large Bags,Total Volume,XLarge Bags,day,synthetic_target_1,synthetic_target_2,type,year"
avocado_sales_synthetic_target_2_clean,regression,1993.7251362800598,0.2361797458202658,0.18658533757102977,0.6275715187495484,0.12514996026414638,0.09985129612876052,11,"4046,4225,4770,Large Bags,Total Bags,Total Volume,XLarge Bags,day,synthetic_target_1,synthetic_target_2,type,year"
avocado_sales_synthetic_target_2_clean,regression,1993.7251362800598,0.2355041967362135,0.18587729091618999,0.6296989992372524,0.10424632542450885,0.08331344826676448,12,"4046,4225,4770,Large Bags,Small Bags,Total Bags,Total Volume,XLarge Bags,day,synthetic_target_1,synthetic_target_2,type,year"
avocado_sales_synthetic_target_2_clean,regression,1993.7251362800598,0.2355041967362135,0.18587729091618999,0.6296989992372524,0.10424632542450885,0.08331344826676448,13,"4046,4225,4770,Large Bags,Small Bags,Total Bags,Total Volume,XLarge Bags,day,synthetic_target_1,synthetic_target_2,type,year"
nasa_synthetic_target_1_noise,regression,134.04440569877625,59.953849044708406,49.01869287484152,0.17630753115780684,5.544795931693919,4.354304531870788,1,"sensor_4,synthetic_target_1"
nasa_synthetic_target_1_noise,regression,134.04440569877625,52.78453222280184,42.23593282551094,0.3615243934499358,3.8283296308163486,2.9599535938580814,2,"sensor_1,sensor_4,synthetic_target_1"
nasa_synthetic_target_1_noise,regression,134.04440569877625,45.82203720812977,36.174395164616136,0.5188508285423833,4.700107066424856,3.547394542772672,3,"sensor_1,sensor_2,sensor_4,synthetic_target_1"
nasa_synthetic_target_1_noise,regression,134.04440569877625,36.64256691037279,29.126370624668827,0.6923175436090179,1.2636377427618228,1.0870005817506794,4,"sensor_1,sensor_10,sensor_2,sensor_4,synthetic_target_1"
nasa_synthetic_target_1_noise,regression,134.04440569877625,34.86249771729707,27.72301573396099,0.7214854087006504,1.5607826935544367,1.3573910637702795,5,"sensor_1,sensor_10,sensor_2,sensor_3,sensor_4,synthetic_target_1"
nasa_synthetic_target_1_noise,regression,134.04440569877625,31.889553222924864,25.449812476356914,0.7669614204186289,2.250685000773821,1.8131930939119592,6,"sensor_1,sensor_10,sensor_2,sensor_3,sensor_4,sensor_8,synthetic_target_1"
nasa_synthetic_target_1_noise,regression,134.04440569877625,30.430159557134772,24.202963204770167,0.7878029147716905,2.2724041440507854,1.7689751222126482,7,"sensor_1,sensor_10,sensor_2,sensor_3,sensor_4,sensor_6,sensor_8,synthetic_target_1"
nasa_synthetic_target_1_noise,regression,134.04440569877625,30.338901294571524,24.104179332714963,0.7890737395550614,2.3535052412428854,1.781738485451374,8,"sensor_1,sensor_10,sensor_2,sensor_3,sensor_4,sensor_6,sensor_8,sensor_9,synthetic_target_1"
nasa_synthetic_target_1_noise,regression,134.04440569877625,30.347272327403168,24.098121980811612,0.788957327017654,2.5361377948485,1.9049198172719848,9,"sensor_1,sensor_10,sensor_2,sensor_3,sensor_4,sensor_6,sensor_7,sensor_8,sensor_9,synthetic_target_1"
nasa_synthetic_target_1_noise,regression,134.04440569877625,30.379745137003276,24.138855629198815,0.7885054369738684,2.968363327352513,2.27646165734976,10,"sensor_1,sensor_10,sensor_2,sensor_3,sensor_4,sensor_6,sensor_7,sensor_8,sensor_9,synthetic_target_1,synthetic_target_2"
nasa_synthetic_target_1_noise,regression,134.04440569877625,30.37390000185688,24.11842075498224,0.7885868132574914,3.371527483312473,2.5813064866142525,11,"sensor_1,sensor_10,sensor_12_shuffled_2,sensor_2,sensor_3,sensor_4,sensor_6,sensor_7,sensor_8,sensor_9,synthetic_target_1,synthetic_target_2"
nasa_synthetic_target_1_noise,regression,134.04440569877625,30.396286267426152,24.14560178184687,0.788275065617799,3.2533931807341325,2.4824569251619657,12,"class,sensor_1,sensor_10,sensor_12_shuffled_2,sensor_2,sensor_3,sensor_4,sensor_6,sensor_7,sensor_8,sensor_9,synthetic_target_1,synthetic_target_2"
nasa_synthetic_target_1_noise,regression,134.04440569877625,30.42725426512074,24.15846189280364,0.787843431487768,3.4830194680746693,2.6599110614045465,13,"class,sensor_1,sensor_10,sensor_12_shuffled_2,sensor_2,sensor_20_shuffled_2,sensor_3,sensor_4,sensor_6,sensor_7,sensor_8,sensor_9,synthetic_target_1,synthetic_target_2"
nasa_synthetic_target_1_noise,regression,134.04440569877625,30.407782625868975,24.16181171388367,0.788114879862428,2.5618287758574994,1.9326159057375065,14,"class,sensor_1,sensor_10,sensor_11_shuffled_1,sensor_12_shuffled_2,sensor_2,sensor_20_shuffled_2,sensor_3,sensor_4,sensor_6,sensor_7,sensor_8,sensor_9,synthetic_target_1,synthetic_target_2"
nasa_synthetic_target_1_noise,regression,134.04440569877625,30.42875082545501,24.165350089037396,0.787822561190991,3.4780420684112947,2.6444831289703785,15,"class,sensor_1,sensor_10,sensor_11_shuffled_1,sensor_12_shuffled_2,sensor_15_shuffled_1,sensor_2,sensor_20_shuffled_2,sensor_3,sensor_4,sensor_6,sensor_7,sensor_8,sensor_9,synthetic_target_1,synthetic_target_2"
nasa_synthetic_target_1_noise,regression,134.04440569877625,30.441461318968024,24.17039658566283,0.7876452654987454,3.094385579313105,2.3377193046428495,16,"class,sensor_1,sensor_10,sensor_11_shuffled_1,sensor_12_shuffled_2,sensor_15_shuffled_1,sensor_2,sensor_20_shuffled_2,sensor_21_shuffled_2,sensor_3,sensor_4,sensor_6,sensor_7,sensor_8,sensor_9,synthetic_target_1,synthetic_target_2"
nasa_synthetic_target_1_noise,regression,134.04440569877625,30.448111393513795,24.19758051540962,0.7875524756653164,3.71148395495554,2.856149985152822,17,"class,sensor_1,sensor_10,sensor_11_shuffled_1,sensor_12_shuffled_2,sensor_15_shuffled_1,sensor_15_shuffled_2,sensor_2,sensor_20_shuffled_2,sensor_21_shuffled_2,sensor_3,sensor_4,sensor_6,sensor_7,sensor_8,sensor_9,synthetic_target_1,synthetic_target_2"
nasa_synthetic_target_1_noise,regression,134.04440569877625,30.420241945303143,24.16497318642605,0.7879412081893213,4.07595436218033,3.113780290309002,18,"class,sensor_1,sensor_10,sensor_11_shuffled_1,sensor_12_shuffled_2,sensor_14_shuffled_1,sensor_15_shuffled_1,sensor_15_shuffled_2,sensor_2,sensor_20_shuffled_2,sensor_21_shuffled_2,sensor_3,sensor_4,sensor_6,sensor_7,sensor_8,sensor_9,synthetic_target_1,synthetic_target_2"
nasa_synthetic_target_1_noise,regression,134.04440569877625,30.42513619507325,24.15676804773487,0.7878729672999025,3.781425966035048,2.8653606222798125,19,"class,sensor_1,sensor_10,sensor_11_shuffled_1,sensor_12_shuffled_2,sensor_14_shuffled_1,sensor_14_shuffled_2,sensor_15_shuffled_1,sensor_15_shuffled_2,sensor_2,sensor_20_shuffled_2,sensor_21_shuffled_2,sensor_3,sensor_4,sensor_6,sensor_7,sensor_8,sensor_9,synthetic_target_1,synthetic_target_2"
nasa_synthetic_target_1_noise,regression,134.04440569877625,30.462945627413728,24.202331734833916,0.7873454175705306,3.9842175032245173,3.0413340482124056,20,"class,sensor_1,sensor_10,sensor_11_shuffled_1,sensor_12_shuffled_2,sensor_14_shuffled_1,sensor_14_shuffled_2,sensor_15_shuffled_1,sensor_15_shuffled_2,sensor_16,sensor_2,sensor_20_shuffled_2,sensor_21_shuffled_2,sensor_3,sensor_4,sensor_6,sensor_7,sensor_8,sensor_9,synthetic_target_1,synthetic_target_2"
nasa_synthetic_target_1_noise,regression,134.04440569877625,30.446643366000462,24.16002412697095,0.7875729610930238,3.187758207481842,2.387835559979603,21,"class,sensor_1,sensor_10,sensor_11_shuffled_1,sensor_12_shuffled_2,sensor_14_shuffled_1,sensor_14_shuffled_2,sensor_15_shuffled_1,sensor_15_shuffled_2,sensor_16,sensor_2,sensor_20_shuffled_1,sensor_20_shuffled_2,sensor_21_shuffled_2,sensor_3,sensor_4,sensor_6,sensor_7,sensor_8,sensor_9,synthetic_target_1,synthetic_target_2"
nasa_synthetic_target_1_noise,regression,134.04440569877625,30.49495091877189,24.22634661666026,0.7868983401746021,3.8747541890258965,2.9620063730036392,22,"class,sensor_1,sensor_10,sensor_11_shuffled_1,sensor_12_shuffled_2,sensor_14_shuffled_1,sensor_14_shuffled_2,sensor_15_shuffled_1,sensor_15_shuffled_2,sensor_16,sensor_2,sensor_20_shuffled_1,sensor_20_shuffled_2,sensor_21_shuffled_2,sensor_3,sensor_4,sensor_5,sensor_6,sensor_7,sensor_8,sensor_9,synthetic_target_1,synthetic_target_2"
nasa_synthetic_target_1_noise,regression,134.04440569877625,30.44186935671524,24.172793797294894,0.7876395726492931,3.1225794369970394,2.3548832281908005,23,"class,sensor_1,sensor_10,sensor_11_shuffled_1,sensor_12_shuffled_2,sensor_14_shuffled_1,sensor_14_shuffled_2,sensor_15_shuffled_1,sensor_15_shuffled_2,sensor_16,sensor_2,sensor_20_shuffled_1,sensor_20_shuffled_2,sensor_21_shuffled_1,sensor_21_shuffled_2,sensor_3,sensor_4,sensor_5,sensor_6,sensor_7,sensor_8,sensor_9,synthetic_target_1,synthetic_target_2"
nasa_synthetic_target_1_noise,regression,134.04440569877625,30.45172861116095,24.17723135293469,0.7875019953861941,4.7508098007564,3.64644034107895,24,"class,sensor_1,sensor_10,sensor_11_shuffled_1,sensor_12_shuffled_1,sensor_12_shuffled_2,sensor_14_shuffled_1,sensor_14_shuffled_2,sensor_15_shuffled_1,sensor_15_shuffled_2,sensor_16,sensor_2,sensor_20_shuffled_1,sensor_20_shuffled_2,sensor_21_shuffled_1,sensor_21_shuffled_2,sensor_3,sensor_4,sensor_5,sensor_6,sensor_7,sensor_8,sensor_9,synthetic_target_1,synthetic_target_2"
nasa_synthetic_target_1_noise,regression,134.04440569877625,30.4796582709688,24.21201615384995,0.7871120195802702,4.257698276884035,3.2570115314509778,25,"class,noise_categorical_2,sensor_1,sensor_10,sensor_11_shuffled_1,sensor_12_shuffled_1,sensor_12_shuffled_2,sensor_14_shuffled_1,sensor_14_shuffled_2,sensor_15_shuffled_1,sensor_15_shuffled_2,sensor_16,sensor_2,sensor_20_shuffled_1,sensor_20_shuffled_2,sensor_21_shuffled_1,sensor_21_shuffled_2,sensor_3,sensor_4,sensor_5,sensor_6,sensor_7,sensor_8,sensor_9,synthetic_target_1,synthetic_target_2"
nasa_synthetic_target_1_noise,regression,134.04440569877625,30.48459709054628,24.21310145574526,0.7870430227102903,3.4907242549366444,2.6685387742017532,26,"class,noise_categorical_2,sensor_1,sensor_10,sensor_11_shuffled_1,sensor_11_shuffled_2,sensor_12_shuffled_1,sensor_12_shuffled_2,sensor_14_shuffled_1,sensor_14_shuffled_2,sensor_15_shuffled_1,sensor_15_shuffled_2,sensor_16,sensor_2,sensor_20_shuffled_1,sensor_20_shuffled_2,sensor_21_shuffled_1,sensor_21_shuffled_2,sensor_3,sensor_4,sensor_5,sensor_6,sensor_7,sensor_8,sensor_9,synthetic_target_1,synthetic_target_2"
nasa_synthetic_target_1_noise,regression,134.04440569877625,30.44655891961208,24.193505919049674,0.7875741394607759,3.7730220287350917,2.8824574094155686,27,"class,noise_categorical_2,sensor_1,sensor_10,sensor_11_shuffled_1,sensor_11_shuffled_2,sensor_12_shuffled_1,sensor_12_shuffled_2,sensor_14,sensor_14_shuffled_1,sensor_14_shuffled_2,sensor_15_shuffled_1,sensor_15_shuffled_2,sensor_16,sensor_2,sensor_20_shuffled_1,sensor_20_shuffled_2,sensor_21_shuffled_1,sensor_21_shuffled_2,sensor_3,sensor_4,sensor_5,sensor_6,sensor_7,sensor_8,sensor_9,synthetic_target_1,synthetic_target_2"
nasa_synthetic_target_1_noise,regression,134.04440569877625,30.447900073481918,24.17593469751976,0.7875554245682052,4.298989797753258,3.314997437338029,28,"class,noise_categorical_2,sensor_1,sensor_10,sensor_11_shuffled_1,sensor_11_shuffled_2,sensor_12_shuffled_1,sensor_12_shuffled_2,sensor_14,sensor_14_shuffled_1,sensor_14_shuffled_2,sensor_15_shuffled_1,sensor_15_shuffled_2,sensor_16,sensor_2,sensor_20_shuffled_1,sensor_20_shuffled_2,sensor_21_shuffled_1,sensor_21_shuffled_2,sensor_3,sensor_3_shuffled_1,sensor_4,sensor_5,sensor_6,sensor_7,sensor_8,sensor_9,synthetic_target_1,synthetic_target_2"
nasa_synthetic_target_1_noise,regression,134.04440569877625,30.50007423535993,24.21820331078187,0.7868267296981851,3.4509256452770884,2.6168947787014964,29,"class,noise_categorical_2,sensor_1,sensor_10,sensor_11_shuffled_1,sensor_11_shuffled_2,sensor_12_shuffled_1,sensor_12_shuffled_2,sensor_13,sensor_14,sensor_14_shuffled_1,sensor_14_shuffled_2,sensor_15_shuffled_1,sensor_15_shuffled_2,sensor_16,sensor_2,sensor_20_shuffled_1,sensor_20_shuffled_2,sensor_21_shuffled_1,sensor_21_shuffled_2,sensor_3,sensor_3_shuffled_1,sensor_4,sensor_5,sensor_6,sensor_7,sensor_8,sensor_9,synthetic_target_1,synthetic_target_2"
nasa_synthetic_target_1_noise,regression,134.04440569877625,30.48463837822827,24.218731638577832,0.7870424458612091,3.8727525051300162,2.941914767949818,30,"class,noise_categorical_2,noise_numeric_2,sensor_1,sensor_10,sensor_11_shuffled_1,sensor_11_shuffled_2,sensor_12_shuffled_1,sensor_12_shuffled_2,sensor_13,sensor_14,sensor_14_shuffled_1,sensor_14_shuffled_2,sensor_15_shuffled_1,sensor_15_shuffled_2,sensor_16,sensor_2,sensor_20_shuffled_1,sensor_20_shuffled_2,sensor_21_shuffled_1,sensor_21_shuffled_2,sensor_3,sensor_3_shuffled_1,sensor_4,sensor_5,sensor_6,sensor_7,sensor_8,sensor_9,synthetic_target_1,synthetic_target_2"
nasa_synthetic_target_1_noise,regression,134.04440569877625,30.519455064155636,24.249065069609824,0.786555727911999,3.7292412166370994,2.8565302566513715,31,"class,noise_categorical_2,noise_numeric_2,sensor_1,sensor_10,sensor_11_shuffled_1,sensor_11_shuffled_2,sensor_12_shuffled_1,sensor_12_shuffled_2,sensor_13,sensor_14,sensor_14_shuffled_1,sensor_14_shuffled_2,sensor_15_shuffled_1,sensor_15_shuffled_2,sensor_16,sensor_2,sensor_20_shuffled_1,sensor_20_shuffled_2,sensor_21_shuffled_1,sensor_21_shuffled_2,sensor_3,sensor_3_shuffled_1,sensor_4,sensor_5,sensor_6,sensor_7,sensor_8,sensor_8_shuffled_2,sensor_9,synthetic_target_1,synthetic_target_2"
nasa_synthetic_target_1_noise,regression,134.04440569877625,30.505380964871698,24.236981561915456,0.7867525429083664,4.122590822488249,3.1533335808256027,32,"class,noise_categorical_2,noise_numeric_2,sensor_1,sensor_10,sensor_11_shuffled_1,sensor_11_shuffled_2,sensor_12_shuffled_1,sensor_12_shuffled_2,sensor_13,sensor_14,sensor_14_shuffled_1,sensor_14_shuffled_2,sensor_15_shuffled_1,sensor_15_shuffled_2,sensor_16,sensor_2,sensor_20_shuffled_1,sensor_20_shuffled_2,sensor_21_shuffled_1,sensor_21_shuffled_2,sensor_3,sensor_3_shuffled_1,sensor_4,sensor_4_shuffled_1,sensor_5,sensor_6,sensor_7,sensor_8,sensor_8_shuffled_2,sensor_9,synthetic_target_1,synthetic_target_2"
nasa_synthetic_target_1_noise,regression,134.04440569877625,30.499781061112046,24.239164264732764,0.7868308278267562,3.82802407993724,2.8987068124496815,33,"class,noise_categorical_2,noise_numeric_2,sensor_1,sensor_10,sensor_11_shuffled_1,sensor_11_shuffled_2,sensor_12_shuffled_1,sensor_12_shuffled_2,sensor_13,sensor_14,sensor_14_shuffled_1,sensor_14_shuffled_2,sensor_15_shuffled_1,sensor_15_shuffled_2,sensor_16,sensor_2,sensor_20_shuffled_1,sensor_20_shuffled_2,sensor_21_shuffled_1,sensor_21_shuffled_2,sensor_3,sensor_3_shuffled_1,sensor_4,sensor_4_shuffled_1,sensor_5,sensor_6,sensor_7,sensor_7_shuffled_2,sensor_8,sensor_8_shuffled_2,sensor_9,synthetic_target_1,synthetic_target_2"
nasa_synthetic_target_1_noise,regression,134.04440569877625,30.50926620530118,24.22857480079257,0.7866982200068591,3.925542147941698,2.991995417109056,34,"class,noise_categorical_1,noise_categorical_2,noise_numeric_2,sensor_1,sensor_10,sensor_11_shuffled_1,sensor_11_shuffled_2,sensor_12_shuffled_1,sensor_12_shuffled_2,sensor_13,sensor_14,sensor_14_shuffled_1,sensor_14_shuffled_2,sensor_15_shuffled_1,sensor_15_shuffled_2,sensor_16,sensor_2,sensor_20_shuffled_1,sensor_20_shuffled_2,sensor_21_shuffled_1,sensor_21_shuffled_2,sensor_3,sensor_3_shuffled_1,sensor_4,sensor_4_shuffled_1,sensor_5,sensor_6,sensor_7,sensor_7_shuffled_2,sensor_8,sensor_8_shuffled_2,sensor_9,synthetic_target_1,synthetic_target_2"
nasa_synthetic_target_1_noise,regression,134.04440569877625,30.48240898794829,24.203539922794537,0.7870735925741978,3.773652253371612,2.8768002089163858,35,"class,noise_categorical_1,noise_categorical_2,noise_numeric_2,sensor_1,sensor_10,sensor_11_shuffled_1,sensor_11_shuffled_2,sensor_12_shuffled_1,sensor_12_shuffled_2,sensor_13,sensor_14,sensor_14_shuffled_1,sensor_14_shuffled_2,sensor_15_shuffled_1,sensor_15_shuffled_2,sensor_16,sensor_2,sensor_20_shuffled_1,sensor_20_shuffled_2,sensor_21,sensor_21_shuffled_1,sensor_21_shuffled_2,sensor_3,sensor_3_shuffled_1,sensor_4,sensor_4_shuffled_1,sensor_5,sensor_6,sensor_7,sensor_7_shuffled_2,sensor_8,sensor_8_shuffled_2,sensor_9,synthetic_target_1,synthetic_target_2"
nasa_synthetic_target_1_noise,regression,134.04440569877625,30.50868796421022,24.21672867053314,0.786706305333088,4.205907625391124,3.175028616158375,36,"class,noise_categorical_1,noise_categorical_2,noise_numeric_2,sensor_1,sensor_10,sensor_11_shuffled_1,sensor_11_shuffled_2,sensor_12_shuffled_1,sensor_12_shuffled_2,sensor_13,sensor_14,sensor_14_shuffled_1,sensor_14_shuffled_2,sensor_15_shuffled_1,sensor_15_shuffled_2,sensor_16,sensor_2,sensor_20_shuffled_1,sensor_20_shuffled_2,sensor_21,sensor_21_shuffled_1,sensor_21_shuffled_2,sensor_2_shuffled_2,sensor_3,sensor_3_shuffled_1,sensor_4,sensor_4_shuffled_1,sensor_5,sensor_6,sensor_7,sensor_7_shuffled_2,sensor_8,sensor_8_shuffled_2,sensor_9,synthetic_target_1,synthetic_target_2"
nasa_synthetic_target_1_noise,regression,134.04440569877625,30.493788593907578,24.213923758122654,0.7869145847416483,4.2795946330577905,3.29510529901998,37,"class,noise_categorical_1,noise_categorical_2,noise_numeric_2,sensor_1,sensor_10,sensor_11_shuffled_1,sensor_11_shuffled_2,sensor_12_shuffled_1,sensor_12_shuffled_2,sensor_13,sensor_14,sensor_14_shuffled_1,sensor_14_shuffled_2,sensor_15_shuffled_1,sensor_15_shuffled_2,sensor_16,sensor_2,sensor_20_shuffled_1,sensor_20_shuffled_2,sensor_21,sensor_21_shuffled_1,sensor_21_shuffled_2,sensor_2_shuffled_2,sensor_3,sensor_3_shuffled_1,sensor_4,sensor_4_shuffled_1,sensor_5,sensor_6,sensor_7,sensor_7_shuffled_2,sensor_8,sensor_8_shuffled_2,sensor_9,sensor_9_shuffled_2,synthetic_target_1,synthetic_target_2"
nasa_synthetic_target_1_noise,regression,134.04440569877625,30.461847882309673,24.199497512710472,0.7873607434896658,4.2185115970405995,3.2119462427945287,38,"class,noise_categorical_1,noise_categorical_2,noise_numeric_2,sensor_1,sensor_10,sensor_11_shuffled_1,sensor_11_shuffled_2,sensor_12_shuffled_1,sensor_12_shuffled_2,sensor_13,sensor_14,sensor_14_shuffled_1,sensor_14_shuffled_2,sensor_15_shuffled_1,sensor_15_shuffled_2,sensor_16,sensor_2,sensor_20_shuffled_1,sensor_20_shuffled_2,sensor_21,sensor_21_shuffled_1,sensor_21_shuffled_2,sensor_2_shuffled_2,sensor_3,sensor_3_shuffled_1,sensor_4,sensor_4_shuffled_1,sensor_5,sensor_6,sensor_7,sensor_7_shuffled_1,sensor_7_shuffled_2,sensor_8,sensor_8_shuffled_2,sensor_9,sensor_9_shuffled_2,synthetic_target_1,synthetic_target_2"
nasa_synthetic_target_1_noise,regression,134.04440569877625,30.54464245345794,24.28122285893735,0.7862032758524514,3.703479514029574,2.858178620519883,39,"class,noise_categorical_1,noise_categorical_2,noise_numeric_2,sensor_1,sensor_10,sensor_11_shuffled_1,sensor_11_shuffled_2,sensor_12_shuffled_1,sensor_12_shuffled_2,sensor_13,sensor_14,sensor_14_shuffled_1,sensor_14_shuffled_2,sensor_15_shuffled_1,sensor_15_shuffled_2,sensor_16,sensor_2,sensor_20_shuffled_1,sensor_20_shuffled_2,sensor_21,sensor_21_shuffled_1,sensor_21_shuffled_2,sensor_2_shuffled_2,sensor_3,sensor_3_shuffled_1,sensor_4,sensor_4_shuffled_1,sensor_5,sensor_6,sensor_7,sensor_7_shuffled_1,sensor_7_shuffled_2,sensor_8,sensor_8_shuffled_1,sensor_8_shuffled_2,sensor_9,sensor_9_shuffled_2,synthetic_target_1,synthetic_target_2"
nasa_synthetic_target_1_noise,regression,134.04440569877625,30.449527128617454,24.210743415646206,0.7875327190106994,4.311162609153676,3.307668727286778,40,"class,noise_categorical_1,noise_categorical_2,noise_numeric_2,sensor_1,sensor_10,sensor_11_shuffled_1,sensor_11_shuffled_2,sensor_12_shuffled_1,sensor_12_shuffled_2,sensor_13,sensor_14,sensor_14_shuffled_1,sensor_14_shuffled_2,sensor_15_shuffled_1,sensor_15_shuffled_2,sensor_16,sensor_17_shuffled_2,sensor_2,sensor_20_shuffled_1,sensor_20_shuffled_2,sensor_21,sensor_21_shuffled_1,sensor_21_shuffled_2,sensor_2_shuffled_2,sensor_3,sensor_3_shuffled_1,sensor_4,sensor_4_shuffled_1,sensor_5,sensor_6,sensor_7,sensor_7_shuffled_1,sensor_7_shuffled_2,sensor_8,sensor_8_shuffled_1,sensor_8_shuffled_2,sensor_9,sensor_9_shuffled_2,synthetic_target_1,synthetic_target_2"
nasa_synthetic_target_1_clean,regression,37.0448477268219,59.953849044708406,49.01869287484152,0.17630753115780684,5.544795931693919,4.354304531870788,1,"sensor_4,synthetic_target_1"
nasa_synthetic_target_1_clean,regression,37.0448477268219,52.78453222280184,42.23593282551094,0.3615243934499358,3.8283296308163486,2.9599535938580814,2,"sensor_1,sensor_4,synthetic_target_1"
nasa_synthetic_target_1_clean,regression,37.0448477268219,45.82203720812977,36.174395164616136,0.5188508285423833,4.700107066424856,3.547394542772672,3,"sensor_1,sensor_2,sensor_4,synthetic_target_1"
nasa_synthetic_target_1_clean,regression,37.0448477268219,36.64256691037279,29.126370624668827,0.6923175436090179,1.2636377427618228,1.0870005817506794,4,"sensor_1,sensor_10,sensor_2,sensor_4,synthetic_target_1"
nasa_synthetic_target_1_clean,regression,37.0448477268219,34.86249771729707,27.72301573396099,0.7214854087006504,1.5607826935544367,1.3573910637702795,5,"sensor_1,sensor_10,sensor_2,sensor_3,sensor_4,synthetic_target_1"
nasa_synthetic_target_1_clean,regression,37.0448477268219,31.889553222924864,25.449812476356914,0.7669614204186289,2.250685000773821,1.8131930939119592,6,"sensor_1,sensor_10,sensor_2,sensor_3,sensor_4,sensor_8,synthetic_target_1"
nasa_synthetic_target_1_clean,regression,37.0448477268219,30.430159557134772,24.202963204770167,0.7878029147716905,2.2724041440507854,1.7689751222126482,7,"sensor_1,sensor_10,sensor_2,sensor_3,sensor_4,sensor_6,sensor_8,synthetic_target_1"
nasa_synthetic_target_1_clean,regression,37.0448477268219,30.338901294571524,24.104179332714963,0.7890737395550614,2.3535052412428854,1.781738485451374,8,"sensor_1,sensor_10,sensor_2,sensor_3,sensor_4,sensor_6,sensor_8,sensor_9,synthetic_target_1"
nasa_synthetic_target_1_clean,regression,37.0448477268219,30.347272327403168,24.098121980811612,0.788957327017654,2.5361377948485,1.9049198172719848,9,"sensor_1,sensor_10,sensor_2,sensor_3,sensor_4,sensor_6,sensor_7,sensor_8,sensor_9,synthetic_target_1"
nasa_synthetic_target_1_clean,regression,37.0448477268219,30.371394419050095,24.112702845674765,0.788621691320396,3.0758814872515003,2.33413251881192,10,"sensor_1,sensor_10,sensor_16,sensor_2,sensor_3,sensor_4,sensor_6,sensor_7,sensor_8,sensor_9,synthetic_target_1"
nasa_synthetic_target_1_clean,regression,37.0448477268219,30.37171890223087,24.115290787883264,0.7886171746313433,2.55664922596862,1.921316388217086,11,"sensor_1,sensor_10,sensor_16,sensor_2,sensor_3,sensor_4,sensor_5,sensor_6,sensor_7,sensor_8,sensor_9,synthetic_target_1"
nasa_synthetic_target_1_clean,regression,37.0448477268219,30.35423514698071,24.127192560453977,0.7888604734610375,2.475339993211083,1.8766821048801283,12,"sensor_1,sensor_10,sensor_16,sensor_2,sensor_3,sensor_4,sensor_5,sensor_6,sensor_7,sensor_8,sensor_9,synthetic_target_1,synthetic_target_2"
nasa_synthetic_target_1_clean,regression,37.0448477268219,30.31527768538267,24.0748315942099,0.7894020902447374,2.342003608337798,1.7652507101535626,13,"sensor_1,sensor_10,sensor_13,sensor_16,sensor_2,sensor_3,sensor_4,sensor_5,sensor_6,sensor_7,sensor_8,sensor_9,synthetic_target_1,synthetic_target_2"
nasa_synthetic_target_1_clean,regression,37.0448477268219,30.330583042148493,24.102227419398993,0.7891893862841469,2.8610312900326633,2.1758979591824357,14,"sensor_1,sensor_10,sensor_13,sensor_14,sensor_16,sensor_2,sensor_3,sensor_4,sensor_5,sensor_6,sensor_7,sensor_8,sensor_9,synthetic_target_1,synthetic_target_2"
nasa_synthetic_target_1_clean,regression,37.0448477268219,30.354045962462518,24.1045157026305,0.7888631053313466,3.2499435515092614,2.464123418863821,15,"sensor_1,sensor_10,sensor_13,sensor_14,sensor_16,sensor_2,sensor_21,sensor_3,sensor_4,sensor_5,sensor_6,sensor_7,sensor_8,sensor_9,synthetic_target_1,synthetic_target_2"
nasa_synthetic_target_1_clean,regression,37.0448477268219,30.374119166923716,24.121210618240728,0.7885837623122809,2.8111216628947844,2.1200993860184134,16,"sensor_1,sensor_10,sensor_13,sensor_14,sensor_15,sensor_16,sensor_2,sensor_21,sensor_3,sensor_4,sensor_5,sensor_6,sensor_7,sensor_8,sensor_9,synthetic_target_1,synthetic_target_2"
nasa_synthetic_target_1_clean,regression,37.0448477268219,30.443566962772152,24.176353494492027,0.7876158872181951,3.7587366981691517,2.891442197193868,17,"sensor_1,sensor_10,sensor_13,sensor_14,sensor_15,sensor_16,sensor_2,sensor_20,sensor_21,sensor_3,sensor_4,sensor_5,sensor_6,sensor_7,sensor_8,sensor_9,synthetic_target_1,synthetic_target_2"
nasa_synthetic_target_1_clean,regression,37.0448477268219,30.41745049040824,24.142633021051584,0.7879801247366505,3.0674675400387734,2.3208142160117333,18,"sensor_1,sensor_10,sensor_13,sensor_14,sensor_15,sensor_16,sensor_17,sensor_2,sensor_20,sensor_21,sensor_3,sensor_4,sensor_5,sensor_6,sensor_7,sensor_8,sensor_9,synthetic_target_1,synthetic_target_2"
nasa_synthetic_target_1_clean,regression,37.0448477268219,30.36330065974812,24.10368536793356,0.7887343379222946,3.5332455561520604,2.686425314074942,19,"sensor_1,sensor_10,sensor_12,sensor_13,sensor_14,sensor_15,sensor_16,sensor_17,sensor_2,sensor_20,sensor_21,sensor_3,sensor_4,sensor_5,sensor_6,sensor_7,sensor_8,sensor_9,synthetic_target_1,synthetic_target_2"
nasa_synthetic_target_1_clean,regression,37.0448477268219,30.30538457183175,24.056545938410366,0.7895395212190393,3.6002003202335437,2.735404382688319,20,"sensor_1,sensor_10,sensor_11,sensor_12,sensor_13,sensor_14,sensor_15,sensor_16,sensor_17,sensor_2,sensor_20,sensor_21,sensor_3,sensor_4,sensor_5,sensor_6,sensor_7,sensor_8,sensor_9,synthetic_target_1,synthetic_target_2"
nasa_synthetic_target_2_noise,regression,215.713073015213,51.846400113284915,41.510394148503515,0.38590433981526595,1.3767161572411908,1.2174866073376691,1,"sensor_12,synthetic_target_2"
nasa_synthetic_target_2_noise,regression,215.713073015213,51.77762326205312,41.358082792791826,0.3875325165824751,7.7661928410269425,6.056544890504142,2,"sensor_12,sensor_15,synthetic_target_2"
nasa_synthetic_target_2_noise,regression,215.713073015213,44.93741832624639,35.19085748930727,0.5386664378375043,0.9310002192604472,0.5986164285012379,3,"sensor_12,sensor_15,sensor_16,synthetic_target_2"
nasa_synthetic_target_2_noise,regression,215.713073015213,41.72348617577621,32.56837940263402,0.6022959708211686,1.4065467629252737,1.0762279718966852,4,"sensor_12,sensor_15,sensor_16,sensor_21,synthetic_target_2"
nasa_synthetic_target_2_noise,regression,215.713073015213,40.22111180217032,31.349376558460012,0.6304212803074388,2.4549125965850607,1.8559270737925004,5,"sensor_11,sensor_12,sensor_15,sensor_16,sensor_21,synthetic_target_2"
nasa_synthetic_target_2_noise,regression,215.713073015213,32.280724935128504,25.773576841183793,0.7619405793051586,4.162132490323216,3.3560108794632626,6,"sensor_11,sensor_12,sensor_14,sensor_15,sensor_16,sensor_21,synthetic_target_2"
nasa_synthetic_target_2_noise,regression,215.713073015213,31.168733895156652,24.868190429209232,0.778059205516535,2.8110275743533784,2.204150774221347,7,"sensor_11,sensor_12,sensor_13,sensor_14,sensor_15,sensor_16,sensor_21,synthetic_target_2"
nasa_synthetic_target_2_noise,regression,215.713073015213,30.852414194858138,24.626406818319136,0.7825411333133009,2.861506695312187,2.243759945691263,8,"sensor_11,sensor_12,sensor_13,sensor_14,sensor_15,sensor_16,sensor_17,sensor_21,synthetic_target_2"
nasa_synthetic_target_2_noise,regression,215.713073015213,30.276402748589728,24.184629225163267,0.7905852047434373,3.002084350261857,2.3728276841678486,9,"sensor_11,sensor_12,sensor_13,sensor_14,sensor_15,sensor_16,sensor_17,sensor_20,sensor_21,synthetic_target_2"
nasa_synthetic_target_2_noise,regression,215.713073015213,30.26675002114431,24.193958060630322,0.790718714772557,2.749291605142698,2.2227599014344968,10,"class,sensor_11,sensor_12,sensor_13,sensor_14,sensor_15,sensor_16,sensor_17,sensor_20,sensor_21,synthetic_target_2"
nasa_synthetic_target_2_noise,regression,215.713073015213,30.339403674281154,24.248590415682223,0.7897127726523492,2.930219129126815,2.34494617064707,11,"class,sensor_11,sensor_12,sensor_13,sensor_14,sensor_15,sensor_16,sensor_17,sensor_20,sensor_21,synthetic_target_1,synthetic_target_2"
nasa_synthetic_target_2_noise,regression,215.713073015213,30.3359425244727,24.278513128333664,0.7897607494740664,3.763645521407856,3.027213927287548,12,"class,sensor_11,sensor_12,sensor_13,sensor_14,sensor_15,sensor_16,sensor_17,sensor_20,sensor_21,sensor_21_shuffled_1,synthetic_target_1,synthetic_target_2"
nasa_synthetic_target_2_noise,regression,215.713073015213,30.29781490564667,24.232761653530172,0.7902888942388897,3.9034595075497833,3.122795437692915,13,"class,sensor_11,sensor_12,sensor_13,sensor_14,sensor_14_shuffled_1,sensor_15,sensor_16,sensor_17,sensor_20,sensor_21,sensor_21_shuffled_1,synthetic_target_1,synthetic_target_2"
nasa_synthetic_target_2_noise,regression,215.713073015213,30.348591791002836,24.240686038871274,0.7895853847722134,3.8594247591410955,3.0659017966883724,14,"class,sensor_11,sensor_12,sensor_13,sensor_14,sensor_14_shuffled_1,sensor_15,sensor_16,sensor_17,sensor_20,sensor_20_shuffled_1,sensor_21,sensor_21_shuffled_1,synthetic_target_1,synthetic_target_2"
nasa_synthetic_target_2_noise,regression,215.713073015213,30.424028474284825,24.346048312282417,0.7885380407426676,3.368108130078756,2.699633278892559,15,"class,sensor_11,sensor_12,sensor_13,sensor_14,sensor_14_shuffled_1,sensor_15,sensor_16,sensor_17,sensor_20,sensor_20_shuffled_1,sensor_21,sensor_21_shuffled_1,sensor_21_shuffled_2,synthetic_target_1,synthetic_target_2"
nasa_synthetic_target_2_noise,regression,215.713073015213,30.403701633219736,24.284405001753562,0.7888205094326407,4.36847277296194,3.468552664530982,16,"class,sensor_11,sensor_12,sensor_13,sensor_14,sensor_14_shuffled_1,sensor_15,sensor_16,sensor_17,sensor_20,sensor_20_shuffled_1,sensor_21,sensor_21_shuffled_1,sensor_21_shuffled_2,sensor_7_shuffled_1,synthetic_target_1,synthetic_target_2"
nasa_synthetic_target_2_noise,regression,215.713073015213,30.389624724552213,24.290543432276895,0.789016016298524,3.640233619381984,2.8905707479746674,17,"class,sensor_11,sensor_12,sensor_12_shuffled_1,sensor_13,sensor_14,sensor_14_shuffled_1,sensor_15,sensor_16,sensor_17,sensor_20,sensor_20_shuffled_1,sensor_21,sensor_21_shuffled_1,sensor_21_shuffled_2,sensor_7_shuffled_1,synthetic_target_1,synthetic_target_2"
nasa_synthetic_target_2_noise,regression,215.713073015213,30.37288666324458,24.28075275151169,0.78924836469722,4.247975087760086,3.397372762424091,18,"class,sensor_11,sensor_12,sensor_12_shuffled_1,sensor_13,sensor_14,sensor_14_shuffled_1,sensor_15,sensor_16,sensor_17,sensor_20,sensor_20_shuffled_1,sensor_21,sensor_21_shuffled_1,sensor_21_shuffled_2,sensor_7_shuffled_1,sensor_9_shuffled_1,synthetic_target_1,synthetic_target_2"
nasa_synthetic_target_2_noise,regression,215.713073015213,30.43581187087979,24.33502481071095,0.7883742082202758,3.1252053646228717,2.508503233044067,19,"class,sensor_11,sensor_12,sensor_12_shuffled_1,sensor_13,sensor_14,sensor_14_shuffled_1,sensor_15,sensor_16,sensor_17,sensor_20,sensor_20_shuffled_1,sensor_20_shuffled_2,sensor_21,sensor_21_shuffled_1,sensor_21_shuffled_2,sensor_7_shuffled_1,sensor_9_shuffled_1,synthetic_target_1,synthetic_target_2"
nasa_synthetic_target_2_noise,regression,215.713073015213,30.440408572525527,24.368549369157222,0.7883102799709684,4.536644451646371,3.65998298750279,20,"class,sensor_11,sensor_12,sensor_12_shuffled_1,sensor_13,sensor_14,sensor_14_shuffled_1,sensor_15,sensor_16,sensor_17,sensor_20,sensor_20_shuffled_1,sensor_20_shuffled_2,sensor_21,sensor_21_shuffled_1,sensor_21_shuffled_2,sensor_7_shuffled_1,sensor_9,sensor_9_shuffled_1,synthetic_target_1,synthetic_target_2"
nasa_synthetic_target_2_noise,regression,215.713073015213,30.468057138390634,24.37521601739429,0.7879255561449651,4.051294439845222,3.2424862780323345,21,"class,sensor_11,sensor_12,sensor_12_shuffled_1,sensor_13,sensor_14,sensor_14_shuffled_1,sensor_15,sensor_16,sensor_17,sensor_20,sensor_20_shuffled_1,sensor_20_shuffled_2,sensor_21,sensor_21_shuffled_1,sensor_21_shuffled_2,sensor_7_shuffled_1,sensor_8,sensor_9,sensor_9_shuffled_1,synthetic_target_1,synthetic_target_2"
nasa_synthetic_target_2_noise,regression,215.713073015213,30.504663317719565,24.405035195880657,0.7874156517096882,4.434357544733466,3.5975380073048164,22,"class,sensor_11,sensor_11_shuffled_2,sensor_12,sensor_12_shuffled_1,sensor_13,sensor_14,sensor_14_shuffled_1,sensor_15,sensor_16,sensor_17,sensor_20,sensor_20_shuffled_1,sensor_20_shuffled_2,sensor_21,sensor_21_shuffled_1,sensor_21_shuffled_2,sensor_7_shuffled_1,sensor_8,sensor_9,sensor_9_shuffled_1,synthetic_target_1,synthetic_target_2"
nasa_synthetic_target_2_noise,regression,215.713073015213,30.470158788954244,24.388919034609078,0.7878962978470316,3.1103913629788913,2.536772921070181,23,"class,noise_categorical_2,sensor_11,sensor_11_shuffled_2,sensor_12,sensor_12_shuffled_1,sensor_13,sensor_14,sensor_14_shuffled_1,sensor_15,sensor_16,sensor_17,sensor_20,sensor_20_shuffled_1,sensor_20_shuffled_2,sensor_21,sensor_21_shuffled_1,sensor_21_shuffled_2,sensor_7_shuffled_1,sensor_8,sensor_9,sensor_9_shuffled_1,synthetic_target_1,synthetic_target_2"
nasa_synthetic_target_2_noise,regression,215.713073015213,30.50157171927724,24.365926907301738,0.7874587396879965,4.2817702939699664,3.362855402696038,24,"class,noise_categorical_2,sensor_11,sensor_11_shuffled_2,sensor_12,sensor_12_shuffled_1,sensor_13,sensor_14,sensor_14_shuffled_1,sensor_15,sensor_16,sensor_17,sensor_20,sensor_20_shuffled_1,sensor_20_shuffled_2,sensor_21,sensor_21_shuffled_1,sensor_21_shuffled_2,sensor_7_shuffled_1,sensor_8,sensor_9,sensor_9_shuffled_1,sensor_9_shuffled_2,synthetic_target_1,synthetic_target_2"
nasa_synthetic_target_2_noise,regression,215.713073015213,30.495369730003038,24.40063728307845,0.7875451643886001,4.795694964186062,3.8674452942010227,25,"class,noise_categorical_2,sensor_11,sensor_11_shuffled_2,sensor_12,sensor_12_shuffled_1,sensor_13,sensor_14,sensor_14_shuffled_1,sensor_14_shuffled_2,sensor_15,sensor_16,sensor_17,sensor_20,sensor_20_shuffled_1,sensor_20_shuffled_2,sensor_21,sensor_21_shuffled_1,sensor_21_shuffled_2,sensor_7_shuffled_1,sensor_8,sensor_9,sensor_9_shuffled_1,sensor_9_shuffled_2,synthetic_target_1,synthetic_target_2"
nasa_synthetic_target_2_noise,regression,215.713073015213,30.55239703163955,24.419725743845337,0.7867498269654783,4.26093431330446,3.428016642817184,26,"class,noise_categorical_2,sensor_11,sensor_11_shuffled_2,sensor_12,sensor_12_shuffled_1,sensor_12_shuffled_2,sensor_13,sensor_14,sensor_14_shuffled_1,sensor_14_shuffled_2,sensor_15,sensor_16,sensor_17,sensor_20,sensor_20_shuffled_1,sensor_20_shuffled_2,sensor_21,sensor_21_shuffled_1,sensor_21_shuffled_2,sensor_7_shuffled_1,sensor_8,sensor_9,sensor_9_shuffled_1,sensor_9_shuffled_2,synthetic_target_1,synthetic_target_2"
nasa_synthetic_target_2_noise,regression,215.713073015213,30.59191348640875,24.46454920885608,0.7861978348925385,5.222585200408496,4.167122624751027,27,"class,noise_categorical_2,sensor_11,sensor_11_shuffled_2,sensor_12,sensor_12_shuffled_1,sensor_12_shuffled_2,sensor_13,sensor_14,sensor_14_shuffled_1,sensor_14_shuffled_2,sensor_15,sensor_16,sensor_17,sensor_20,sensor_20_shuffled_1,sensor_20_shuffled_2,sensor_21,sensor_21_shuffled_1,sensor_21_shuffled_2,sensor_7_shuffled_1,sensor_7_shuffled_2,sensor_8,sensor_9,sensor_9_shuffled_1,sensor_9_shuffled_2,synthetic_target_1,synthetic_target_2"
nasa_synthetic_target_2_noise,regression,215.713073015213,30.48975675624344,24.387879198850875,0.7876233660094974,4.688526535523643,3.717581563806789,28,"class,noise_categorical_2,sensor_11,sensor_11_shuffled_1,sensor_11_shuffled_2,sensor_12,sensor_12_shuffled_1,sensor_12_shuffled_2,sensor_13,sensor_14,sensor_14_shuffled_1,sensor_14_shuffled_2,sensor_15,sensor_16,sensor_17,sensor_20,sensor_20_shuffled_1,sensor_20_shuffled_2,sensor_21,sensor_21_shuffled_1,sensor_21_shuffled_2,sensor_7_shuffled_1,sensor_7_shuffled_2,sensor_8,sensor_9,sensor_9_shuffled_1,sensor_9_shuffled_2,synthetic_target_1,synthetic_target_2"
nasa_synthetic_target_2_noise,regression,215.713073015213,30.51756521141103,24.433193076181986,0.7872357893291593,5.1065497210198245,4.113382555425474,29,"class,noise_categorical_2,noise_numeric_2,sensor_11,sensor_11_shuffled_1,sensor_11_shuffled_2,sensor_12,sensor_12_shuffled_1,sensor_12_shuffled_2,sensor_13,sensor_14,sensor_14_shuffled_1,sensor_14_shuffled_2,sensor_15,sensor_16,sensor_17,sensor_20,sensor_20_shuffled_1,sensor_20_shuffled_2,sensor_21,sensor_21_shuffled_1,sensor_21_shuffled_2,sensor_7_shuffled_1,sensor_7_shuffled_2,sensor_8,sensor_9,sensor_9_shuffled_1,sensor_9_shuffled_2,synthetic_target_1,synthetic_target_2"
nasa_synthetic_target_2_noise,regression,215.713073015213,30.54320226541145,24.411657219481096,0.7868781632421517,4.857261264992495,3.8376312098542584,30,"class,noise_categorical_2,noise_numeric_2,sensor_11,sensor_11_shuffled_1,sensor_11_shuffled_2,sensor_12,sensor_12_shuffled_1,sensor_12_shuffled_2,sensor_13,sensor_14,sensor_14_shuffled_1,sensor_14_shuffled_2,sensor_15,sensor_16,sensor_17,sensor_20,sensor_20_shuffled_1,sensor_20_shuffled_2,sensor_21,sensor_21_shuffled_1,sensor_21_shuffled_2,sensor_7,sensor_7_shuffled_1,sensor_7_shuffled_2,sensor_8,sensor_9,sensor_9_shuffled_1,sensor_9_shuffled_2,synthetic_target_1,synthetic_target_2"
nasa_synthetic_target_2_noise,regression,215.713073015213,30.518570184370695,24.393812025806305,0.7872217760356535,3.6656379251541935,2.944714433958577,31,"class,noise_categorical_2,noise_numeric_2,sensor_11,sensor_11_shuffled_1,sensor_11_shuffled_2,sensor_12,sensor_12_shuffled_1,sensor_12_shuffled_2,sensor_13,sensor_13_shuffled_2,sensor_14,sensor_14_shuffled_1,sensor_14_shuffled_2,sensor_15,sensor_16,sensor_17,sensor_20,sensor_20_shuffled_1,sensor_20_shuffled_2,sensor_21,sensor_21_shuffled_1,sensor_21_shuffled_2,sensor_7,sensor_7_shuffled_1,sensor_7_shuffled_2,sensor_8,sensor_9,sensor_9_shuffled_1,sensor_9_shuffled_2,synthetic_target_1,synthetic_target_2"
nasa_synthetic_target_2_noise,regression,215.713073015213,30.579053441493226,24.430838647411488,0.78637755085161,5.811127492520821,4.595776577857308,32,"class,noise_categorical_2,noise_numeric_2,sensor_11,sensor_11_shuffled_1,sensor_11_shuffled_2,sensor_12,sensor_12_shuffled_1,sensor_12_shuffled_2,sensor_13,sensor_13_shuffled_2,sensor_14,sensor_14_shuffled_1,sensor_14_shuffled_2,sensor_15,sensor_16,sensor_17,sensor_20,sensor_20_shuffled_1,sensor_20_shuffled_2,sensor_21,sensor_21_shuffled_1,sensor_21_shuffled_2,sensor_4_shuffled_2,sensor_7,sensor_7_shuffled_1,sensor_7_shuffled_2,sensor_8,sensor_9,sensor_9_shuffled_1,sensor_9_shuffled_2,synthetic_target_1,synthetic_target_2"
nasa_synthetic_target_2_noise,regression,215.713073015213,30.58296997392659,24.445953892613932,0.7863228262780456,5.365315880815533,4.261564315420948,33,"class,noise_categorical_2,noise_numeric_2,sensor_11,sensor_11_shuffled_1,sensor_11_shuffled_2,sensor_12,sensor_12_shuffled_1,sensor_12_shuffled_2,sensor_13,sensor_13_shuffled_2,sensor_14,sensor_14_shuffled_1,sensor_14_shuffled_2,sensor_15,sensor_16,sensor_17,sensor_20,sensor_20_shuffled_1,sensor_20_shuffled_2,sensor_21,sensor_21_shuffled_1,sensor_21_shuffled_2,sensor_4,sensor_4_shuffled_2,sensor_7,sensor_7_shuffled_1,sensor_7_shuffled_2,sensor_8,sensor_9,sensor_9_shuffled_1,sensor_9_shuffled_2,synthetic_target_1,synthetic_target_2"
nasa_synthetic_target_2_noise,regression,215.713073015213,30.555978324440947,24.423347976754208,0.7866998304909514,4.276089536715034,3.3725219127933883,34,"class,noise_categorical_1,noise_categorical_2,noise_numeric_2,sensor_11,sensor_11_shuffled_1,sensor_11_shuffled_2,sensor_12,sensor_12_shuffled_1,sensor_12_shuffled_2,sensor_13,sensor_13_shuffled_2,sensor_14,sensor_14_shuffled_1,sensor_14_shuffled_2,sensor_15,sensor_16,sensor_17,sensor_20,sensor_20_shuffled_1,sensor_20_shuffled_2,sensor_21,sensor_21_shuffled_1,sensor_21_shuffled_2,sensor_4,sensor_4_shuffled_2,sensor_7,sensor_7_shuffled_1,sensor_7_shuffled_2,sensor_8,sensor_9,sensor_9_shuffled_1,sensor_9_shuffled_2,synthetic_target_1,synthetic_target_2"
nasa_synthetic_target_2_noise,regression,215.713073015213,30.591098138730622,24.45122133143129,0.7862092314190037,6.365080004288245,5.062730366980553,35,"class,noise_categorical_1,noise_categorical_2,noise_numeric_2,sensor_11,sensor_11_shuffled_1,sensor_11_shuffled_2,sensor_12,sensor_12_shuffled_1,sensor_12_shuffled_2,sensor_13,sensor_13_shuffled_2,sensor_14,sensor_14_shuffled_1,sensor_14_shuffled_2,sensor_15,sensor_15_shuffled_2,sensor_16,sensor_17,sensor_20,sensor_20_shuffled_1,sensor_20_shuffled_2,sensor_21,sensor_21_shuffled_1,sensor_21_shuffled_2,sensor_4,sensor_4_shuffled_2,sensor_7,sensor_7_shuffled_1,sensor_7_shuffled_2,sensor_8,sensor_9,sensor_9_shuffled_1,sensor_9_shuffled_2,synthetic_target_1,synthetic_target_2"
nasa_synthetic_target_2_noise,regression,215.713073015213,30.505069314609948,24.385557792707427,0.7874099929579226,5.237331696985262,4.1523327712711975,36,"class,noise_categorical_1,noise_categorical_2,noise_numeric_2,sensor_11,sensor_11_shuffled_1,sensor_11_shuffled_2,sensor_12,sensor_12_shuffled_1,sensor_12_shuffled_2,sensor_13,sensor_13_shuffled_2,sensor_14,sensor_14_shuffled_1,sensor_14_shuffled_2,sensor_15,sensor_15_shuffled_2,sensor_16,sensor_17,sensor_20,sensor_20_shuffled_1,sensor_20_shuffled_2,sensor_21,sensor_21_shuffled_1,sensor_21_shuffled_2,sensor_3_shuffled_1,sensor_4,sensor_4_shuffled_2,sensor_7,sensor_7_shuffled_1,sensor_7_shuffled_2,sensor_8,sensor_9,sensor_9_shuffled_1,sensor_9_shuffled_2,synthetic_target_1,synthetic_target_2"
nasa_synthetic_target_2_noise,regression,215.713073015213,30.648124363511844,24.5289663831207,0.7854114147537501,5.480516907971346,4.456008553631776,37,"class,noise_categorical_1,noise_categorical_2,noise_numeric_1,noise_numeric_2,sensor_11,sensor_11_shuffled_1,sensor_11_shuffled_2,sensor_12,sensor_12_shuffled_1,sensor_12_shuffled_2,sensor_13,sensor_13_shuffled_2,sensor_14,sensor_14_shuffled_1,sensor_14_shuffled_2,sensor_15,sensor_15_shuffled_2,sensor_16,sensor_17,sensor_20,sensor_20_shuffled_1,sensor_20_shuffled_2,sensor_21,sensor_21_shuffled_1,sensor_21_shuffled_2,sensor_3_shuffled_1,sensor_4,sensor_4_shuffled_2,sensor_7,sensor_7_shuffled_1,sensor_7_shuffled_2,sensor_8,sensor_9,sensor_9_shuffled_1,sensor_9_shuffled_2,synthetic_target_1,synthetic_target_2"
nasa_synthetic_target_2_noise,regression,215.713073015213,30.519622772592882,24.403286179125814,0.7872070983024919,4.562362437232096,3.6094205445063245,38,"class,noise_categorical_1,noise_categorical_2,noise_numeric_1,noise_numeric_2,sensor_11,sensor_11_shuffled_1,sensor_11_shuffled_2,sensor_12,sensor_12_shuffled_1,sensor_12_shuffled_2,sensor_13,sensor_13_shuffled_2,sensor_14,sensor_14_shuffled_1,sensor_14_shuffled_2,sensor_15,sensor_15_shuffled_2,sensor_16,sensor_17,sensor_20,sensor_20_shuffled_1,sensor_20_shuffled_2,sensor_21,sensor_21_shuffled_1,sensor_21_shuffled_2,sensor_3,sensor_3_shuffled_1,sensor_4,sensor_4_shuffled_2,sensor_7,sensor_7_shuffled_1,sensor_7_shuffled_2,sensor_8,sensor_9,sensor_9_shuffled_1,sensor_9_shuffled_2,synthetic_target_1,synthetic_target_2"
nasa_synthetic_target_2_noise,regression,215.713073015213,30.54351857662497,24.39122754187212,0.7868737489587181,5.568600804316745,4.376550507708771,39,"class,noise_categorical_1,noise_categorical_2,noise_numeric_1,noise_numeric_2,sensor_11,sensor_11_shuffled_1,sensor_11_shuffled_2,sensor_12,sensor_12_shuffled_1,sensor_12_shuffled_2,sensor_13,sensor_13_shuffled_1,sensor_13_shuffled_2,sensor_14,sensor_14_shuffled_1,sensor_14_shuffled_2,sensor_15,sensor_15_shuffled_2,sensor_16,sensor_17,sensor_20,sensor_20_shuffled_1,sensor_20_shuffled_2,sensor_21,sensor_21_shuffled_1,sensor_21_shuffled_2,sensor_3,sensor_3_shuffled_1,sensor_4,sensor_4_shuffled_2,sensor_7,sensor_7_shuffled_1,sensor_7_shuffled_2,sensor_8,sensor_9,sensor_9_shuffled_1,sensor_9_shuffled_2,synthetic_target_1,synthetic_target_2"
nasa_synthetic_target_2_noise,regression,215.713073015213,30.586269847732257,24.466957388434103,0.7862767126566893,4.613077718293027,3.6604667284712313,40,"class,noise_categorical_1,noise_categorical_2,noise_numeric_1,noise_numeric_2,sensor_11,sensor_11_shuffled_1,sensor_11_shuffled_2,sensor_12,sensor_12_shuffled_1,sensor_12_shuffled_2,sensor_13,sensor_13_shuffled_1,sensor_13_shuffled_2,sensor_14,sensor_14_shuffled_1,sensor_14_shuffled_2,sensor_15,sensor_15_shuffled_1,sensor_15_shuffled_2,sensor_16,sensor_17,sensor_20,sensor_20_shuffled_1,sensor_20_shuffled_2,sensor_21,sensor_21_shuffled_1,sensor_21_shuffled_2,sensor_3,sensor_3_shuffled_1,sensor_4,sensor_4_shuffled_2,sensor_7,sensor_7_shuffled_1,sensor_7_shuffled_2,sensor_8,sensor_9,sensor_9_shuffled_1,sensor_9_shuffled_2,synthetic_target_1,synthetic_target_2"
nasa_synthetic_target_2_clean,regression,64.05348682403564,51.846400113284915,41.510394148503515,0.38590433981526595,1.3767161572411908,1.2174866073376691,1,"sensor_12,synthetic_target_2"
nasa_synthetic_target_2_clean,regression,64.05348682403564,51.77762326205312,41.358082792791826,0.3875325165824751,7.7661928410269425,6.056544890504142,2,"sensor_12,sensor_15,synthetic_target_2"
nasa_synthetic_target_2_clean,regression,64.05348682403564,44.93741832624639,35.19085748930727,0.5386664378375043,0.9310002192604472,0.5986164285012379,3,"sensor_12,sensor_15,sensor_16,synthetic_target_2"
nasa_synthetic_target_2_clean,regression,64.05348682403564,41.72348617577621,32.56837940263402,0.6022959708211686,1.4065467629252737,1.0762279718966852,4,"sensor_12,sensor_15,sensor_16,sensor_21,synthetic_target_2"
nasa_synthetic_target_2_clean,regression,64.05348682403564,40.22111180217032,31.349376558460012,0.6304212803074388,2.4549125965850607,1.8559270737925004,5,"sensor_11,sensor_12,sensor_15,sensor_16,sensor_21,synthetic_target_2"
nasa_synthetic_target_2_clean,regression,64.05348682403564,32.280724935128504,25.773576841183793,0.7619405793051586,4.162132490323216,3.3560108794632626,6,"sensor_11,sensor_12,sensor_14,sensor_15,sensor_16,sensor_21,synthetic_target_2"
nasa_synthetic_target_2_clean,regression,64.05348682403564,31.168733895156652,24.868190429209232,0.778059205516535,2.8110275743533784,2.204150774221347,7,"sensor_11,sensor_12,sensor_13,sensor_14,sensor_15,sensor_16,sensor_21,synthetic_target_2"
nasa_synthetic_target_2_clean,regression,64.05348682403564,30.69756277342131,24.500943022751247,0.7847185517959538,2.7285685238107042,2.13577137127756,8,"sensor_11,sensor_12,sensor_13,sensor_14,sensor_15,sensor_16,sensor_20,sensor_21,synthetic_target_2"
nasa_synthetic_target_2_clean,regression,64.05348682403564,30.670532995519697,24.525054782177765,0.7850975035649134,3.4304449708689972,2.768326568984236,9,"sensor_11,sensor_12,sensor_13,sensor_14,sensor_15,sensor_16,sensor_20,sensor_21,sensor_8,synthetic_target_2"
nasa_synthetic_target_2_clean,regression,64.05348682403564,30.70157389955985,24.55584362230517,0.7846622882113296,3.0248552531095036,2.455798002476044,10,"sensor_11,sensor_12,sensor_13,sensor_14,sensor_15,sensor_16,sensor_20,sensor_21,sensor_8,sensor_9,synthetic_target_2"
nasa_synthetic_target_2_clean,regression,64.05348682403564,30.321346941890944,24.246991694007097,0.78996300632821,2.5967379270045967,2.089086421447341,11,"sensor_11,sensor_12,sensor_13,sensor_14,sensor_15,sensor_16,sensor_17,sensor_20,sensor_21,sensor_8,sensor_9,synthetic_target_2"
nasa_synthetic_target_2_clean,regression,64.05348682403564,30.32803436282032,24.255149708917333,0.7898703481303979,4.044513330770265,3.2504127077289517,12,"sensor_11,sensor_12,sensor_13,sensor_14,sensor_15,sensor_16,sensor_17,sensor_20,sensor_21,sensor_8,sensor_9,synthetic_target_1,synthetic_target_2"
nasa_synthetic_target_2_clean,regression,64.05348682403564,30.379199239141595,24.28060844916587,0.7891607520867383,3.0782499888592483,2.4671261250832934,13,"sensor_11,sensor_12,sensor_13,sensor_14,sensor_15,sensor_16,sensor_17,sensor_20,sensor_21,sensor_7,sensor_8,sensor_9,synthetic_target_1,synthetic_target_2"
nasa_synthetic_target_2_clean,regression,64.05348682403564,30.380110335803867,24.276428954638195,0.7891481054192553,3.8621820008163468,3.048636327891252,14,"sensor_11,sensor_12,sensor_13,sensor_14,sensor_15,sensor_16,sensor_17,sensor_20,sensor_21,sensor_3,sensor_7,sensor_8,sensor_9,synthetic_target_1,synthetic_target_2"
nasa_synthetic_target_2_clean,regression,64.05348682403564,30.407607480783245,24.320210496792374,0.7887662471003535,3.717455101571769,2.9691536276461115,15,"sensor_11,sensor_12,sensor_13,sensor_14,sensor_15,sensor_16,sensor_17,sensor_20,sensor_21,sensor_3,sensor_4,sensor_7,sensor_8,sensor_9,synthetic_target_1,synthetic_target_2"
nasa_synthetic_target_2_clean,regression,64.05348682403564,30.418506090820053,24.302641366715633,0.7886148003371192,2.9538093759681807,2.316904927462744,16,"sensor_11,sensor_12,sensor_13,sensor_14,sensor_15,sensor_16,sensor_17,sensor_2,sensor_20,sensor_21,sensor_3,sensor_4,sensor_7,sensor_8,sensor_9,synthetic_target_1,synthetic_target_2"
nasa_synthetic_target_2_clean,regression,64.05348682403564,30.371877559075564,24.284735543678906,0.7892623684251703,3.2088887880206443,2.573686489629953,17,"sensor_11,sensor_12,sensor_13,sensor_14,sensor_15,sensor_16,sensor_17,sensor_2,sensor_20,sensor_21,sensor_3,sensor_4,sensor_6,sensor_7,sensor_8,sensor_9,synthetic_target_1,synthetic_target_2"
nasa_synthetic_target_2_clean,regression,64.05348682403564,30.423645330364142,24.35705558312248,0.788543366786459,3.346595823595081,2.7368709322482303,18,"sensor_1,sensor_11,sensor_12,sensor_13,sensor_14,sensor_15,sensor_16,sensor_17,sensor_2,sensor_20,sensor_21,sensor_3,sensor_4,sensor_6,sensor_7,sensor_8,sensor_9,synthetic_target_1,synthetic_target_2"
nasa_synthetic_target_2_clean,regression,64.05348682403564,30.364405281562856,24.270709818955595,0.7893660496253154,3.2846297067694863,2.6388970375683343,19,"sensor_1,sensor_10,sensor_11,sensor_12,sensor_13,sensor_14,sensor_15,sensor_16,sensor_17,sensor_2,sensor_20,sensor_21,sensor_3,sensor_4,sensor_6,sensor_7,sensor_8,sensor_9,synthetic_target_1,synthetic_target_2"
nasa_synthetic_target_2_clean,regression,64.05348682403564,30.319447128242142,24.245523601207907,0.7899893256501882,2.749526523991669,2.211626199723053,20,"sensor_1,sensor_10,sensor_11,sensor_12,sensor_13,sensor_14,sensor_15,sensor_16,sensor_17,sensor_2,sensor_20,sensor_21,sensor_3,sensor_4,sensor_5,sensor_6,sensor_7,sensor_8,sensor_9,synthetic_target_1,synthetic_target_2"
diamonds_synthetic_target_1_noise,regression,208.3843493461609,3436.5931207925337,2816.708072798911,0.20891607630096898,146.0013347473955,128.36134534903977,1,"price,synthetic_target_1"
diamonds_synthetic_target_1_noise,regression,208.3843493461609,3267.980287907591,2677.423955199668,0.2846391268474524,146.95734805255825,122.91037908271483,2,"clarity,price,synthetic_target_1"
diamonds_synthetic_target_1_noise,regression,208.3843493461609,1752.8667958408143,1398.3122108516843,0.7941910983994254,28.335387841039847,22.866701130847332,3,"clarity,cut,price,synthetic_target_1"
diamonds_synthetic_target_1_noise,regression,208.3843493461609,1733.070447676509,1383.358659251499,0.7988135351113282,31.891801967584797,25.068790544374906,4,"clarity,color,cut,price,synthetic_target_1"
diamonds_synthetic_target_1_noise,regression,208.3843493461609,1723.3537864367177,1375.0178802326302,0.8010631616638333,21.209223901938458,15.841370450973045,5,"clarity,color,cut,price,synthetic_target_1,y"
diamonds_synthetic_target_1_noise,regression,208.3843493461609,1721.3603064792353,1373.5334630403333,0.8015231336489863,16.76726870210905,12.79141492038957,6,"clarity,color,cut,price,synthetic_target_1,y,z"
diamonds_synthetic_target_1_noise,regression,208.3843493461609,1722.1214628293485,1373.8800303689727,0.8013475686294751,12.675386741446573,8.830686795789006,7,"clarity,color,cut,price,synthetic_target_1,y,y_shuffled_1,z"
diamonds_synthetic_target_1_noise,regression,208.3843493461609,1721.1787915489558,1373.5190538282816,0.8015649896334082,17.145569047433128,13.021953054910227,8,"clarity,color,cut,price,synthetic_target_1,x,y,y_shuffled_1,z"
diamonds_synthetic_target_1_noise,regression,208.3843493461609,1721.8765704897087,1373.3158185990935,0.8014040629020847,20.21550517808464,14.787169291553937,9,"clarity,color,cut,price,synthetic_target_1,synthetic_target_2,x,y,y_shuffled_1,z"
diamonds_synthetic_target_1_noise,regression,208.3843493461609,1720.9853940185715,1373.282772640542,0.8016095807997164,16.79799833065067,12.613070604645145,10,"carat,clarity,color,cut,price,synthetic_target_1,synthetic_target_2,x,y,y_shuffled_1,z"
diamonds_synthetic_target_1_noise,regression,208.3843493461609,1721.0214873483185,1373.15158560356,0.801601259234721,21.043917266020117,16.045790377403137,11,"carat,clarity,color,cut,noise_numeric_1,price,synthetic_target_1,synthetic_target_2,x,y,y_shuffled_1,z"
diamonds_synthetic_target_1_noise,regression,208.3843493461609,1722.4743412154446,1374.39238208629,0.8012661489004153,24.131180082577657,18.522951305975994,12,"carat,clarity,color,cut,noise_categorical_1,noise_numeric_1,price,synthetic_target_1,synthetic_target_2,x,y,y_shuffled_1,z"
diamonds_synthetic_target_1_noise,regression,208.3843493461609,1723.1514047032533,1374.500960149514,0.801109883142008,23.973534145666008,17.138515168405092,13,"carat,clarity,color,cut,noise_categorical_1,noise_numeric_1,price,synthetic_target_1,synthetic_target_2,x,y,y_shuffled_1,z,z_shuffled_2"
diamonds_synthetic_target_1_noise,regression,208.3843493461609,1722.1548648465725,1373.4454429513933,0.8013398624874555,26.669178942830513,19.25421437090108,14,"carat,clarity,color,cut,noise_categorical_1,noise_numeric_1,price,synthetic_target_1,synthetic_target_2,x,y,y_shuffled_1,z,z_shuffled_1,z_shuffled_2"
diamonds_synthetic_target_1_noise,regression,208.3843493461609,1722.1138429867694,1374.144015540888,0.8013493265738929,37.398683775315476,29.303058275442027,15,"carat,clarity,color,cut,noise_categorical_1,noise_numeric_1,price,synthetic_target_1,synthetic_target_2,x,y,y_shuffled_1,y_shuffled_2,z,z_shuffled_1,z_shuffled_2"
diamonds_synthetic_target_1_noise,regression,208.3843493461609,1722.0120767930403,1373.7395417108305,0.8013728039133048,27.67655188782078,20.978025834106802,16,"carat,clarity,color,cut,noise_categorical_1,noise_numeric_1,price,synthetic_target_1,synthetic_target_2,x,x_shuffled_1,y,y_shuffled_1,y_shuffled_2,z,z_shuffled_1,z_shuffled_2"
diamonds_synthetic_target_1_noise,regression,208.3843493461609,1721.1087045616237,1373.3038742889553,0.801581149986955,39.47147468407411,30.66202905720729,17,"carat,clarity,color,cut,noise_categorical_1,noise_numeric_1,price,synthetic_target_1,synthetic_target_2,x,x_shuffled_1,x_shuffled_2,y,y_shuffled_1,y_shuffled_2,z,z_shuffled_1,z_shuffled_2"
diamonds_synthetic_target_1_noise,regression,208.3843493461609,1721.8665280394675,1374.3000512739452,0.8014063794258526,54.24897324325002,43.179212972085,18,"carat,clarity,color,cut,noise_categorical_1,noise_numeric_1,noise_numeric_2,price,synthetic_target_1,synthetic_target_2,x,x_shuffled_1,x_shuffled_2,y,y_shuffled_1,y_shuffled_2,z,z_shuffled_1,z_shuffled_2"
diamonds_synthetic_target_1_noise,regression,208.3843493461609,1723.0764364823403,1375.2035818619472,0.8011271887761238,46.021069866840435,36.20248368971647,19,"carat,carat_shuffled_2,clarity,color,cut,noise_categorical_1,noise_numeric_1,noise_numeric_2,price,synthetic_target_1,synthetic_target_2,x,x_shuffled_1,x_shuffled_2,y,y_shuffled_1,y_shuffled_2,z,z_shuffled_1,z_shuffled_2"
diamonds_synthetic_target_1_noise,regression,208.3843493461609,1721.993628301425,1373.4205273495165,0.8013770598097438,33.41737721977256,25.411808499699873,20,"carat,carat_shuffled_2,clarity,color,cut,depth_shuffled_1,noise_categorical_1,noise_numeric_1,noise_numeric_2,price,synthetic_target_1,synthetic_target_2,x,x_shuffled_1,x_shuffled_2,y,y_shuffled_1,y_shuffled_2,z,z_shuffled_1,z_shuffled_2"
diamonds_synthetic_target_1_noise,regression,208.3843493461609,1721.8369710697987,1374.1683052844926,0.8014131973471542,33.842809223059476,26.335221692174855,21,"carat,carat_shuffled_2,clarity,color,cut,depth_shuffled_1,noise_categorical_1,noise_numeric_1,noise_numeric_2,price,synthetic_target_1,synthetic_target_2,table_shuffled_1,x,x_shuffled_1,x_shuffled_2,y,y_shuffled_1,y_shuffled_2,z,z_shuffled_1,z_shuffled_2"
diamonds_synthetic_target_1_noise,regression,208.3843493461609,1722.1689419200516,1374.3522965012637,0.801336614736815,41.93353664400365,32.95083952400614,22,"carat,carat_shuffled_1,carat_shuffled_2,clarity,color,cut,depth_shuffled_1,noise_categorical_1,noise_numeric_1,noise_numeric_2,price,synthetic_target_1,synthetic_target_2,table_shuffled_1,x,x_shuffled_1,x_shuffled_2,y,y_shuffled_1,y_shuffled_2,z,z_shuffled_1,z_shuffled_2"
diamonds_synthetic_target_1_noise,regression,208.3843493461609,1722.137292993664,1374.2769746666959,0.801343916488611,50.730850509411766,39.688123589637826,23,"carat,carat_shuffled_1,carat_shuffled_2,clarity,color,cut,depth_shuffled_1,depth_shuffled_2,noise_categorical_1,noise_numeric_1,noise_numeric_2,price,synthetic_target_1,synthetic_target_2,table_shuffled_1,x,x_shuffled_1,x_shuffled_2,y,y_shuffled_1,y_shuffled_2,z,z_shuffled_1,z_shuffled_2"
diamonds_synthetic_target_1_noise,regression,208.3843493461609,1722.7746733682086,1374.7711417657063,0.8011968400377334,43.405723361554465,33.816627067568334,24,"carat,carat_shuffled_1,carat_shuffled_2,clarity,color,cut,depth_shuffled_1,depth_shuffled_2,noise_categorical_1,noise_numeric_1,noise_numeric_2,price,synthetic_target_1,synthetic_target_2,table_shuffled_1,table_shuffled_2,x,x_shuffled_1,x_shuffled_2,y,y_shuffled_1,y_shuffled_2,z,z_shuffled_1,z_shuffled_2"
diamonds_synthetic_target_1_noise,regression,208.3843493461609,1722.3948900781977,1375.0915173308279,0.8012844821387619,59.45967694901856,46.28866225138677,25,"carat,carat_shuffled_1,carat_shuffled_2,clarity,color,cut,depth_shuffled_1,depth_shuffled_2,noise_categorical_1,noise_categorical_2,noise_numeric_1,noise_numeric_2,price,synthetic_target_1,synthetic_target_2,table_shuffled_1,table_shuffled_2,x,x_shuffled_1,x_shuffled_2,y,y_shuffled_1,y_shuffled_2,z,z_shuffled_1,z_shuffled_2"
diamonds_synthetic_target_1_noise,regression,208.3843493461609,1721.2890158191892,1374.1208861436737,0.8015395732679887,39.95786618838906,31.825522867652353,26,"carat,carat_shuffled_1,carat_shuffled_2,clarity,color,cut,depth,depth_shuffled_1,depth_shuffled_2,noise_categorical_1,noise_categorical_2,noise_numeric_1,noise_numeric_2,price,synthetic_target_1,synthetic_target_2,table_shuffled_1,table_shuffled_2,x,x_shuffled_1,x_shuffled_2,y,y_shuffled_1,y_shuffled_2,z,z_shuffled_1,z_shuffled_2"
diamonds_synthetic_target_1_noise,regression,208.3843493461609,1723.3473780938018,1375.3058240355945,0.8010646411663225,50.51657973997703,39.72112227394905,27,"carat,carat_shuffled_1,carat_shuffled_2,clarity,color,cut,depth,depth_shuffled_1,depth_shuffled_2,noise_categorical_1,noise_categorical_2,noise_numeric_1,noise_numeric_2,price,synthetic_target_1,synthetic_target_2,table,table_shuffled_1,table_shuffled_2,x,x_shuffled_1,x_shuffled_2,y,y_shuffled_1,y_shuffled_2,z,z_shuffled_1,z_shuffled_2"
diamonds_synthetic_target_1_noise,regression,208.3843493461609,1723.3473780938018,1375.3058240355945,0.8010646411663225,50.51657973997703,39.72112227394905,28,"carat,carat_shuffled_1,carat_shuffled_2,clarity,color,cut,depth,depth_shuffled_1,depth_shuffled_2,noise_categorical_1,noise_categorical_2,noise_numeric_1,noise_numeric_2,price,synthetic_target_1,synthetic_target_2,table,table_shuffled_1,table_shuffled_2,x,x_shuffled_1,x_shuffled_2,y,y_shuffled_1,y_shuffled_2,z,z_shuffled_1,z_shuffled_2"
diamonds_synthetic_target_1_noise,regression,208.3843493461609,1723.3473780938018,1375.3058240355945,0.8010646411663225,50.51657973997703,39.72112227394905,29,"carat,carat_shuffled_1,carat_shuffled_2,clarity,color,cut,depth,depth_shuffled_1,depth_shuffled_2,noise_categorical_1,noise_categorical_2,noise_numeric_1,noise_numeric_2,price,synthetic_target_1,synthetic_target_2,table,table_shuffled_1,table_shuffled_2,x,x_shuffled_1,x_shuffled_2,y,y_shuffled_1,y_shuffled_2,z,z_shuffled_1,z_shuffled_2"
diamonds_synthetic_target_1_noise,regression,208.3843493461609,1723.3473780938018,1375.3058240355945,0.8010646411663225,50.51657973997703,39.72112227394905,30,"carat,carat_shuffled_1,carat_shuffled_2,clarity,color,cut,depth,depth_shuffled_1,depth_shuffled_2,noise_categorical_1,noise_categorical_2,noise_numeric_1,noise_numeric_2,price,synthetic_target_1,synthetic_target_2,table,table_shuffled_1,table_shuffled_2,x,x_shuffled_1,x_shuffled_2,y,y_shuffled_1,y_shuffled_2,z,z_shuffled_1,z_shuffled_2"
diamonds_synthetic_target_1_noise,regression,208.3843493461609,1723.3473780938018,1375.3058240355945,0.8010646411663225,50.51657973997703,39.72112227394905,31,"carat,carat_shuffled_1,carat_shuffled_2,clarity,color,cut,depth,depth_shuffled_1,depth_shuffled_2,noise_categorical_1,noise_categorical_2,noise_numeric_1,noise_numeric_2,price,synthetic_target_1,synthetic_target_2,table,table_shuffled_1,table_shuffled_2,x,x_shuffled_1,x_shuffled_2,y,y_shuffled_1,y_shuffled_2,z,z_shuffled_1,z_shuffled_2"
diamonds_synthetic_target_1_noise,regression,208.3843493461609,1723.3473780938018,1375.3058240355945,0.8010646411663225,50.51657973997703,39.72112227394905,32,"carat,carat_shuffled_1,carat_shuffled_2,clarity,color,cut,depth,depth_shuffled_1,depth_shuffled_2,noise_categorical_1,noise_categorical_2,noise_numeric_1,noise_numeric_2,price,synthetic_target_1,synthetic_target_2,table,table_shuffled_1,table_shuffled_2,x,x_shuffled_1,x_shuffled_2,y,y_shuffled_1,y_shuffled_2,z,z_shuffled_1,z_shuffled_2"
diamonds_synthetic_target_1_noise,regression,208.3843493461609,1723.3473780938018,1375.3058240355945,0.8010646411663225,50.51657973997703,39.72112227394905,33,"carat,carat_shuffled_1,carat_shuffled_2,clarity,color,cut,depth,depth_shuffled_1,depth_shuffled_2,noise_categorical_1,noise_categorical_2,noise_numeric_1,noise_numeric_2,price,synthetic_target_1,synthetic_target_2,table,table_shuffled_1,table_shuffled_2,x,x_shuffled_1,x_shuffled_2,y,y_shuffled_1,y_shuffled_2,z,z_shuffled_1,z_shuffled_2"
diamonds_synthetic_target_1_clean,regression,34.605350971221924,2588.284034119329,2064.8486382360793,0.551264743392734,-24.584154073139416,-10.627599911475954,1,"cut,synthetic_target_1"
diamonds_synthetic_target_1_clean,regression,34.605350971221924,2229.6368468429705,1778.346797245323,0.6670073927344118,18.453777022312806,19.25489845394941,2,"cut,synthetic_target_1,synthetic_target_2"
diamonds_synthetic_target_1_clean,regression,34.605350971221924,1969.5333917384091,1559.4618589202692,0.7401677687743103,10.090411410668139,9.066620836706534,3,"clarity,cut,synthetic_target_1,synthetic_target_2"
diamonds_synthetic_target_1_clean,regression,34.605350971221924,1726.0948946189683,1376.3813385264502,0.8004298139747525,20.85344534568526,14.700451272244436,4,"clarity,cut,synthetic_target_1,synthetic_target_2,y"
diamonds_synthetic_target_1_clean,regression,34.605350971221924,1724.269464918087,1375.3863649044827,0.8008517012219469,18.52608700776068,13.188956527387063,5,"clarity,cut,synthetic_target_1,synthetic_target_2,x,y"
diamonds_synthetic_target_1_clean,regression,34.605350971221924,1722.6030793897494,1373.7896954030032,0.8012364409522015,16.166512339173778,11.567344478388122,6,"clarity,cut,synthetic_target_1,synthetic_target_2,x,y,z"
diamonds_synthetic_target_1_clean,regression,34.605350971221924,1721.5625360145243,1373.555798626957,0.8014764958334818,18.595989845985287,13.637441961177046,7,"carat,clarity,cut,synthetic_target_1,synthetic_target_2,x,y,z"
diamonds_synthetic_target_1_clean,regression,34.605350971221924,1722.6242690329657,1374.0651679242806,0.8012315509634919,23.250098274657148,17.271163084737054,8,"carat,clarity,color,cut,synthetic_target_1,synthetic_target_2,x,y,z"
diamonds_synthetic_target_1_clean,regression,34.605350971221924,1721.721594806511,1372.8933772217567,0.8014398101286971,19.308698084827483,13.785126775203025,9,"carat,clarity,color,cut,depth,synthetic_target_1,synthetic_target_2,x,y,z"
diamonds_synthetic_target_1_clean,regression,34.605350971221924,1721.2693502497468,1372.6356079126167,0.8015441080265014,27.388005904770353,20.123338597484008,10,"carat,clarity,color,cut,depth,synthetic_target_1,synthetic_target_2,table,x,y,z"
diamonds_synthetic_target_2_noise,regression,116.79879450798035,2249.1568357312185,1780.996131672962,0.663189244532271,53.3552313486407,42.36277735325439,1,"price,synthetic_target_2"
diamonds_synthetic_target_2_noise,regression,116.79879450798035,2198.3923892176026,1744.787760776583,0.6782215949129635,93.41874137123705,77.5250074044709,2,"clarity,price,synthetic_target_2"
diamonds_synthetic_target_2_noise,regression,116.79879450798035,2161.562054634311,1708.5116060201444,0.6889129828120313,125.22683960612358,95.99799084722827,3,"clarity,color,price,synthetic_target_2"
diamonds_synthetic_target_2_noise,regression,116.79879450798035,2077.687246053994,1637.3261170158166,0.7125867280798501,95.64821290030659,69.81590107456145,4,"clarity,color,cut,price,synthetic_target_2"
diamonds_synthetic_target_2_noise,regression,116.79879450798035,2076.1894146400314,1636.426218156043,0.7130009785432111,110.08272740110078,81.55912124152746,5,"clarity,color,cut,price,synthetic_target_2,y_shuffled_2"
diamonds_synthetic_target_2_noise,regression,116.79879450798035,1936.5379959868806,1537.0594406118519,0.7503115139709506,137.7894402160032,104.76058740175404,6,"clarity,color,cut,price,synthetic_target_2,y_shuffled_2,z"
diamonds_synthetic_target_2_noise,regression,116.79879450798035,1745.8081735706178,1390.322819525514,0.7970731490735347,90.84437881496638,70.37862727253332,7,"clarity,color,cut,price,synthetic_target_2,table,y_shuffled_2,z"
diamonds_synthetic_target_2_noise,regression,116.79879450798035,1744.9255511411598,1389.3550222852605,0.7972782833115489,144.6479668218867,112.83741355497182,8,"clarity,color,cut,price,synthetic_target_1,synthetic_target_2,table,y_shuffled_2,z"
diamonds_synthetic_target_2_noise,regression,116.79879450798035,1747.014855940824,1391.2245196179722,0.7967925307533644,122.86931689583776,94.09376510581546,9,"clarity,color,cut,noise_categorical_1,price,synthetic_target_1,synthetic_target_2,table,y_shuffled_2,z"
diamonds_synthetic_target_2_noise,regression,116.79879450798035,1745.1436621439059,1389.3108682917143,0.797227600805001,146.43749821514916,113.07030210349103,10,"clarity,color,cut,noise_categorical_1,noise_numeric_2,price,synthetic_target_1,synthetic_target_2,table,y_shuffled_2,z"
diamonds_synthetic_target_2_noise,regression,116.79879450798035,1744.832670461835,1389.042527041742,0.7972998640943219,82.9216152220904,64.03565274774292,11,"clarity,color,cut,noise_categorical_1,noise_numeric_2,price,synthetic_target_1,synthetic_target_2,table,y_shuffled_2,z,z_shuffled_1"
diamonds_synthetic_target_2_noise,regression,116.79879450798035,1747.234133144165,1390.940264005407,0.7967415162335878,101.15603989284364,77.05655678403537,12,"clarity,color,cut,noise_categorical_1,noise_numeric_2,price,synthetic_target_1,synthetic_target_2,table,y_shuffled_2,z,z_shuffled_1,z_shuffled_2"
diamonds_synthetic_target_2_noise,regression,116.79879450798035,1745.972901688986,1390.3691670770663,0.7970348523856321,145.94165598700238,112.7545984763035,13,"clarity,color,cut,noise_categorical_1,noise_numeric_1,noise_numeric_2,price,synthetic_target_1,synthetic_target_2,table,y_shuffled_2,z,z_shuffled_1,z_shuffled_2"
diamonds_synthetic_target_2_noise,regression,116.79879450798035,1745.3819532697253,1389.6117731946565,0.7971722217973081,140.01716459079103,107.35018046713776,14,"clarity,color,cut,noise_categorical_1,noise_numeric_1,noise_numeric_2,price,synthetic_target_1,synthetic_target_2,table,x_shuffled_2,y_shuffled_2,z,z_shuffled_1,z_shuffled_2"
diamonds_synthetic_target_2_noise,regression,116.79879450798035,1747.0396960978956,1391.3542588179102,0.7967867520488242,107.85669379534193,83.35155592755291,15,"clarity,color,cut,noise_categorical_1,noise_numeric_1,noise_numeric_2,price,synthetic_target_1,synthetic_target_2,table,x_shuffled_2,y_shuffled_1,y_shuffled_2,z,z_shuffled_1,z_shuffled_2"
diamonds_synthetic_target_2_noise,regression,116.79879450798035,1747.7211819465667,1391.509202934324,0.7966281821393141,162.41933906587406,125.88832398070895,16,"clarity,color,cut,noise_categorical_1,noise_numeric_1,noise_numeric_2,price,synthetic_target_1,synthetic_target_2,table,x_shuffled_1,x_shuffled_2,y_shuffled_1,y_shuffled_2,z,z_shuffled_1,z_shuffled_2"
diamonds_synthetic_target_2_noise,regression,116.79879450798035,1745.7736092830712,1389.5797141273133,0.7970811842662886,118.11794486697136,89.75346662813627,17,"clarity,color,cut,depth_shuffled_1,noise_categorical_1,noise_numeric_1,noise_numeric_2,price,synthetic_target_1,synthetic_target_2,table,x_shuffled_1,x_shuffled_2,y_shuffled_1,y_shuffled_2,z,z_shuffled_1,z_shuffled_2"
diamonds_synthetic_target_2_noise,regression,116.79879450798035,1745.0014811661852,1388.925089138606,0.797260640152028,201.11687950855617,154.39116818562366,18,"carat_shuffled_2,clarity,color,cut,depth_shuffled_1,noise_categorical_1,noise_numeric_1,noise_numeric_2,price,synthetic_target_1,synthetic_target_2,table,x_shuffled_1,x_shuffled_2,y_shuffled_1,y_shuffled_2,z,z_shuffled_1,z_shuffled_2"
diamonds_synthetic_target_2_noise,regression,116.79879450798035,1746.2799090858605,1389.9330434896183,0.79696346836823,196.7570505087631,151.60492781259154,19,"carat_shuffled_2,clarity,color,cut,depth_shuffled_1,noise_categorical_1,noise_categorical_2,noise_numeric_1,noise_numeric_2,price,synthetic_target_1,synthetic_target_2,table,x_shuffled_1,x_shuffled_2,y_shuffled_1,y_shuffled_2,z,z_shuffled_1,z_shuffled_2"
diamonds_synthetic_target_2_noise,regression,116.79879450798035,1747.1161157277104,1391.3787455243912,0.7967689736081115,237.16011878103723,184.6099671570987,20,"carat_shuffled_2,clarity,color,cut,depth_shuffled_1,depth_shuffled_2,noise_categorical_1,noise_categorical_2,noise_numeric_1,noise_numeric_2,price,synthetic_target_1,synthetic_target_2,table,x_shuffled_1,x_shuffled_2,y_shuffled_1,y_shuffled_2,z,z_shuffled_1,z_shuffled_2"
diamonds_synthetic_target_2_noise,regression,116.79879450798035,1746.2316076655302,1390.414554613693,0.7969747000352467,180.1758740496805,138.6604760683581,21,"carat_shuffled_1,carat_shuffled_2,clarity,color,cut,depth_shuffled_1,depth_shuffled_2,noise_categorical_1,noise_categorical_2,noise_numeric_1,noise_numeric_2,price,synthetic_target_1,synthetic_target_2,table,x_shuffled_1,x_shuffled_2,y_shuffled_1,y_shuffled_2,z,z_shuffled_1,z_shuffled_2"
diamonds_synthetic_target_2_noise,regression,116.79879450798035,1746.0379039211978,1389.9811380683495,0.7970197393982161,208.57082151028567,159.5732220553673,22,"carat_shuffled_1,carat_shuffled_2,clarity,color,cut,depth_shuffled_1,depth_shuffled_2,noise_categorical_1,noise_categorical_2,noise_numeric_1,noise_numeric_2,price,synthetic_target_1,synthetic_target_2,table,table_shuffled_1,x_shuffled_1,x_shuffled_2,y_shuffled_1,y_shuffled_2,z,z_shuffled_1,z_shuffled_2"
diamonds_synthetic_target_2_noise,regression,116.79879450798035,1745.8146769498085,1389.9577125470455,0.7970716372090153,176.56856241816877,134.64347734680564,23,"carat_shuffled_1,carat_shuffled_2,clarity,color,cut,depth_shuffled_1,depth_shuffled_2,noise_categorical_1,noise_categorical_2,noise_numeric_1,noise_numeric_2,price,synthetic_target_1,synthetic_target_2,table,table_shuffled_1,table_shuffled_2,x_shuffled_1,x_shuffled_2,y_shuffled_1,y_shuffled_2,z,z_shuffled_1,z_shuffled_2"
diamonds_synthetic_target_2_noise,regression,116.79879450798035,1743.8397069600112,1388.4654422349258,0.7975305069162992,154.01412441737625,117.36863951933083,24,"carat_shuffled_1,carat_shuffled_2,clarity,color,cut,depth_shuffled_1,depth_shuffled_2,noise_categorical_1,noise_categorical_2,noise_numeric_1,noise_numeric_2,price,synthetic_target_1,synthetic_target_2,table,table_shuffled_1,table_shuffled_2,x_shuffled_1,x_shuffled_2,y,y_shuffled_1,y_shuffled_2,z,z_shuffled_1,z_shuffled_2"
diamonds_synthetic_target_2_noise,regression,116.79879450798035,1745.9498752668133,1390.660557469203,0.7970402058826453,120.71428216898153,92.4642941087659,25,"carat_shuffled_1,carat_shuffled_2,clarity,color,cut,depth,depth_shuffled_1,depth_shuffled_2,noise_categorical_1,noise_categorical_2,noise_numeric_1,noise_numeric_2,price,synthetic_target_1,synthetic_target_2,table,table_shuffled_1,table_shuffled_2,x_shuffled_1,x_shuffled_2,y,y_shuffled_1,y_shuffled_2,z,z_shuffled_1,z_shuffled_2"
diamonds_synthetic_target_2_noise,regression,116.79879450798035,1742.9747778539163,1388.1045183843491,0.7977313032710817,106.59795073025202,81.08208045789479,26,"carat_shuffled_1,carat_shuffled_2,clarity,color,cut,depth,depth_shuffled_1,depth_shuffled_2,noise_categorical_1,noise_categorical_2,noise_numeric_1,noise_numeric_2,price,synthetic_target_1,synthetic_target_2,table,table_shuffled_1,table_shuffled_2,x,x_shuffled_1,x_shuffled_2,y,y_shuffled_1,y_shuffled_2,z,z_shuffled_1,z_shuffled_2"
diamonds_synthetic_target_2_noise,regression,116.79879450798035,1744.5675503654356,1389.0226181098603,0.7973614583064261,135.14991751940147,102.38345471626758,27,"carat,carat_shuffled_1,carat_shuffled_2,clarity,color,cut,depth,depth_shuffled_1,depth_shuffled_2,noise_categorical_1,noise_categorical_2,noise_numeric_1,noise_numeric_2,price,synthetic_target_1,synthetic_target_2,table,table_shuffled_1,table_shuffled_2,x,x_shuffled_1,x_shuffled_2,y,y_shuffled_1,y_shuffled_2,z,z_shuffled_1,z_shuffled_2"
diamonds_synthetic_target_2_noise,regression,116.79879450798035,1744.5675503654356,1389.0226181098603,0.7973614583064261,135.14991751940147,102.38345471626758,28,"carat,carat_shuffled_1,carat_shuffled_2,clarity,color,cut,depth,depth_shuffled_1,depth_shuffled_2,noise_categorical_1,noise_categorical_2,noise_numeric_1,noise_numeric_2,price,synthetic_target_1,synthetic_target_2,table,table_shuffled_1,table_shuffled_2,x,x_shuffled_1,x_shuffled_2,y,y_shuffled_1,y_shuffled_2,z,z_shuffled_1,z_shuffled_2"
diamonds_synthetic_target_2_noise,regression,116.79879450798035,1744.5675503654356,1389.0226181098603,0.7973614583064261,135.14991751940147,102.38345471626758,29,"carat,carat_shuffled_1,carat_shuffled_2,clarity,color,cut,depth,depth_shuffled_1,depth_shuffled_2,noise_categorical_1,noise_categorical_2,noise_numeric_1,noise_numeric_2,price,synthetic_target_1,synthetic_target_2,table,table_shuffled_1,table_shuffled_2,x,x_shuffled_1,x_shuffled_2,y,y_shuffled_1,y_shuffled_2,z,z_shuffled_1,z_shuffled_2"
diamonds_synthetic_target_2_noise,regression,116.79879450798035,1744.5675503654356,1389.0226181098603,0.7973614583064261,135.14991751940147,102.38345471626758,30,"carat,carat_shuffled_1,carat_shuffled_2,clarity,color,cut,depth,depth_shuffled_1,depth_shuffled_2,noise_categorical_1,noise_categorical_2,noise_numeric_1,noise_numeric_2,price,synthetic_target_1,synthetic_target_2,table,table_shuffled_1,table_shuffled_2,x,x_shuffled_1,x_shuffled_2,y,y_shuffled_1,y_shuffled_2,z,z_shuffled_1,z_shuffled_2"
diamonds_synthetic_target_2_noise,regression,116.79879450798035,1744.5675503654356,1389.0226181098603,0.7973614583064261,135.14991751940147,102.38345471626758,31,"carat,carat_shuffled_1,carat_shuffled_2,clarity,color,cut,depth,depth_shuffled_1,depth_shuffled_2,noise_categorical_1,noise_categorical_2,noise_numeric_1,noise_numeric_2,price,synthetic_target_1,synthetic_target_2,table,table_shuffled_1,table_shuffled_2,x,x_shuffled_1,x_shuffled_2,y,y_shuffled_1,y_shuffled_2,z,z_shuffled_1,z_shuffled_2"
diamonds_synthetic_target_2_noise,regression,116.79879450798035,1744.5675503654356,1389.0226181098603,0.7973614583064261,135.14991751940147,102.38345471626758,32,"carat,carat_shuffled_1,carat_shuffled_2,clarity,color,cut,depth,depth_shuffled_1,depth_shuffled_2,noise_categorical_1,noise_categorical_2,noise_numeric_1,noise_numeric_2,price,synthetic_target_1,synthetic_target_2,table,table_shuffled_1,table_shuffled_2,x,x_shuffled_1,x_shuffled_2,y,y_shuffled_1,y_shuffled_2,z,z_shuffled_1,z_shuffled_2"
diamonds_synthetic_target_2_noise,regression,116.79879450798035,1744.5675503654356,1389.0226181098603,0.7973614583064261,135.14991751940147,102.38345471626758,33,"carat,carat_shuffled_1,carat_shuffled_2,clarity,color,cut,depth,depth_shuffled_1,depth_shuffled_2,noise_categorical_1,noise_categorical_2,noise_numeric_1,noise_numeric_2,price,synthetic_target_1,synthetic_target_2,table,table_shuffled_1,table_shuffled_2,x,x_shuffled_1,x_shuffled_2,y,y_shuffled_1,y_shuffled_2,z,z_shuffled_1,z_shuffled_2"
diamonds_synthetic_target_2_clean,regression,35.13785719871521,3690.558119180498,3023.5562396939577,0.0931602071607891,48.65011921815449,26.422923593315772,1,"synthetic_target_1,synthetic_target_2"
diamonds_synthetic_target_2_clean,regression,35.13785719871521,3609.6987868283,2947.403377252178,0.13246221753103649,77.97123736855428,58.028702955236895,2,"color,synthetic_target_1,synthetic_target_2"
diamonds_synthetic_target_2_clean,regression,35.13785719871521,2024.0277703917636,1608.4576029890798,0.7272408020126442,104.71387589958726,86.75504337692837,3,"color,synthetic_target_1,synthetic_target_2,z"
diamonds_synthetic_target_2_clean,regression,35.13785719871521,1954.2973222810815,1550.29485217162,0.745710899860502,81.07564535186157,62.67273779329753,4,"color,cut,synthetic_target_1,synthetic_target_2,z"
diamonds_synthetic_target_2_clean,regression,35.13785719871521,1742.614660931681,1388.028104624133,0.7978148763171883,66.37281489267707,52.253813812175395,5,"color,cut,synthetic_target_1,synthetic_target_2,table,z"
diamonds_synthetic_target_2_clean,regression,35.13785719871521,1743.0332583909733,1387.9300641361706,0.7977177299473533,89.768775158386,69.68236590293395,6,"color,cut,synthetic_target_1,synthetic_target_2,table,y,z"
diamonds_synthetic_target_2_clean,regression,35.13785719871521,1744.7112134739432,1388.6248573237656,0.7973280828358649,136.7427445375963,105.72494834677491,7,"clarity,color,cut,synthetic_target_1,synthetic_target_2,table,y,z"
diamonds_synthetic_target_2_clean,regression,35.13785719871521,1745.3552556529046,1389.414269047113,0.7971784267163843,181.2248305815151,141.6104669068984,8,"clarity,color,cut,depth,synthetic_target_1,synthetic_target_2,table,y,z"
diamonds_synthetic_target_2_clean,regression,35.13785719871521,1743.5520016283838,1387.635161032955,0.7975973097848632,140.387117402164,108.30109219912265,9,"clarity,color,cut,depth,synthetic_target_1,synthetic_target_2,table,x,y,z"
diamonds_synthetic_target_2_clean,regression,35.13785719871521,1744.0292366394387,1388.1871720041397,0.7974864936238988,154.09604753566123,118.44356290817109,10,"carat,clarity,color,cut,depth,synthetic_target_1,synthetic_target_2,table,x,y,z"
pol_synthetic_target_1_noise,regression,50.564927101135254,34.446062049802045,27.970015580190395,0.29174106171219616,0.42041905476772,0.3486179944298229,1,"f13,synthetic_target_1"
pol_synthetic_target_1_noise,regression,50.564927101135254,33.65409955054384,27.224500495995546,0.3239343741833951,0.3420789531641262,0.22250923390751254,2,"f13,f21,synthetic_target_1"
pol_synthetic_target_1_noise,regression,50.564927101135254,26.124570740577003,20.585909240889205,0.5926091868218428,0.4503198042734624,0.24543493861607857,3,"f13,f21,f5,synthetic_target_1"
pol_synthetic_target_1_noise,regression,50.564927101135254,25.2692311770136,20.025434429604182,0.6188490890164474,0.3333113814610549,0.2819713467302982,4,"f13,f21,f5,f9,synthetic_target_1"
pol_synthetic_target_1_noise,regression,50.564927101135254,23.0069270440657,18.233459887142516,0.684041432921676,0.43652912431965873,0.42121553745170104,5,"f13,f18,f21,f5,f9,synthetic_target_1"
pol_synthetic_target_1_noise,regression,50.564927101135254,22.353876854595946,17.769235238108852,0.7017237920716124,0.46592365506198163,0.5170830131479782,6,"f13,f14,f18,f21,f5,f9,synthetic_target_1"
pol_synthetic_target_1_noise,regression,50.564927101135254,21.744484442110043,17.28180833395282,0.7177648275277557,0.32448004536346176,0.37362103387146917,7,"f13,f14,f18,f20,f21,f5,f9,synthetic_target_1"
pol_synthetic_target_1_noise,regression,50.564927101135254,20.40044902907054,16.324652958203984,0.751576681861763,1.393319108176474,1.2262599447378975,8,"f13,f14,f18,f20,f21,f23,f5,f9,synthetic_target_1"
pol_synthetic_target_1_noise,regression,50.564927101135254,19.92730715256877,15.960079156853281,0.7629662787038661,1.6434266687928272,1.399881997009933,9,"f13,f14,f18,f20,f21,f23,f5,f7,f9,synthetic_target_1"
pol_synthetic_target_1_noise,regression,50.564927101135254,19.217684574743668,15.314906349381854,0.779547500758344,1.9251592637810226,1.530000024830068,10,"f13,f14,f18,f19,f20,f21,f23,f5,f7,f9,synthetic_target_1"
pol_synthetic_target_1_noise,regression,50.564927101135254,19.191800245988727,15.316885892231138,0.7801409564428241,1.421927963031699,1.1262876512161455,11,"f13,f14,f18,f19,f20,f21,f23,f5,f7,f9,foo,synthetic_target_1"
pol_synthetic_target_1_noise,regression,50.564927101135254,18.487624496802347,14.777453385317848,0.7959788796598346,1.1819252784317023,0.958654114236257,12,"f13,f14,f15,f18,f19,f20,f21,f23,f5,f7,f9,foo,synthetic_target_1"
pol_synthetic_target_1_noise,regression,50.564927101135254,18.44416918777113,14.723916068031025,0.796936859011587,1.6796979701929402,1.3549744976550961,13,"f13,f14,f15,f18,f19,f20,f21,f22,f23,f5,f7,f9,foo,synthetic_target_1"
pol_synthetic_target_1_noise,regression,50.564927101135254,18.530720572464645,14.778761560361925,0.7950265931560964,1.2723217340792452,1.0187129249860032,14,"f13,f14,f15,f16,f18,f19,f20,f21,f22,f23,f5,f7,f9,foo,synthetic_target_1"
pol_synthetic_target_1_noise,regression,50.564927101135254,18.553562358071545,14.811573346626343,0.794520963146671,1.7721195832250913,1.440020644972975,15,"f13,f14,f15,f16,f18,f19,f20,f21,f22,f23,f5,f7,f9,foo,synthetic_target_1,synthetic_target_2"
pol_synthetic_target_1_noise,regression,50.564927101135254,18.40245457081482,14.715388805723135,0.7978543437835446,1.4824763780461545,1.225074471747229,16,"f13,f14,f15,f16,f18,f19,f20,f21,f22,f23,f24,f5,f7,f9,foo,synthetic_target_1,synthetic_target_2"
pol_synthetic_target_1_noise,regression,50.564927101135254,18.532481123974563,14.806992933907487,0.7949876434151035,2.2304286881922835,1.8080803459254646,17,"f13,f14,f15,f16,f18,f19,f20,f21,f22,f23,f24,f5,f6_shuffled_1,f7,f9,foo,synthetic_target_1,synthetic_target_2"
pol_synthetic_target_1_noise,regression,50.564927101135254,18.448942380830566,14.737032732457102,0.7968317434074778,1.762132013300537,1.438887175180831,18,"f13,f14,f15,f16,f18,f19,f20,f21,f22,f23,f24,f5,f5_shuffled_2,f6_shuffled_1,f7,f9,foo,synthetic_target_1,synthetic_target_2"
pol_synthetic_target_1_noise,regression,50.564927101135254,18.540009031743523,14.78270385617233,0.7948210572414316,2.1090612485903897,1.6841369669097652,19,"f13,f14,f15,f15_shuffled_2,f16,f18,f19,f20,f21,f22,f23,f24,f5,f5_shuffled_2,f6_shuffled_1,f7,f9,foo,synthetic_target_1,synthetic_target_2"
pol_synthetic_target_1_noise,regression,50.564927101135254,18.56414669217968,14.822487863114695,0.7942864551759623,2.42850570803823,1.958213193134739,20,"f13,f14,f15,f15_shuffled_2,f16,f17_shuffled_1,f18,f19,f20,f21,f22,f23,f24,f5,f5_shuffled_2,f6_shuffled_1,f7,f9,foo,synthetic_target_1,synthetic_target_2"
pol_synthetic_target_1_noise,regression,50.564927101135254,18.658709446615546,14.923209768332681,0.7921853745766446,3.8279437709331585,3.098377634666372,21,"f13,f14,f15,f15_shuffled_2,f16,f17_shuffled_1,f17_shuffled_2,f18,f19,f20,f21,f22,f23,f24,f5,f5_shuffled_2,f6_shuffled_1,f7,f9,foo,synthetic_target_1,synthetic_target_2"
pol_synthetic_target_1_noise,regression,50.564927101135254,18.56090523196542,14.822881229550166,0.7943582876244502,1.6202264114589902,1.3424561668493151,22,"f13,f14,f15,f15_shuffled_1,f15_shuffled_2,f16,f17_shuffled_1,f17_shuffled_2,f18,f19,f20,f21,f22,f23,f24,f5,f5_shuffled_2,f6_shuffled_1,f7,f9,foo,synthetic_target_1,synthetic_target_2"
pol_synthetic_target_1_noise,regression,50.564927101135254,18.57578085094821,14.835568337908127,0.7940285328460694,2.9621242852702263,2.375011571997284,23,"f13,f14,f15,f15_shuffled_1,f15_shuffled_2,f16,f17_shuffled_1,f17_shuffled_2,f18,f19,f20,f20_shuffled_1,f21,f22,f23,f24,f5,f5_shuffled_2,f6_shuffled_1,f7,f9,foo,synthetic_target_1,synthetic_target_2"
pol_synthetic_target_1_noise,regression,50.564927101135254,18.490520858348276,14.786656417329295,0.7959149487620889,2.1501265920005252,1.7757999899497001,24,"f13,f14,f15,f15_shuffled_1,f15_shuffled_2,f16,f17_shuffled_1,f17_shuffled_2,f18,f18_shuffled_1,f19,f20,f20_shuffled_1,f21,f22,f23,f24,f5,f5_shuffled_2,f6_shuffled_1,f7,f9,foo,synthetic_target_1,synthetic_target_2"
pol_synthetic_target_1_noise,regression,50.564927101135254,18.525727625163736,14.800142373077877,0.7951370350073237,1.6859740229544364,1.3831329539295236,25,"f13,f14,f15,f15_shuffled_1,f15_shuffled_2,f16,f17_shuffled_1,f17_shuffled_2,f18,f18_shuffled_1,f19,f20,f20_shuffled_1,f21,f22,f23,f23_shuffled_2,f24,f5,f5_shuffled_2,f6_shuffled_1,f7,f9,foo,synthetic_target_1,synthetic_target_2"
pol_synthetic_target_1_noise,regression,50.564927101135254,18.570164675860248,14.816494350782182,0.7941530602577105,2.6895700524087633,2.144768538523776,26,"f13,f13_shuffled_1,f14,f15,f15_shuffled_1,f15_shuffled_2,f16,f17_shuffled_1,f17_shuffled_2,f18,f18_shuffled_1,f19,f20,f20_shuffled_1,f21,f22,f23,f23_shuffled_2,f24,f5,f5_shuffled_2,f6_shuffled_1,f7,f9,foo,synthetic_target_1,synthetic_target_2"
pol_synthetic_target_1_noise,regression,50.564927101135254,18.54569930449453,14.815068563641239,0.7946950914652045,1.7363175053970892,1.4214449044496966,27,"f13,f13_shuffled_1,f14,f15,f15_shuffled_1,f15_shuffled_2,f16,f17_shuffled_1,f17_shuffled_2,f18,f18_shuffled_1,f19,f20,f20_shuffled_1,f21,f21_shuffled_2,f22,f23,f23_shuffled_2,f24,f5,f5_shuffled_2,f6_shuffled_1,f7,f9,foo,synthetic_target_1,synthetic_target_2"
pol_synthetic_target_1_noise,regression,50.564927101135254,18.513874659890735,14.803564928580695,0.7953990983231132,3.154226151933212,2.569193828061561,28,"f13,f13_shuffled_1,f14,f15,f15_shuffled_1,f15_shuffled_2,f16,f17_shuffled_1,f17_shuffled_2,f18,f18_shuffled_1,f19,f20,f20_shuffled_1,f21,f21_shuffled_2,f22,f23,f23_shuffled_2,f24,f5,f5_shuffled_2,f6_shuffled_1,f7,f8_shuffled_2,f9,foo,synthetic_target_1,synthetic_target_2"
pol_synthetic_target_1_noise,regression,50.564927101135254,18.57497248789256,14.84323918551882,0.7940464589944359,2.722539209224312,2.190598895615386,29,"f13,f13_shuffled_1,f14,f15,f15_shuffled_1,f15_shuffled_2,f16,f17_shuffled_1,f17_shuffled_2,f18,f18_shuffled_1,f19,f20,f20_shuffled_1,f21,f21_shuffled_2,f22,f23,f23_shuffled_2,f24,f31,f5,f5_shuffled_2,f6_shuffled_1,f7,f8_shuffled_2,f9,foo,synthetic_target_1,synthetic_target_2"
pol_synthetic_target_1_noise,regression,50.564927101135254,18.556467368560277,14.845858841116147,0.7944566126487115,1.7904115745958187,1.504593753015433,30,"f13,f13_shuffled_1,f13_shuffled_2,f14,f15,f15_shuffled_1,f15_shuffled_2,f16,f17_shuffled_1,f17_shuffled_2,f18,f18_shuffled_1,f19,f20,f20_shuffled_1,f21,f21_shuffled_2,f22,f23,f23_shuffled_2,f24,f31,f5,f5_shuffled_2,f6_shuffled_1,f7,f8_shuffled_2,f9,foo,synthetic_target_1,synthetic_target_2"
pol_synthetic_target_1_noise,regression,50.564927101135254,18.53462478488577,14.819529477010878,0.7949402129184052,2.155241497956684,1.7837492736817264,31,"f13,f13_shuffled_1,f13_shuffled_2,f14,f15,f15_shuffled_1,f15_shuffled_2,f16,f17_shuffled_1,f17_shuffled_2,f18,f18_shuffled_1,f19,f20,f20_shuffled_1,f21,f21_shuffled_2,f22,f22_shuffled_2,f23,f23_shuffled_2,f24,f31,f5,f5_shuffled_2,f6_shuffled_1,f7,f8_shuffled_2,f9,foo,synthetic_target_1,synthetic_target_2"
pol_synthetic_target_1_noise,regression,50.564927101135254,18.62983516647717,14.89046163186737,0.792828061559372,3.513125210929907,2.828878805621777,32,"f13,f13_shuffled_1,f13_shuffled_2,f14,f15,f15_shuffled_1,f15_shuffled_2,f16,f17_shuffled_1,f17_shuffled_2,f18,f18_shuffled_1,f19,f20,f20_shuffled_1,f21,f21_shuffled_2,f22,f22_shuffled_2,f23,f23_shuffled_2,f24,f28,f31,f5,f5_shuffled_2,f6_shuffled_1,f7,f8_shuffled_2,f9,foo,synthetic_target_1,synthetic_target_2"
pol_synthetic_target_1_noise,regression,50.564927101135254,18.60904811903096,14.854545625781126,0.7932901258017236,2.215930949068902,1.798285879757966,33,"f13,f13_shuffled_1,f13_shuffled_2,f14,f15,f15_shuffled_1,f15_shuffled_2,f16,f17_shuffled_1,f17_shuffled_2,f18,f18_shuffled_1,f19,f20,f20_shuffled_1,f21,f21_shuffled_2,f22,f22_shuffled_2,f23,f23_shuffled_2,f24,f28,f30,f31,f5,f5_shuffled_2,f6_shuffled_1,f7,f8_shuffled_2,f9,foo,synthetic_target_1,synthetic_target_2"
pol_synthetic_target_1_noise,regression,50.564927101135254,18.63312332768443,14.892379907173298,0.7927549235157727,2.9830773819229375,2.408102966315692,34,"f13,f13_shuffled_1,f13_shuffled_2,f14,f15,f15_shuffled_1,f15_shuffled_2,f16,f17_shuffled_1,f17_shuffled_2,f18,f18_shuffled_1,f19,f20,f20_shuffled_1,f21,f21_shuffled_2,f22,f22_shuffled_2,f23,f23_shuffled_2,f24,f28,f30,f31,f5,f5_shuffled_2,f6_shuffled_1,f7,f8_shuffled_2,f9,foo,noise_categorical_1,synthetic_target_1,synthetic_target_2"
pol_synthetic_target_1_noise,regression,50.564927101135254,18.54632846179864,14.822999785441445,0.7946811614136422,2.3188823306222694,1.9088722017063215,35,"f13,f13_shuffled_1,f13_shuffled_2,f14,f15,f15_shuffled_1,f15_shuffled_2,f16,f17_shuffled_1,f17_shuffled_2,f18,f18_shuffled_1,f19,f20,f20_shuffled_1,f21,f21_shuffled_2,f22,f22_shuffled_2,f23,f23_shuffled_2,f24,f28,f30,f31,f5,f5_shuffled_2,f6_shuffled_1,f7,f8_shuffled_2,f9,foo,noise_categorical_1,noise_categorical_2,synthetic_target_1,synthetic_target_2"
pol_synthetic_target_1_noise,regression,50.564927101135254,18.614966166033366,14.861051420058905,0.7931586292025021,3.227558604613227,2.589686503632336,36,"f13,f13_shuffled_1,f13_shuffled_2,f14,f15,f15_shuffled_1,f15_shuffled_2,f16,f17_shuffled_1,f17_shuffled_2,f18,f18_shuffled_1,f19,f20,f20_shuffled_1,f21,f21_shuffled_2,f22,f22_shuffled_2,f23,f23_shuffled_2,f24,f26,f28,f30,f31,f5,f5_shuffled_2,f6_shuffled_1,f7,f8_shuffled_2,f9,foo,noise_categorical_1,noise_categorical_2,synthetic_target_1,synthetic_target_2"
pol_synthetic_target_1_noise,regression,50.564927101135254,18.58593472774918,14.86595450628155,0.7938032954231241,1.9947824363929314,1.6543388992316572,37,"f13,f13_shuffled_1,f13_shuffled_2,f14,f15,f15_shuffled_1,f15_shuffled_2,f16,f17_shuffled_1,f17_shuffled_2,f18,f18_shuffled_1,f19,f20,f20_shuffled_1,f21,f21_shuffled_2,f22,f22_shuffled_2,f23,f23_shuffled_2,f24,f26,f26_shuffled_2,f28,f30,f31,f5,f5_shuffled_2,f6_shuffled_1,f7,f8_shuffled_2,f9,foo,noise_categorical_1,noise_categorical_2,synthetic_target_1,synthetic_target_2"
pol_synthetic_target_1_noise,regression,50.564927101135254,18.56086996567498,14.83034887468771,0.7943590690748562,2.7593717022352706,2.244575632374916,38,"f13,f13_shuffled_1,f13_shuffled_2,f14,f15,f15_shuffled_1,f15_shuffled_2,f16,f17_shuffled_1,f17_shuffled_2,f18,f18_shuffled_1,f19,f20,f20_shuffled_1,f21,f21_shuffled_2,f22,f22_shuffled_2,f23,f23_shuffled_2,f24,f24_shuffled_1,f26,f26_shuffled_2,f28,f30,f31,f5,f5_shuffled_2,f6_shuffled_1,f7,f8_shuffled_2,f9,foo,noise_categorical_1,noise_categorical_2,synthetic_target_1,synthetic_target_2"
pol_synthetic_target_1_noise,regression,50.564927101135254,18.648971947625192,14.86148682107802,0.792402224158884,3.6100853471542926,2.844097488373814,39,"f13,f13_shuffled_1,f13_shuffled_2,f14,f15,f15_shuffled_1,f15_shuffled_2,f16,f17_shuffled_1,f17_shuffled_2,f18,f18_shuffled_1,f19,f20,f20_shuffled_1,f21,f21_shuffled_2,f22,f22_shuffled_2,f23,f23_shuffled_2,f24,f24_shuffled_1,f24_shuffled_2,f26,f26_shuffled_2,f28,f30,f31,f5,f5_shuffled_2,f6_shuffled_1,f7,f8_shuffled_2,f9,foo,noise_categorical_1,noise_categorical_2,synthetic_target_1,synthetic_target_2"
pol_synthetic_target_1_noise,regression,50.564927101135254,18.53684438854069,14.820693857171323,0.7948910963367242,3.6168910137270753,2.891587203721265,40,"f13,f13_shuffled_1,f13_shuffled_2,f14,f15,f15_shuffled_1,f15_shuffled_2,f16,f17,f17_shuffled_1,f17_shuffled_2,f18,f18_shuffled_1,f19,f20,f20_shuffled_1,f21,f21_shuffled_2,f22,f22_shuffled_2,f23,f23_shuffled_2,f24,f24_shuffled_1,f24_shuffled_2,f26,f26_shuffled_2,f28,f30,f31,f5,f5_shuffled_2,f6_shuffled_1,f7,f8_shuffled_2,f9,foo,noise_categorical_1,noise_categorical_2,synthetic_target_1,synthetic_target_2"
pol_synthetic_target_1_clean,regression,49.76045346260071,34.446062049802045,27.970015580190395,0.29174106171219616,0.42041905476772,0.3486179944298229,1,"f13,synthetic_target_1"
pol_synthetic_target_1_clean,regression,49.76045346260071,33.65409955054384,27.224500495995546,0.3239343741833951,0.3420789531641262,0.22250923390751254,2,"f13,f21,synthetic_target_1"
pol_synthetic_target_1_clean,regression,49.76045346260071,26.124570740577003,20.585909240889205,0.5926091868218428,0.4503198042734624,0.24543493861607857,3,"f13,f21,f5,synthetic_target_1"
pol_synthetic_target_1_clean,regression,49.76045346260071,25.2692311770136,20.025434429604182,0.6188490890164474,0.3333113814610549,0.2819713467302982,4,"f13,f21,f5,f9,synthetic_target_1"
pol_synthetic_target_1_clean,regression,49.76045346260071,24.055888664413118,19.05947205787395,0.654573449949156,0.4650682484222095,0.44098209388326737,5,"f13,f14,f21,f5,f9,synthetic_target_1"
pol_synthetic_target_1_clean,regression,49.76045346260071,22.757236742198256,18.0595727144509,0.6908623082337514,1.613783230184179,1.4202125237440306,6,"f13,f14,f21,f5,f7,f9,synthetic_target_1"
pol_synthetic_target_1_clean,regression,49.76045346260071,20.6932763963957,16.519169450774843,0.7443937775213916,1.1067353302250744,0.9461869772938627,7,"f13,f14,f18,f21,f5,f7,f9,synthetic_target_1"
pol_synthetic_target_1_clean,regression,49.76045346260071,20.20863455372947,16.16600749157536,0.7562263019839468,0.9397277096781025,0.8127538458459664,8,"f13,f14,f18,f20,f21,f5,f7,f9,synthetic_target_1"
pol_synthetic_target_1_clean,regression,49.76045346260071,19.19959037825514,15.26822589128834,0.7799624345101092,1.1509644381005906,0.8625491000534034,9,"f13,f14,f18,f20,f21,f5,f6,f7,f9,synthetic_target_1"
pol_synthetic_target_1_clean,regression,49.76045346260071,19.001795602681877,15.1496194581293,0.7844727491665114,1.4556676711617094,1.1349973506078896,10,"f13,f14,f16,f18,f20,f21,f5,f6,f7,f9,synthetic_target_1"
pol_synthetic_target_1_clean,regression,49.76045346260071,18.483690167843648,14.734936138543937,0.7960657053948272,1.3448521972234495,1.0668566903005132,11,"f13,f14,f15,f16,f18,f20,f21,f5,f6,f7,f9,synthetic_target_1"
pol_synthetic_target_1_clean,regression,49.76045346260071,18.47756746570085,14.762350209225602,0.7962007890418423,1.353806688791689,1.1302117094075612,12,"f13,f14,f15,f16,f18,f20,f21,f23,f5,f6,f7,f9,synthetic_target_1"
pol_synthetic_target_1_clean,regression,49.76045346260071,18.53763755816374,14.791961049090773,0.7948735432269318,1.3734704602479688,1.1180283739795929,13,"f13,f14,f15,f16,f18,f20,f21,f23,f5,f6,f7,f9,synthetic_target_1,synthetic_target_2"
pol_synthetic_target_1_clean,regression,49.76045346260071,18.513305581586856,14.776682528987372,0.7954116761488539,1.6810228550617978,1.3588291422094851,14,"f13,f14,f15,f16,f18,f19,f20,f21,f23,f5,f6,f7,f9,synthetic_target_1,synthetic_target_2"
pol_synthetic_target_1_clean,regression,49.76045346260071,18.444034352979955,14.739656014892267,0.7969398279581252,1.1228786266950515,0.9294989910626352,15,"f13,f14,f15,f16,f17,f18,f19,f20,f21,f23,f5,f6,f7,f9,synthetic_target_1,synthetic_target_2"
pol_synthetic_target_1_clean,regression,49.76045346260071,18.425001316710418,14.714463913612155,0.7973587013356618,1.953399405046433,1.582036022630648,16,"f13,f14,f15,f16,f17,f18,f19,f20,f21,f22,f23,f5,f6,f7,f9,synthetic_target_1,synthetic_target_2"
pol_synthetic_target_1_clean,regression,49.76045346260071,18.37490373618392,14.669616198510475,0.7984591666412768,1.8044514330973023,1.4492382445989787,17,"f13,f14,f15,f16,f17,f18,f19,f20,f21,f22,f23,f5,f6,f7,f8,f9,synthetic_target_1,synthetic_target_2"
pol_synthetic_target_2_noise,regression,1835.8499886989594,28.682111863902858,20.944340769443386,0.29200442134654603,-0.1489069257444413,0.050471103229501324,1,"f9,synthetic_target_2"
pol_synthetic_target_2_noise,regression,1835.8499886989594,26.466502800392878,19.47528241984641,0.3971609002276264,0.14885843530258924,0.29763573391985076,2,"f28,f9,synthetic_target_2"
pol_synthetic_target_2_noise,regression,1835.8499886989594,25.47308769795475,18.816053733164345,0.44156648303223367,-0.14909929766123042,0.05390756210409009,3,"f28,f30,f9,synthetic_target_2"
pol_synthetic_target_2_noise,regression,1835.8499886989594,25.43914589194625,18.81558844930362,0.4430536693887065,-0.022542281483143967,0.14348301306467448,4,"f28,f30,f31,f9,synthetic_target_2"
pol_synthetic_target_2_noise,regression,1835.8499886989594,24.51666186333846,17.978871201422383,0.48271370834241756,0.3698240835782798,0.36128939640359903,5,"f28,f29,f30,f31,f9,synthetic_target_2"
pol_synthetic_target_2_noise,regression,1835.8499886989594,20.848675417076322,15.199835518585417,0.6259193611436427,0.8879340444558821,0.7734078009778713,6,"f26,f28,f29,f30,f31,f9,synthetic_target_2"
pol_synthetic_target_2_noise,regression,1835.8499886989594,20.320566565851276,14.920648347333307,0.6446306891610163,0.9472004818078084,0.8610753438820904,7,"f26,f28,f29,f30,f31,f8,f9,synthetic_target_2"
pol_synthetic_target_2_noise,regression,1835.8499886989594,20.439112204358338,15.00860464038861,0.6404723048095012,0.9600268341414377,0.7926886981185781,8,"f26,f28,f29,f30,f31,f8,f9,noise_numeric_2,synthetic_target_2"
pol_synthetic_target_2_noise,regression,1835.8499886989594,18.718020091820293,14.24233860441438,0.698471676349832,2.6335240429372213,1.8261532568463466,9,"f26,f28,f29,f30,f31,f7,f8,f9,noise_numeric_2,synthetic_target_2"
pol_synthetic_target_2_noise,regression,1835.8499886989594,18.73044459830917,14.245549129710406,0.6980712510960632,2.8303792365027025,1.9490266190007635,10,"f26,f28,f29,f30,f31,f33,f7,f8,f9,noise_numeric_2,synthetic_target_2"
pol_synthetic_target_2_noise,regression,1835.8499886989594,18.65194419998746,14.247803808721843,0.7005967501231164,3.2808595026153338,2.360441576967034,11,"f26,f28,f29,f30,f31,f33,f7,f8,f9,noise_numeric_2,synthetic_target_1,synthetic_target_2"
pol_synthetic_target_2_noise,regression,1835.8499886989594,18.644933668936215,14.220656490861414,0.7008217755999728,3.4281576662255944,2.4587656823061437,12,"f16_shuffled_1,f26,f28,f29,f30,f31,f33,f7,f8,f9,noise_numeric_2,synthetic_target_1,synthetic_target_2"
pol_synthetic_target_2_noise,regression,1835.8499886989594,18.674185095374952,14.214927963965893,0.6998822973628054,3.4882260571814925,2.4461311228705416,13,"f16_shuffled_1,f18,f26,f28,f29,f30,f31,f33,f7,f8,f9,noise_numeric_2,synthetic_target_1,synthetic_target_2"
pol_synthetic_target_2_noise,regression,1835.8499886989594,16.47562540551329,12.863369980295397,0.7663896321128911,2.785436304165298,2.0158746539990613,14,"f16_shuffled_1,f18,f25,f26,f28,f29,f30,f31,f33,f7,f8,f9,noise_numeric_2,synthetic_target_1,synthetic_target_2"
pol_synthetic_target_2_noise,regression,1835.8499886989594,16.50997320185797,12.876186646738143,0.7654145716561951,3.025543349877573,2.2137585508205824,15,"f16_shuffled_1,f18,f25,f26,f28,f29,f30,f31,f33,f6,f7,f8,f9,noise_numeric_2,synthetic_target_1,synthetic_target_2"
pol_synthetic_target_2_noise,regression,1835.8499886989594,16.47836973271528,12.877390159209089,0.7663118011759256,2.706048831279791,1.9884149253058645,16,"f16_shuffled_1,f18,f19,f25,f26,f28,f29,f30,f31,f33,f6,f7,f8,f9,noise_numeric_2,synthetic_target_1,synthetic_target_2"
pol_synthetic_target_2_noise,regression,1835.8499886989594,16.478561691870656,12.884699021156338,0.7663063566020657,2.917344448323899,2.202658046661579,17,"f14_shuffled_2,f16_shuffled_1,f18,f19,f25,f26,f28,f29,f30,f31,f33,f6,f7,f8,f9,noise_numeric_2,synthetic_target_1,synthetic_target_2"
pol_synthetic_target_2_noise,regression,1835.8499886989594,16.4774673099937,12.886926451626474,0.7663373959124594,2.916929797151491,2.1676360606547416,18,"f14,f14_shuffled_2,f16_shuffled_1,f18,f19,f25,f26,f28,f29,f30,f31,f33,f6,f7,f8,f9,noise_numeric_2,synthetic_target_1,synthetic_target_2"
pol_synthetic_target_2_noise,regression,1835.8499886989594,16.460367668347327,12.880078517093478,0.7668221152583882,2.861900079701339,2.1325141940444574,19,"f14,f14_shuffled_2,f16_shuffled_1,f18,f19,f25,f26,f28,f29,f30,f31,f33,f5,f6,f7,f8,f9,noise_numeric_2,synthetic_target_1,synthetic_target_2"
pol_synthetic_target_2_noise,regression,1835.8499886989594,16.454101557032647,12.87318367765952,0.7669996131737432,2.8259776952920603,2.105727014044165,20,"f14,f14_shuffled_2,f16_shuffled_1,f18,f18_shuffled_1,f19,f25,f26,f28,f29,f30,f31,f33,f5,f6,f7,f8,f9,noise_numeric_2,synthetic_target_1,synthetic_target_2"
pol_synthetic_target_2_noise,regression,1835.8499886989594,16.4733946217003,12.879910057587802,0.7664528890678008,2.9099164691735435,2.1407173527849856,21,"f14,f14_shuffled_2,f16_shuffled_1,f18,f18_shuffled_1,f19,f22,f25,f26,f28,f29,f30,f31,f33,f5,f6,f7,f8,f9,noise_numeric_2,synthetic_target_1,synthetic_target_2"
pol_synthetic_target_2_noise,regression,1835.8499886989594,16.503051089161012,12.88294555584512,0.7656112390090071,2.832475341798739,2.0758073063690556,22,"f14,f14_shuffled_2,f16_shuffled_1,f18,f18_shuffled_1,f19,f22,f25,f26,f26_shuffled_1,f28,f29,f30,f31,f33,f5,f6,f7,f8,f9,noise_numeric_2,synthetic_target_1,synthetic_target_2"
pol_synthetic_target_2_noise,regression,1835.8499886989594,16.48334393259228,12.870689462751116,0.7661706965311214,2.844023533114358,2.100372612922543,23,"f14,f14_shuffled_2,f16_shuffled_1,f18,f18_shuffled_1,f19,f22,f23,f25,f26,f26_shuffled_1,f28,f29,f30,f31,f33,f5,f6,f7,f8,f9,noise_numeric_2,synthetic_target_1,synthetic_target_2"
pol_synthetic_target_2_noise,regression,1835.8499886989594,16.51083304474307,12.88184608619348,0.7653901365027875,2.883943728774078,2.0981739187530835,24,"f14,f14_shuffled_2,f16_shuffled_1,f18,f18_shuffled_1,f19,f22,f23,f25,f26,f26_shuffled_1,f28,f29,f30,f31,f33,f5,f6,f7,f7_shuffled_1,f8,f9,noise_numeric_2,synthetic_target_1,synthetic_target_2"
pol_synthetic_target_2_noise,regression,1835.8499886989594,16.502949916458775,12.877160390195026,0.7656141128620305,2.6990503710228495,1.9598701949932256,25,"f14,f14_shuffled_2,f16_shuffled_1,f18,f18_shuffled_1,f19,f22,f23,f25,f26,f26_shuffled_1,f28,f29,f30,f31,f33,f5,f6,f7,f7_shuffled_1,f7_shuffled_2,f8,f9,noise_numeric_2,synthetic_target_1,synthetic_target_2"
pol_synthetic_target_2_noise,regression,1835.8499886989594,16.477675334756523,12.872698356288934,0.7663314959869779,2.8749639281741484,2.1294305157991253,26,"f14,f14_shuffled_2,f16_shuffled_1,f18,f18_shuffled_1,f19,f19_shuffled_2,f22,f23,f25,f26,f26_shuffled_1,f28,f29,f30,f31,f33,f5,f6,f7,f7_shuffled_1,f7_shuffled_2,f8,f9,noise_numeric_2,synthetic_target_1,synthetic_target_2"
pol_synthetic_target_2_noise,regression,1835.8499886989594,16.483419796237143,12.860821905237719,0.7661685441542576,2.9869117344474283,2.201409147909951,27,"f14,f14_shuffled_2,f16_shuffled_1,f18,f18_shuffled_1,f19,f19_shuffled_2,f21_shuffled_2,f22,f23,f25,f26,f26_shuffled_1,f28,f29,f30,f31,f33,f5,f6,f7,f7_shuffled_1,f7_shuffled_2,f8,f9,noise_numeric_2,synthetic_target_1,synthetic_target_2"
pol_synthetic_target_2_noise,regression,1835.8499886989594,16.513283408378673,12.879330780467017,0.765320494694251,3.1602094521153568,2.3421822598998663,28,"f14,f14_shuffled_2,f16_shuffled_1,f18,f18_shuffled_1,f19,f19_shuffled_2,f21_shuffled_2,f22,f23,f25,f26,f26_shuffled_1,f28,f29,f30,f31,f32,f33,f5,f6,f7,f7_shuffled_1,f7_shuffled_2,f8,f9,noise_numeric_2,synthetic_target_1,synthetic_target_2"
pol_synthetic_target_2_noise,regression,1835.8499886989594,16.48066944677196,12.876365148525124,0.7662465697792272,3.7765667342328832,2.8627556889941452,29,"f14,f14_shuffled_2,f16_shuffled_1,f18,f18_shuffled_1,f19,f19_shuffled_2,f21_shuffled_2,f22,f23,f25,f26,f26_shuffled_1,f28,f29,f30,f31,f32,f33,f5,f6,f6_shuffled_2,f7,f7_shuffled_1,f7_shuffled_2,f8,f9,noise_numeric_2,synthetic_target_1,synthetic_target_2"
pol_synthetic_target_2_noise,regression,1835.8499886989594,16.47942335515374,12.860851603651842,0.7662819163019399,2.9891839716456285,2.220547907633547,30,"f14,f14_shuffled_2,f16_shuffled_1,f18,f18_shuffled_1,f19,f19_shuffled_2,f21_shuffled_2,f22,f23,f25,f26,f26_shuffled_1,f28,f29,f30,f31,f32,f33,f5,f6,f6_shuffled_2,f7,f7_shuffled_1,f7_shuffled_2,f8,f9,f9_shuffled_1,noise_numeric_2,synthetic_target_1,synthetic_target_2"
pol_synthetic_target_2_noise,regression,1835.8499886989594,16.50128478716016,12.866797199157693,0.7656614090266897,3.331406855539175,2.466302724517311,31,"f14,f14_shuffled_2,f16_shuffled_1,f18,f18_shuffled_1,f19,f19_shuffled_2,f21_shuffled_2,f22,f23,f23_shuffled_2,f25,f26,f26_shuffled_1,f28,f29,f30,f31,f32,f33,f5,f6,f6_shuffled_2,f7,f7_shuffled_1,f7_shuffled_2,f8,f9,f9_shuffled_1,noise_numeric_2,synthetic_target_1,synthetic_target_2"
pol_synthetic_target_2_noise,regression,1835.8499886989594,16.496292098463385,12.865660024673488,0.7658031922457315,3.3281742467986515,2.477536378452019,32,"f13,f14,f14_shuffled_2,f16_shuffled_1,f18,f18_shuffled_1,f19,f19_shuffled_2,f21_shuffled_2,f22,f23,f23_shuffled_2,f25,f26,f26_shuffled_1,f28,f29,f30,f31,f32,f33,f5,f6,f6_shuffled_2,f7,f7_shuffled_1,f7_shuffled_2,f8,f9,f9_shuffled_1,noise_numeric_2,synthetic_target_1,synthetic_target_2"
pol_synthetic_target_2_noise,regression,1835.8499886989594,16.45711114198925,12.847074110548686,0.7669143701615615,3.2472809310068715,2.4240248765737746,33,"f13,f14,f14_shuffled_2,f16_shuffled_1,f18,f18_shuffled_1,f19,f19_shuffled_2,f21_shuffled_2,f22,f23,f23_shuffled_2,f25,f25_shuffled_1,f26,f26_shuffled_1,f28,f29,f30,f31,f32,f33,f5,f6,f6_shuffled_2,f7,f7_shuffled_1,f7_shuffled_2,f8,f9,f9_shuffled_1,noise_numeric_2,synthetic_target_1,synthetic_target_2"
pol_synthetic_target_2_noise,regression,1835.8499886989594,16.461683288372182,12.848654992773369,0.7667848395716756,3.117165235294282,2.3335503832844164,34,"f13,f14,f14_shuffled_2,f16_shuffled_1,f18,f18_shuffled_1,f19,f19_shuffled_2,f21_shuffled_2,f22,f23,f23_shuffled_2,f24,f25,f25_shuffled_1,f26,f26_shuffled_1,f28,f29,f30,f31,f32,f33,f5,f6,f6_shuffled_2,f7,f7_shuffled_1,f7_shuffled_2,f8,f9,f9_shuffled_1,noise_numeric_2,synthetic_target_1,synthetic_target_2"
pol_synthetic_target_2_noise,regression,1835.8499886989594,16.483743094561383,12.856418975948074,0.7661593715359382,3.1196202335941994,2.3154839095628095,35,"f13,f14,f14_shuffled_2,f16_shuffled_1,f18,f18_shuffled_1,f19,f19_shuffled_2,f21_shuffled_2,f22,f23,f23_shuffled_2,f24,f25,f25_shuffled_1,f26,f26_shuffled_1,f28,f29,f30,f31,f31_shuffled_2,f32,f33,f5,f6,f6_shuffled_2,f7,f7_shuffled_1,f7_shuffled_2,f8,f9,f9_shuffled_1,noise_numeric_2,synthetic_target_1,synthetic_target_2"
pol_synthetic_target_2_noise,regression,1835.8499886989594,16.460531503027557,12.84569671788326,0.7668174734648301,3.022527520189197,2.2511195750122805,36,"f13,f14,f14_shuffled_2,f15_shuffled_2,f16_shuffled_1,f18,f18_shuffled_1,f19,f19_shuffled_2,f21_shuffled_2,f22,f23,f23_shuffled_2,f24,f25,f25_shuffled_1,f26,f26_shuffled_1,f28,f29,f30,f31,f31_shuffled_2,f32,f33,f5,f6,f6_shuffled_2,f7,f7_shuffled_1,f7_shuffled_2,f8,f9,f9_shuffled_1,noise_numeric_2,synthetic_target_1,synthetic_target_2"
pol_synthetic_target_2_noise,regression,1835.8499886989594,16.48258304457857,12.850727862779623,0.7661922836324468,3.159070458667106,2.318743834582163,37,"f13,f14,f14_shuffled_2,f15_shuffled_2,f16_shuffled_1,f18,f18_shuffled_1,f19,f19_shuffled_2,f20,f21_shuffled_2,f22,f23,f23_shuffled_2,f24,f25,f25_shuffled_1,f26,f26_shuffled_1,f28,f29,f30,f31,f31_shuffled_2,f32,f33,f5,f6,f6_shuffled_2,f7,f7_shuffled_1,f7_shuffled_2,f8,f9,f9_shuffled_1,noise_numeric_2,synthetic_target_1,synthetic_target_2"
pol_synthetic_target_2_noise,regression,1835.8499886989594,16.500225012478733,12.857526167945398,0.765691508274589,3.419160952076197,2.5153023959715934,38,"f13,f14,f14_shuffled_2,f15_shuffled_2,f16_shuffled_1,f17_shuffled_1,f18,f18_shuffled_1,f19,f19_shuffled_2,f20,f21_shuffled_2,f22,f23,f23_shuffled_2,f24,f25,f25_shuffled_1,f26,f26_shuffled_1,f28,f29,f30,f31,f31_shuffled_2,f32,f33,f5,f6,f6_shuffled_2,f7,f7_shuffled_1,f7_shuffled_2,f8,f9,f9_shuffled_1,noise_numeric_2,synthetic_target_1,synthetic_target_2"
pol_synthetic_target_2_noise,regression,1835.8499886989594,16.48346379999543,12.834441110385475,0.7661672956904407,3.21209979941011,2.3810277485491067,39,"f13,f14,f14_shuffled_2,f15_shuffled_2,f16_shuffled_1,f16_shuffled_2,f17_shuffled_1,f18,f18_shuffled_1,f19,f19_shuffled_2,f20,f21_shuffled_2,f22,f23,f23_shuffled_2,f24,f25,f25_shuffled_1,f26,f26_shuffled_1,f28,f29,f30,f31,f31_shuffled_2,f32,f33,f5,f6,f6_shuffled_2,f7,f7_shuffled_1,f7_shuffled_2,f8,f9,f9_shuffled_1,noise_numeric_2,synthetic_target_1,synthetic_target_2"
pol_synthetic_target_2_noise,regression,1835.8499886989594,16.50775633513606,12.82853388527773,0.7654775650613135,3.2413219108252633,2.3777070457694016,40,"f13,f14,f14_shuffled_2,f15_shuffled_2,f16_shuffled_1,f16_shuffled_2,f17_shuffled_1,f18,f18_shuffled_1,f19,f19_shuffled_2,f20,f21_shuffled_2,f22,f23,f23_shuffled_2,f24,f25,f25_shuffled_1,f26,f26_shuffled_1,f28,f29,f29_shuffled_2,f30,f31,f31_shuffled_2,f32,f33,f5,f6,f6_shuffled_2,f7,f7_shuffled_1,f7_shuffled_2,f8,f9,f9_shuffled_1,noise_numeric_2,synthetic_target_1,synthetic_target_2"
pol_synthetic_target_2_clean,regression,152.9272952079773,32.245121163383445,24.990001786134012,0.10517868344687165,0.21185199239712915,0.25638593802569787,1,"f7,synthetic_target_2"
pol_synthetic_target_2_clean,regression,152.9272952079773,26.803004588616066,19.693297546063892,0.38173415340357164,0.6576455986931684,0.5426910293822402,2,"f7,f9,synthetic_target_2"
pol_synthetic_target_2_clean,regression,152.9272952079773,22.29299027566355,16.386823836112132,0.5722943885427283,1.6201651869110378,0.9725814268686879,3,"f7,f8,f9,synthetic_target_2"
pol_synthetic_target_2_clean,regression,152.9272952079773,21.840147543152238,16.127826409113975,0.5894940739617762,3.1766925554433776,2.0880499852058385,4,"f6,f7,f8,f9,synthetic_target_2"
pol_synthetic_target_2_clean,regression,152.9272952079773,21.36755463142801,15.857322668254001,0.6070675093622111,2.885282859086967,1.913922130560609,5,"f22,f6,f7,f8,f9,synthetic_target_2"
pol_synthetic_target_2_clean,regression,152.9272952079773,20.564916804644447,15.36475717948707,0.6360328325220368,2.2593097417274883,1.5226215444258422,6,"f22,f23,f6,f7,f8,f9,synthetic_target_2"
pol_synthetic_target_2_clean,regression,152.9272952079773,20.72103091342365,15.393817251646203,0.6304859022396343,2.3543738306433717,1.5020785758042088,7,"f22,f23,f6,f7,f8,f9,synthetic_target_1,synthetic_target_2"
pol_synthetic_target_2_clean,regression,152.9272952079773,20.752750981883256,15.420332920926215,0.629353720749378,2.694717110719452,1.7644695431218853,8,"f19,f22,f23,f6,f7,f8,f9,synthetic_target_1,synthetic_target_2"
pol_synthetic_target_2_clean,regression,152.9272952079773,20.74066603530509,15.420985705473246,0.6297852718521988,2.4100368952344553,1.5528679335159339,9,"f19,f20,f22,f23,f6,f7,f8,f9,synthetic_target_1,synthetic_target_2"
pol_synthetic_target_2_clean,regression,152.9272952079773,20.790889921012326,15.511004449431304,0.6279901381228692,3.170998272513568,2.1848223505577966,10,"f19,f20,f21,f22,f23,f6,f7,f8,f9,synthetic_target_1,synthetic_target_2"
pol_synthetic_target_2_clean,regression,152.9272952079773,20.850958457539893,15.535318131954893,0.6258374290324573,3.468110420773275,2.3769648629025077,11,"f18,f19,f20,f21,f22,f23,f6,f7,f8,f9,synthetic_target_1,synthetic_target_2"
pol_synthetic_target_2_clean,regression,152.9272952079773,20.89863357644829,15.535861795877286,0.6241244489393499,3.2198552312483777,2.1225966180392426,12,"f18,f19,f20,f21,f22,f23,f5,f6,f7,f8,f9,synthetic_target_1,synthetic_target_2"
pol_synthetic_target_2_clean,regression,152.9272952079773,20.910024089706727,15.554584936010542,0.623714605664615,3.4751246950030925,2.321094079642428,13,"f14,f18,f19,f20,f21,f22,f23,f5,f6,f7,f8,f9,synthetic_target_1,synthetic_target_2"
pol_synthetic_target_2_clean,regression,152.9272952079773,20.870539229997313,15.527991052427906,0.6251343599411388,2.8406103542834416,1.8493314867300867,14,"f14,f16,f18,f19,f20,f21,f22,f23,f5,f6,f7,f8,f9,synthetic_target_1,synthetic_target_2"
pol_synthetic_target_2_clean,regression,152.9272952079773,20.82243859633683,15.520441707774342,0.6268602852903535,2.974784742851199,1.9577081302807198,15,"f14,f15,f16,f18,f19,f20,f21,f22,f23,f5,f6,f7,f8,f9,synthetic_target_1,synthetic_target_2"
pol_synthetic_target_2_clean,regression,152.9272952079773,20.89031909204198,15.548525626251168,0.6244234722909638,2.9698611000711708,1.8864282381200645,16,"f13,f14,f15,f16,f18,f19,f20,f21,f22,f23,f5,f6,f7,f8,f9,synthetic_target_1,synthetic_target_2"
pol_synthetic_target_2_clean,regression,152.9272952079773,21.058916860480725,15.699230105994493,0.6183367404018132,4.622519617040776,3.1966662588064647,17,"f13,f14,f15,f16,f17,f18,f19,f20,f21,f22,f23,f5,f6,f7,f8,f9,synthetic_target_1,synthetic_target_2"
appliances_synthetic_target_1_noise,regression,140.02335739135742,59.314339603536496,47.059495434659745,0.6423980852277789,0.30123218790885886,0.6896346759238909,1,"T4,synthetic_target_1"
appliances_synthetic_target_1_noise,regression,140.02335739135742,53.662453989298484,42.96410266503948,0.7073008272534012,5.271943777133309,4.7613716995991595,2,"RH_5,T4,synthetic_target_1"
appliances_synthetic_target_1_noise,regression,140.02335739135742,48.61909132595213,38.92955083186188,0.7597330074556643,7.791373073424062,6.4713073844169955,3,"RH_5,RH_6,T4,synthetic_target_1"
appliances_synthetic_target_1_noise,regression,140.02335739135742,46.750372901088426,37.29137337675762,0.7778478117810158,4.993541113632325,3.9981596280061993,4,"RH_3,RH_5,RH_6,T4,synthetic_target_1"
appliances_synthetic_target_1_noise,regression,140.02335739135742,46.481324729922875,37.106667072631204,0.7803974236564805,4.526334689726923,3.615612124814824,5,"RH_3,RH_5,RH_6,T4,T6,synthetic_target_1"
appliances_synthetic_target_1_noise,regression,140.02335739135742,46.30451357538155,36.90021395008036,0.7820649465022633,3.7451903135741205,2.996683067364124,6,"RH_2,RH_3,RH_5,RH_6,T4,T6,synthetic_target_1"
appliances_synthetic_target_1_noise,regression,140.02335739135742,46.29178993524806,36.922997316901075,0.7821846992435864,4.72681874257426,3.731218513511557,7,"RH_2,RH_3,RH_5,RH_6,T4,T6,T_out,synthetic_target_1"
appliances_synthetic_target_1_noise,regression,140.02335739135742,45.54442356077462,36.168898686662786,0.7891610444102524,2.7144060098935014,2.032821997304616,8,"RH_2,RH_3,RH_5,RH_6,T4,T6,T_out,lights,synthetic_target_1"
appliances_synthetic_target_1_noise,regression,140.02335739135742,45.510683167397715,36.20306576015184,0.7894733177342977,2.6906532659155715,2.095939750655454,9,"RH_2,RH_3,RH_5,RH_6,RH_out,T4,T6,T_out,lights,synthetic_target_1"
appliances_synthetic_target_1_noise,regression,140.02335739135742,45.36383892103897,36.114972692011705,0.7908296919062409,2.3763867644322048,1.888251981926679,10,"Press_mm_hg,RH_2,RH_3,RH_5,RH_6,RH_out,T4,T6,T_out,lights,synthetic_target_1"
appliances_synthetic_target_1_noise,regression,140.02335739135742,45.311583320522104,36.012856981453275,0.7913113100797426,2.8154655946400027,2.1468748823070882,11,"Press_mm_hg,RH_2,RH_3,RH_5,RH_6,RH_out,T4,T6,T_out,lights,synthetic_target_1,synthetic_target_2"
appliances_synthetic_target_1_noise,regression,140.02335739135742,45.43763357811235,36.11780715548229,0.7901486117185305,3.9949208295330294,3.1117262078322696,12,"Press_mm_hg,RH_2,RH_3,RH_5,RH_5_shuffled_1,RH_6,RH_out,T4,T6,T_out,lights,synthetic_target_1,synthetic_target_2"
appliances_synthetic_target_1_noise,regression,140.02335739135742,45.528740731141106,36.280105890807036,0.7893062205644734,4.707971459799644,3.7524190539116873,13,"Press_mm_hg,RH_2,RH_3,RH_5,RH_5_shuffled_1,RH_6,RH_out,T4,T6,T_out,lights,rv1_shuffled_1,synthetic_target_1,synthetic_target_2"
appliances_synthetic_target_1_noise,regression,140.02335739135742,45.53439665467194,36.20484807114026,0.7892538693724678,4.877120650949216,3.837804683231461,14,"Press_mm_hg,RH_2,RH_3,RH_5,RH_5_shuffled_1,RH_6,RH_out,T4,T6,T_out,lights,rv1_shuffled_1,rv2_shuffled_2,synthetic_target_1,synthetic_target_2"
appliances_synthetic_target_1_noise,regression,140.02335739135742,45.57615650733636,36.29777080544623,0.7888671391812325,5.762522780297559,4.579987884776255,15,"Press_mm_hg,RH_2,RH_3,RH_5,RH_5_shuffled_1,RH_6,RH_6_shuffled_2,RH_out,T4,T6,T_out,lights,rv1_shuffled_1,rv2_shuffled_2,synthetic_target_1,synthetic_target_2"
appliances_synthetic_target_1_noise,regression,140.02335739135742,45.570289464649974,36.23904051271962,0.7889214941716903,6.917193084838452,5.398901365546596,16,"Press_mm_hg,RH_2,RH_3,RH_5,RH_5_shuffled_1,RH_6,RH_6_shuffled_2,RH_out,T4,T6,T_out,lights,rv1_shuffled_1,rv2_shuffled_1,rv2_shuffled_2,synthetic_target_1,synthetic_target_2"
appliances_synthetic_target_1_noise,regression,140.02335739135742,45.61457175190777,36.279713194872194,0.7885110697234066,7.477889340917081,5.851614587889124,17,"Press_mm_hg,RH_2,RH_3,RH_5,RH_5_shuffled_1,RH_6,RH_6_shuffled_2,RH_out,T4,T6,T_out,T_out_shuffled_1,lights,rv1_shuffled_1,rv2_shuffled_1,rv2_shuffled_2,synthetic_target_1,synthetic_target_2"
appliances_synthetic_target_1_noise,regression,140.02335739135742,45.54468620176406,36.208671316793705,0.7891586127135815,6.481567526281346,5.0667712695619755,18,"Press_mm_hg,RH_2,RH_3,RH_5,RH_5_shuffled_1,RH_6,RH_6_shuffled_2,RH_out,RH_out_shuffled_2,T4,T6,T_out,T_out_shuffled_1,lights,rv1_shuffled_1,rv2_shuffled_1,rv2_shuffled_2,synthetic_target_1,synthetic_target_2"
appliances_synthetic_target_1_noise,regression,140.02335739135742,45.64426833514858,36.296412478151424,0.7882356076161658,8.12756722638531,6.340548472637455,19,"Press_mm_hg,RH_2,RH_3,RH_5,RH_5_shuffled_1,RH_6,RH_6_shuffled_2,RH_out,RH_out_shuffled_2,T4,T6,T_out,T_out_shuffled_1,Tdewpoint_shuffled_2,lights,rv1_shuffled_1,rv2_shuffled_1,rv2_shuffled_2,synthetic_target_1,synthetic_target_2"
appliances_synthetic_target_1_noise,regression,140.02335739135742,45.60402598215429,36.292216423475935,0.788608847940411,7.594546336759393,5.964870016118965,20,"Press_mm_hg,Press_mm_hg_shuffled_1,RH_2,RH_3,RH_5,RH_5_shuffled_1,RH_6,RH_6_shuffled_2,RH_out,RH_out_shuffled_2,T4,T6,T_out,T_out_shuffled_1,Tdewpoint_shuffled_2,lights,rv1_shuffled_1,rv2_shuffled_1,rv2_shuffled_2,synthetic_target_1,synthetic_target_2"
appliances_synthetic_target_1_noise,regression,140.02335739135742,45.63787584080081,36.32499202098133,0.7882949188040761,8.342229520676142,6.560236832034725,21,"Press_mm_hg,Press_mm_hg_shuffled_1,RH_2,RH_3,RH_5,RH_5_shuffled_1,RH_6,RH_6_shuffled_2,RH_8_shuffled_2,RH_out,RH_out_shuffled_2,T4,T6,T_out,T_out_shuffled_1,Tdewpoint_shuffled_2,lights,rv1_shuffled_1,rv2_shuffled_1,rv2_shuffled_2,synthetic_target_1,synthetic_target_2"
appliances_synthetic_target_1_noise,regression,140.02335739135742,45.688724273382626,36.35211360468521,0.7878229043508203,8.928932395775455,6.996358889198294,22,"Press_mm_hg,Press_mm_hg_shuffled_1,RH_2,RH_3,RH_5,RH_5_shuffled_1,RH_6,RH_6_shuffled_2,RH_7_shuffled_1,RH_8_shuffled_2,RH_out,RH_out_shuffled_2,T4,T6,T_out,T_out_shuffled_1,Tdewpoint_shuffled_2,lights,rv1_shuffled_1,rv2_shuffled_1,rv2_shuffled_2,synthetic_target_1,synthetic_target_2"
appliances_synthetic_target_1_noise,regression,140.02335739135742,45.67409406942889,36.302114497344256,0.7879587670709387,8.640069323607328,6.721506468082964,23,"Press_mm_hg,Press_mm_hg_shuffled_1,RH_2,RH_3,RH_5,RH_5_shuffled_1,RH_6,RH_6_shuffled_2,RH_7_shuffled_1,RH_8_shuffled_2,RH_out,RH_out_shuffled_2,T4,T6,T_out,T_out_shuffled_1,Tdewpoint_shuffled_2,Visibility,lights,rv1_shuffled_1,rv2_shuffled_1,rv2_shuffled_2,synthetic_target_1,synthetic_target_2"
appliances_synthetic_target_1_noise,regression,140.02335739135742,45.645018825076455,36.33650937862996,0.7882286438349108,9.42976587381333,7.395790665630777,24,"Press_mm_hg,Press_mm_hg_shuffled_1,RH_2,RH_3,RH_5,RH_5_shuffled_1,RH_6,RH_6_shuffled_2,RH_7_shuffled_1,RH_8_shuffled_2,RH_out,RH_out_shuffled_2,T4,T6,T9,T_out,T_out_shuffled_1,Tdewpoint_shuffled_2,Visibility,lights,rv1_shuffled_1,rv2_shuffled_1,rv2_shuffled_2,synthetic_target_1,synthetic_target_2"
appliances_synthetic_target_1_noise,regression,140.02335739135742,45.58662614875122,36.24161266460399,0.78877012620749,8.05654615498947,6.259013389401634,25,"Press_mm_hg,Press_mm_hg_shuffled_1,RH_2,RH_3,RH_5,RH_5_shuffled_1,RH_6,RH_6_shuffled_2,RH_7_shuffled_1,RH_7_shuffled_2,RH_8_shuffled_2,RH_out,RH_out_shuffled_2,T4,T6,T9,T_out,T_out_shuffled_1,Tdewpoint_shuffled_2,Visibility,lights,rv1_shuffled_1,rv2_shuffled_1,rv2_shuffled_2,synthetic_target_1,synthetic_target_2"
appliances_synthetic_target_1_noise,regression,140.02335739135742,45.60973191451753,36.33943401347152,0.7885559465112878,11.82883994781622,9.252112258409863,26,"Press_mm_hg,Press_mm_hg_shuffled_1,RH_2,RH_3,RH_5,RH_5_shuffled_1,RH_6,RH_6_shuffled_2,RH_7_shuffled_1,RH_7_shuffled_2,RH_8_shuffled_1,RH_8_shuffled_2,RH_out,RH_out_shuffled_2,T4,T6,T9,T_out,T_out_shuffled_1,Tdewpoint_shuffled_2,Visibility,lights,rv1_shuffled_1,rv2_shuffled_1,rv2_shuffled_2,synthetic_target_1,synthetic_target_2"
appliances_synthetic_target_1_noise,regression,140.02335739135742,45.64352453354105,36.322107999254605,0.7882425092236557,9.141609856668694,7.134102421412383,27,"Press_mm_hg,Press_mm_hg_shuffled_1,RH_2,RH_3,RH_5,RH_5_shuffled_1,RH_6,RH_6_shuffled_2,RH_7_shuffled_1,RH_7_shuffled_2,RH_8_shuffled_1,RH_8_shuffled_2,RH_out,RH_out_shuffled_2,T4,T6,T6_shuffled_1,T9,T_out,T_out_shuffled_1,Tdewpoint_shuffled_2,Visibility,lights,rv1_shuffled_1,rv2_shuffled_1,rv2_shuffled_2,synthetic_target_1,synthetic_target_2"
appliances_synthetic_target_1_noise,regression,140.02335739135742,45.57028857889064,36.29673905323961,0.7889215023772451,10.459269802544405,8.273959115279744,28,"Appliances,Press_mm_hg,Press_mm_hg_shuffled_1,RH_2,RH_3,RH_5,RH_5_shuffled_1,RH_6,RH_6_shuffled_2,RH_7_shuffled_1,RH_7_shuffled_2,RH_8_shuffled_1,RH_8_shuffled_2,RH_out,RH_out_shuffled_2,T4,T6,T6_shuffled_1,T9,T_out,T_out_shuffled_1,Tdewpoint_shuffled_2,Visibility,lights,rv1_shuffled_1,rv2_shuffled_1,rv2_shuffled_2,synthetic_target_1,synthetic_target_2"
appliances_synthetic_target_1_noise,regression,140.02335739135742,45.66878420016752,36.30939539587337,0.7880080661671142,9.721468089145525,7.572790933454105,29,"Appliances,Press_mm_hg,Press_mm_hg_shuffled_1,RH_2,RH_3,RH_5,RH_5_shuffled_1,RH_6,RH_6_shuffled_2,RH_7_shuffled_1,RH_7_shuffled_2,RH_8_shuffled_1,RH_8_shuffled_2,RH_out,RH_out_shuffled_2,T4,T6,T6_shuffled_1,T9,T_out,T_out_shuffled_1,Tdewpoint_shuffled_2,Visibility,lights,noise_numeric_1,rv1_shuffled_1,rv2_shuffled_1,rv2_shuffled_2,synthetic_target_1,synthetic_target_2"
appliances_synthetic_target_1_noise,regression,140.02335739135742,45.65658994838964,36.3918804596065,0.788121261117814,10.32421274666416,8.155006400554072,30,"Appliances,Press_mm_hg,Press_mm_hg_shuffled_1,RH_2,RH_3,RH_5,RH_5_shuffled_1,RH_6,RH_6_shuffled_2,RH_7_shuffled_1,RH_7_shuffled_2,RH_8_shuffled_1,RH_8_shuffled_2,RH_out,RH_out_shuffled_2,T4,T6,T6_shuffled_1,T9,T9_shuffled_2,T_out,T_out_shuffled_1,Tdewpoint_shuffled_2,Visibility,lights,noise_numeric_1,rv1_shuffled_1,rv2_shuffled_1,rv2_shuffled_2,synthetic_target_1,synthetic_target_2"
appliances_synthetic_target_1_noise,regression,140.02335739135742,45.664038583704574,36.35805835482902,0.7880521216487087,11.098519939614476,8.702418919859724,31,"Appliances,Press_mm_hg,Press_mm_hg_shuffled_1,RH_2,RH_3,RH_5,RH_5_shuffled_1,RH_6,RH_6_shuffled_2,RH_7_shuffled_1,RH_7_shuffled_2,RH_8_shuffled_1,RH_8_shuffled_2,RH_out,RH_out_shuffled_2,T4,T4_shuffled_2,T6,T6_shuffled_1,T9,T9_shuffled_2,T_out,T_out_shuffled_1,Tdewpoint_shuffled_2,Visibility,lights,noise_numeric_1,rv1_shuffled_1,rv2_shuffled_1,rv2_shuffled_2,synthetic_target_1,synthetic_target_2"
appliances_synthetic_target_1_noise,regression,140.02335739135742,45.6752352398991,36.377951139291746,0.7879481712081722,10.57665893771113,8.307147814948653,32,"Appliances,Press_mm_hg,Press_mm_hg_shuffled_1,RH_2,RH_3,RH_4_shuffled_1,RH_5,RH_5_shuffled_1,RH_6,RH_6_shuffled_2,RH_7_shuffled_1,RH_7_shuffled_2,RH_8_shuffled_1,RH_8_shuffled_2,RH_out,RH_out_shuffled_2,T4,T4_shuffled_2,T6,T6_shuffled_1,T9,T9_shuffled_2,T_out,T_out_shuffled_1,Tdewpoint_shuffled_2,Visibility,lights,noise_numeric_1,rv1_shuffled_1,rv2_shuffled_1,rv2_shuffled_2,synthetic_target_1,synthetic_target_2"
appliances_synthetic_target_1_noise,regression,140.02335739135742,45.61336600271141,36.32682864825008,0.7885222503276578,10.395313862953458,8.15002199580324,33,"Appliances,Press_mm_hg,Press_mm_hg_shuffled_1,RH_2,RH_2_shuffled_2,RH_3,RH_4_shuffled_1,RH_5,RH_5_shuffled_1,RH_6,RH_6_shuffled_2,RH_7_shuffled_1,RH_7_shuffled_2,RH_8_shuffled_1,RH_8_shuffled_2,RH_out,RH_out_shuffled_2,T4,T4_shuffled_2,T6,T6_shuffled_1,T9,T9_shuffled_2,T_out,T_out_shuffled_1,Tdewpoint_shuffled_2,Visibility,lights,noise_numeric_1,rv1_shuffled_1,rv2_shuffled_1,rv2_shuffled_2,synthetic_target_1,synthetic_target_2"
appliances_synthetic_target_1_noise,regression,140.02335739135742,45.639987416778304,36.39973229597167,0.7882753279840755,10.285661655757103,8.130780813970471,34,"Appliances,Press_mm_hg,Press_mm_hg_shuffled_1,RH_2,RH_2_shuffled_2,RH_3,RH_4_shuffled_1,RH_5,RH_5_shuffled_1,RH_6,RH_6_shuffled_2,RH_7_shuffled_1,RH_7_shuffled_2,RH_8_shuffled_1,RH_8_shuffled_2,RH_9_shuffled_1,RH_out,RH_out_shuffled_2,T4,T4_shuffled_2,T6,T6_shuffled_1,T9,T9_shuffled_2,T_out,T_out_shuffled_1,Tdewpoint_shuffled_2,Visibility,lights,noise_numeric_1,rv1_shuffled_1,rv2_shuffled_1,rv2_shuffled_2,synthetic_target_1,synthetic_target_2"
appliances_synthetic_target_1_noise,regression,140.02335739135742,45.69546897716949,36.38040105542706,0.7877602553137647,10.528539417084495,8.265950225939736,35,"Appliances,Press_mm_hg,Press_mm_hg_shuffled_1,RH_2,RH_2_shuffled_2,RH_3,RH_4_shuffled_1,RH_5,RH_5_shuffled_1,RH_6,RH_6_shuffled_2,RH_7_shuffled_1,RH_7_shuffled_2,RH_8_shuffled_1,RH_8_shuffled_2,RH_9_shuffled_1,RH_out,RH_out_shuffled_2,T4,T4_shuffled_2,T6,T6_shuffled_1,T9,T9_shuffled_2,T_out,T_out_shuffled_1,T_out_shuffled_2,Tdewpoint_shuffled_2,Visibility,lights,noise_numeric_1,rv1_shuffled_1,rv2_shuffled_1,rv2_shuffled_2,synthetic_target_1,synthetic_target_2"
appliances_synthetic_target_1_noise,regression,140.02335739135742,45.71275853120853,36.404949720388714,0.787599616859773,11.345066572373938,8.894410185377243,36,"Appliances,Press_mm_hg,Press_mm_hg_shuffled_1,RH_2,RH_2_shuffled_2,RH_3,RH_4_shuffled_1,RH_5,RH_5_shuffled_1,RH_6,RH_6_shuffled_2,RH_7_shuffled_1,RH_7_shuffled_2,RH_8_shuffled_1,RH_8_shuffled_2,RH_9_shuffled_1,RH_out,RH_out_shuffled_2,T4,T4_shuffled_2,T6,T6_shuffled_1,T9,T9_shuffled_2,T_out,T_out_shuffled_1,T_out_shuffled_2,Tdewpoint_shuffled_2,Visibility,lights,noise_numeric_1,rv1_shuffled_1,rv1_shuffled_2,rv2_shuffled_1,rv2_shuffled_2,synthetic_target_1,synthetic_target_2"
appliances_synthetic_target_1_noise,regression,140.02335739135742,45.73971825969925,36.427959661171734,0.7873490108839286,13.909538587243201,10.858745873936552,37,"Appliances,Press_mm_hg,Press_mm_hg_shuffled_1,RH_2,RH_2_shuffled_2,RH_3,RH_3_shuffled_2,RH_4_shuffled_1,RH_5,RH_5_shuffled_1,RH_6,RH_6_shuffled_2,RH_7_shuffled_1,RH_7_shuffled_2,RH_8_shuffled_1,RH_8_shuffled_2,RH_9_shuffled_1,RH_out,RH_out_shuffled_2,T4,T4_shuffled_2,T6,T6_shuffled_1,T9,T9_shuffled_2,T_out,T_out_shuffled_1,T_out_shuffled_2,Tdewpoint_shuffled_2,Visibility,lights,noise_numeric_1,rv1_shuffled_1,rv1_shuffled_2,rv2_shuffled_1,rv2_shuffled_2,synthetic_target_1,synthetic_target_2"
appliances_synthetic_target_1_noise,regression,140.02335739135742,45.69358014472881,36.36395674824363,0.7877778009058594,11.614651040551138,9.063014993736385,38,"Appliances,Press_mm_hg,Press_mm_hg_shuffled_1,RH_2,RH_2_shuffled_2,RH_3,RH_3_shuffled_1,RH_3_shuffled_2,RH_4_shuffled_1,RH_5,RH_5_shuffled_1,RH_6,RH_6_shuffled_2,RH_7_shuffled_1,RH_7_shuffled_2,RH_8_shuffled_1,RH_8_shuffled_2,RH_9_shuffled_1,RH_out,RH_out_shuffled_2,T4,T4_shuffled_2,T6,T6_shuffled_1,T9,T9_shuffled_2,T_out,T_out_shuffled_1,T_out_shuffled_2,Tdewpoint_shuffled_2,Visibility,lights,noise_numeric_1,rv1_shuffled_1,rv1_shuffled_2,rv2_shuffled_1,rv2_shuffled_2,synthetic_target_1,synthetic_target_2"
appliances_synthetic_target_1_noise,regression,140.02335739135742,45.70235298650207,36.394965513524696,0.7876963027832388,12.299227464202687,9.645460510980747,39,"Appliances,Press_mm_hg,Press_mm_hg_shuffled_1,RH_2,RH_2_shuffled_2,RH_3,RH_3_shuffled_1,RH_3_shuffled_2,RH_4_shuffled_1,RH_5,RH_5_shuffled_1,RH_6,RH_6_shuffled_2,RH_7_shuffled_1,RH_7_shuffled_2,RH_8_shuffled_1,RH_8_shuffled_2,RH_9_shuffled_1,RH_out,RH_out_shuffled_2,T2,T4,T4_shuffled_2,T6,T6_shuffled_1,T9,T9_shuffled_2,T_out,T_out_shuffled_1,T_out_shuffled_2,Tdewpoint_shuffled_2,Visibility,lights,noise_numeric_1,rv1_shuffled_1,rv1_shuffled_2,rv2_shuffled_1,rv2_shuffled_2,synthetic_target_1,synthetic_target_2"
appliances_synthetic_target_1_noise,regression,140.02335739135742,45.61636124264407,36.33301451897359,0.788494475688185,10.900979260986297,8.539195430292128,40,"Appliances,Press_mm_hg,Press_mm_hg_shuffled_1,RH_2,RH_2_shuffled_2,RH_3,RH_3_shuffled_1,RH_3_shuffled_2,RH_4_shuffled_1,RH_5,RH_5_shuffled_1,RH_6,RH_6_shuffled_2,RH_7_shuffled_1,RH_7_shuffled_2,RH_8_shuffled_1,RH_8_shuffled_2,RH_9_shuffled_1,RH_out,RH_out_shuffled_2,T2,T3,T4,T4_shuffled_2,T6,T6_shuffled_1,T9,T9_shuffled_2,T_out,T_out_shuffled_1,T_out_shuffled_2,Tdewpoint_shuffled_2,Visibility,lights,noise_numeric_1,rv1_shuffled_1,rv1_shuffled_2,rv2_shuffled_1,rv2_shuffled_2,synthetic_target_1,synthetic_target_2"
appliances_synthetic_target_1_clean,regression,46.67516732215881,59.314339603536496,47.059495434659745,0.6423980852277789,0.30123218790885886,0.6896346759238909,1,"T4,synthetic_target_1"
appliances_synthetic_target_1_clean,regression,46.67516732215881,53.662453989298484,42.96410266503948,0.7073008272534012,5.271943777133309,4.7613716995991595,2,"RH_5,T4,synthetic_target_1"
appliances_synthetic_target_1_clean,regression,46.67516732215881,48.61909132595213,38.92955083186188,0.7597330074556643,7.791373073424062,6.4713073844169955,3,"RH_5,RH_6,T4,synthetic_target_1"
appliances_synthetic_target_1_clean,regression,46.67516732215881,47.130635065115094,37.594790668362734,0.7742191934019453,5.587074284605407,4.474855257514513,4,"RH_5,RH_6,T4,T6,synthetic_target_1"
appliances_synthetic_target_1_clean,regression,46.67516732215881,47.04916432304168,37.56334805060258,0.774999095107076,5.594288344384935,4.505960055350577,5,"RH_5,RH_6,T4,T6,T_out,synthetic_target_1"
appliances_synthetic_target_1_clean,regression,46.67516732215881,46.49889291270564,37.047246824467784,0.7802313893484794,5.253419149066865,4.132625463593712,6,"RH_2,RH_5,RH_6,T4,T6,T_out,synthetic_target_1"
appliances_synthetic_target_1_clean,regression,46.67516732215881,46.3119801966268,36.94943912334634,0.7819946566073351,4.847221711848256,3.8325830010842026,7,"RH_2,RH_3,RH_5,RH_6,T4,T6,T_out,synthetic_target_1"
appliances_synthetic_target_1_clean,regression,46.67516732215881,46.2857253827054,36.921906060694575,0.7822417662012832,4.534169425030306,3.564301333331734,8,"RH_2,RH_3,RH_5,RH_6,T4,T6,T9,T_out,synthetic_target_1"
appliances_synthetic_target_1_clean,regression,46.67516732215881,46.34505051183334,36.919837848356146,0.7816832002859805,5.041881634812881,3.941867376337626,9,"RH_2,RH_3,RH_5,RH_6,T4,T6,T9,T_out,synthetic_target_1,synthetic_target_2"
appliances_synthetic_target_1_clean,regression,46.67516732215881,46.20136427783766,36.86503008018028,0.7830348221173782,5.821844734143696,4.621246774354674,10,"RH_2,RH_3,RH_5,RH_6,RH_out,T4,T6,T9,T_out,synthetic_target_1,synthetic_target_2"
appliances_synthetic_target_1_clean,regression,46.67516732215881,46.093364019733535,36.794339453091816,0.7840479916600125,4.72361053274966,3.7760838021032015,11,"Press_mm_hg,RH_2,RH_3,RH_5,RH_6,RH_out,T4,T6,T9,T_out,synthetic_target_1,synthetic_target_2"
appliances_synthetic_target_1_clean,regression,46.67516732215881,45.38732499323313,36.1187938462181,0.7906130497188528,3.0130420419268162,2.3767559390106854,12,"Press_mm_hg,RH_2,RH_3,RH_5,RH_6,RH_out,T4,T6,T9,T_out,lights,synthetic_target_1,synthetic_target_2"
appliances_synthetic_target_1_clean,regression,46.67516732215881,45.445928135066936,36.20746937059732,0.7900719887507872,4.381795506438081,3.491755161267754,13,"Press_mm_hg,RH_2,RH_3,RH_5,RH_6,RH_out,T4,T6,T9,T_out,lights,rv1,synthetic_target_1,synthetic_target_2"
appliances_synthetic_target_1_clean,regression,46.67516732215881,45.41450016304674,36.16085474322545,0.790362238313591,4.121371015371061,3.2699815893428976,14,"Press_mm_hg,RH_2,RH_3,RH_5,RH_6,RH_out,T2,T4,T6,T9,T_out,lights,rv1,synthetic_target_1,synthetic_target_2"
appliances_synthetic_target_1_clean,regression,46.67516732215881,45.325487959796554,36.08994781478764,0.7911832109948773,3.8573803640299786,3.0719598620089386,15,"Press_mm_hg,RH_2,RH_3,RH_5,RH_6,RH_out,T2,T3,T4,T6,T9,T_out,lights,rv1,synthetic_target_1,synthetic_target_2"
appliances_synthetic_target_1_clean,regression,46.67516732215881,45.32378682638594,36.0929700359802,0.7911988851140715,3.717310657774796,2.9205998727551545,16,"Press_mm_hg,RH_2,RH_3,RH_5,RH_6,RH_out,T2,T3,T4,T6,T9,T_out,Tdewpoint,lights,rv1,synthetic_target_1,synthetic_target_2"
appliances_synthetic_target_1_clean,regression,46.67516732215881,45.32378682638594,36.0929700359802,0.7911988851140715,3.717310657774796,2.9205998727551545,17,"Press_mm_hg,RH_2,RH_3,RH_5,RH_6,RH_out,T2,T3,T4,T6,T9,T_out,Tdewpoint,lights,rv1,rv2,synthetic_target_1,synthetic_target_2"
appliances_synthetic_target_1_clean,regression,46.67516732215881,45.35617757886807,36.11257838543365,0.790900338042808,3.9171591376188033,3.1029820865263105,18,"Press_mm_hg,RH_2,RH_3,RH_5,RH_6,RH_out,T2,T3,T4,T6,T8,T9,T_out,Tdewpoint,lights,rv1,rv2,synthetic_target_1,synthetic_target_2"
appliances_synthetic_target_1_clean,regression,46.67516732215881,45.31952001857288,36.09404263028862,0.7912381965818529,3.6972773789777307,2.942677139132016,19,"Press_mm_hg,RH_2,RH_3,RH_5,RH_6,RH_8,RH_out,T2,T3,T4,T6,T8,T9,T_out,Tdewpoint,lights,rv1,rv2,synthetic_target_1,synthetic_target_2"
appliances_synthetic_target_1_clean,regression,46.67516732215881,45.32452151878557,36.028715958314244,0.7911921157840478,3.3935707522096976,2.62994684614754,20,"Press_mm_hg,RH_2,RH_3,RH_5,RH_6,RH_8,RH_out,T2,T3,T4,T6,T7,T8,T9,T_out,Tdewpoint,lights,rv1,rv2,synthetic_target_1,synthetic_target_2"
appliances_synthetic_target_1_clean,regression,46.67516732215881,45.31550916034208,36.078083903989004,0.7912751465294817,3.2171296392908815,2.5443032248560087,21,"Press_mm_hg,RH_1,RH_2,RH_3,RH_5,RH_6,RH_8,RH_out,T2,T3,T4,T6,T7,T8,T9,T_out,Tdewpoint,lights,rv1,rv2,synthetic_target_1,synthetic_target_2"
appliances_synthetic_target_1_clean,regression,46.67516732215881,45.24955653071742,36.02857784623623,0.79188226473951,3.707067117000257,2.959139176669595,22,"Press_mm_hg,RH_1,RH_2,RH_3,RH_5,RH_6,RH_8,RH_9,RH_out,T2,T3,T4,T6,T7,T8,T9,T_out,Tdewpoint,lights,rv1,rv2,synthetic_target_1,synthetic_target_2"
appliances_synthetic_target_1_clean,regression,46.67516732215881,45.30073333121604,36.029295363803286,0.7914112403313482,3.5777324750611186,2.780077379217559,23,"Press_mm_hg,RH_1,RH_2,RH_3,RH_5,RH_6,RH_8,RH_9,RH_out,T2,T3,T4,T6,T7,T8,T9,T_out,Tdewpoint,Windspeed,lights,rv1,rv2,synthetic_target_1,synthetic_target_2"
appliances_synthetic_target_1_clean,regression,46.67516732215881,45.31613335102534,36.091264210271746,0.7912693964007242,3.69511754229017,2.9243980027579184,24,"Press_mm_hg,RH_1,RH_2,RH_3,RH_5,RH_6,RH_7,RH_8,RH_9,RH_out,T2,T3,T4,T6,T7,T8,T9,T_out,Tdewpoint,Windspeed,lights,rv1,rv2,synthetic_target_1,synthetic_target_2"
appliances_synthetic_target_1_clean,regression,46.67516732215881,45.27104406867438,36.008002898675386,0.7916845611654849,4.03781659491181,3.1405465325984068,25,"Press_mm_hg,RH_1,RH_2,RH_3,RH_5,RH_6,RH_7,RH_8,RH_9,RH_out,T2,T3,T4,T5,T6,T7,T8,T9,T_out,Tdewpoint,Windspeed,lights,rv1,rv2,synthetic_target_1,synthetic_target_2"
appliances_synthetic_target_1_clean,regression,46.67516732215881,45.3111246163921,35.99852822931294,0.7913155353074837,4.613239800880706,3.579485082700657,26,"Press_mm_hg,RH_1,RH_2,RH_3,RH_5,RH_6,RH_7,RH_8,RH_9,RH_out,T1,T2,T3,T4,T5,T6,T7,T8,T9,T_out,Tdewpoint,Windspeed,lights,rv1,rv2,synthetic_target_1,synthetic_target_2"
appliances_synthetic_target_1_clean,regression,46.67516732215881,45.30152582522682,36.039874623165076,0.7914039421365276,4.1164915246200735,3.2093089242357564,27,"Press_mm_hg,RH_1,RH_2,RH_3,RH_4,RH_5,RH_6,RH_7,RH_8,RH_9,RH_out,T1,T2,T3,T4,T5,T6,T7,T8,T9,T_out,Tdewpoint,Windspeed,lights,rv1,rv2,synthetic_target_1,synthetic_target_2"
appliances_synthetic_target_2_noise,regression,167.5332112312317,85.91804945864773,70.2896636555223,0.25373341353637235,-0.08326635593873277,0.007034093625335913,1,"Windspeed,synthetic_target_2"
appliances_synthetic_target_2_noise,regression,167.5332112312317,56.95933052228654,45.19950921718538,0.6720142833422267,2.6821581830191974,2.154059088692911,2,"T9,Windspeed,synthetic_target_2"
appliances_synthetic_target_2_noise,regression,167.5332112312317,50.093650764067334,39.79434107880608,0.7463174781771984,7.413066187697872,5.805631314727961,3,"T9,T_out,Windspeed,synthetic_target_2"
appliances_synthetic_target_2_noise,regression,167.5332112312317,48.59963283507893,38.68117899314629,0.7612237345604809,10.725072795081886,8.360353170771457,4,"T8,T9,T_out,Windspeed,synthetic_target_2"
appliances_synthetic_target_2_noise,regression,167.5332112312317,45.942843551680376,36.55595380866654,0.7866164568781228,3.3039591724914033,2.5585283052492827,5,"T8,T9,T_out,Visibility,Windspeed,synthetic_target_2"
appliances_synthetic_target_2_noise,regression,167.5332112312317,45.730388525316066,36.413766524323286,0.7885854070813905,2.9541356974293436,2.305298731365042,6,"T8,T9,T_out,Tdewpoint,Visibility,Windspeed,synthetic_target_2"
appliances_synthetic_target_2_noise,regression,167.5332112312317,45.61534194160269,36.365766940105964,0.7896478048721004,2.68924037822557,2.1252388758571854,7,"RH_6,T8,T9,T_out,Tdewpoint,Visibility,Windspeed,synthetic_target_2"
appliances_synthetic_target_2_noise,regression,167.5332112312317,45.33394704233953,36.202729634531245,0.7922350686479253,2.4783107103357835,2.002612129146975,8,"RH_6,RH_9,T8,T9,T_out,Tdewpoint,Visibility,Windspeed,synthetic_target_2"
appliances_synthetic_target_2_noise,regression,167.5332112312317,45.156308714325434,35.94302171271276,0.7938601072106829,2.2546639620790856,1.7004532273118542,9,"Press_mm_hg,RH_6,RH_9,T8,T9,T_out,Tdewpoint,Visibility,Windspeed,synthetic_target_2"
appliances_synthetic_target_2_noise,regression,167.5332112312317,45.129123072437444,35.93442149880957,0.7941082390243878,2.335497125457188,1.7737322045465262,10,"Press_mm_hg,RH_6,RH_9,T5,T8,T9,T_out,Tdewpoint,Visibility,Windspeed,synthetic_target_2"
appliances_synthetic_target_2_noise,regression,167.5332112312317,45.19116650135112,35.93752819693259,0.7935417307051769,2.6981481395725737,2.0368513241119217,11,"Press_mm_hg,RH_6,RH_9,T5,T8,T9,T_out,Tdewpoint,Visibility,Windspeed,synthetic_target_1,synthetic_target_2"
appliances_synthetic_target_2_noise,regression,167.5332112312317,45.1940045509222,36.01375633134017,0.7935157983273806,2.3165124041232303,1.8026906061423063,12,"Press_mm_hg,RH_6,RH_8,RH_9,T5,T8,T9,T_out,Tdewpoint,Visibility,Windspeed,synthetic_target_1,synthetic_target_2"
appliances_synthetic_target_2_noise,regression,167.5332112312317,45.20426475302081,36.0349454720239,0.793422033229762,2.502725277792237,1.9374631421277968,13,"Press_mm_hg,RH_5,RH_6,RH_8,RH_9,T5,T8,T9,T_out,Tdewpoint,Visibility,Windspeed,synthetic_target_1,synthetic_target_2"
appliances_synthetic_target_2_noise,regression,167.5332112312317,45.179157475680896,35.984912162772225,0.7936514438821916,2.6605593560323726,2.038178671180539,14,"Press_mm_hg,RH_5,RH_6,RH_8,RH_9,T5,T8,T9,T_out,Tdewpoint,Visibility,Windspeed,rv1_shuffled_1,synthetic_target_1,synthetic_target_2"
appliances_synthetic_target_2_noise,regression,167.5332112312317,45.173947227001584,35.96655584660875,0.7936990350883131,2.988876309352854,2.314216882244118,15,"Press_mm_hg,RH_5,RH_6,RH_8,RH_9,T5,T8,T9,T_out,Tdewpoint,Visibility,Windspeed,rv1_shuffled_1,rv2_shuffled_1,synthetic_target_1,synthetic_target_2"
appliances_synthetic_target_2_noise,regression,167.5332112312317,45.16792846532254,36.02956880866154,0.7937540045430831,3.0507396011517187,2.4250065491020294,16,"Press_mm_hg,RH_5,RH_6,RH_8,RH_9,T5,T8,T9,T_out,Tdewpoint,Visibility,Windspeed,rv1_shuffled_1,rv2_shuffled_1,rv2_shuffled_2,synthetic_target_1,synthetic_target_2"
appliances_synthetic_target_2_noise,regression,167.5332112312317,45.20888262018894,36.07433353137714,0.7933798248964886,3.5507588574609343,2.839746878158273,17,"Press_mm_hg,RH_5,RH_6,RH_8,RH_9,RH_9_shuffled_2,T5,T8,T9,T_out,Tdewpoint,Visibility,Windspeed,rv1_shuffled_1,rv2_shuffled_1,rv2_shuffled_2,synthetic_target_1,synthetic_target_2"
appliances_synthetic_target_2_noise,regression,167.5332112312317,45.20560913897927,36.023111772727184,0.7934097456879069,3.7314341552052426,2.9441123106803744,18,"Press_mm_hg,RH_5,RH_6,RH_8,RH_9,RH_9_shuffled_2,T5,T8,T9,T_out,Tdewpoint,Visibility,Windspeed,rv1_shuffled_1,rv1_shuffled_2,rv2_shuffled_1,rv2_shuffled_2,synthetic_target_1,synthetic_target_2"
appliances_synthetic_target_2_noise,regression,167.5332112312317,45.25292376447937,36.10630645816077,0.7929770623954576,3.2235439478734236,2.5791396898748005,19,"Press_mm_hg,RH_5,RH_6,RH_8,RH_9,RH_9_shuffled_2,RH_out_shuffled_2,T5,T8,T9,T_out,Tdewpoint,Visibility,Windspeed,rv1_shuffled_1,rv1_shuffled_2,rv2_shuffled_1,rv2_shuffled_2,synthetic_target_1,synthetic_target_2"
appliances_synthetic_target_2_noise,regression,167.5332112312317,45.20399447703374,35.99557414106955,0.7934245034788533,3.6833994049944465,2.8550358178509754,20,"Press_mm_hg,RH_5,RH_6,RH_7_shuffled_1,RH_8,RH_9,RH_9_shuffled_2,RH_out_shuffled_2,T5,T8,T9,T_out,Tdewpoint,Visibility,Windspeed,rv1_shuffled_1,rv1_shuffled_2,rv2_shuffled_1,rv2_shuffled_2,synthetic_target_1,synthetic_target_2"
appliances_synthetic_target_2_noise,regression,167.5332112312317,45.115682593801345,36.00838233639474,0.7942308592548004,3.3542168842127538,2.6930685899146596,21,"Press_mm_hg,RH_4_shuffled_2,RH_5,RH_6,RH_7_shuffled_1,RH_8,RH_9,RH_9_shuffled_2,RH_out_shuffled_2,T5,T8,T9,T_out,Tdewpoint,Visibility,Windspeed,rv1_shuffled_1,rv1_shuffled_2,rv2_shuffled_1,rv2_shuffled_2,synthetic_target_1,synthetic_target_2"
appliances_synthetic_target_2_noise,regression,167.5332112312317,45.216086669615336,36.034430235274286,0.7933139696722812,3.365371457376348,2.6646200377347498,22,"Press_mm_hg,RH_4_shuffled_2,RH_5,RH_6,RH_7_shuffled_1,RH_8,RH_9,RH_9_shuffled_2,RH_out_shuffled_2,T5,T8,T9,T_out,Tdewpoint,Tdewpoint_shuffled_1,Visibility,Windspeed,rv1_shuffled_1,rv1_shuffled_2,rv2_shuffled_1,rv2_shuffled_2,synthetic_target_1,synthetic_target_2"
appliances_synthetic_target_2_noise,regression,167.5332112312317,45.06846785463593,35.89333333258744,0.7946613194439774,5.454540560004567,4.296847862905029,23,"Press_mm_hg,RH_4_shuffled_2,RH_5,RH_6,RH_7_shuffled_1,RH_8,RH_9,RH_9_shuffled_2,RH_out_shuffled_2,T5,T8,T9,T_out,Tdewpoint,Tdewpoint_shuffled_1,Visibility,Windspeed,rv1,rv1_shuffled_1,rv1_shuffled_2,rv2_shuffled_1,rv2_shuffled_2,synthetic_target_1,synthetic_target_2"
appliances_synthetic_target_2_noise,regression,167.5332112312317,45.12280290296638,36.00338882115734,0.7941659037700932,6.086631630297191,4.860399259003955,24,"Press_mm_hg,RH_4_shuffled_2,RH_5,RH_6,RH_7_shuffled_1,RH_8,RH_8_shuffled_2,RH_9,RH_9_shuffled_2,RH_out_shuffled_2,T5,T8,T9,T_out,Tdewpoint,Tdewpoint_shuffled_1,Visibility,Windspeed,rv1,rv1_shuffled_1,rv1_shuffled_2,rv2_shuffled_1,rv2_shuffled_2,synthetic_target_1,synthetic_target_2"
appliances_synthetic_target_2_noise,regression,167.5332112312317,45.07925196053178,35.92102915873207,0.7945630396881224,4.7422413492625495,3.7572526852965,25,"Press_mm_hg,Press_mm_hg_shuffled_2,RH_4_shuffled_2,RH_5,RH_6,RH_7_shuffled_1,RH_8,RH_8_shuffled_2,RH_9,RH_9_shuffled_2,RH_out_shuffled_2,T5,T8,T9,T_out,Tdewpoint,Tdewpoint_shuffled_1,Visibility,Windspeed,rv1,rv1_shuffled_1,rv1_shuffled_2,rv2_shuffled_1,rv2_shuffled_2,synthetic_target_1,synthetic_target_2"
appliances_synthetic_target_2_noise,regression,167.5332112312317,45.10041181351765,36.004802404375646,0.7943701333768232,4.7859266138667,3.8593757899921854,26,"Appliances,Press_mm_hg,Press_mm_hg_shuffled_2,RH_4_shuffled_2,RH_5,RH_6,RH_7_shuffled_1,RH_8,RH_8_shuffled_2,RH_9,RH_9_shuffled_2,RH_out_shuffled_2,T5,T8,T9,T_out,Tdewpoint,Tdewpoint_shuffled_1,Visibility,Windspeed,rv1,rv1_shuffled_1,rv1_shuffled_2,rv2_shuffled_1,rv2_shuffled_2,synthetic_target_1,synthetic_target_2"
appliances_synthetic_target_2_noise,regression,167.5332112312317,45.238895289349635,36.0275096747917,0.7931053973508243,8.111020124058967,6.432253450186558,27,"Appliances,Press_mm_hg,Press_mm_hg_shuffled_2,RH_4_shuffled_2,RH_5,RH_6,RH_7_shuffled_1,RH_8,RH_8_shuffled_2,RH_9,RH_9_shuffled_2,RH_out_shuffled_2,T5,T8,T9,T_out,T_out_shuffled_1,Tdewpoint,Tdewpoint_shuffled_1,Visibility,Windspeed,rv1,rv1_shuffled_1,rv1_shuffled_2,rv2_shuffled_1,rv2_shuffled_2,synthetic_target_1,synthetic_target_2"
appliances_synthetic_target_2_noise,regression,167.5332112312317,45.001431396956534,35.82304640971996,0.795271721395227,6.081547757352908,4.75601945052626,28,"Appliances,Press_mm_hg,Press_mm_hg_shuffled_2,RH_4_shuffled_2,RH_5,RH_6,RH_6_shuffled_2,RH_7_shuffled_1,RH_8,RH_8_shuffled_2,RH_9,RH_9_shuffled_2,RH_out_shuffled_2,T5,T8,T9,T_out,T_out_shuffled_1,Tdewpoint,Tdewpoint_shuffled_1,Visibility,Windspeed,rv1,rv1_shuffled_1,rv1_shuffled_2,rv2_shuffled_1,rv2_shuffled_2,synthetic_target_1,synthetic_target_2"
appliances_synthetic_target_2_noise,regression,167.5332112312317,45.14429270559199,36.01041864970372,0.7939697994890329,5.475941464635049,4.371078188788086,29,"Appliances,Press_mm_hg,Press_mm_hg_shuffled_2,RH_4_shuffled_2,RH_5,RH_6,RH_6_shuffled_2,RH_7_shuffled_1,RH_8,RH_8_shuffled_2,RH_9,RH_9_shuffled_2,RH_out_shuffled_2,T5,T6_shuffled_2,T8,T9,T_out,T_out_shuffled_1,Tdewpoint,Tdewpoint_shuffled_1,Visibility,Windspeed,rv1,rv1_shuffled_1,rv1_shuffled_2,rv2_shuffled_1,rv2_shuffled_2,synthetic_target_1,synthetic_target_2"
appliances_synthetic_target_2_noise,regression,167.5332112312317,45.09924311998205,35.96572884895925,0.7943807902720702,6.256732179166789,4.975449893280835,30,"Appliances,Press_mm_hg,Press_mm_hg_shuffled_2,RH_4_shuffled_2,RH_5,RH_6,RH_6_shuffled_2,RH_7_shuffled_1,RH_8,RH_8_shuffled_2,RH_9,RH_9_shuffled_2,RH_out_shuffled_2,T5,T6_shuffled_2,T8,T8_shuffled_2,T9,T_out,T_out_shuffled_1,Tdewpoint,Tdewpoint_shuffled_1,Visibility,Windspeed,rv1,rv1_shuffled_1,rv1_shuffled_2,rv2_shuffled_1,rv2_shuffled_2,synthetic_target_1,synthetic_target_2"
appliances_synthetic_target_2_noise,regression,167.5332112312317,45.07825372094103,35.93965984239477,0.794572138021731,4.888398228249784,3.8795779641311796,31,"Appliances,Press_mm_hg,Press_mm_hg_shuffled_2,RH_4_shuffled_2,RH_5,RH_6,RH_6_shuffled_2,RH_7_shuffled_1,RH_8,RH_8_shuffled_2,RH_9,RH_9_shuffled_2,RH_out_shuffled_2,T4,T5,T6_shuffled_2,T8,T8_shuffled_2,T9,T_out,T_out_shuffled_1,Tdewpoint,Tdewpoint_shuffled_1,Visibility,Windspeed,rv1,rv1_shuffled_1,rv1_shuffled_2,rv2_shuffled_1,rv2_shuffled_2,synthetic_target_1,synthetic_target_2"
appliances_synthetic_target_2_noise,regression,167.5332112312317,45.01232420415688,35.89245631834351,0.7951725985230433,6.701090988694709,5.319428639893957,32,"Appliances,Press_mm_hg,Press_mm_hg_shuffled_2,RH_4_shuffled_2,RH_5,RH_6,RH_6_shuffled_2,RH_7_shuffled_1,RH_8,RH_8_shuffled_2,RH_9,RH_9_shuffled_2,RH_out_shuffled_2,T4,T5,T6,T6_shuffled_2,T8,T8_shuffled_2,T9,T_out,T_out_shuffled_1,Tdewpoint,Tdewpoint_shuffled_1,Visibility,Windspeed,rv1,rv1_shuffled_1,rv1_shuffled_2,rv2_shuffled_1,rv2_shuffled_2,synthetic_target_1,synthetic_target_2"
appliances_synthetic_target_2_noise,regression,167.5332112312317,45.02190918163408,35.929529736606526,0.7950853568578026,5.861025938067222,4.652473340349648,33,"Appliances,Press_mm_hg,Press_mm_hg_shuffled_2,RH_4_shuffled_2,RH_5,RH_5_shuffled_1,RH_6,RH_6_shuffled_2,RH_7_shuffled_1,RH_8,RH_8_shuffled_2,RH_9,RH_9_shuffled_2,RH_out_shuffled_2,T4,T5,T6,T6_shuffled_2,T8,T8_shuffled_2,T9,T_out,T_out_shuffled_1,Tdewpoint,Tdewpoint_shuffled_1,Visibility,Windspeed,rv1,rv1_shuffled_1,rv1_shuffled_2,rv2_shuffled_1,rv2_shuffled_2,synthetic_target_1,synthetic_target_2"
appliances_synthetic_target_2_noise,regression,167.5332112312317,45.089983661641355,36.02719277413509,0.7944652141747726,7.7544063972577035,6.261811004973506,34,"Appliances,Press_mm_hg,Press_mm_hg_shuffled_2,RH_4_shuffled_2,RH_5,RH_5_shuffled_1,RH_6,RH_6_shuffled_2,RH_7_shuffled_1,RH_8,RH_8_shuffled_2,RH_9,RH_9_shuffled_2,RH_out_shuffled_2,T4,T5,T6,T6_shuffled_2,T7,T8,T8_shuffled_2,T9,T_out,T_out_shuffled_1,Tdewpoint,Tdewpoint_shuffled_1,Visibility,Windspeed,rv1,rv1_shuffled_1,rv1_shuffled_2,rv2_shuffled_1,rv2_shuffled_2,synthetic_target_1,synthetic_target_2"
appliances_synthetic_target_2_noise,regression,167.5332112312317,45.11732027654667,36.00301420831849,0.7942159202948578,6.55182347416288,5.186628349747156,35,"Appliances,Press_mm_hg,Press_mm_hg_shuffled_2,RH_4_shuffled_2,RH_5,RH_5_shuffled_1,RH_6,RH_6_shuffled_2,RH_7_shuffled_1,RH_8,RH_8_shuffled_2,RH_9,RH_9_shuffled_2,RH_out_shuffled_2,T4,T5,T6,T6_shuffled_2,T7,T8,T8_shuffled_2,T9,T_out,T_out_shuffled_1,T_out_shuffled_2,Tdewpoint,Tdewpoint_shuffled_1,Visibility,Windspeed,rv1,rv1_shuffled_1,rv1_shuffled_2,rv2_shuffled_1,rv2_shuffled_2,synthetic_target_1,synthetic_target_2"
appliances_synthetic_target_2_noise,regression,167.5332112312317,45.00515506484977,35.94413914133237,0.7952378392881767,5.87245220284143,4.703242295565548,36,"Appliances,Press_mm_hg,Press_mm_hg_shuffled_2,RH_4_shuffled_2,RH_5,RH_5_shuffled_1,RH_6,RH_6_shuffled_2,RH_7_shuffled_1,RH_8,RH_8_shuffled_2,RH_9,RH_9_shuffled_2,RH_out_shuffled_2,T2,T4,T5,T6,T6_shuffled_2,T7,T8,T8_shuffled_2,T9,T_out,T_out_shuffled_1,T_out_shuffled_2,Tdewpoint,Tdewpoint_shuffled_1,Visibility,Windspeed,rv1,rv1_shuffled_1,rv1_shuffled_2,rv2_shuffled_1,rv2_shuffled_2,synthetic_target_1,synthetic_target_2"
appliances_synthetic_target_2_noise,regression,167.5332112312317,45.13704107738644,36.0021999591938,0.7940359843521482,6.407989961907717,5.0492104306545755,37,"Appliances,Press_mm_hg,Press_mm_hg_shuffled_2,RH_4_shuffled_2,RH_5,RH_5_shuffled_1,RH_6,RH_6_shuffled_2,RH_7_shuffled_1,RH_8,RH_8_shuffled_2,RH_9,RH_9_shuffled_2,RH_out_shuffled_2,T2,T4,T5,T6,T6_shuffled_2,T7,T8,T8_shuffled_2,T9,T9_shuffled_2,T_out,T_out_shuffled_1,T_out_shuffled_2,Tdewpoint,Tdewpoint_shuffled_1,Visibility,Windspeed,rv1,rv1_shuffled_1,rv1_shuffled_2,rv2_shuffled_1,rv2_shuffled_2,synthetic_target_1,synthetic_target_2"
appliances_synthetic_target_2_noise,regression,167.5332112312317,45.029450173763834,35.93463660802302,0.7950167063206863,5.72616260802436,4.552737384598952,38,"Appliances,Press_mm_hg,Press_mm_hg_shuffled_2,RH_4_shuffled_2,RH_5,RH_5_shuffled_1,RH_6,RH_6_shuffled_2,RH_7_shuffled_1,RH_8,RH_8_shuffled_2,RH_9,RH_9_shuffled_2,RH_out_shuffled_2,T2,T4,T5,T6,T6_shuffled_2,T7,T7_shuffled_1,T8,T8_shuffled_2,T9,T9_shuffled_2,T_out,T_out_shuffled_1,T_out_shuffled_2,Tdewpoint,Tdewpoint_shuffled_1,Visibility,Windspeed,rv1,rv1_shuffled_1,rv1_shuffled_2,rv2_shuffled_1,rv2_shuffled_2,synthetic_target_1,synthetic_target_2"
appliances_synthetic_target_2_noise,regression,167.5332112312317,45.03829455711826,35.919591333194106,0.794936175518405,5.261073603969656,4.158140333602457,39,"Appliances,Press_mm_hg,Press_mm_hg_shuffled_2,RH_4_shuffled_2,RH_5,RH_5_shuffled_1,RH_6,RH_6_shuffled_2,RH_7_shuffled_1,RH_7_shuffled_2,RH_8,RH_8_shuffled_2,RH_9,RH_9_shuffled_2,RH_out_shuffled_2,T2,T4,T5,T6,T6_shuffled_2,T7,T7_shuffled_1,T8,T8_shuffled_2,T9,T9_shuffled_2,T_out,T_out_shuffled_1,T_out_shuffled_2,Tdewpoint,Tdewpoint_shuffled_1,Visibility,Windspeed,rv1,rv1_shuffled_1,rv1_shuffled_2,rv2_shuffled_1,rv2_shuffled_2,synthetic_target_1,synthetic_target_2"
appliances_synthetic_target_2_noise,regression,167.5332112312317,45.15019275533667,36.015460937230344,0.7939159424987645,6.444597177861922,5.108175593513273,40,"Appliances,Press_mm_hg,Press_mm_hg_shuffled_2,RH_4_shuffled_2,RH_5,RH_5_shuffled_1,RH_6,RH_6_shuffled_2,RH_7_shuffled_1,RH_7_shuffled_2,RH_8,RH_8_shuffled_2,RH_9,RH_9_shuffled_1,RH_9_shuffled_2,RH_out_shuffled_2,T2,T4,T5,T6,T6_shuffled_2,T7,T7_shuffled_1,T8,T8_shuffled_2,T9,T9_shuffled_2,T_out,T_out_shuffled_1,T_out_shuffled_2,Tdewpoint,Tdewpoint_shuffled_1,Visibility,Windspeed,rv1,rv1_shuffled_1,rv1_shuffled_2,rv2_shuffled_1,rv2_shuffled_2,synthetic_target_1,synthetic_target_2"
appliances_synthetic_target_2_clean,regression,56.4350004196167,85.91804945864773,70.2896636555223,0.25373341353637235,-0.08326635593873277,0.007034093625335913,1,"Windspeed,synthetic_target_2"
appliances_synthetic_target_2_clean,regression,56.4350004196167,58.90890932057205,46.68091871055587,0.6491777392475475,2.4085884083172573,2.021108173637195,2,"T_out,Windspeed,synthetic_target_2"
appliances_synthetic_target_2_clean,regression,56.4350004196167,51.24922575900115,40.84864987985455,0.7344784367071089,9.424364818846293,7.498800746626678,3,"T8,T_out,Windspeed,synthetic_target_2"
appliances_synthetic_target_2_clean,regression,56.4350004196167,49.38177487211787,39.23435206258117,0.7534763612747307,11.615992286611544,9.006982867723888,4,"T8,T_out,Tdewpoint,Windspeed,synthetic_target_2"
appliances_synthetic_target_2_clean,regression,56.4350004196167,48.294749106354736,38.2645040770691,0.7642102036423163,11.187432567781812,8.570696467088553,5,"T8,T9,T_out,Tdewpoint,Windspeed,synthetic_target_2"
appliances_synthetic_target_2_clean,regression,56.4350004196167,47.972285295428684,38.06716341367179,0.7673484263048207,9.77857790116586,7.504959287373389,6,"RH_6,T8,T9,T_out,Tdewpoint,Windspeed,synthetic_target_2"
appliances_synthetic_target_2_clean,regression,56.4350004196167,47.696196360449434,37.85169085539137,0.7700186218175546,7.738502391001745,5.923847889287288,7,"Press_mm_hg,RH_6,T8,T9,T_out,Tdewpoint,Windspeed,synthetic_target_2"
appliances_synthetic_target_2_clean,regression,56.4350004196167,47.41493023596903,37.68593282607961,0.7727230405409831,7.201672013395502,5.546550506903834,8,"Press_mm_hg,RH_6,RH_9,T8,T9,T_out,Tdewpoint,Windspeed,synthetic_target_2"
appliances_synthetic_target_2_clean,regression,56.4350004196167,47.39871611337224,37.71285832163412,0.7728784543055323,7.598850387380963,5.956611658287208,9,"Press_mm_hg,RH_6,RH_8,RH_9,T8,T9,T_out,Tdewpoint,Windspeed,synthetic_target_2"
appliances_synthetic_target_2_clean,regression,56.4350004196167,47.39303516391089,37.71431935606528,0.7729328941218974,7.906174515607667,6.208256356794454,10,"Press_mm_hg,RH_6,RH_8,RH_9,T6,T8,T9,T_out,Tdewpoint,Windspeed,synthetic_target_2"
appliances_synthetic_target_2_clean,regression,56.4350004196167,47.554041471666935,37.79124811277232,0.7713874629521276,10.168932450424379,7.870096826036519,11,"Press_mm_hg,RH_6,RH_8,RH_9,T6,T8,T9,T_out,Tdewpoint,Windspeed,synthetic_target_1,synthetic_target_2"
appliances_synthetic_target_2_clean,regression,56.4350004196167,47.497542216262225,37.780996521628154,0.7719303722262612,10.82153086938893,8.358785023201659,12,"Press_mm_hg,RH_6,RH_8,RH_9,T4,T6,T8,T9,T_out,Tdewpoint,Windspeed,synthetic_target_1,synthetic_target_2"
appliances_synthetic_target_2_clean,regression,56.4350004196167,47.41728428123982,37.73005854992082,0.7727004723950344,10.375382965831882,8.078608174158184,13,"Press_mm_hg,RH_6,RH_8,RH_9,RH_out,T4,T6,T8,T9,T_out,Tdewpoint,Windspeed,synthetic_target_1,synthetic_target_2"
appliances_synthetic_target_2_clean,regression,56.4350004196167,47.4769335665836,37.81025078195812,0.7721282429858143,10.349428940041001,8.181500054226,14,"Press_mm_hg,RH_6,RH_8,RH_9,RH_out,T2,T4,T6,T8,T9,T_out,Tdewpoint,Windspeed,synthetic_target_1,synthetic_target_2"
appliances_synthetic_target_2_clean,regression,56.4350004196167,47.422759891202354,37.79541762014681,0.7726479735883947,9.754077690354137,7.625331545139705,15,"Press_mm_hg,RH_6,RH_8,RH_9,RH_out,T2,T4,T5,T6,T8,T9,T_out,Tdewpoint,Windspeed,synthetic_target_1,synthetic_target_2"
appliances_synthetic_target_2_clean,regression,56.4350004196167,47.2728175589214,37.650731038150056,0.7740833940655589,11.113491424578783,8.682070646673942,16,"Press_mm_hg,RH_6,RH_8,RH_9,RH_out,T2,T4,T5,T6,T8,T9,T_out,Tdewpoint,Windspeed,rv1,synthetic_target_1,synthetic_target_2"
appliances_synthetic_target_2_clean,regression,56.4350004196167,47.2728175589214,37.650731038150056,0.7740833940655589,11.113491424578783,8.682070646673942,17,"Press_mm_hg,RH_6,RH_8,RH_9,RH_out,T2,T4,T5,T6,T8,T9,T_out,Tdewpoint,Windspeed,rv1,rv2,synthetic_target_1,synthetic_target_2"
appliances_synthetic_target_2_clean,regression,56.4350004196167,47.156528612222615,37.545891573889456,0.77519351578179,11.537391337488188,9.027842954905164,18,"Press_mm_hg,RH_6,RH_8,RH_9,RH_out,T2,T4,T5,T6,T7,T8,T9,T_out,Tdewpoint,Windspeed,rv1,rv2,synthetic_target_1,synthetic_target_2"
appliances_synthetic_target_2_clean,regression,56.4350004196167,47.10639500491898,37.529169747200726,0.7756712595594297,10.792617740685387,8.458242084532767,19,"Press_mm_hg,RH_5,RH_6,RH_8,RH_9,RH_out,T2,T4,T5,T6,T7,T8,T9,T_out,Tdewpoint,Windspeed,rv1,rv2,synthetic_target_1,synthetic_target_2"
appliances_synthetic_target_2_clean,regression,56.4350004196167,47.222625687138056,37.63491806442336,0.7745628728960295,11.00154571135863,8.606573843211503,20,"Press_mm_hg,RH_5,RH_6,RH_7,RH_8,RH_9,RH_out,T2,T4,T5,T6,T7,T8,T9,T_out,Tdewpoint,Windspeed,rv1,rv2,synthetic_target_1,synthetic_target_2"
appliances_synthetic_target_2_clean,regression,56.4350004196167,47.1561074005168,37.54677109819563,0.775197531798345,10.76843410899501,8.351017733234862,21,"Press_mm_hg,RH_5,RH_6,RH_7,RH_8,RH_9,RH_out,T2,T4,T5,T6,T7,T8,T9,T_out,Tdewpoint,Windspeed,lights,rv1,rv2,synthetic_target_1,synthetic_target_2"
appliances_synthetic_target_2_clean,regression,56.4350004196167,47.137642175569724,37.534195109318574,0.7753735520701692,11.543874082000919,8.99132649105169,22,"Press_mm_hg,RH_5,RH_6,RH_7,RH_8,RH_9,RH_out,T1,T2,T4,T5,T6,T7,T8,T9,T_out,Tdewpoint,Windspeed,lights,rv1,rv2,synthetic_target_1,synthetic_target_2"
appliances_synthetic_target_2_clean,regression,56.4350004196167,47.17117999050332,37.56599692106813,0.7750538008107385,11.827270918151022,9.211217558925998,23,"Press_mm_hg,RH_5,RH_6,RH_7,RH_8,RH_9,RH_out,T1,T2,T3,T4,T5,T6,T7,T8,T9,T_out,Tdewpoint,Windspeed,lights,rv1,rv2,synthetic_target_1,synthetic_target_2"
appliances_synthetic_target_2_clean,regression,56.4350004196167,47.11493818682883,37.51105118838713,0.7755898839830215,10.32300678405447,8.030061085757819,24,"Press_mm_hg,RH_3,RH_5,RH_6,RH_7,RH_8,RH_9,RH_out,T1,T2,T3,T4,T5,T6,T7,T8,T9,T_out,Tdewpoint,Windspeed,lights,rv1,rv2,synthetic_target_1,synthetic_target_2"
appliances_synthetic_target_2_clean,regression,56.4350004196167,47.01207687912849,37.431846849651535,0.7765686784527442,10.813928532488454,8.390272323745123,25,"Press_mm_hg,RH_2,RH_3,RH_5,RH_6,RH_7,RH_8,RH_9,RH_out,T1,T2,T3,T4,T5,T6,T7,T8,T9,T_out,Tdewpoint,Windspeed,lights,rv1,rv2,synthetic_target_1,synthetic_target_2"
appliances_synthetic_target_2_clean,regression,56.4350004196167,47.09342984696237,37.47847848679109,0.7757947271822154,9.833332788207052,7.60868818627252,26,"Press_mm_hg,RH_2,RH_3,RH_4,RH_5,RH_6,RH_7,RH_8,RH_9,RH_out,T1,T2,T3,T4,T5,T6,T7,T8,T9,T_out,Tdewpoint,Windspeed,lights,rv1,rv2,synthetic_target_1,synthetic_target_2"
appliances_synthetic_target_2_clean,regression,56.4350004196167,47.0696221178887,37.437870000271616,0.7760213604583441,11.003148122062022,8.533331604952991,27,"Press_mm_hg,RH_1,RH_2,RH_3,RH_4,RH_5,RH_6,RH_7,RH_8,RH_9,RH_out,T1,T2,T3,T4,T5,T6,T7,T8,T9,T_out,Tdewpoint,Windspeed,lights,rv1,rv2,synthetic_target_1,synthetic_target_2"
superconductivity_synthetic_target_1_noise,regression,610.6909289360046,22.154939123651694,17.26970136743611,0.5547359169369659,2.4937275166654835,1.7913391474432636,1,"gmean_atomic_mass,synthetic_target_1"
superconductivity_synthetic_target_1_noise,regression,610.6909289360046,18.162232792984558,14.227491332493393,0.7007631886934002,2.2343892641912735,1.702053364992297,2,"gmean_atomic_mass,range_atomic_radius,synthetic_target_1"
superconductivity_synthetic_target_1_noise,regression,610.6909289360046,16.874753290949457,13.380325713812974,0.741683940720348,3.433390603566634,2.676602316511259,3,"gmean_atomic_mass,range_atomic_radius,synthetic_target_1,wtd_range_atomic_radius"
superconductivity_synthetic_target_1_noise,regression,610.6909289360046,16.698943948944486,13.237535821122227,0.7470384251578115,3.230903161534304,2.522520091807639,4,"gmean_atomic_mass,mean_atomic_mass,range_atomic_radius,synthetic_target_1,wtd_range_atomic_radius"
superconductivity_synthetic_target_1_noise,regression,610.6909289360046,16.458130051906206,13.077292625999194,0.7542816886956641,2.6184623418408304,2.0530058214262965,5,"gmean_atomic_mass,mean_atomic_mass,mean_atomic_radius,range_atomic_radius,synthetic_target_1,wtd_range_atomic_radius"
superconductivity_synthetic_target_1_noise,regression,610.6909289360046,16.05891186342842,12.823937525595808,0.7660576912947659,2.076200245015805,1.683068010440497,6,"gmean_atomic_mass,mean_atomic_mass,mean_atomic_radius,range_atomic_radius,synthetic_target_1,wtd_range_ThermalConductivity,wtd_range_atomic_radius"
superconductivity_synthetic_target_1_noise,regression,610.6909289360046,15.977420631481735,12.761755478901577,0.7684259558663152,2.064315983936332,1.6605761510732364,7,"gmean_atomic_mass,mean_atomic_mass,mean_atomic_radius,range_Density,range_atomic_radius,synthetic_target_1,wtd_range_ThermalConductivity,wtd_range_atomic_radius"
superconductivity_synthetic_target_1_noise,regression,610.6909289360046,15.756216504362003,12.573039060277651,0.774793758868529,2.1081555547640445,1.692912725049208,8,"gmean_atomic_mass,mean_atomic_mass,mean_atomic_radius,range_Density,range_atomic_radius,synthetic_target_1,wtd_range_ThermalConductivity,wtd_range_atomic_radius,wtd_range_fie"
superconductivity_synthetic_target_1_noise,regression,610.6909289360046,15.658954558125172,12.529763020100448,0.7775655399547243,1.7290603628720511,1.4399800372411509,9,"gmean_atomic_mass,mean_atomic_mass,mean_atomic_radius,range_Density,range_atomic_radius,synthetic_target_1,wtd_range_ThermalConductivity,wtd_range_atomic_radius,wtd_range_fie,wtd_std_ThermalConductivity"
superconductivity_synthetic_target_1_noise,regression,610.6909289360046,15.65241570112898,12.494794460805375,0.7777512692691689,1.658028069495753,1.350170919543153,10,"gmean_atomic_mass,mean_atomic_mass,mean_atomic_radius,range_Density,range_atomic_radius,synthetic_target_1,wtd_range_Density,wtd_range_ThermalConductivity,wtd_range_atomic_radius,wtd_range_fie,wtd_std_ThermalConductivity"
superconductivity_synthetic_target_1_noise,regression,610.6909289360046,15.569091761170144,12.442352694512302,0.7801112051743949,1.5866306608043939,1.2937031012570461,11,"gmean_atomic_mass,mean_atomic_mass,mean_atomic_radius,range_Density,range_atomic_radius,range_fie,synthetic_target_1,wtd_range_Density,wtd_range_ThermalConductivity,wtd_range_atomic_radius,wtd_range_fie,wtd_std_ThermalConductivity"
superconductivity_synthetic_target_1_noise,regression,610.6909289360046,15.610438184546798,12.48109780695811,0.7789417487248116,1.789669319037957,1.4763569287969371,12,"critical_temp,gmean_atomic_mass,mean_atomic_mass,mean_atomic_radius,range_Density,range_atomic_radius,range_fie,synthetic_target_1,wtd_range_Density,wtd_range_ThermalConductivity,wtd_range_atomic_radius,wtd_range_fie,wtd_std_ThermalConductivity"
superconductivity_synthetic_target_1_noise,regression,610.6909289360046,15.574672217799352,12.459695763130538,0.7799535466784739,1.7958101119800052,1.4751497547150372,13,"critical_temp,gmean_atomic_mass,mean_atomic_mass,mean_atomic_radius,range_Density,range_atomic_radius,range_fie,synthetic_target_1,wtd_range_Density,wtd_range_ThermalConductivity,wtd_range_atomic_radius,wtd_range_fie,wtd_std_Density,wtd_std_ThermalConductivity"
superconductivity_synthetic_target_1_noise,regression,610.6909289360046,15.558414302041674,12.448132797310565,0.7804127061949151,1.6504430157725718,1.368316278900565,14,"critical_temp,gmean_atomic_mass,mean_Density,mean_atomic_mass,mean_atomic_radius,range_Density,range_atomic_radius,range_fie,synthetic_target_1,wtd_range_Density,wtd_range_ThermalConductivity,wtd_range_atomic_radius,wtd_range_fie,wtd_std_Density,wtd_std_ThermalConductivity"
superconductivity_synthetic_target_1_noise,regression,610.6909289360046,15.606837994870045,12.481103513607112,0.7790437010021695,2.0520213422367632,1.676778404606205,15,"critical_temp,gmean_atomic_mass,mean_Density,mean_atomic_mass,mean_atomic_radius,range_Density,range_atomic_radius,range_fie,synthetic_target_1,wtd_gmean_Density_shuffled_1,wtd_range_Density,wtd_range_ThermalConductivity,wtd_range_atomic_radius,wtd_range_fie,wtd_std_Density,wtd_std_ThermalConductivity"
superconductivity_synthetic_target_1_noise,regression,610.6909289360046,15.625552655678316,12.479536164984637,0.7785134716924933,2.1724191049552672,1.756758320586835,16,"critical_temp,gmean_atomic_mass,mean_Density,mean_atomic_mass,mean_atomic_radius,range_Density,range_atomic_radius,range_fie,synthetic_target_1,wtd_gmean_Density_shuffled_1,wtd_gmean_Density_shuffled_2,wtd_range_Density,wtd_range_ThermalConductivity,wtd_range_atomic_radius,wtd_range_fie,wtd_std_Density,wtd_std_ThermalConductivity"
superconductivity_synthetic_target_1_noise,regression,610.6909289360046,15.563423653288286,12.43958460931972,0.7802712821468367,2.306174159545451,1.8397905190100943,17,"critical_temp,gmean_atomic_mass,mean_Density,mean_atomic_mass,mean_atomic_radius,range_Density,range_atomic_radius,range_fie,synthetic_target_1,wtd_gmean_Density_shuffled_1,wtd_gmean_Density_shuffled_2,wtd_mean_atomic_mass,wtd_range_Density,wtd_range_ThermalConductivity,wtd_range_atomic_radius,wtd_range_fie,wtd_std_Density,wtd_std_ThermalConductivity"
superconductivity_synthetic_target_1_noise,regression,610.6909289360046,15.608410202373937,12.481519315740378,0.7789991812026893,2.882428615499121,2.3153620810870965,18,"critical_temp,gmean_atomic_mass,mean_Density,mean_Density_shuffled_1,mean_atomic_mass,mean_atomic_radius,range_Density,range_atomic_radius,range_fie,synthetic_target_1,wtd_gmean_Density_shuffled_1,wtd_gmean_Density_shuffled_2,wtd_mean_atomic_mass,wtd_range_Density,wtd_range_ThermalConductivity,wtd_range_atomic_radius,wtd_range_fie,wtd_std_Density,wtd_std_ThermalConductivity"
superconductivity_synthetic_target_1_noise,regression,610.6909289360046,15.572953368531289,12.452905906704089,0.7800021134552316,2.2051091913927383,1.7979579091500408,19,"critical_temp,gmean_atomic_mass,mean_Density,mean_Density_shuffled_1,mean_atomic_mass,mean_atomic_radius,range_Density,range_atomic_radius,range_fie,synthetic_target_1,wtd_gmean_Density_shuffled_1,wtd_gmean_Density_shuffled_2,wtd_mean_atomic_mass,wtd_mean_atomic_radius,wtd_range_Density,wtd_range_ThermalConductivity,wtd_range_atomic_radius,wtd_range_fie,wtd_std_Density,wtd_std_ThermalConductivity"
superconductivity_synthetic_target_1_noise,regression,610.6909289360046,15.571846379467413,12.4419188554442,0.7800333890383504,2.644492841108258,2.1215207646094445,20,"critical_temp,gmean_atomic_mass,mean_Density,mean_Density_shuffled_1,mean_atomic_mass,mean_atomic_radius,range_Density,range_atomic_radius,range_fie,synthetic_target_1,wtd_gmean_Density_shuffled_1,wtd_gmean_Density_shuffled_2,wtd_mean_atomic_mass,wtd_mean_atomic_radius,wtd_range_Density,wtd_range_Density_shuffled_2,wtd_range_ThermalConductivity,wtd_range_atomic_radius,wtd_range_fie,wtd_std_Density,wtd_std_ThermalConductivity"
superconductivity_synthetic_target_1_noise,regression,610.6909289360046,15.604759575431299,12.463280662831831,0.7791025481930968,2.4482900272107315,1.9609717452817677,21,"critical_temp,gmean_atomic_mass,mean_Density,mean_Density_shuffled_1,mean_atomic_mass,mean_atomic_radius,range_Density,range_atomic_radius,range_fie,synthetic_target_1,wtd_gmean_Density_shuffled_1,wtd_gmean_Density_shuffled_2,wtd_mean_Density_shuffled_2,wtd_mean_atomic_mass,wtd_mean_atomic_radius,wtd_range_Density,wtd_range_Density_shuffled_2,wtd_range_ThermalConductivity,wtd_range_atomic_radius,wtd_range_fie,wtd_std_Density,wtd_std_ThermalConductivity"
superconductivity_synthetic_target_1_noise,regression,610.6909289360046,15.585770863559132,12.465651182133653,0.7796398209352129,2.599383762498954,2.099261850441261,22,"critical_temp,gmean_atomic_mass,mean_Density,mean_Density_shuffled_1,mean_atomic_mass,mean_atomic_radius,range_Density,range_atomic_radius,range_fie,synthetic_target_1,synthetic_target_2,wtd_gmean_Density_shuffled_1,wtd_gmean_Density_shuffled_2,wtd_mean_Density_shuffled_2,wtd_mean_atomic_mass,wtd_mean_atomic_radius,wtd_range_Density,wtd_range_Density_shuffled_2,wtd_range_ThermalConductivity,wtd_range_atomic_radius,wtd_range_fie,wtd_std_Density,wtd_std_ThermalConductivity"
superconductivity_synthetic_target_1_noise,regression,610.6909289360046,15.60423363288601,12.467055963926898,0.779117438189913,3.100650746791846,2.4605231344101703,23,"critical_temp,gmean_atomic_mass,mean_Density,mean_Density_shuffled_1,mean_atomic_mass,mean_atomic_radius,range_Density,range_atomic_radius,range_fie,synthetic_target_1,synthetic_target_2,wtd_gmean_Density_shuffled_1,wtd_gmean_Density_shuffled_2,wtd_gmean_atomic_radius,wtd_mean_Density_shuffled_2,wtd_mean_atomic_mass,wtd_mean_atomic_radius,wtd_range_Density,wtd_range_Density_shuffled_2,wtd_range_ThermalConductivity,wtd_range_atomic_radius,wtd_range_fie,wtd_std_Density,wtd_std_ThermalConductivity"
superconductivity_synthetic_target_1_noise,regression,610.6909289360046,15.581463604667883,12.455842756768853,0.7797616008838979,2.5584643196253865,2.057266866724982,24,"critical_temp,gmean_atomic_mass,mean_Density,mean_Density_shuffled_1,mean_atomic_mass,mean_atomic_radius,range_Density,range_atomic_radius,range_fie,synthetic_target_1,synthetic_target_2,wtd_gmean_Density_shuffled_1,wtd_gmean_Density_shuffled_2,wtd_gmean_atomic_radius,wtd_mean_Density_shuffled_2,wtd_mean_atomic_mass,wtd_mean_atomic_radius,wtd_range_Density,wtd_range_Density_shuffled_2,wtd_range_ThermalConductivity,wtd_range_atomic_radius,wtd_range_fie,wtd_std_Density,wtd_std_ThermalConductivity,wtd_std_atomic_radius"
superconductivity_synthetic_target_1_noise,regression,610.6909289360046,15.569523308901934,12.448171221068055,0.7800990151472263,2.7152196796038357,2.1842453731942815,25,"critical_temp,gmean_atomic_mass,gmean_atomic_radius,mean_Density,mean_Density_shuffled_1,mean_atomic_mass,mean_atomic_radius,range_Density,range_atomic_radius,range_fie,synthetic_target_1,synthetic_target_2,wtd_gmean_Density_shuffled_1,wtd_gmean_Density_shuffled_2,wtd_gmean_atomic_radius,wtd_mean_Density_shuffled_2,wtd_mean_atomic_mass,wtd_mean_atomic_radius,wtd_range_Density,wtd_range_Density_shuffled_2,wtd_range_ThermalConductivity,wtd_range_atomic_radius,wtd_range_fie,wtd_std_Density,wtd_std_ThermalConductivity,wtd_std_atomic_radius"
superconductivity_synthetic_target_1_noise,regression,610.6909289360046,15.54477765529287,12.419755057655362,0.780797465466185,2.655759035641987,2.1180765153264645,26,"critical_temp,gmean_atomic_mass,gmean_atomic_radius,mean_Density,mean_Density_shuffled_1,mean_atomic_mass,mean_atomic_radius,range_Density,range_atomic_radius,range_fie,synthetic_target_1,synthetic_target_2,wtd_gmean_Density,wtd_gmean_Density_shuffled_1,wtd_gmean_Density_shuffled_2,wtd_gmean_atomic_radius,wtd_mean_Density_shuffled_2,wtd_mean_atomic_mass,wtd_mean_atomic_radius,wtd_range_Density,wtd_range_Density_shuffled_2,wtd_range_ThermalConductivity,wtd_range_atomic_radius,wtd_range_fie,wtd_std_Density,wtd_std_ThermalConductivity,wtd_std_atomic_radius"
superconductivity_synthetic_target_1_noise,regression,610.6909289360046,15.544344971858228,12.414075290334464,0.7808096681477074,2.6809691130950988,2.148946336030086,27,"critical_temp,gmean_atomic_mass,gmean_atomic_radius,mean_Density,mean_Density_shuffled_1,mean_atomic_mass,mean_atomic_radius,range_Density,range_atomic_radius,range_fie,synthetic_target_1,synthetic_target_2,wtd_gmean_Density,wtd_gmean_Density_shuffled_1,wtd_gmean_Density_shuffled_2,wtd_gmean_atomic_radius,wtd_mean_Density_shuffled_2,wtd_mean_atomic_mass,wtd_mean_atomic_radius,wtd_range_Density,wtd_range_Density_shuffled_2,wtd_range_ThermalConductivity,wtd_range_atomic_radius,wtd_range_fie,wtd_std_Density,wtd_std_ThermalConductivity,wtd_std_atomic_radius,wtd_std_fie"
superconductivity_synthetic_target_1_noise,regression,610.6909289360046,15.596059886760823,12.45754656317192,0.7793487811917668,3.5939199670833286,2.8485297059501153,28,"critical_temp,gmean_atomic_mass,gmean_atomic_radius,mean_Density,mean_Density_shuffled_1,mean_atomic_mass,mean_atomic_radius,range_Density,range_atomic_radius,range_fie,std_atomic_radius,synthetic_target_1,synthetic_target_2,wtd_gmean_Density,wtd_gmean_Density_shuffled_1,wtd_gmean_Density_shuffled_2,wtd_gmean_atomic_radius,wtd_mean_Density_shuffled_2,wtd_mean_atomic_mass,wtd_mean_atomic_radius,wtd_range_Density,wtd_range_Density_shuffled_2,wtd_range_ThermalConductivity,wtd_range_atomic_radius,wtd_range_fie,wtd_std_Density,wtd_std_ThermalConductivity,wtd_std_atomic_radius,wtd_std_fie"
superconductivity_synthetic_target_1_noise,regression,610.6909289360046,15.561163595975007,12.424129276074801,0.7803350937412135,2.589179398514247,2.062064551731895,29,"critical_temp,gmean_Density_shuffled_1,gmean_atomic_mass,gmean_atomic_radius,mean_Density,mean_Density_shuffled_1,mean_atomic_mass,mean_atomic_radius,range_Density,range_atomic_radius,range_fie,std_atomic_radius,synthetic_target_1,synthetic_target_2,wtd_gmean_Density,wtd_gmean_Density_shuffled_1,wtd_gmean_Density_shuffled_2,wtd_gmean_atomic_radius,wtd_mean_Density_shuffled_2,wtd_mean_atomic_mass,wtd_mean_atomic_radius,wtd_range_Density,wtd_range_Density_shuffled_2,wtd_range_ThermalConductivity,wtd_range_atomic_radius,wtd_range_fie,wtd_std_Density,wtd_std_ThermalConductivity,wtd_std_atomic_radius,wtd_std_fie"
superconductivity_synthetic_target_1_noise,regression,610.6909289360046,15.562212266649682,12.44256595143664,0.780305486198576,3.295537125351423,2.6559391629506823,30,"critical_temp,gmean_Density_shuffled_1,gmean_atomic_mass,gmean_atomic_radius,mean_Density,mean_Density_shuffled_1,mean_atomic_mass,mean_atomic_radius,range_Density,range_atomic_radius,range_fie,std_atomic_radius,synthetic_target_1,synthetic_target_2,wtd_gmean_Density,wtd_gmean_Density_shuffled_1,wtd_gmean_Density_shuffled_2,wtd_gmean_atomic_radius,wtd_mean_Density_shuffled_1,wtd_mean_Density_shuffled_2,wtd_mean_atomic_mass,wtd_mean_atomic_radius,wtd_range_Density,wtd_range_Density_shuffled_2,wtd_range_ThermalConductivity,wtd_range_atomic_radius,wtd_range_fie,wtd_std_Density,wtd_std_ThermalConductivity,wtd_std_atomic_radius,wtd_std_fie"
superconductivity_synthetic_target_1_noise,regression,610.6909289360046,15.569549076412313,12.45735185456802,0.7800982872757962,2.950760772754027,2.3710464434413296,31,"critical_temp,gmean_Density_shuffled_1,gmean_atomic_mass,gmean_atomic_radius,mean_Density,mean_Density_shuffled_1,mean_atomic_mass,mean_atomic_radius,range_Density,range_atomic_radius,range_fie,std_atomic_radius,synthetic_target_1,synthetic_target_2,wtd_gmean_Density,wtd_gmean_Density_shuffled_1,wtd_gmean_Density_shuffled_2,wtd_gmean_atomic_radius,wtd_mean_Density_shuffled_1,wtd_mean_Density_shuffled_2,wtd_mean_Valence_shuffled_1,wtd_mean_atomic_mass,wtd_mean_atomic_radius,wtd_range_Density,wtd_range_Density_shuffled_2,wtd_range_ThermalConductivity,wtd_range_atomic_radius,wtd_range_fie,wtd_std_Density,wtd_std_ThermalConductivity,wtd_std_atomic_radius,wtd_std_fie"
superconductivity_synthetic_target_1_noise,regression,610.6909289360046,15.555216510602866,12.427342374694874,0.7805029624629349,2.968382099637859,2.385439161701811,32,"critical_temp,gmean_Density_shuffled_1,gmean_atomic_mass,gmean_atomic_radius,mean_Density,mean_Density_shuffled_1,mean_atomic_mass,mean_atomic_radius,range_Density,range_atomic_radius,range_fie,std_atomic_radius,synthetic_target_1,synthetic_target_2,wtd_entropy_atomic_radius,wtd_gmean_Density,wtd_gmean_Density_shuffled_1,wtd_gmean_Density_shuffled_2,wtd_gmean_atomic_radius,wtd_mean_Density_shuffled_1,wtd_mean_Density_shuffled_2,wtd_mean_Valence_shuffled_1,wtd_mean_atomic_mass,wtd_mean_atomic_radius,wtd_range_Density,wtd_range_Density_shuffled_2,wtd_range_ThermalConductivity,wtd_range_atomic_radius,wtd_range_fie,wtd_std_Density,wtd_std_ThermalConductivity,wtd_std_atomic_radius,wtd_std_fie"
superconductivity_synthetic_target_1_noise,regression,610.6909289360046,15.571419307667822,12.435422956230122,0.7800454544345646,2.683973274155763,2.146086979649013,33,"critical_temp,gmean_Density_shuffled_1,gmean_atomic_mass,gmean_atomic_radius,mean_Density,mean_Density_shuffled_1,mean_atomic_mass,mean_atomic_radius,range_Density,range_atomic_radius,range_fie,std_atomic_radius,synthetic_target_1,synthetic_target_2,wtd_entropy_atomic_radius,wtd_gmean_Density,wtd_gmean_Density_shuffled_1,wtd_gmean_Density_shuffled_2,wtd_gmean_atomic_radius,wtd_mean_Density_shuffled_1,wtd_mean_Density_shuffled_2,wtd_mean_Valence_shuffled_1,wtd_mean_atomic_mass,wtd_mean_atomic_radius,wtd_range_Density,wtd_range_Density_shuffled_2,wtd_range_ThermalConductivity,wtd_range_atomic_radius,wtd_range_fie,wtd_std_Density,wtd_std_Density_shuffled_2,wtd_std_ThermalConductivity,wtd_std_atomic_radius,wtd_std_fie"
superconductivity_synthetic_target_1_noise,regression,610.6909289360046,15.54627642852763,12.433062707551452,0.7807551939410298,2.8400793466632646,2.3018578038472697,34,"critical_temp,gmean_Density_shuffled_1,gmean_atomic_mass,gmean_atomic_radius,mean_Density,mean_Density_shuffled_1,mean_atomic_mass,mean_atomic_radius,range_Density,range_atomic_radius,range_fie,std_atomic_radius,synthetic_target_1,synthetic_target_2,wtd_entropy_atomic_radius,wtd_gmean_Density,wtd_gmean_Density_shuffled_1,wtd_gmean_Density_shuffled_2,wtd_gmean_ElectronAffinity,wtd_gmean_atomic_radius,wtd_mean_Density_shuffled_1,wtd_mean_Density_shuffled_2,wtd_mean_Valence_shuffled_1,wtd_mean_atomic_mass,wtd_mean_atomic_radius,wtd_range_Density,wtd_range_Density_shuffled_2,wtd_range_ThermalConductivity,wtd_range_atomic_radius,wtd_range_fie,wtd_std_Density,wtd_std_Density_shuffled_2,wtd_std_ThermalConductivity,wtd_std_atomic_radius,wtd_std_fie"
superconductivity_synthetic_target_1_noise,regression,610.6909289360046,15.550722104182485,12.42863208073005,0.7806297837613574,2.62468965009627,2.103295436960382,35,"critical_temp,gmean_Density_shuffled_1,gmean_atomic_mass,gmean_atomic_radius,mean_Density,mean_Density_shuffled_1,mean_atomic_mass,mean_atomic_radius,range_Density,range_atomic_radius,range_fie,std_atomic_radius,synthetic_target_1,synthetic_target_2,wtd_entropy_atomic_radius,wtd_gmean_Density,wtd_gmean_Density_shuffled_1,wtd_gmean_Density_shuffled_2,wtd_gmean_ElectronAffinity,wtd_gmean_atomic_radius,wtd_mean_Density_shuffled_1,wtd_mean_Density_shuffled_2,wtd_mean_Valence_shuffled_1,wtd_mean_atomic_mass,wtd_mean_atomic_radius,wtd_range_Density,wtd_range_Density_shuffled_2,wtd_range_ThermalConductivity,wtd_range_atomic_radius,wtd_range_fie,wtd_std_Density,wtd_std_Density_shuffled_1,wtd_std_Density_shuffled_2,wtd_std_ThermalConductivity,wtd_std_atomic_radius,wtd_std_fie"
superconductivity_synthetic_target_1_noise,regression,610.6909289360046,15.528889128659246,12.407515357779769,0.7812453361883247,3.305261863171742,2.645691161156037,36,"critical_temp,gmean_Density_shuffled_1,gmean_atomic_mass,gmean_atomic_radius,mean_Density,mean_Density_shuffled_1,mean_atomic_mass,mean_atomic_radius,range_Density,range_atomic_radius,range_fie,std_atomic_radius,synthetic_target_1,synthetic_target_2,wtd_entropy_FusionHeat_shuffled_1,wtd_entropy_atomic_radius,wtd_gmean_Density,wtd_gmean_Density_shuffled_1,wtd_gmean_Density_shuffled_2,wtd_gmean_ElectronAffinity,wtd_gmean_atomic_radius,wtd_mean_Density_shuffled_1,wtd_mean_Density_shuffled_2,wtd_mean_Valence_shuffled_1,wtd_mean_atomic_mass,wtd_mean_atomic_radius,wtd_range_Density,wtd_range_Density_shuffled_2,wtd_range_ThermalConductivity,wtd_range_atomic_radius,wtd_range_fie,wtd_std_Density,wtd_std_Density_shuffled_1,wtd_std_Density_shuffled_2,wtd_std_ThermalConductivity,wtd_std_atomic_radius,wtd_std_fie"
superconductivity_synthetic_target_1_noise,regression,610.6909289360046,15.530189469877044,12.41504322941966,0.7812086989745094,2.650343073003981,2.1321644942814313,37,"critical_temp,gmean_Density_shuffled_1,gmean_atomic_mass,gmean_atomic_radius,mean_Density,mean_Density_shuffled_1,mean_atomic_mass,mean_atomic_radius,range_Density,range_atomic_radius,range_fie,std_atomic_radius,synthetic_target_1,synthetic_target_2,wtd_entropy_FusionHeat_shuffled_1,wtd_entropy_atomic_mass,wtd_entropy_atomic_radius,wtd_gmean_Density,wtd_gmean_Density_shuffled_1,wtd_gmean_Density_shuffled_2,wtd_gmean_ElectronAffinity,wtd_gmean_atomic_radius,wtd_mean_Density_shuffled_1,wtd_mean_Density_shuffled_2,wtd_mean_Valence_shuffled_1,wtd_mean_atomic_mass,wtd_mean_atomic_radius,wtd_range_Density,wtd_range_Density_shuffled_2,wtd_range_ThermalConductivity,wtd_range_atomic_radius,wtd_range_fie,wtd_std_Density,wtd_std_Density_shuffled_1,wtd_std_Density_shuffled_2,wtd_std_ThermalConductivity,wtd_std_atomic_radius,wtd_std_fie"
superconductivity_synthetic_target_1_noise,regression,610.6909289360046,15.514759294991105,12.405042620150889,0.7816432475576507,3.536492860558777,2.8469784031411667,38,"critical_temp,gmean_Density_shuffled_1,gmean_atomic_mass,gmean_atomic_radius,mean_Density,mean_Density_shuffled_1,mean_atomic_mass,mean_atomic_radius,range_Density,range_atomic_radius,range_fie,std_atomic_radius,synthetic_target_1,synthetic_target_2,wtd_entropy_FusionHeat_shuffled_1,wtd_entropy_ThermalConductivity_shuffled_2,wtd_entropy_atomic_mass,wtd_entropy_atomic_radius,wtd_gmean_Density,wtd_gmean_Density_shuffled_1,wtd_gmean_Density_shuffled_2,wtd_gmean_ElectronAffinity,wtd_gmean_atomic_radius,wtd_mean_Density_shuffled_1,wtd_mean_Density_shuffled_2,wtd_mean_Valence_shuffled_1,wtd_mean_atomic_mass,wtd_mean_atomic_radius,wtd_range_Density,wtd_range_Density_shuffled_2,wtd_range_ThermalConductivity,wtd_range_atomic_radius,wtd_range_fie,wtd_std_Density,wtd_std_Density_shuffled_1,wtd_std_Density_shuffled_2,wtd_std_ThermalConductivity,wtd_std_atomic_radius,wtd_std_fie"
superconductivity_synthetic_target_1_noise,regression,610.6909289360046,15.574621882029808,12.454403060883095,0.7799549690120563,3.9450082329668135,3.183618562375889,39,"critical_temp,gmean_Density_shuffled_1,gmean_atomic_mass,gmean_atomic_radius,mean_Density,mean_Density_shuffled_1,mean_atomic_mass,mean_atomic_radius,range_Density,range_atomic_radius,range_fie,std_atomic_radius,synthetic_target_1,synthetic_target_2,wtd_entropy_FusionHeat_shuffled_1,wtd_entropy_ThermalConductivity_shuffled_2,wtd_entropy_atomic_mass,wtd_entropy_atomic_radius,wtd_gmean_Density,wtd_gmean_Density_shuffled_1,wtd_gmean_Density_shuffled_2,wtd_gmean_ElectronAffinity,wtd_gmean_atomic_radius,wtd_mean_Density_shuffled_1,wtd_mean_Density_shuffled_2,wtd_mean_Valence_shuffled_1,wtd_mean_atomic_mass,wtd_mean_atomic_radius,wtd_range_Density,wtd_range_Density_shuffled_2,wtd_range_FusionHeat_shuffled_2,wtd_range_ThermalConductivity,wtd_range_atomic_radius,wtd_range_fie,wtd_std_Density,wtd_std_Density_shuffled_1,wtd_std_Density_shuffled_2,wtd_std_ThermalConductivity,wtd_std_atomic_radius,wtd_std_fie"
superconductivity_synthetic_target_1_noise,regression,610.6909289360046,15.514426899150447,12.414097552058502,0.7816526038225347,3.1876660277991125,2.5845094586008184,40,"critical_temp,gmean_Density_shuffled_1,gmean_ThermalConductivity_shuffled_2,gmean_atomic_mass,gmean_atomic_radius,mean_Density,mean_Density_shuffled_1,mean_atomic_mass,mean_atomic_radius,range_Density,range_atomic_radius,range_fie,std_atomic_radius,synthetic_target_1,synthetic_target_2,wtd_entropy_FusionHeat_shuffled_1,wtd_entropy_ThermalConductivity_shuffled_2,wtd_entropy_atomic_mass,wtd_entropy_atomic_radius,wtd_gmean_Density,wtd_gmean_Density_shuffled_1,wtd_gmean_Density_shuffled_2,wtd_gmean_ElectronAffinity,wtd_gmean_atomic_radius,wtd_mean_Density_shuffled_1,wtd_mean_Density_shuffled_2,wtd_mean_Valence_shuffled_1,wtd_mean_atomic_mass,wtd_mean_atomic_radius,wtd_range_Density,wtd_range_Density_shuffled_2,wtd_range_FusionHeat_shuffled_2,wtd_range_ThermalConductivity,wtd_range_atomic_radius,wtd_range_fie,wtd_std_Density,wtd_std_Density_shuffled_1,wtd_std_Density_shuffled_2,wtd_std_ThermalConductivity,wtd_std_atomic_radius,wtd_std_fie"
superconductivity_synthetic_target_1_clean,regression,180.3847529888153,22.154939123651694,17.26970136743611,0.5547359169369659,2.4937275166654835,1.7913391474432636,1,"gmean_atomic_mass,synthetic_target_1"
superconductivity_synthetic_target_1_clean,regression,180.3847529888153,18.162232792984558,14.227491332493393,0.7007631886934002,2.2343892641912735,1.702053364992297,2,"gmean_atomic_mass,range_atomic_radius,synthetic_target_1"
superconductivity_synthetic_target_1_clean,regression,180.3847529888153,16.874753290949457,13.380325713812974,0.741683940720348,3.433390603566634,2.676602316511259,3,"gmean_atomic_mass,range_atomic_radius,synthetic_target_1,wtd_range_atomic_radius"
superconductivity_synthetic_target_1_clean,regression,180.3847529888153,16.698943948944486,13.237535821122227,0.7470384251578115,3.230903161534304,2.522520091807639,4,"gmean_atomic_mass,mean_atomic_mass,range_atomic_radius,synthetic_target_1,wtd_range_atomic_radius"
superconductivity_synthetic_target_1_clean,regression,180.3847529888153,16.458130051906206,13.077292625999194,0.7542816886956641,2.6184623418408304,2.0530058214262965,5,"gmean_atomic_mass,mean_atomic_mass,mean_atomic_radius,range_atomic_radius,synthetic_target_1,wtd_range_atomic_radius"
superconductivity_synthetic_target_1_clean,regression,180.3847529888153,16.05891186342842,12.823937525595808,0.7660576912947659,2.076200245015805,1.683068010440497,6,"gmean_atomic_mass,mean_atomic_mass,mean_atomic_radius,range_atomic_radius,synthetic_target_1,wtd_range_ThermalConductivity,wtd_range_atomic_radius"
superconductivity_synthetic_target_1_clean,regression,180.3847529888153,15.977420631481735,12.761755478901577,0.7684259558663152,2.064315983936332,1.6605761510732364,7,"gmean_atomic_mass,mean_atomic_mass,mean_atomic_radius,range_Density,range_atomic_radius,synthetic_target_1,wtd_range_ThermalConductivity,wtd_range_atomic_radius"
superconductivity_synthetic_target_1_clean,regression,180.3847529888153,15.756216504362003,12.573039060277651,0.774793758868529,2.1081555547640445,1.692912725049208,8,"gmean_atomic_mass,mean_atomic_mass,mean_atomic_radius,range_Density,range_atomic_radius,synthetic_target_1,wtd_range_ThermalConductivity,wtd_range_atomic_radius,wtd_range_fie"
superconductivity_synthetic_target_1_clean,regression,180.3847529888153,15.714119093937946,12.583117608705411,0.7759955619082478,2.1646087565498355,1.7868799207013897,9,"gmean_atomic_mass,mean_atomic_mass,mean_atomic_radius,range_Density,range_atomic_radius,synthetic_target_1,wtd_range_ThermalConductivity,wtd_range_atomic_radius,wtd_range_fie,wtd_std_fie"
superconductivity_synthetic_target_1_clean,regression,180.3847529888153,15.603885970422992,12.50350857593959,0.7791272806111191,1.4629709328634561,1.2392745963163314,10,"gmean_atomic_mass,mean_atomic_mass,mean_atomic_radius,range_Density,range_atomic_radius,synthetic_target_1,wtd_range_ThermalConductivity,wtd_range_atomic_radius,wtd_range_fie,wtd_std_ThermalConductivity,wtd_std_fie"
superconductivity_synthetic_target_1_clean,regression,180.3847529888153,15.648188236401145,12.531114479970405,0.7778713046438288,1.6263768441635484,1.356316944027876,11,"gmean_atomic_mass,mean_atomic_mass,mean_atomic_radius,range_Density,range_atomic_radius,synthetic_target_1,wtd_mean_atomic_radius,wtd_range_ThermalConductivity,wtd_range_atomic_radius,wtd_range_fie,wtd_std_ThermalConductivity,wtd_std_fie"
superconductivity_synthetic_target_1_clean,regression,180.3847529888153,15.544999488136925,12.438037654679302,0.7807912091311379,1.5937934092721466,1.3324252322845584,12,"gmean_atomic_mass,mean_atomic_mass,mean_atomic_radius,range_Density,range_atomic_radius,synthetic_target_1,wtd_mean_atomic_radius,wtd_range_Density,wtd_range_ThermalConductivity,wtd_range_atomic_radius,wtd_range_fie,wtd_std_ThermalConductivity,wtd_std_fie"
superconductivity_synthetic_target_1_clean,regression,180.3847529888153,15.569601420574505,12.448020833197575,0.7800968086728888,1.7029833235069098,1.4019293954885903,13,"gmean_atomic_mass,mean_atomic_mass,mean_atomic_radius,range_Density,range_atomic_radius,synthetic_target_1,wtd_mean_atomic_radius,wtd_range_Density,wtd_range_ThermalConductivity,wtd_range_Valence,wtd_range_atomic_radius,wtd_range_fie,wtd_std_ThermalConductivity,wtd_std_fie"
superconductivity_synthetic_target_1_clean,regression,180.3847529888153,15.478897966490473,12.385706647932487,0.7826515149976216,1.642372193271287,1.3710910757369437,14,"gmean_atomic_mass,mean_atomic_mass,mean_atomic_radius,range_Density,range_atomic_radius,synthetic_target_1,wtd_entropy_atomic_mass,wtd_mean_atomic_radius,wtd_range_Density,wtd_range_ThermalConductivity,wtd_range_Valence,wtd_range_atomic_radius,wtd_range_fie,wtd_std_ThermalConductivity,wtd_std_fie"
superconductivity_synthetic_target_1_clean,regression,180.3847529888153,15.54742028456213,12.448302207921149,0.7807229297880484,1.6786573973036312,1.4111763020732937,15,"gmean_atomic_mass,mean_atomic_mass,mean_atomic_radius,range_Density,range_atomic_radius,synthetic_target_1,wtd_entropy_atomic_mass,wtd_mean_atomic_radius,wtd_range_Density,wtd_range_ThermalConductivity,wtd_range_Valence,wtd_range_atomic_radius,wtd_range_fie,wtd_std_FusionHeat,wtd_std_ThermalConductivity,wtd_std_fie"
superconductivity_synthetic_target_1_clean,regression,180.3847529888153,15.455166906595966,12.372235739625957,0.7833174482017382,1.460863909065031,1.221664598894682,16,"gmean_atomic_mass,mean_atomic_mass,mean_atomic_radius,range_Density,range_atomic_radius,synthetic_target_1,wtd_entropy_atomic_mass,wtd_mean_atomic_radius,wtd_range_Density,wtd_range_ThermalConductivity,wtd_range_Valence,wtd_range_atomic_mass,wtd_range_atomic_radius,wtd_range_fie,wtd_std_FusionHeat,wtd_std_ThermalConductivity,wtd_std_fie"
superconductivity_synthetic_target_1_clean,regression,180.3847529888153,15.477919241266639,12.38709921109632,0.7826789998637728,1.4413416559767498,1.2032968918161941,17,"gmean_atomic_mass,mean_atomic_mass,mean_atomic_radius,range_Density,range_atomic_radius,range_fie,synthetic_target_1,wtd_entropy_atomic_mass,wtd_mean_atomic_radius,wtd_range_Density,wtd_range_ThermalConductivity,wtd_range_Valence,wtd_range_atomic_mass,wtd_range_atomic_radius,wtd_range_fie,wtd_std_FusionHeat,wtd_std_ThermalConductivity,wtd_std_fie"
superconductivity_synthetic_target_1_clean,regression,180.3847529888153,15.488215520255231,12.394337626874332,0.782389769526787,1.5910741212994033,1.3208669015215513,18,"gmean_atomic_mass,mean_atomic_mass,mean_atomic_radius,range_Density,range_atomic_radius,range_fie,synthetic_target_1,wtd_entropy_atomic_mass,wtd_mean_atomic_radius,wtd_range_Density,wtd_range_ThermalConductivity,wtd_range_Valence,wtd_range_atomic_mass,wtd_range_atomic_radius,wtd_range_fie,wtd_std_FusionHeat,wtd_std_ThermalConductivity,wtd_std_atomic_radius,wtd_std_fie"
superconductivity_synthetic_target_1_clean,regression,180.3847529888153,15.490229584132326,12.397841084657209,0.7823331704433614,1.731549000098612,1.4363040892436842,19,"gmean_atomic_mass,mean_atomic_mass,mean_atomic_radius,range_Density,range_atomic_radius,range_fie,synthetic_target_1,wtd_entropy_atomic_mass,wtd_mean_atomic_radius,wtd_range_Density,wtd_range_ThermalConductivity,wtd_range_Valence,wtd_range_atomic_mass,wtd_range_atomic_radius,wtd_range_fie,wtd_std_Density,wtd_std_FusionHeat,wtd_std_ThermalConductivity,wtd_std_atomic_radius,wtd_std_fie"
superconductivity_synthetic_target_1_clean,regression,180.3847529888153,15.523505311301028,12.421309429896084,0.7813969930116705,1.5809126561083424,1.3089640048963265,20,"gmean_atomic_mass,mean_atomic_mass,mean_atomic_radius,range_Density,range_atomic_radius,range_fie,synthetic_target_1,wtd_entropy_atomic_mass,wtd_entropy_fie,wtd_mean_atomic_radius,wtd_range_Density,wtd_range_ThermalConductivity,wtd_range_Valence,wtd_range_atomic_mass,wtd_range_atomic_radius,wtd_range_fie,wtd_std_Density,wtd_std_FusionHeat,wtd_std_ThermalConductivity,wtd_std_atomic_radius,wtd_std_fie"
superconductivity_synthetic_target_1_clean,regression,180.3847529888153,15.48399426615021,12.394315490447754,0.7825083710401295,1.5804116906990622,1.3201463001250335,21,"gmean_atomic_mass,mean_atomic_mass,mean_atomic_radius,range_Density,range_atomic_radius,range_fie,std_atomic_radius,synthetic_target_1,wtd_entropy_atomic_mass,wtd_entropy_fie,wtd_mean_atomic_radius,wtd_range_Density,wtd_range_ThermalConductivity,wtd_range_Valence,wtd_range_atomic_mass,wtd_range_atomic_radius,wtd_range_fie,wtd_std_Density,wtd_std_FusionHeat,wtd_std_ThermalConductivity,wtd_std_atomic_radius,wtd_std_fie"
superconductivity_synthetic_target_1_clean,regression,180.3847529888153,15.467735329500035,12.376228080608072,0.7829648845179537,1.5445503350622953,1.283684074057824,22,"gmean_atomic_mass,mean_atomic_mass,mean_atomic_radius,range_Density,range_atomic_radius,range_fie,std_atomic_radius,synthetic_target_1,wtd_entropy_atomic_mass,wtd_entropy_fie,wtd_mean_atomic_radius,wtd_range_Density,wtd_range_ThermalConductivity,wtd_range_Valence,wtd_range_atomic_mass,wtd_range_atomic_radius,wtd_range_fie,wtd_std_Density,wtd_std_FusionHeat,wtd_std_ThermalConductivity,wtd_std_atomic_mass,wtd_std_atomic_radius,wtd_std_fie"
superconductivity_synthetic_target_1_clean,regression,180.3847529888153,15.470139255813102,12.373741087734413,0.7828974180198757,1.3841393140706533,1.14031649160248,23,"gmean_atomic_mass,mean_atomic_mass,mean_atomic_radius,range_Density,range_atomic_radius,range_fie,std_atomic_radius,synthetic_target_1,wtd_entropy_atomic_mass,wtd_entropy_atomic_radius,wtd_entropy_fie,wtd_mean_atomic_radius,wtd_range_Density,wtd_range_ThermalConductivity,wtd_range_Valence,wtd_range_atomic_mass,wtd_range_atomic_radius,wtd_range_fie,wtd_std_Density,wtd_std_FusionHeat,wtd_std_ThermalConductivity,wtd_std_atomic_mass,wtd_std_atomic_radius,wtd_std_fie"
superconductivity_synthetic_target_1_clean,regression,180.3847529888153,15.462512212006429,12.362380142322724,0.7831114358376201,1.345481166916981,1.1205673245412573,24,"gmean_atomic_mass,mean_atomic_mass,mean_atomic_radius,range_Density,range_atomic_radius,range_fie,std_atomic_radius,synthetic_target_1,wtd_entropy_atomic_mass,wtd_entropy_atomic_radius,wtd_entropy_fie,wtd_gmean_atomic_mass,wtd_mean_atomic_radius,wtd_range_Density,wtd_range_ThermalConductivity,wtd_range_Valence,wtd_range_atomic_mass,wtd_range_atomic_radius,wtd_range_fie,wtd_std_Density,wtd_std_FusionHeat,wtd_std_ThermalConductivity,wtd_std_atomic_mass,wtd_std_atomic_radius,wtd_std_fie"
superconductivity_synthetic_target_1_clean,regression,180.3847529888153,15.449043786800273,12.359618689814964,0.7834891073505352,1.4552182073222895,1.21020282242708,25,"gmean_atomic_mass,mean_atomic_mass,mean_atomic_radius,range_Density,range_atomic_radius,range_fie,std_atomic_radius,synthetic_target_1,wtd_entropy_atomic_mass,wtd_entropy_atomic_radius,wtd_entropy_fie,wtd_gmean_atomic_mass,wtd_mean_atomic_mass,wtd_mean_atomic_radius,wtd_range_Density,wtd_range_ThermalConductivity,wtd_range_Valence,wtd_range_atomic_mass,wtd_range_atomic_radius,wtd_range_fie,wtd_std_Density,wtd_std_FusionHeat,wtd_std_ThermalConductivity,wtd_std_atomic_mass,wtd_std_atomic_radius,wtd_std_fie"
superconductivity_synthetic_target_1_clean,regression,180.3847529888153,15.437815550113696,12.34596440340141,0.783803709620191,1.5940573073987512,1.3179582281168152,26,"gmean_atomic_mass,mean_atomic_mass,mean_atomic_radius,range_Density,range_atomic_radius,range_fie,std_atomic_radius,synthetic_target_1,wtd_entropy_Density,wtd_entropy_atomic_mass,wtd_entropy_atomic_radius,wtd_entropy_fie,wtd_gmean_atomic_mass,wtd_mean_atomic_mass,wtd_mean_atomic_radius,wtd_range_Density,wtd_range_ThermalConductivity,wtd_range_Valence,wtd_range_atomic_mass,wtd_range_atomic_radius,wtd_range_fie,wtd_std_Density,wtd_std_FusionHeat,wtd_std_ThermalConductivity,wtd_std_atomic_mass,wtd_std_atomic_radius,wtd_std_fie"
superconductivity_synthetic_target_1_clean,regression,180.3847529888153,15.432737519675236,12.342956132504325,0.7839459150739438,1.4950485211106734,1.2324337265950618,27,"gmean_atomic_mass,mean_atomic_mass,mean_atomic_radius,range_Density,range_atomic_radius,range_fie,std_atomic_radius,synthetic_target_1,wtd_entropy_Density,wtd_entropy_atomic_mass,wtd_entropy_atomic_radius,wtd_entropy_fie,wtd_gmean_Density,wtd_gmean_atomic_mass,wtd_mean_atomic_mass,wtd_mean_atomic_radius,wtd_range_Density,wtd_range_ThermalConductivity,wtd_range_Valence,wtd_range_atomic_mass,wtd_range_atomic_radius,wtd_range_fie,wtd_std_Density,wtd_std_FusionHeat,wtd_std_ThermalConductivity,wtd_std_atomic_mass,wtd_std_atomic_radius,wtd_std_fie"
superconductivity_synthetic_target_1_clean,regression,180.3847529888153,15.46056609015214,12.377085684557825,0.7831660278737026,1.4556177680149354,1.2172601487841472,28,"gmean_atomic_mass,mean_atomic_mass,mean_atomic_radius,range_Density,range_atomic_radius,range_fie,std_atomic_radius,synthetic_target_1,wtd_entropy_Density,wtd_entropy_atomic_mass,wtd_entropy_atomic_radius,wtd_entropy_fie,wtd_gmean_Density,wtd_gmean_atomic_mass,wtd_mean_atomic_mass,wtd_mean_atomic_radius,wtd_range_Density,wtd_range_FusionHeat,wtd_range_ThermalConductivity,wtd_range_Valence,wtd_range_atomic_mass,wtd_range_atomic_radius,wtd_range_fie,wtd_std_Density,wtd_std_FusionHeat,wtd_std_ThermalConductivity,wtd_std_atomic_mass,wtd_std_atomic_radius,wtd_std_fie"
superconductivity_synthetic_target_1_clean,regression,180.3847529888153,15.411224121454392,12.325397536436832,0.7845478585515409,1.331310117085911,1.1054984704879374,29,"gmean_atomic_mass,mean_atomic_mass,mean_atomic_radius,range_Density,range_atomic_radius,range_fie,std_atomic_radius,synthetic_target_1,wtd_entropy_Density,wtd_entropy_atomic_mass,wtd_entropy_atomic_radius,wtd_entropy_fie,wtd_gmean_Density,wtd_gmean_Valence,wtd_gmean_atomic_mass,wtd_mean_atomic_mass,wtd_mean_atomic_radius,wtd_range_Density,wtd_range_FusionHeat,wtd_range_ThermalConductivity,wtd_range_Valence,wtd_range_atomic_mass,wtd_range_atomic_radius,wtd_range_fie,wtd_std_Density,wtd_std_FusionHeat,wtd_std_ThermalConductivity,wtd_std_atomic_mass,wtd_std_atomic_radius,wtd_std_fie"
superconductivity_synthetic_target_1_clean,regression,180.3847529888153,15.424766582535742,12.326872451747372,0.7841690392974121,1.2140681114174932,1.006553351088776,30,"gmean_atomic_mass,mean_Density,mean_atomic_mass,mean_atomic_radius,range_Density,range_atomic_radius,range_fie,std_atomic_radius,synthetic_target_1,wtd_entropy_Density,wtd_entropy_atomic_mass,wtd_entropy_atomic_radius,wtd_entropy_fie,wtd_gmean_Density,wtd_gmean_Valence,wtd_gmean_atomic_mass,wtd_mean_atomic_mass,wtd_mean_atomic_radius,wtd_range_Density,wtd_range_FusionHeat,wtd_range_ThermalConductivity,wtd_range_Valence,wtd_range_atomic_mass,wtd_range_atomic_radius,wtd_range_fie,wtd_std_Density,wtd_std_FusionHeat,wtd_std_ThermalConductivity,wtd_std_atomic_mass,wtd_std_atomic_radius,wtd_std_fie"
superconductivity_synthetic_target_1_clean,regression,180.3847529888153,15.427877843078274,12.319721475473893,0.7840819619245953,1.0873110734945186,0.8939529868577889,31,"gmean_Density,gmean_atomic_mass,mean_Density,mean_atomic_mass,mean_atomic_radius,range_Density,range_atomic_radius,range_fie,std_atomic_radius,synthetic_target_1,wtd_entropy_Density,wtd_entropy_atomic_mass,wtd_entropy_atomic_radius,wtd_entropy_fie,wtd_gmean_Density,wtd_gmean_Valence,wtd_gmean_atomic_mass,wtd_mean_atomic_mass,wtd_mean_atomic_radius,wtd_range_Density,wtd_range_FusionHeat,wtd_range_ThermalConductivity,wtd_range_Valence,wtd_range_atomic_mass,wtd_range_atomic_radius,wtd_range_fie,wtd_std_Density,wtd_std_FusionHeat,wtd_std_ThermalConductivity,wtd_std_atomic_mass,wtd_std_atomic_radius,wtd_std_fie"
superconductivity_synthetic_target_1_clean,regression,180.3847529888153,15.404397061505543,12.324957282477062,0.7847387037269999,1.2529034687517306,1.0510908542396837,32,"gmean_Density,gmean_atomic_mass,mean_Density,mean_atomic_mass,mean_atomic_radius,range_Density,range_atomic_radius,range_fie,std_Density,std_atomic_radius,synthetic_target_1,wtd_entropy_Density,wtd_entropy_atomic_mass,wtd_entropy_atomic_radius,wtd_entropy_fie,wtd_gmean_Density,wtd_gmean_Valence,wtd_gmean_atomic_mass,wtd_mean_atomic_mass,wtd_mean_atomic_radius,wtd_range_Density,wtd_range_FusionHeat,wtd_range_ThermalConductivity,wtd_range_Valence,wtd_range_atomic_mass,wtd_range_atomic_radius,wtd_range_fie,wtd_std_Density,wtd_std_FusionHeat,wtd_std_ThermalConductivity,wtd_std_atomic_mass,wtd_std_atomic_radius,wtd_std_fie"
superconductivity_synthetic_target_1_clean,regression,180.3847529888153,15.429309151243228,12.360896664763633,0.7840418968437455,1.27824319747981,1.0942398023064719,33,"gmean_Density,gmean_atomic_mass,mean_Density,mean_atomic_mass,mean_atomic_radius,range_Density,range_atomic_radius,range_fie,std_Density,std_atomic_radius,synthetic_target_1,wtd_entropy_Density,wtd_entropy_atomic_mass,wtd_entropy_atomic_radius,wtd_entropy_fie,wtd_gmean_Density,wtd_gmean_Valence,wtd_gmean_atomic_mass,wtd_mean_atomic_mass,wtd_mean_atomic_radius,wtd_range_Density,wtd_range_FusionHeat,wtd_range_ThermalConductivity,wtd_range_Valence,wtd_range_atomic_mass,wtd_range_atomic_radius,wtd_range_fie,wtd_std_Density,wtd_std_ElectronAffinity,wtd_std_FusionHeat,wtd_std_ThermalConductivity,wtd_std_atomic_mass,wtd_std_atomic_radius,wtd_std_fie"
superconductivity_synthetic_target_1_clean,regression,180.3847529888153,15.449668152446892,12.362703333443799,0.7834716066304891,1.3338207836257343,1.1235421606215308,34,"gmean_Density,gmean_atomic_mass,mean_Density,mean_atomic_mass,mean_atomic_radius,range_Density,range_atomic_radius,range_fie,std_Density,std_atomic_radius,synthetic_target_1,wtd_entropy_Density,wtd_entropy_atomic_mass,wtd_entropy_atomic_radius,wtd_entropy_fie,wtd_gmean_Density,wtd_gmean_Valence,wtd_gmean_atomic_mass,wtd_mean_ThermalConductivity,wtd_mean_atomic_mass,wtd_mean_atomic_radius,wtd_range_Density,wtd_range_FusionHeat,wtd_range_ThermalConductivity,wtd_range_Valence,wtd_range_atomic_mass,wtd_range_atomic_radius,wtd_range_fie,wtd_std_Density,wtd_std_ElectronAffinity,wtd_std_FusionHeat,wtd_std_ThermalConductivity,wtd_std_atomic_mass,wtd_std_atomic_radius,wtd_std_fie"
superconductivity_synthetic_target_1_clean,regression,180.3847529888153,15.4595562736112,12.35592513614031,0.7831943522415914,1.3704077347761547,1.1318052632182365,35,"gmean_Density,gmean_atomic_mass,mean_Density,mean_atomic_mass,mean_atomic_radius,range_Density,range_atomic_radius,range_fie,std_Density,std_atomic_radius,synthetic_target_1,wtd_entropy_Density,wtd_entropy_atomic_mass,wtd_entropy_atomic_radius,wtd_entropy_fie,wtd_gmean_Density,wtd_gmean_Valence,wtd_gmean_atomic_mass,wtd_mean_ThermalConductivity,wtd_mean_atomic_mass,wtd_mean_atomic_radius,wtd_mean_fie,wtd_range_Density,wtd_range_FusionHeat,wtd_range_ThermalConductivity,wtd_range_Valence,wtd_range_atomic_mass,wtd_range_atomic_radius,wtd_range_fie,wtd_std_Density,wtd_std_ElectronAffinity,wtd_std_FusionHeat,wtd_std_ThermalConductivity,wtd_std_atomic_mass,wtd_std_atomic_radius,wtd_std_fie"
superconductivity_synthetic_target_1_clean,regression,180.3847529888153,15.428336102478989,12.328476738531492,0.7840691347631077,1.3861773157184327,1.1532125629452246,36,"gmean_Density,gmean_atomic_mass,mean_Density,mean_atomic_mass,mean_atomic_radius,range_Density,range_atomic_radius,range_fie,std_Density,std_atomic_radius,synthetic_target_1,wtd_entropy_Density,wtd_entropy_atomic_mass,wtd_entropy_atomic_radius,wtd_entropy_fie,wtd_gmean_Density,wtd_gmean_Valence,wtd_gmean_atomic_mass,wtd_mean_ThermalConductivity,wtd_mean_atomic_mass,wtd_mean_atomic_radius,wtd_mean_fie,wtd_range_Density,wtd_range_ElectronAffinity,wtd_range_FusionHeat,wtd_range_ThermalConductivity,wtd_range_Valence,wtd_range_atomic_mass,wtd_range_atomic_radius,wtd_range_fie,wtd_std_Density,wtd_std_ElectronAffinity,wtd_std_FusionHeat,wtd_std_ThermalConductivity,wtd_std_atomic_mass,wtd_std_atomic_radius,wtd_std_fie"
superconductivity_synthetic_target_1_clean,regression,180.3847529888153,15.405466247981494,12.336888757161342,0.784708821031414,1.4338969216465731,1.213763343259135,37,"gmean_Density,gmean_atomic_mass,mean_Density,mean_atomic_mass,mean_atomic_radius,range_Density,range_atomic_radius,range_fie,std_Density,std_atomic_radius,synthetic_target_1,wtd_entropy_Density,wtd_entropy_atomic_mass,wtd_entropy_atomic_radius,wtd_entropy_fie,wtd_gmean_Density,wtd_gmean_Valence,wtd_gmean_atomic_mass,wtd_gmean_atomic_radius,wtd_mean_ThermalConductivity,wtd_mean_atomic_mass,wtd_mean_atomic_radius,wtd_mean_fie,wtd_range_Density,wtd_range_ElectronAffinity,wtd_range_FusionHeat,wtd_range_ThermalConductivity,wtd_range_Valence,wtd_range_atomic_mass,wtd_range_atomic_radius,wtd_range_fie,wtd_std_Density,wtd_std_ElectronAffinity,wtd_std_FusionHeat,wtd_std_ThermalConductivity,wtd_std_atomic_mass,wtd_std_atomic_radius,wtd_std_fie"
superconductivity_synthetic_target_1_clean,regression,180.3847529888153,15.442416953653357,12.354811362852981,0.7836748112499721,1.429018689659646,1.1988587236000967,38,"gmean_Density,gmean_atomic_mass,mean_Density,mean_atomic_mass,mean_atomic_radius,range_Density,range_atomic_radius,range_fie,std_Density,std_atomic_radius,synthetic_target_1,wtd_entropy_Density,wtd_entropy_atomic_mass,wtd_entropy_atomic_radius,wtd_entropy_fie,wtd_gmean_Density,wtd_gmean_ThermalConductivity,wtd_gmean_Valence,wtd_gmean_atomic_mass,wtd_gmean_atomic_radius,wtd_mean_ThermalConductivity,wtd_mean_atomic_mass,wtd_mean_atomic_radius,wtd_mean_fie,wtd_range_Density,wtd_range_ElectronAffinity,wtd_range_FusionHeat,wtd_range_ThermalConductivity,wtd_range_Valence,wtd_range_atomic_mass,wtd_range_atomic_radius,wtd_range_fie,wtd_std_Density,wtd_std_ElectronAffinity,wtd_std_FusionHeat,wtd_std_ThermalConductivity,wtd_std_atomic_mass,wtd_std_atomic_radius,wtd_std_fie"
superconductivity_synthetic_target_1_clean,regression,180.3847529888153,15.409231956619546,12.3302493273247,0.7846035567147276,1.3333915723515055,1.1174644778723408,39,"gmean_Density,gmean_atomic_mass,mean_Density,mean_atomic_mass,mean_atomic_radius,range_Density,range_atomic_radius,range_fie,std_Density,std_atomic_radius,synthetic_target_1,wtd_entropy_Density,wtd_entropy_ThermalConductivity,wtd_entropy_atomic_mass,wtd_entropy_atomic_radius,wtd_entropy_fie,wtd_gmean_Density,wtd_gmean_ThermalConductivity,wtd_gmean_Valence,wtd_gmean_atomic_mass,wtd_gmean_atomic_radius,wtd_mean_ThermalConductivity,wtd_mean_atomic_mass,wtd_mean_atomic_radius,wtd_mean_fie,wtd_range_Density,wtd_range_ElectronAffinity,wtd_range_FusionHeat,wtd_range_ThermalConductivity,wtd_range_Valence,wtd_range_atomic_mass,wtd_range_atomic_radius,wtd_range_fie,wtd_std_Density,wtd_std_ElectronAffinity,wtd_std_FusionHeat,wtd_std_ThermalConductivity,wtd_std_atomic_mass,wtd_std_atomic_radius,wtd_std_fie"
superconductivity_synthetic_target_1_clean,regression,180.3847529888153,15.4579081931109,12.356700905592131,0.7832405753165943,1.2951200179236082,1.07465387576074,40,"gmean_Density,gmean_atomic_mass,mean_Density,mean_atomic_mass,mean_atomic_radius,range_Density,range_atomic_radius,range_fie,std_Density,std_atomic_radius,synthetic_target_1,wtd_entropy_Density,wtd_entropy_ThermalConductivity,wtd_entropy_atomic_mass,wtd_entropy_atomic_radius,wtd_entropy_fie,wtd_gmean_Density,wtd_gmean_ThermalConductivity,wtd_gmean_Valence,wtd_gmean_atomic_mass,wtd_gmean_atomic_radius,wtd_mean_ThermalConductivity,wtd_mean_atomic_mass,wtd_mean_atomic_radius,wtd_mean_fie,wtd_range_Density,wtd_range_ElectronAffinity,wtd_range_FusionHeat,wtd_range_ThermalConductivity,wtd_range_Valence,wtd_range_atomic_mass,wtd_range_atomic_radius,wtd_range_fie,wtd_std_Density,wtd_std_ElectronAffinity,wtd_std_FusionHeat,wtd_std_ThermalConductivity,wtd_std_Valence,wtd_std_atomic_mass,wtd_std_atomic_radius,wtd_std_fie"
superconductivity_synthetic_target_2_noise,regression,621.9950227737427,20.978767255523355,16.64933934502903,0.598857164288739,0.8341889002930465,0.6744492645801152,1,"range_FusionHeat,synthetic_target_2"
superconductivity_synthetic_target_2_noise,regression,621.9950227737427,19.78228683923387,15.71561344257106,0.6433090420804877,1.0712869561510523,0.9355473010532176,2,"range_FusionHeat,range_ThermalConductivity,synthetic_target_2"
superconductivity_synthetic_target_2_noise,regression,621.9950227737427,17.235741973795395,13.638131756162426,0.7292309143338647,1.9067928738225088,1.5004503423836155,3,"range_FusionHeat,range_ThermalConductivity,synthetic_target_2,wtd_gmean_ElectronAffinity"
superconductivity_synthetic_target_2_noise,regression,621.9950227737427,16.796453437284086,13.317203070271924,0.7428572457381288,2.1548757908803235,1.6977821063405987,4,"range_FusionHeat,range_ThermalConductivity,synthetic_target_2,wtd_gmean_ElectronAffinity,wtd_mean_ElectronAffinity"
superconductivity_synthetic_target_2_noise,regression,621.9950227737427,16.241656343240606,12.882453421766186,0.7595638613419482,2.1405672446050055,1.6844774161685727,5,"range_FusionHeat,range_ThermalConductivity,synthetic_target_2,wtd_gmean_ElectronAffinity,wtd_mean_ElectronAffinity,wtd_range_ElectronAffinity"
superconductivity_synthetic_target_2_noise,regression,621.9950227737427,15.96558838088878,12.718203778609434,0.7676680341607334,2.0306914477534352,1.6309406932278137,6,"range_FusionHeat,range_ThermalConductivity,synthetic_target_2,wtd_gmean_ElectronAffinity,wtd_mean_ElectronAffinity,wtd_range_ElectronAffinity,wtd_range_fie"
superconductivity_synthetic_target_2_noise,regression,621.9950227737427,15.86582102372702,12.645879406899716,0.7705626000968193,2.214381097966868,1.7773230512377065,7,"range_FusionHeat,range_ThermalConductivity,synthetic_target_2,wtd_gmean_ElectronAffinity,wtd_mean_Density,wtd_mean_ElectronAffinity,wtd_range_ElectronAffinity,wtd_range_fie"
superconductivity_synthetic_target_2_noise,regression,621.9950227737427,15.840287648057352,12.606383574493591,0.7713004878281005,2.4386533281301475,1.9314648860567658,8,"range_FusionHeat,range_ThermalConductivity,synthetic_target_2,wtd_gmean_ElectronAffinity,wtd_mean_Density,wtd_mean_ElectronAffinity,wtd_range_Density,wtd_range_ElectronAffinity,wtd_range_fie"
superconductivity_synthetic_target_2_noise,regression,621.9950227737427,15.947380105648286,12.688705926211869,0.768197667266433,2.827985106800977,2.245817236494144,9,"critical_temp,range_FusionHeat,range_ThermalConductivity,synthetic_target_2,wtd_gmean_ElectronAffinity,wtd_mean_Density,wtd_mean_ElectronAffinity,wtd_range_Density,wtd_range_ElectronAffinity,wtd_range_fie"
superconductivity_synthetic_target_2_noise,regression,621.9950227737427,15.845249525927969,12.621710824311332,0.7711571878066428,2.4425982844965812,1.9181588092252682,10,"critical_temp,range_FusionHeat,range_ThermalConductivity,synthetic_target_2,wtd_gmean_ElectronAffinity,wtd_mean_Density,wtd_mean_ElectronAffinity,wtd_range_Density,wtd_range_ElectronAffinity,wtd_range_fie,wtd_std_Density"
superconductivity_synthetic_target_2_noise,regression,621.9950227737427,15.852691216870268,12.609122769866246,0.7709421861583606,2.7356122464652532,2.1384780150373217,11,"critical_temp,range_FusionHeat,range_ThermalConductivity,synthetic_target_2,wtd_gmean_Density,wtd_gmean_ElectronAffinity,wtd_mean_Density,wtd_mean_ElectronAffinity,wtd_range_Density,wtd_range_ElectronAffinity,wtd_range_fie,wtd_std_Density"
superconductivity_synthetic_target_2_noise,regression,621.9950227737427,15.904030526198706,12.663283121910487,0.7694561656738695,3.0002918796250277,2.3605765536555285,12,"critical_temp,range_FusionHeat,range_ThermalConductivity,synthetic_target_2,wtd_gmean_Density,wtd_gmean_Density_shuffled_2,wtd_gmean_ElectronAffinity,wtd_mean_Density,wtd_mean_ElectronAffinity,wtd_range_Density,wtd_range_ElectronAffinity,wtd_range_fie,wtd_std_Density"
superconductivity_synthetic_target_2_noise,regression,621.9950227737427,15.874369510183243,12.632410495641778,0.7703152922660739,2.8257963938404025,2.2000184396675415,13,"critical_temp,range_FusionHeat,range_ThermalConductivity,synthetic_target_2,wtd_gmean_Density,wtd_gmean_Density_shuffled_2,wtd_gmean_ElectronAffinity,wtd_mean_Density,wtd_mean_ElectronAffinity,wtd_mean_atomic_mass,wtd_range_Density,wtd_range_ElectronAffinity,wtd_range_fie,wtd_std_Density"
superconductivity_synthetic_target_2_noise,regression,621.9950227737427,15.912555845004674,12.669169505797502,0.7692089344486523,3.2622243532508843,2.5531105414678805,14,"critical_temp,range_FusionHeat,range_ThermalConductivity,synthetic_target_1,synthetic_target_2,wtd_gmean_Density,wtd_gmean_Density_shuffled_2,wtd_gmean_ElectronAffinity,wtd_mean_Density,wtd_mean_ElectronAffinity,wtd_mean_atomic_mass,wtd_range_Density,wtd_range_ElectronAffinity,wtd_range_fie,wtd_std_Density"
superconductivity_synthetic_target_2_noise,regression,621.9950227737427,15.812331806347926,12.581288864740156,0.7721070193391351,3.1048231843922967,2.4241467705135307,15,"critical_temp,range_FusionHeat,range_ThermalConductivity,synthetic_target_1,synthetic_target_2,wtd_gmean_Density,wtd_gmean_Density_shuffled_2,wtd_gmean_ElectronAffinity,wtd_mean_Density,wtd_mean_ElectronAffinity,wtd_mean_atomic_mass,wtd_range_Density,wtd_range_ElectronAffinity,wtd_range_atomic_radius,wtd_range_fie,wtd_std_Density"
superconductivity_synthetic_target_2_noise,regression,621.9950227737427,15.81718218678191,12.585263813391157,0.7719671870611493,3.1540857697168985,2.4791359760538416,16,"critical_temp,range_FusionHeat,range_ThermalConductivity,synthetic_target_1,synthetic_target_2,wtd_gmean_Density,wtd_gmean_Density_shuffled_2,wtd_gmean_ElectronAffinity,wtd_mean_Density,wtd_mean_ElectronAffinity,wtd_mean_atomic_mass,wtd_range_Density,wtd_range_ElectronAffinity,wtd_range_atomic_radius,wtd_range_fie,wtd_std_Density,wtd_std_fie"
superconductivity_synthetic_target_2_noise,regression,621.9950227737427,15.808432559272248,12.57288287622982,0.7722194001676717,3.513114962572997,2.7286461359598047,17,"critical_temp,range_FusionHeat,range_ThermalConductivity,synthetic_target_1,synthetic_target_2,wtd_gmean_Density,wtd_gmean_Density_shuffled_1,wtd_gmean_Density_shuffled_2,wtd_gmean_ElectronAffinity,wtd_mean_Density,wtd_mean_ElectronAffinity,wtd_mean_atomic_mass,wtd_range_Density,wtd_range_ElectronAffinity,wtd_range_atomic_radius,wtd_range_fie,wtd_std_Density,wtd_std_fie"
superconductivity_synthetic_target_2_noise,regression,621.9950227737427,15.79788686231725,12.56967513065226,0.7725232005545993,3.3354552460977356,2.6016330203581504,18,"critical_temp,range_FusionHeat,range_ThermalConductivity,synthetic_target_1,synthetic_target_2,wtd_gmean_Density,wtd_gmean_Density_shuffled_1,wtd_gmean_Density_shuffled_2,wtd_gmean_ElectronAffinity,wtd_mean_Density,wtd_mean_ElectronAffinity,wtd_mean_atomic_mass,wtd_range_Density,wtd_range_ElectronAffinity,wtd_range_atomic_radius,wtd_range_fie,wtd_std_Density,wtd_std_Density_shuffled_2,wtd_std_fie"
superconductivity_synthetic_target_2_noise,regression,621.9950227737427,15.802664910682276,12.568360114434958,0.7723855796785809,3.837001517874052,2.989176542526737,19,"critical_temp,range_FusionHeat,range_ThermalConductivity,synthetic_target_1,synthetic_target_2,wtd_gmean_Density,wtd_gmean_Density_shuffled_1,wtd_gmean_Density_shuffled_2,wtd_gmean_ElectronAffinity,wtd_mean_Density,wtd_mean_ElectronAffinity,wtd_mean_atomic_mass,wtd_range_Density,wtd_range_ElectronAffinity,wtd_range_atomic_radius,wtd_range_fie,wtd_std_Density,wtd_std_Density_shuffled_2,wtd_std_ThermalConductivity_shuffled_2,wtd_std_fie"
superconductivity_synthetic_target_2_noise,regression,621.9950227737427,15.789795675625841,12.56658315927929,0.7727561539780795,4.123703437349354,3.2173554749557116,20,"critical_temp,range_FusionHeat,range_ThermalConductivity,synthetic_target_1,synthetic_target_2,wtd_gmean_Density,wtd_gmean_Density_shuffled_1,wtd_gmean_Density_shuffled_2,wtd_gmean_ElectronAffinity,wtd_gmean_fie,wtd_mean_Density,wtd_mean_ElectronAffinity,wtd_mean_atomic_mass,wtd_range_Density,wtd_range_ElectronAffinity,wtd_range_atomic_radius,wtd_range_fie,wtd_std_Density,wtd_std_Density_shuffled_2,wtd_std_ThermalConductivity_shuffled_2,wtd_std_fie"
superconductivity_synthetic_target_2_noise,regression,621.9950227737427,15.79284885123146,12.565097015181324,0.7726682639938316,4.283681125138498,3.335337347233322,21,"critical_temp,range_FusionHeat,range_ThermalConductivity,synthetic_target_1,synthetic_target_2,wtd_gmean_Density,wtd_gmean_Density_shuffled_1,wtd_gmean_Density_shuffled_2,wtd_gmean_ElectronAffinity,wtd_gmean_fie,wtd_mean_Density,wtd_mean_ElectronAffinity,wtd_mean_atomic_mass,wtd_range_Density,wtd_range_Density_shuffled_2,wtd_range_ElectronAffinity,wtd_range_atomic_radius,wtd_range_fie,wtd_std_Density,wtd_std_Density_shuffled_2,wtd_std_ThermalConductivity_shuffled_2,wtd_std_fie"
superconductivity_synthetic_target_2_noise,regression,621.9950227737427,15.746966363299208,12.520649200682426,0.7739872652654898,4.3973156176681005,3.4425419449616292,22,"critical_temp,range_FusionHeat,range_ThermalConductivity,std_atomic_radius,synthetic_target_1,synthetic_target_2,wtd_gmean_Density,wtd_gmean_Density_shuffled_1,wtd_gmean_Density_shuffled_2,wtd_gmean_ElectronAffinity,wtd_gmean_fie,wtd_mean_Density,wtd_mean_ElectronAffinity,wtd_mean_atomic_mass,wtd_range_Density,wtd_range_Density_shuffled_2,wtd_range_ElectronAffinity,wtd_range_atomic_radius,wtd_range_fie,wtd_std_Density,wtd_std_Density_shuffled_2,wtd_std_ThermalConductivity_shuffled_2,wtd_std_fie"
superconductivity_synthetic_target_2_noise,regression,621.9950227737427,15.74709994156065,12.524365936852666,0.7739834308105831,4.2072605745442,3.278807872575662,23,"critical_temp,mean_Density_shuffled_2,range_FusionHeat,range_ThermalConductivity,std_atomic_radius,synthetic_target_1,synthetic_target_2,wtd_gmean_Density,wtd_gmean_Density_shuffled_1,wtd_gmean_Density_shuffled_2,wtd_gmean_ElectronAffinity,wtd_gmean_fie,wtd_mean_Density,wtd_mean_ElectronAffinity,wtd_mean_atomic_mass,wtd_range_Density,wtd_range_Density_shuffled_2,wtd_range_ElectronAffinity,wtd_range_atomic_radius,wtd_range_fie,wtd_std_Density,wtd_std_Density_shuffled_2,wtd_std_ThermalConductivity_shuffled_2,wtd_std_fie"
superconductivity_synthetic_target_2_noise,regression,621.9950227737427,15.745384466644044,12.529871023476293,0.7740326722121584,4.170625390581371,3.2656373477785507,24,"critical_temp,mean_Density_shuffled_2,range_FusionHeat,range_ThermalConductivity,std_ThermalConductivity_shuffled_1,std_atomic_radius,synthetic_target_1,synthetic_target_2,wtd_gmean_Density,wtd_gmean_Density_shuffled_1,wtd_gmean_Density_shuffled_2,wtd_gmean_ElectronAffinity,wtd_gmean_fie,wtd_mean_Density,wtd_mean_ElectronAffinity,wtd_mean_atomic_mass,wtd_range_Density,wtd_range_Density_shuffled_2,wtd_range_ElectronAffinity,wtd_range_atomic_radius,wtd_range_fie,wtd_std_Density,wtd_std_Density_shuffled_2,wtd_std_ThermalConductivity_shuffled_2,wtd_std_fie"
superconductivity_synthetic_target_2_noise,regression,621.9950227737427,15.754469533112628,12.551895616405725,0.7737718312697873,4.546334961829283,3.5830948922653327,25,"critical_temp,mean_Density_shuffled_2,range_FusionHeat,range_ThermalConductivity,std_ThermalConductivity_shuffled_1,std_atomic_radius,synthetic_target_1,synthetic_target_2,wtd_entropy_Valence_shuffled_2,wtd_gmean_Density,wtd_gmean_Density_shuffled_1,wtd_gmean_Density_shuffled_2,wtd_gmean_ElectronAffinity,wtd_gmean_fie,wtd_mean_Density,wtd_mean_ElectronAffinity,wtd_mean_atomic_mass,wtd_range_Density,wtd_range_Density_shuffled_2,wtd_range_ElectronAffinity,wtd_range_atomic_radius,wtd_range_fie,wtd_std_Density,wtd_std_Density_shuffled_2,wtd_std_ThermalConductivity_shuffled_2,wtd_std_fie"
superconductivity_synthetic_target_2_noise,regression,621.9950227737427,15.74271247252535,12.52908686554077,0.774109359083931,4.185817083658096,3.259025925090045,26,"critical_temp,mean_Density_shuffled_2,range_FusionHeat,range_ThermalConductivity,std_ThermalConductivity_shuffled_1,std_atomic_radius,synthetic_target_1,synthetic_target_2,wtd_entropy_Valence_shuffled_2,wtd_gmean_Density,wtd_gmean_Density_shuffled_1,wtd_gmean_Density_shuffled_2,wtd_gmean_ElectronAffinity,wtd_gmean_fie,wtd_mean_Density,wtd_mean_ElectronAffinity,wtd_mean_atomic_mass,wtd_range_Density,wtd_range_Density_shuffled_2,wtd_range_ElectronAffinity,wtd_range_atomic_radius,wtd_range_fie,wtd_std_Density,wtd_std_Density_shuffled_2,wtd_std_ElectronAffinity_shuffled_2,wtd_std_ThermalConductivity_shuffled_2,wtd_std_fie"
superconductivity_synthetic_target_2_noise,regression,621.9950227737427,15.760019067638131,12.546514908424205,0.7736124248042956,4.616143824299849,3.6297374685582504,27,"critical_temp,mean_Density_shuffled_2,range_FusionHeat,range_ThermalConductivity,std_FusionHeat_shuffled_1,std_ThermalConductivity_shuffled_1,std_atomic_radius,synthetic_target_1,synthetic_target_2,wtd_entropy_Valence_shuffled_2,wtd_gmean_Density,wtd_gmean_Density_shuffled_1,wtd_gmean_Density_shuffled_2,wtd_gmean_ElectronAffinity,wtd_gmean_fie,wtd_mean_Density,wtd_mean_ElectronAffinity,wtd_mean_atomic_mass,wtd_range_Density,wtd_range_Density_shuffled_2,wtd_range_ElectronAffinity,wtd_range_atomic_radius,wtd_range_fie,wtd_std_Density,wtd_std_Density_shuffled_2,wtd_std_ElectronAffinity_shuffled_2,wtd_std_ThermalConductivity_shuffled_2,wtd_std_fie"
superconductivity_synthetic_target_2_noise,regression,621.9950227737427,15.76768529819455,12.547460241092228,0.7733921253931131,4.50726596089039,3.519820701047612,28,"critical_temp,mean_Density_shuffled_2,range_FusionHeat,range_ThermalConductivity,std_FusionHeat_shuffled_1,std_ThermalConductivity_shuffled_1,std_atomic_radius,synthetic_target_1,synthetic_target_2,wtd_entropy_Valence_shuffled_2,wtd_gmean_Density,wtd_gmean_Density_shuffled_1,wtd_gmean_Density_shuffled_2,wtd_gmean_ElectronAffinity,wtd_gmean_fie,wtd_mean_Density,wtd_mean_ElectronAffinity,wtd_mean_FusionHeat_shuffled_1,wtd_mean_atomic_mass,wtd_range_Density,wtd_range_Density_shuffled_2,wtd_range_ElectronAffinity,wtd_range_atomic_radius,wtd_range_fie,wtd_std_Density,wtd_std_Density_shuffled_2,wtd_std_ElectronAffinity_shuffled_2,wtd_std_ThermalConductivity_shuffled_2,wtd_std_fie"
superconductivity_synthetic_target_2_noise,regression,621.9950227737427,15.757674989294987,12.54322147945688,0.7736797636501533,4.572203450220698,3.5763999928248875,29,"critical_temp,mean_Density_shuffled_2,range_FusionHeat,range_ThermalConductivity,std_FusionHeat_shuffled_1,std_ThermalConductivity_shuffled_1,std_atomic_radius,synthetic_target_1,synthetic_target_2,wtd_entropy_Valence_shuffled_2,wtd_gmean_Density,wtd_gmean_Density_shuffled_1,wtd_gmean_Density_shuffled_2,wtd_gmean_ElectronAffinity,wtd_gmean_fie,wtd_mean_Density,wtd_mean_ElectronAffinity,wtd_mean_FusionHeat_shuffled_1,wtd_mean_atomic_mass,wtd_range_Density,wtd_range_Density_shuffled_2,wtd_range_ElectronAffinity,wtd_range_atomic_radius,wtd_range_fie,wtd_std_Density,wtd_std_Density_shuffled_2,wtd_std_ElectronAffinity_shuffled_2,wtd_std_FusionHeat_shuffled_2,wtd_std_ThermalConductivity_shuffled_2,wtd_std_fie"
superconductivity_synthetic_target_2_noise,regression,621.9950227737427,15.789907263260288,12.558260410625309,0.7727529420691551,4.633038485187061,3.61012859073381,30,"critical_temp,mean_Density_shuffled_2,range_FusionHeat,range_ThermalConductivity,std_FusionHeat_shuffled_1,std_FusionHeat_shuffled_2,std_ThermalConductivity_shuffled_1,std_atomic_radius,synthetic_target_1,synthetic_target_2,wtd_entropy_Valence_shuffled_2,wtd_gmean_Density,wtd_gmean_Density_shuffled_1,wtd_gmean_Density_shuffled_2,wtd_gmean_ElectronAffinity,wtd_gmean_fie,wtd_mean_Density,wtd_mean_ElectronAffinity,wtd_mean_FusionHeat_shuffled_1,wtd_mean_atomic_mass,wtd_range_Density,wtd_range_Density_shuffled_2,wtd_range_ElectronAffinity,wtd_range_atomic_radius,wtd_range_fie,wtd_std_Density,wtd_std_Density_shuffled_2,wtd_std_ElectronAffinity_shuffled_2,wtd_std_FusionHeat_shuffled_2,wtd_std_ThermalConductivity_shuffled_2,wtd_std_fie"
superconductivity_synthetic_target_2_noise,regression,621.9950227737427,15.773175013553713,12.546277625635533,0.7732343052355639,4.759908980428383,3.723359790627791,31,"critical_temp,mean_Density_shuffled_2,range_FusionHeat,range_ThermalConductivity,std_FusionHeat_shuffled_1,std_FusionHeat_shuffled_2,std_ThermalConductivity_shuffled_1,std_atomic_radius,synthetic_target_1,synthetic_target_2,wtd_entropy_ThermalConductivity_shuffled_2,wtd_entropy_Valence_shuffled_2,wtd_gmean_Density,wtd_gmean_Density_shuffled_1,wtd_gmean_Density_shuffled_2,wtd_gmean_ElectronAffinity,wtd_gmean_fie,wtd_mean_Density,wtd_mean_ElectronAffinity,wtd_mean_FusionHeat_shuffled_1,wtd_mean_atomic_mass,wtd_range_Density,wtd_range_Density_shuffled_2,wtd_range_ElectronAffinity,wtd_range_atomic_radius,wtd_range_fie,wtd_std_Density,wtd_std_Density_shuffled_2,wtd_std_ElectronAffinity_shuffled_2,wtd_std_FusionHeat_shuffled_2,wtd_std_ThermalConductivity_shuffled_2,wtd_std_fie"
superconductivity_synthetic_target_2_noise,regression,621.9950227737427,15.794998147345378,12.57424378181284,0.7726063832693202,4.912922557645215,3.85447619979802,32,"critical_temp,mean_Density_shuffled_2,range_FusionHeat,range_ThermalConductivity,std_FusionHeat_shuffled_1,std_FusionHeat_shuffled_2,std_ThermalConductivity_shuffled_1,std_atomic_radius,synthetic_target_1,synthetic_target_2,wtd_entropy_ThermalConductivity_shuffled_2,wtd_entropy_Valence_shuffled_2,wtd_gmean_Density,wtd_gmean_Density_shuffled_1,wtd_gmean_Density_shuffled_2,wtd_gmean_ElectronAffinity,wtd_gmean_ElectronAffinity_shuffled_1,wtd_gmean_fie,wtd_mean_Density,wtd_mean_ElectronAffinity,wtd_mean_FusionHeat_shuffled_1,wtd_mean_atomic_mass,wtd_range_Density,wtd_range_Density_shuffled_2,wtd_range_ElectronAffinity,wtd_range_atomic_radius,wtd_range_fie,wtd_std_Density,wtd_std_Density_shuffled_2,wtd_std_ElectronAffinity_shuffled_2,wtd_std_FusionHeat_shuffled_2,wtd_std_ThermalConductivity_shuffled_2,wtd_std_fie"
superconductivity_synthetic_target_2_noise,regression,621.9950227737427,15.779520511476553,12.552171761797362,0.7730518143059196,4.775445135658485,3.7207941683836783,33,"critical_temp,mean_Density_shuffled_2,range_FusionHeat,range_ThermalConductivity,std_FusionHeat_shuffled_1,std_FusionHeat_shuffled_2,std_ThermalConductivity_shuffled_1,std_atomic_radius,synthetic_target_1,synthetic_target_2,wtd_entropy_ThermalConductivity_shuffled_2,wtd_entropy_Valence_shuffled_2,wtd_gmean_Density,wtd_gmean_Density_shuffled_1,wtd_gmean_Density_shuffled_2,wtd_gmean_ElectronAffinity,wtd_gmean_ElectronAffinity_shuffled_1,wtd_gmean_fie,wtd_mean_Density,wtd_mean_ElectronAffinity,wtd_mean_FusionHeat_shuffled_1,wtd_mean_atomic_mass,wtd_range_Density,wtd_range_Density_shuffled_2,wtd_range_ElectronAffinity,wtd_range_atomic_radius,wtd_range_fie,wtd_std_Density,wtd_std_Density_shuffled_2,wtd_std_ElectronAffinity_shuffled_2,wtd_std_FusionHeat_shuffled_2,wtd_std_ThermalConductivity_shuffled_1,wtd_std_ThermalConductivity_shuffled_2,wtd_std_fie"
superconductivity_synthetic_target_2_noise,regression,621.9950227737427,15.798734378096023,12.561647613335523,0.7724987928157844,5.328429370994169,4.1544019306749345,34,"critical_temp,mean_Density_shuffled_2,range_FusionHeat,range_ThermalConductivity,std_FusionHeat_shuffled_1,std_FusionHeat_shuffled_2,std_ThermalConductivity_shuffled_1,std_atomic_radius,synthetic_target_1,synthetic_target_2,wtd_entropy_ThermalConductivity_shuffled_2,wtd_entropy_Valence_shuffled_2,wtd_gmean_Density,wtd_gmean_Density_shuffled_1,wtd_gmean_Density_shuffled_2,wtd_gmean_ElectronAffinity,wtd_gmean_ElectronAffinity_shuffled_1,wtd_gmean_fie,wtd_mean_Density,wtd_mean_ElectronAffinity,wtd_mean_FusionHeat_shuffled_1,wtd_mean_atomic_mass,wtd_range_Density,wtd_range_Density_shuffled_2,wtd_range_ElectronAffinity,wtd_range_atomic_radius,wtd_range_fie,wtd_std_Density,wtd_std_Density_shuffled_2,wtd_std_ElectronAffinity_shuffled_1,wtd_std_ElectronAffinity_shuffled_2,wtd_std_FusionHeat_shuffled_2,wtd_std_ThermalConductivity_shuffled_1,wtd_std_ThermalConductivity_shuffled_2,wtd_std_fie"
superconductivity_synthetic_target_2_noise,regression,621.9950227737427,15.81234111650967,12.582146119897816,0.7721067509762951,5.028878145982356,3.9276029983002836,35,"critical_temp,mean_Density_shuffled_2,range_FusionHeat,range_ThermalConductivity,std_FusionHeat_shuffled_1,std_FusionHeat_shuffled_2,std_ThermalConductivity_shuffled_1,std_atomic_radius,synthetic_target_1,synthetic_target_2,wtd_entropy_ThermalConductivity_shuffled_2,wtd_entropy_Valence_shuffled_2,wtd_gmean_Density,wtd_gmean_Density_shuffled_1,wtd_gmean_Density_shuffled_2,wtd_gmean_ElectronAffinity,wtd_gmean_ElectronAffinity_shuffled_1,wtd_gmean_fie,wtd_mean_Density,wtd_mean_ElectronAffinity,wtd_mean_FusionHeat_shuffled_1,wtd_mean_atomic_mass,wtd_range_Density,wtd_range_Density_shuffled_2,wtd_range_ElectronAffinity,wtd_range_ElectronAffinity_shuffled_2,wtd_range_atomic_radius,wtd_range_fie,wtd_std_Density,wtd_std_Density_shuffled_2,wtd_std_ElectronAffinity_shuffled_1,wtd_std_ElectronAffinity_shuffled_2,wtd_std_FusionHeat_shuffled_2,wtd_std_ThermalConductivity_shuffled_1,wtd_std_ThermalConductivity_shuffled_2,wtd_std_fie"
superconductivity_synthetic_target_2_noise,regression,621.9950227737427,15.78754293237766,12.560000327494448,0.7728209914886035,5.016580522823469,3.908948550643702,36,"critical_temp,mean_Density_shuffled_2,range_FusionHeat,range_ThermalConductivity,std_FusionHeat_shuffled_1,std_FusionHeat_shuffled_2,std_ThermalConductivity_shuffled_1,std_atomic_radius,synthetic_target_1,synthetic_target_2,wtd_entropy_ThermalConductivity_shuffled_2,wtd_entropy_Valence_shuffled_2,wtd_gmean_Density,wtd_gmean_Density_shuffled_1,wtd_gmean_Density_shuffled_2,wtd_gmean_ElectronAffinity,wtd_gmean_ElectronAffinity_shuffled_1,wtd_gmean_fie,wtd_mean_Density,wtd_mean_ElectronAffinity,wtd_mean_FusionHeat_shuffled_1,wtd_mean_atomic_mass,wtd_range_Density,wtd_range_Density_shuffled_1,wtd_range_Density_shuffled_2,wtd_range_ElectronAffinity,wtd_range_ElectronAffinity_shuffled_2,wtd_range_atomic_radius,wtd_range_fie,wtd_std_Density,wtd_std_Density_shuffled_2,wtd_std_ElectronAffinity_shuffled_1,wtd_std_ElectronAffinity_shuffled_2,wtd_std_FusionHeat_shuffled_2,wtd_std_ThermalConductivity_shuffled_1,wtd_std_ThermalConductivity_shuffled_2,wtd_std_fie"
superconductivity_synthetic_target_2_noise,regression,621.9950227737427,15.787500338617118,12.551347160899455,0.7728222173152286,4.667948821105625,3.637943537088754,37,"critical_temp,gmean_Density_shuffled_1,mean_Density_shuffled_2,range_FusionHeat,range_ThermalConductivity,std_FusionHeat_shuffled_1,std_FusionHeat_shuffled_2,std_ThermalConductivity_shuffled_1,std_atomic_radius,synthetic_target_1,synthetic_target_2,wtd_entropy_ThermalConductivity_shuffled_2,wtd_entropy_Valence_shuffled_2,wtd_gmean_Density,wtd_gmean_Density_shuffled_1,wtd_gmean_Density_shuffled_2,wtd_gmean_ElectronAffinity,wtd_gmean_ElectronAffinity_shuffled_1,wtd_gmean_fie,wtd_mean_Density,wtd_mean_ElectronAffinity,wtd_mean_FusionHeat_shuffled_1,wtd_mean_atomic_mass,wtd_range_Density,wtd_range_Density_shuffled_1,wtd_range_Density_shuffled_2,wtd_range_ElectronAffinity,wtd_range_ElectronAffinity_shuffled_2,wtd_range_atomic_radius,wtd_range_fie,wtd_std_Density,wtd_std_Density_shuffled_2,wtd_std_ElectronAffinity_shuffled_1,wtd_std_ElectronAffinity_shuffled_2,wtd_std_FusionHeat_shuffled_2,wtd_std_ThermalConductivity_shuffled_1,wtd_std_ThermalConductivity_shuffled_2,wtd_std_fie"
superconductivity_synthetic_target_2_noise,regression,621.9950227737427,15.752530711316101,12.540610156040922,0.7738275093253999,4.99150433000923,3.893734027986101,38,"critical_temp,gmean_Density_shuffled_1,gmean_Density_shuffled_2,mean_Density_shuffled_2,range_FusionHeat,range_ThermalConductivity,std_FusionHeat_shuffled_1,std_FusionHeat_shuffled_2,std_ThermalConductivity_shuffled_1,std_atomic_radius,synthetic_target_1,synthetic_target_2,wtd_entropy_ThermalConductivity_shuffled_2,wtd_entropy_Valence_shuffled_2,wtd_gmean_Density,wtd_gmean_Density_shuffled_1,wtd_gmean_Density_shuffled_2,wtd_gmean_ElectronAffinity,wtd_gmean_ElectronAffinity_shuffled_1,wtd_gmean_fie,wtd_mean_Density,wtd_mean_ElectronAffinity,wtd_mean_FusionHeat_shuffled_1,wtd_mean_atomic_mass,wtd_range_Density,wtd_range_Density_shuffled_1,wtd_range_Density_shuffled_2,wtd_range_ElectronAffinity,wtd_range_ElectronAffinity_shuffled_2,wtd_range_atomic_radius,wtd_range_fie,wtd_std_Density,wtd_std_Density_shuffled_2,wtd_std_ElectronAffinity_shuffled_1,wtd_std_ElectronAffinity_shuffled_2,wtd_std_FusionHeat_shuffled_2,wtd_std_ThermalConductivity_shuffled_1,wtd_std_ThermalConductivity_shuffled_2,wtd_std_fie"
superconductivity_synthetic_target_2_noise,regression,621.9950227737427,15.793974802398553,12.56325562236371,0.772635847605835,5.564873369535583,4.362376338691185,39,"critical_temp,gmean_Density_shuffled_1,gmean_Density_shuffled_2,mean_Density_shuffled_2,range_FusionHeat,range_ThermalConductivity,std_FusionHeat_shuffled_1,std_FusionHeat_shuffled_2,std_ThermalConductivity_shuffled_1,std_atomic_radius,synthetic_target_1,synthetic_target_2,wtd_entropy_ThermalConductivity_shuffled_2,wtd_entropy_Valence_shuffled_2,wtd_gmean_Density,wtd_gmean_Density_shuffled_1,wtd_gmean_Density_shuffled_2,wtd_gmean_ElectronAffinity,wtd_gmean_ElectronAffinity_shuffled_1,wtd_gmean_fie,wtd_mean_Density,wtd_mean_ElectronAffinity,wtd_mean_FusionHeat_shuffled_1,wtd_mean_atomic_mass,wtd_range_Density,wtd_range_Density_shuffled_1,wtd_range_Density_shuffled_2,wtd_range_ElectronAffinity,wtd_range_ElectronAffinity_shuffled_2,wtd_range_ThermalConductivity_shuffled_1,wtd_range_atomic_radius,wtd_range_fie,wtd_std_Density,wtd_std_Density_shuffled_2,wtd_std_ElectronAffinity_shuffled_1,wtd_std_ElectronAffinity_shuffled_2,wtd_std_FusionHeat_shuffled_2,wtd_std_ThermalConductivity_shuffled_1,wtd_std_ThermalConductivity_shuffled_2,wtd_std_fie"
superconductivity_synthetic_target_2_noise,regression,621.9950227737427,15.793154633925678,12.568661822469496,0.7726594606697016,4.810127939077258,3.73788095975838,40,"critical_temp,gmean_Density_shuffled_1,gmean_Density_shuffled_2,mean_Density_shuffled_2,range_FusionHeat,range_ThermalConductivity,std_FusionHeat_shuffled_1,std_FusionHeat_shuffled_2,std_ThermalConductivity_shuffled_1,std_atomic_radius,synthetic_target_1,synthetic_target_2,wtd_entropy_ThermalConductivity_shuffled_2,wtd_entropy_Valence_shuffled_2,wtd_gmean_Density,wtd_gmean_Density_shuffled_1,wtd_gmean_Density_shuffled_2,wtd_gmean_ElectronAffinity,wtd_gmean_ElectronAffinity_shuffled_1,wtd_gmean_fie,wtd_mean_Density,wtd_mean_ElectronAffinity,wtd_mean_FusionHeat_shuffled_1,wtd_mean_atomic_mass,wtd_range_Density,wtd_range_Density_shuffled_1,wtd_range_Density_shuffled_2,wtd_range_ElectronAffinity,wtd_range_ElectronAffinity_shuffled_2,wtd_range_ThermalConductivity_shuffled_1,wtd_range_ThermalConductivity_shuffled_2,wtd_range_atomic_radius,wtd_range_fie,wtd_std_Density,wtd_std_Density_shuffled_2,wtd_std_ElectronAffinity_shuffled_1,wtd_std_ElectronAffinity_shuffled_2,wtd_std_FusionHeat_shuffled_2,wtd_std_ThermalConductivity_shuffled_1,wtd_std_ThermalConductivity_shuffled_2,wtd_std_fie"
superconductivity_synthetic_target_2_clean,regression,313.8346884250641,20.978767255523355,16.64933934502903,0.598857164288739,0.8341889002930465,0.6744492645801152,1,"range_FusionHeat,synthetic_target_2"
superconductivity_synthetic_target_2_clean,regression,313.8346884250641,17.96890741627449,14.145352689943193,0.7057052920163926,2.518980296947319,1.8745897955918043,2,"range_FusionHeat,synthetic_target_2,wtd_gmean_ElectronAffinity"
superconductivity_synthetic_target_2_clean,regression,313.8346884250641,17.381341835749662,13.720731138070228,0.7246369189615705,2.7132511934950347,2.0491889755792734,3,"range_FusionHeat,synthetic_target_2,wtd_gmean_ElectronAffinity,wtd_mean_ElectronAffinity"
superconductivity_synthetic_target_2_clean,regression,313.8346884250641,16.781193701514017,13.298535099530188,0.7433242667120518,2.2652523897834573,1.773147781396208,4,"range_FusionHeat,range_ThermalConductivity,synthetic_target_2,wtd_gmean_ElectronAffinity,wtd_mean_ElectronAffinity"
superconductivity_synthetic_target_2_clean,regression,313.8346884250641,16.244182627387648,12.885807243442661,0.7594890589656424,2.1832051912944834,1.721296602773105,5,"range_FusionHeat,range_ThermalConductivity,synthetic_target_2,wtd_gmean_ElectronAffinity,wtd_mean_ElectronAffinity,wtd_range_ElectronAffinity"
superconductivity_synthetic_target_2_clean,regression,313.8346884250641,16.013226329542544,12.75314137531326,0.766279506533363,2.4444130698583724,1.9734990604110827,6,"range_FusionHeat,range_ThermalConductivity,synthetic_target_2,wtd_gmean_ElectronAffinity,wtd_mean_ElectronAffinity,wtd_range_ElectronAffinity,wtd_range_fie"
superconductivity_synthetic_target_2_clean,regression,313.8346884250641,15.754084745258046,12.568969177805547,0.7737828819482573,1.868110340324792,1.5152552087893962,7,"range_FusionHeat,range_ThermalConductivity,synthetic_target_2,wtd_gmean_ElectronAffinity,wtd_mean_ElectronAffinity,wtd_range_ElectronAffinity,wtd_range_Valence,wtd_range_fie"
superconductivity_synthetic_target_2_clean,regression,313.8346884250641,15.682895630557795,12.498463300026101,0.7758227098442406,1.9927518986556283,1.6164650419684836,8,"range_FusionHeat,range_ThermalConductivity,synthetic_target_2,wtd_gmean_ElectronAffinity,wtd_mean_ElectronAffinity,wtd_range_ElectronAffinity,wtd_range_Valence,wtd_range_atomic_mass,wtd_range_fie"
superconductivity_synthetic_target_2_clean,regression,313.8346884250641,15.719554289355523,12.53694094898659,0.7747734592736927,2.2720293963929965,1.836755586364287,9,"range_FusionHeat,range_ThermalConductivity,synthetic_target_2,wtd_gmean_ElectronAffinity,wtd_mean_Density,wtd_mean_ElectronAffinity,wtd_range_ElectronAffinity,wtd_range_Valence,wtd_range_atomic_mass,wtd_range_fie"
superconductivity_synthetic_target_2_clean,regression,313.8346884250641,15.57971101404014,12.411172710364868,0.7787629259440904,2.0676150262226987,1.6527867196038581,10,"range_FusionHeat,range_ThermalConductivity,synthetic_target_2,wtd_entropy_Valence,wtd_gmean_ElectronAffinity,wtd_mean_Density,wtd_mean_ElectronAffinity,wtd_range_ElectronAffinity,wtd_range_Valence,wtd_range_atomic_mass,wtd_range_fie"
superconductivity_synthetic_target_2_clean,regression,313.8346884250641,15.503018974177339,12.352601767876038,0.780935669926349,1.9519105482221129,1.5583875285549844,11,"range_FusionHeat,range_ThermalConductivity,synthetic_target_2,wtd_entropy_Valence,wtd_gmean_ElectronAffinity,wtd_mean_Density,wtd_mean_ElectronAffinity,wtd_range_ElectronAffinity,wtd_range_Valence,wtd_range_atomic_mass,wtd_range_fie,wtd_std_Valence"
superconductivity_synthetic_target_2_clean,regression,313.8346884250641,15.457632234868488,12.322244355062487,0.7822164606709527,1.570145782945481,1.2498433636651622,12,"range_FusionHeat,range_ThermalConductivity,synthetic_target_2,wtd_entropy_Valence,wtd_gmean_ElectronAffinity,wtd_mean_Density,wtd_mean_ElectronAffinity,wtd_range_Density,wtd_range_ElectronAffinity,wtd_range_Valence,wtd_range_atomic_mass,wtd_range_fie,wtd_std_Valence"
superconductivity_synthetic_target_2_clean,regression,313.8346884250641,15.473095767881132,12.315168772305364,0.7817805093696025,1.9103821486557298,1.518362469738971,13,"range_FusionHeat,range_ThermalConductivity,synthetic_target_2,wtd_entropy_Valence,wtd_entropy_fie,wtd_gmean_ElectronAffinity,wtd_mean_Density,wtd_mean_ElectronAffinity,wtd_range_Density,wtd_range_ElectronAffinity,wtd_range_Valence,wtd_range_atomic_mass,wtd_range_fie,wtd_std_Valence"
superconductivity_synthetic_target_2_clean,regression,313.8346884250641,15.51191745123516,12.346765548563948,0.7806841191332061,1.9322739480230968,1.5414477582729198,14,"range_FusionHeat,range_ThermalConductivity,synthetic_target_2,wtd_entropy_Valence,wtd_entropy_fie,wtd_gmean_ElectronAffinity,wtd_gmean_Valence,wtd_mean_Density,wtd_mean_ElectronAffinity,wtd_range_Density,wtd_range_ElectronAffinity,wtd_range_Valence,wtd_range_atomic_mass,wtd_range_fie,wtd_std_Valence"
superconductivity_synthetic_target_2_clean,regression,313.8346884250641,15.516038441934121,12.352379746622479,0.7805675740623121,1.931502442992839,1.5377441399537428,15,"range_FusionHeat,range_ThermalConductivity,synthetic_target_2,wtd_entropy_Valence,wtd_entropy_fie,wtd_gmean_ElectronAffinity,wtd_gmean_Valence,wtd_mean_Density,wtd_mean_ElectronAffinity,wtd_range_Density,wtd_range_ElectronAffinity,wtd_range_Valence,wtd_range_atomic_mass,wtd_range_fie,wtd_std_FusionHeat,wtd_std_Valence"
superconductivity_synthetic_target_2_clean,regression,313.8346884250641,15.506981086731088,12.337089110133485,0.7808236829068104,1.9092867525976978,1.5048605946588651,16,"range_FusionHeat,range_ThermalConductivity,synthetic_target_2,wtd_entropy_Valence,wtd_entropy_fie,wtd_gmean_ElectronAffinity,wtd_gmean_Valence,wtd_mean_Density,wtd_mean_ElectronAffinity,wtd_range_Density,wtd_range_ElectronAffinity,wtd_range_Valence,wtd_range_atomic_mass,wtd_range_fie,wtd_std_Density,wtd_std_FusionHeat,wtd_std_Valence"
superconductivity_synthetic_target_2_clean,regression,313.8346884250641,15.502527378819153,12.317135121702487,0.7809495626140333,1.7682921557776066,1.3654921576637218,17,"range_FusionHeat,range_ThermalConductivity,synthetic_target_2,wtd_entropy_ElectronAffinity,wtd_entropy_Valence,wtd_entropy_fie,wtd_gmean_ElectronAffinity,wtd_gmean_Valence,wtd_mean_Density,wtd_mean_ElectronAffinity,wtd_range_Density,wtd_range_ElectronAffinity,wtd_range_Valence,wtd_range_atomic_mass,wtd_range_fie,wtd_std_Density,wtd_std_FusionHeat,wtd_std_Valence"
superconductivity_synthetic_target_2_clean,regression,313.8346884250641,15.486189257977909,12.32236314066322,0.781411034029787,1.6796819782599517,1.3264470302672748,18,"range_FusionHeat,range_ThermalConductivity,synthetic_target_2,wtd_entropy_ElectronAffinity,wtd_entropy_Valence,wtd_entropy_fie,wtd_gmean_ElectronAffinity,wtd_gmean_Valence,wtd_mean_Density,wtd_mean_ElectronAffinity,wtd_range_Density,wtd_range_ElectronAffinity,wtd_range_Valence,wtd_range_atomic_mass,wtd_range_fie,wtd_std_Density,wtd_std_FusionHeat,wtd_std_Valence,wtd_std_atomic_mass"
superconductivity_synthetic_target_2_clean,regression,313.8346884250641,15.4965805457044,12.320773594495686,0.7811175876735418,1.8459774826426152,1.4511941440313905,19,"range_FusionHeat,range_ThermalConductivity,synthetic_target_2,wtd_entropy_ElectronAffinity,wtd_entropy_Valence,wtd_entropy_fie,wtd_gmean_ElectronAffinity,wtd_gmean_Valence,wtd_mean_Density,wtd_mean_ElectronAffinity,wtd_mean_Valence,wtd_range_Density,wtd_range_ElectronAffinity,wtd_range_Valence,wtd_range_atomic_mass,wtd_range_fie,wtd_std_Density,wtd_std_FusionHeat,wtd_std_Valence,wtd_std_atomic_mass"
superconductivity_synthetic_target_2_clean,regression,313.8346884250641,15.4899846218198,12.315286466160321,0.7813038770906209,1.9825252225368466,1.565682123539835,20,"range_FusionHeat,range_ThermalConductivity,synthetic_target_2,wtd_entropy_ElectronAffinity,wtd_entropy_Valence,wtd_entropy_fie,wtd_gmean_ElectronAffinity,wtd_gmean_Valence,wtd_mean_Density,wtd_mean_ElectronAffinity,wtd_mean_Valence,wtd_range_Density,wtd_range_ElectronAffinity,wtd_range_Valence,wtd_range_atomic_mass,wtd_range_fie,wtd_std_Density,wtd_std_FusionHeat,wtd_std_Valence,wtd_std_atomic_mass,wtd_std_fie"
superconductivity_synthetic_target_2_clean,regression,313.8346884250641,15.490656958492897,12.315736864572292,0.7812848918406886,1.8767701243503776,1.4759003025275685,21,"range_FusionHeat,range_ThermalConductivity,synthetic_target_2,wtd_entropy_ElectronAffinity,wtd_entropy_Valence,wtd_entropy_fie,wtd_gmean_Density,wtd_gmean_ElectronAffinity,wtd_gmean_Valence,wtd_mean_Density,wtd_mean_ElectronAffinity,wtd_mean_Valence,wtd_range_Density,wtd_range_ElectronAffinity,wtd_range_Valence,wtd_range_atomic_mass,wtd_range_fie,wtd_std_Density,wtd_std_FusionHeat,wtd_std_Valence,wtd_std_atomic_mass,wtd_std_fie"
superconductivity_synthetic_target_2_clean,regression,313.8346884250641,15.474883766241378,12.299840081618811,0.7817300736144397,1.8478676158342608,1.4506538487527791,22,"range_FusionHeat,range_ThermalConductivity,synthetic_target_2,wtd_entropy_ElectronAffinity,wtd_entropy_Valence,wtd_entropy_fie,wtd_gmean_Density,wtd_gmean_ElectronAffinity,wtd_gmean_Valence,wtd_mean_Density,wtd_mean_ElectronAffinity,wtd_mean_Valence,wtd_range_Density,wtd_range_ElectronAffinity,wtd_range_Valence,wtd_range_atomic_mass,wtd_range_fie,wtd_std_Density,wtd_std_FusionHeat,wtd_std_ThermalConductivity,wtd_std_Valence,wtd_std_atomic_mass,wtd_std_fie"
superconductivity_synthetic_target_2_clean,regression,313.8346884250641,15.50811951134182,12.330497436739064,0.7807915006437371,2.028759929087208,1.5936367535218938,23,"range_FusionHeat,range_ThermalConductivity,synthetic_target_2,wtd_entropy_ElectronAffinity,wtd_entropy_Valence,wtd_entropy_fie,wtd_gmean_Density,wtd_gmean_ElectronAffinity,wtd_gmean_Valence,wtd_mean_Density,wtd_mean_ElectronAffinity,wtd_mean_Valence,wtd_range_Density,wtd_range_ElectronAffinity,wtd_range_Valence,wtd_range_atomic_mass,wtd_range_fie,wtd_std_Density,wtd_std_FusionHeat,wtd_std_ThermalConductivity,wtd_std_Valence,wtd_std_atomic_mass,wtd_std_atomic_radius,wtd_std_fie"
superconductivity_synthetic_target_2_clean,regression,313.8346884250641,15.435444037217524,12.287744522935327,0.7828412337288505,1.8781563858683068,1.4849298695584174,24,"range_FusionHeat,range_ThermalConductivity,std_ThermalConductivity,synthetic_target_2,wtd_entropy_ElectronAffinity,wtd_entropy_Valence,wtd_entropy_fie,wtd_gmean_Density,wtd_gmean_ElectronAffinity,wtd_gmean_Valence,wtd_mean_Density,wtd_mean_ElectronAffinity,wtd_mean_Valence,wtd_range_Density,wtd_range_ElectronAffinity,wtd_range_Valence,wtd_range_atomic_mass,wtd_range_fie,wtd_std_Density,wtd_std_FusionHeat,wtd_std_ThermalConductivity,wtd_std_Valence,wtd_std_atomic_mass,wtd_std_atomic_radius,wtd_std_fie"
superconductivity_synthetic_target_2_clean,regression,313.8346884250641,15.414415918102463,12.262472071555436,0.7834325131116723,1.776529405664233,1.4192714197007614,25,"range_FusionHeat,range_ThermalConductivity,std_ThermalConductivity,synthetic_target_2,wtd_entropy_ElectronAffinity,wtd_entropy_Valence,wtd_entropy_fie,wtd_gmean_Density,wtd_gmean_ElectronAffinity,wtd_gmean_Valence,wtd_mean_Density,wtd_mean_ElectronAffinity,wtd_mean_Valence,wtd_range_Density,wtd_range_ElectronAffinity,wtd_range_Valence,wtd_range_atomic_mass,wtd_range_atomic_radius,wtd_range_fie,wtd_std_Density,wtd_std_FusionHeat,wtd_std_ThermalConductivity,wtd_std_Valence,wtd_std_atomic_mass,wtd_std_atomic_radius,wtd_std_fie"
superconductivity_synthetic_target_2_clean,regression,313.8346884250641,15.391015613692675,12.255462408593333,0.7840895472187173,1.6852283863078394,1.3457209131824275,26,"range_FusionHeat,range_ThermalConductivity,std_ThermalConductivity,synthetic_target_2,wtd_entropy_ElectronAffinity,wtd_entropy_Valence,wtd_entropy_fie,wtd_gmean_Density,wtd_gmean_ElectronAffinity,wtd_gmean_Valence,wtd_mean_Density,wtd_mean_ElectronAffinity,wtd_mean_Valence,wtd_range_Density,wtd_range_ElectronAffinity,wtd_range_FusionHeat,wtd_range_Valence,wtd_range_atomic_mass,wtd_range_atomic_radius,wtd_range_fie,wtd_std_Density,wtd_std_FusionHeat,wtd_std_ThermalConductivity,wtd_std_Valence,wtd_std_atomic_mass,wtd_std_atomic_radius,wtd_std_fie"
superconductivity_synthetic_target_2_clean,regression,313.8346884250641,15.384379796127794,12.258435801258,0.7842756861387729,1.7274444520888697,1.388818131117798,27,"range_FusionHeat,range_ThermalConductivity,std_ThermalConductivity,synthetic_target_2,wtd_entropy_ElectronAffinity,wtd_entropy_Valence,wtd_entropy_fie,wtd_gmean_Density,wtd_gmean_ElectronAffinity,wtd_gmean_Valence,wtd_mean_Density,wtd_mean_ElectronAffinity,wtd_mean_Valence,wtd_range_Density,wtd_range_ElectronAffinity,wtd_range_FusionHeat,wtd_range_ThermalConductivity,wtd_range_Valence,wtd_range_atomic_mass,wtd_range_atomic_radius,wtd_range_fie,wtd_std_Density,wtd_std_FusionHeat,wtd_std_ThermalConductivity,wtd_std_Valence,wtd_std_atomic_mass,wtd_std_atomic_radius,wtd_std_fie"
superconductivity_synthetic_target_2_clean,regression,313.8346884250641,15.413293225719418,12.272430032086513,0.7834640588821854,1.739994304528011,1.3953111016077493,28,"range_FusionHeat,range_ThermalConductivity,std_ThermalConductivity,synthetic_target_2,wtd_entropy_ElectronAffinity,wtd_entropy_Valence,wtd_entropy_fie,wtd_gmean_Density,wtd_gmean_ElectronAffinity,wtd_gmean_Valence,wtd_mean_Density,wtd_mean_ElectronAffinity,wtd_mean_Valence,wtd_range_Density,wtd_range_ElectronAffinity,wtd_range_FusionHeat,wtd_range_ThermalConductivity,wtd_range_Valence,wtd_range_atomic_mass,wtd_range_atomic_radius,wtd_range_fie,wtd_std_Density,wtd_std_ElectronAffinity,wtd_std_FusionHeat,wtd_std_ThermalConductivity,wtd_std_Valence,wtd_std_atomic_mass,wtd_std_atomic_radius,wtd_std_fie"
superconductivity_synthetic_target_2_clean,regression,313.8346884250641,15.38705456990376,12.263116726561163,0.7842006666832135,1.7907225681998717,1.434532518136086,29,"range_FusionHeat,range_ThermalConductivity,std_Density,std_ThermalConductivity,synthetic_target_2,wtd_entropy_ElectronAffinity,wtd_entropy_Valence,wtd_entropy_fie,wtd_gmean_Density,wtd_gmean_ElectronAffinity,wtd_gmean_Valence,wtd_mean_Density,wtd_mean_ElectronAffinity,wtd_mean_Valence,wtd_range_Density,wtd_range_ElectronAffinity,wtd_range_FusionHeat,wtd_range_ThermalConductivity,wtd_range_Valence,wtd_range_atomic_mass,wtd_range_atomic_radius,wtd_range_fie,wtd_std_Density,wtd_std_ElectronAffinity,wtd_std_FusionHeat,wtd_std_ThermalConductivity,wtd_std_Valence,wtd_std_atomic_mass,wtd_std_atomic_radius,wtd_std_fie"
superconductivity_synthetic_target_2_clean,regression,313.8346884250641,15.396691838932652,12.25415857430858,0.783930261777684,1.6860099827161257,1.3412638821805114,30,"range_FusionHeat,range_ThermalConductivity,std_Density,std_ThermalConductivity,synthetic_target_2,wtd_entropy_ElectronAffinity,wtd_entropy_FusionHeat,wtd_entropy_Valence,wtd_entropy_fie,wtd_gmean_Density,wtd_gmean_ElectronAffinity,wtd_gmean_Valence,wtd_mean_Density,wtd_mean_ElectronAffinity,wtd_mean_Valence,wtd_range_Density,wtd_range_ElectronAffinity,wtd_range_FusionHeat,wtd_range_ThermalConductivity,wtd_range_Valence,wtd_range_atomic_mass,wtd_range_atomic_radius,wtd_range_fie,wtd_std_Density,wtd_std_ElectronAffinity,wtd_std_FusionHeat,wtd_std_ThermalConductivity,wtd_std_Valence,wtd_std_atomic_mass,wtd_std_atomic_radius,wtd_std_fie"
superconductivity_synthetic_target_2_clean,regression,313.8346884250641,15.376035423427483,12.24240883166412,0.784509637188233,1.7614168366153198,1.4151196124879153,31,"range_FusionHeat,range_ThermalConductivity,std_Density,std_ThermalConductivity,synthetic_target_2,wtd_entropy_ElectronAffinity,wtd_entropy_FusionHeat,wtd_entropy_Valence,wtd_entropy_fie,wtd_gmean_Density,wtd_gmean_ElectronAffinity,wtd_gmean_Valence,wtd_mean_Density,wtd_mean_ElectronAffinity,wtd_mean_Valence,wtd_mean_atomic_mass,wtd_range_Density,wtd_range_ElectronAffinity,wtd_range_FusionHeat,wtd_range_ThermalConductivity,wtd_range_Valence,wtd_range_atomic_mass,wtd_range_atomic_radius,wtd_range_fie,wtd_std_Density,wtd_std_ElectronAffinity,wtd_std_FusionHeat,wtd_std_ThermalConductivity,wtd_std_Valence,wtd_std_atomic_mass,wtd_std_atomic_radius,wtd_std_fie"
superconductivity_synthetic_target_2_clean,regression,313.8346884250641,15.37622990724814,12.257304664880147,0.7845041858930237,1.6052111767432518,1.298335455107793,32,"entropy_Valence,range_FusionHeat,range_ThermalConductivity,std_Density,std_ThermalConductivity,synthetic_target_2,wtd_entropy_ElectronAffinity,wtd_entropy_FusionHeat,wtd_entropy_Valence,wtd_entropy_fie,wtd_gmean_Density,wtd_gmean_ElectronAffinity,wtd_gmean_Valence,wtd_mean_Density,wtd_mean_ElectronAffinity,wtd_mean_Valence,wtd_mean_atomic_mass,wtd_range_Density,wtd_range_ElectronAffinity,wtd_range_FusionHeat,wtd_range_ThermalConductivity,wtd_range_Valence,wtd_range_atomic_mass,wtd_range_atomic_radius,wtd_range_fie,wtd_std_Density,wtd_std_ElectronAffinity,wtd_std_FusionHeat,wtd_std_ThermalConductivity,wtd_std_Valence,wtd_std_atomic_mass,wtd_std_atomic_radius,wtd_std_fie"
superconductivity_synthetic_target_2_clean,regression,313.8346884250641,15.368023555176537,12.244257212151606,0.784734146373725,1.6041422067149433,1.2867109538386075,33,"entropy_Valence,gmean_Density,range_FusionHeat,range_ThermalConductivity,std_Density,std_ThermalConductivity,synthetic_target_2,wtd_entropy_ElectronAffinity,wtd_entropy_FusionHeat,wtd_entropy_Valence,wtd_entropy_fie,wtd_gmean_Density,wtd_gmean_ElectronAffinity,wtd_gmean_Valence,wtd_mean_Density,wtd_mean_ElectronAffinity,wtd_mean_Valence,wtd_mean_atomic_mass,wtd_range_Density,wtd_range_ElectronAffinity,wtd_range_FusionHeat,wtd_range_ThermalConductivity,wtd_range_Valence,wtd_range_atomic_mass,wtd_range_atomic_radius,wtd_range_fie,wtd_std_Density,wtd_std_ElectronAffinity,wtd_std_FusionHeat,wtd_std_ThermalConductivity,wtd_std_Valence,wtd_std_atomic_mass,wtd_std_atomic_radius,wtd_std_fie"
superconductivity_synthetic_target_2_clean,regression,313.8346884250641,15.366689607237994,12.259034420623829,0.7847715150019237,1.696664608354066,1.3827169832614477,34,"entropy_Valence,gmean_Density,range_FusionHeat,range_ThermalConductivity,std_Density,std_ThermalConductivity,synthetic_target_2,wtd_entropy_ElectronAffinity,wtd_entropy_FusionHeat,wtd_entropy_ThermalConductivity,wtd_entropy_Valence,wtd_entropy_fie,wtd_gmean_Density,wtd_gmean_ElectronAffinity,wtd_gmean_Valence,wtd_mean_Density,wtd_mean_ElectronAffinity,wtd_mean_Valence,wtd_mean_atomic_mass,wtd_range_Density,wtd_range_ElectronAffinity,wtd_range_FusionHeat,wtd_range_ThermalConductivity,wtd_range_Valence,wtd_range_atomic_mass,wtd_range_atomic_radius,wtd_range_fie,wtd_std_Density,wtd_std_ElectronAffinity,wtd_std_FusionHeat,wtd_std_ThermalConductivity,wtd_std_Valence,wtd_std_atomic_mass,wtd_std_atomic_radius,wtd_std_fie"
superconductivity_synthetic_target_2_clean,regression,313.8346884250641,15.36441652817222,12.234469542612118,0.7848351845614644,1.453053323920443,1.1680353106879373,35,"entropy_Valence,gmean_Density,range_ElectronAffinity,range_FusionHeat,range_ThermalConductivity,std_Density,std_ThermalConductivity,synthetic_target_2,wtd_entropy_ElectronAffinity,wtd_entropy_FusionHeat,wtd_entropy_ThermalConductivity,wtd_entropy_Valence,wtd_entropy_fie,wtd_gmean_Density,wtd_gmean_ElectronAffinity,wtd_gmean_Valence,wtd_mean_Density,wtd_mean_ElectronAffinity,wtd_mean_Valence,wtd_mean_atomic_mass,wtd_range_Density,wtd_range_ElectronAffinity,wtd_range_FusionHeat,wtd_range_ThermalConductivity,wtd_range_Valence,wtd_range_atomic_mass,wtd_range_atomic_radius,wtd_range_fie,wtd_std_Density,wtd_std_ElectronAffinity,wtd_std_FusionHeat,wtd_std_ThermalConductivity,wtd_std_Valence,wtd_std_atomic_mass,wtd_std_atomic_radius,wtd_std_fie"
superconductivity_synthetic_target_2_clean,regression,313.8346884250641,15.359936166349511,12.245864031659618,0.784960653129213,1.668375836320342,1.354737566003859,36,"entropy_Valence,gmean_Density,range_ElectronAffinity,range_FusionHeat,range_ThermalConductivity,std_Density,std_ThermalConductivity,synthetic_target_2,wtd_entropy_Density,wtd_entropy_ElectronAffinity,wtd_entropy_FusionHeat,wtd_entropy_ThermalConductivity,wtd_entropy_Valence,wtd_entropy_fie,wtd_gmean_Density,wtd_gmean_ElectronAffinity,wtd_gmean_Valence,wtd_mean_Density,wtd_mean_ElectronAffinity,wtd_mean_Valence,wtd_mean_atomic_mass,wtd_range_Density,wtd_range_ElectronAffinity,wtd_range_FusionHeat,wtd_range_ThermalConductivity,wtd_range_Valence,wtd_range_atomic_mass,wtd_range_atomic_radius,wtd_range_fie,wtd_std_Density,wtd_std_ElectronAffinity,wtd_std_FusionHeat,wtd_std_ThermalConductivity,wtd_std_Valence,wtd_std_atomic_mass,wtd_std_atomic_radius,wtd_std_fie"
superconductivity_synthetic_target_2_clean,regression,313.8346884250641,15.369283891163251,12.254000641624614,0.7846988368980391,1.6541670360212866,1.3462381862793684,37,"entropy_Valence,gmean_Density,range_ElectronAffinity,range_FusionHeat,range_ThermalConductivity,range_fie,std_Density,std_ThermalConductivity,synthetic_target_2,wtd_entropy_Density,wtd_entropy_ElectronAffinity,wtd_entropy_FusionHeat,wtd_entropy_ThermalConductivity,wtd_entropy_Valence,wtd_entropy_fie,wtd_gmean_Density,wtd_gmean_ElectronAffinity,wtd_gmean_Valence,wtd_mean_Density,wtd_mean_ElectronAffinity,wtd_mean_Valence,wtd_mean_atomic_mass,wtd_range_Density,wtd_range_ElectronAffinity,wtd_range_FusionHeat,wtd_range_ThermalConductivity,wtd_range_Valence,wtd_range_atomic_mass,wtd_range_atomic_radius,wtd_range_fie,wtd_std_Density,wtd_std_ElectronAffinity,wtd_std_FusionHeat,wtd_std_ThermalConductivity,wtd_std_Valence,wtd_std_atomic_mass,wtd_std_atomic_radius,wtd_std_fie"
superconductivity_synthetic_target_2_clean,regression,313.8346884250641,15.359892153930325,12.238955544307466,0.7849618854765632,1.5975926882677722,1.2832957441464892,38,"entropy_Valence,gmean_Density,mean_Density,range_ElectronAffinity,range_FusionHeat,range_ThermalConductivity,range_fie,std_Density,std_ThermalConductivity,synthetic_target_2,wtd_entropy_Density,wtd_entropy_ElectronAffinity,wtd_entropy_FusionHeat,wtd_entropy_ThermalConductivity,wtd_entropy_Valence,wtd_entropy_fie,wtd_gmean_Density,wtd_gmean_ElectronAffinity,wtd_gmean_Valence,wtd_mean_Density,wtd_mean_ElectronAffinity,wtd_mean_Valence,wtd_mean_atomic_mass,wtd_range_Density,wtd_range_ElectronAffinity,wtd_range_FusionHeat,wtd_range_ThermalConductivity,wtd_range_Valence,wtd_range_atomic_mass,wtd_range_atomic_radius,wtd_range_fie,wtd_std_Density,wtd_std_ElectronAffinity,wtd_std_FusionHeat,wtd_std_ThermalConductivity,wtd_std_Valence,wtd_std_atomic_mass,wtd_std_atomic_radius,wtd_std_fie"
superconductivity_synthetic_target_2_clean,regression,313.8346884250641,15.337429977415477,12.231892797567108,0.7855903654421811,1.5610783670356696,1.270767590394204,39,"entropy_Valence,gmean_Density,mean_Density,range_ElectronAffinity,range_FusionHeat,range_ThermalConductivity,range_fie,std_Density,std_ThermalConductivity,std_Valence,synthetic_target_2,wtd_entropy_Density,wtd_entropy_ElectronAffinity,wtd_entropy_FusionHeat,wtd_entropy_ThermalConductivity,wtd_entropy_Valence,wtd_entropy_fie,wtd_gmean_Density,wtd_gmean_ElectronAffinity,wtd_gmean_Valence,wtd_mean_Density,wtd_mean_ElectronAffinity,wtd_mean_Valence,wtd_mean_atomic_mass,wtd_range_Density,wtd_range_ElectronAffinity,wtd_range_FusionHeat,wtd_range_ThermalConductivity,wtd_range_Valence,wtd_range_atomic_mass,wtd_range_atomic_radius,wtd_range_fie,wtd_std_Density,wtd_std_ElectronAffinity,wtd_std_FusionHeat,wtd_std_ThermalConductivity,wtd_std_Valence,wtd_std_atomic_mass,wtd_std_atomic_radius,wtd_std_fie"
superconductivity_synthetic_target_2_clean,regression,313.8346884250641,15.33373654915265,12.228051243106657,0.7856936175848397,1.6724603543121326,1.3492719724419757,40,"entropy_Valence,gmean_Density,mean_Density,range_ElectronAffinity,range_FusionHeat,range_ThermalConductivity,range_atomic_radius,range_fie,std_Density,std_ThermalConductivity,std_Valence,synthetic_target_2,wtd_entropy_Density,wtd_entropy_ElectronAffinity,wtd_entropy_FusionHeat,wtd_entropy_ThermalConductivity,wtd_entropy_Valence,wtd_entropy_fie,wtd_gmean_Density,wtd_gmean_ElectronAffinity,wtd_gmean_Valence,wtd_mean_Density,wtd_mean_ElectronAffinity,wtd_mean_Valence,wtd_mean_atomic_mass,wtd_range_Density,wtd_range_ElectronAffinity,wtd_range_FusionHeat,wtd_range_ThermalConductivity,wtd_range_Valence,wtd_range_atomic_mass,wtd_range_atomic_radius,wtd_range_fie,wtd_std_Density,wtd_std_ElectronAffinity,wtd_std_FusionHeat,wtd_std_ThermalConductivity,wtd_std_Valence,wtd_std_atomic_mass,wtd_std_atomic_radius,wtd_std_fie"
house_sales_synthetic_target_1_base,regression,17.882895708084106,0.28336347557691594,0.22323000663620213,0.6836981636039315,-0.00135677196018269,-0.002073494351130245,1,"sqft_living,synthetic_target_1"
house_sales_synthetic_target_1_base,regression,17.882895708084106,0.2835926117967435,0.22355772753841321,0.6831864144436844,0.0023587461201545756,0.0010515680968603558,2,"Unnamed: 0,sqft_living,synthetic_target_1"
house_sales_synthetic_target_1_base,regression,17.882895708084106,0.28224198339622814,0.22228454854649227,0.6861969193990015,0.014063862533931104,0.009680037442843042,3,"Unnamed: 0,sqft_living,sqft_lot,synthetic_target_1"
house_sales_synthetic_target_1_base,regression,17.882895708084106,0.2813029588067274,0.22142746304488656,0.6882815038464688,0.01574314894934059,0.010816916163915141,4,"Unnamed: 0,sqft_living,sqft_living15,sqft_lot,synthetic_target_1"
house_sales_synthetic_target_1_base,regression,17.882895708084106,0.2805065778704214,0.2207452936749078,0.6900439827788929,0.020246597236211195,0.014288300967085638,5,"Unnamed: 0,sqft_living,sqft_living15,sqft_lot,synthetic_target_1,yr_built"
house_sales_synthetic_target_1_base,regression,17.882895708084106,0.2800075303378902,0.2208035737623767,0.6911458834128319,0.02462069904851588,0.018169591451984046,6,"Unnamed: 0,sqft_living,sqft_living15,sqft_lot,sqft_lot15,synthetic_target_1,yr_built"
house_sales_synthetic_target_1_base,regression,17.882895708084106,0.27951784235574945,0.22035234746395574,0.6922252108144173,0.022562431415921236,0.016431583648573667,7,"Unnamed: 0,sqft_living,sqft_living15,sqft_lot,sqft_lot15,synthetic_target_1,synthetic_target_2,yr_built"
house_sales_synthetic_target_1_base,regression,17.882895708084106,0.2795408536799247,0.22039182943252708,0.692174533570254,0.02595977096845381,0.019072093676070795,8,"Unnamed: 0,sqft_above,sqft_living,sqft_living15,sqft_lot,sqft_lot15,synthetic_target_1,synthetic_target_2,yr_built"
house_sales_synthetic_target_1_base,regression,17.882895708084106,0.27107581108480233,0.2140912101893221,0.7105353704044185,0.030291880233403623,0.02246275399045128,9,"Unnamed: 0,bathrooms,sqft_above,sqft_living,sqft_living15,sqft_lot,sqft_lot15,synthetic_target_1,synthetic_target_2,yr_built"
house_sales_synthetic_target_1_base,regression,17.882895708084106,0.23795193560458802,0.18833532539419956,0.7769550186654897,0.015676624159998265,0.011713688485283813,10,"Unnamed: 0,bathrooms,bedrooms,sqft_above,sqft_living,sqft_living15,sqft_lot,sqft_lot15,synthetic_target_1,synthetic_target_2,yr_built"
house_sales_synthetic_target_1_base,regression,17.882895708084106,0.23799138060515354,0.18837320299467347,0.7768810647502998,0.016875986224817563,0.012531385080000818,11,"Unnamed: 0,bathrooms,bedrooms,lat,sqft_above,sqft_living,sqft_living15,sqft_lot,sqft_lot15,synthetic_target_1,synthetic_target_2,yr_built"
house_sales_synthetic_target_1_base,regression,17.882895708084106,0.23785420248970227,0.18819864550883672,0.7771382019125047,0.020276426935586622,0.015102518684919103,12,"Unnamed: 0,bathrooms,bedrooms,date_day,lat,sqft_above,sqft_living,sqft_living15,sqft_lot,sqft_lot15,synthetic_target_1,synthetic_target_2,yr_built"
house_sales_synthetic_target_1_base,regression,17.882895708084106,0.23802543262552148,0.18841596554825954,0.7768172120675042,0.027839861006056732,0.021041228264570472,13,"Unnamed: 0,bathrooms,bedrooms,date_day,date_month,lat,sqft_above,sqft_living,sqft_living15,sqft_lot,sqft_lot15,synthetic_target_1,synthetic_target_2,yr_built"
house_sales_synthetic_target_1_base,regression,17.882895708084106,0.2354254849321699,0.18659638157385008,0.7816662272656576,0.02758417440852523,0.021198934726423757,14,"Unnamed: 0,bathrooms,bedrooms,date_day,date_month,grade,lat,sqft_above,sqft_living,sqft_living15,sqft_lot,sqft_lot15,synthetic_target_1,synthetic_target_2,yr_built"
house_sales_synthetic_target_1_base,regression,17.882895708084106,0.23528003989448218,0.1864878115187623,0.7819359156095096,0.028969996731491005,0.022117590788850006,15,"Unnamed: 0,bathrooms,bedrooms,date_day,date_month,grade,lat,long,sqft_above,sqft_living,sqft_living15,sqft_lot,sqft_lot15,synthetic_target_1,synthetic_target_2,yr_built"
house_sales_synthetic_target_1_base,regression,17.882895708084106,0.23523937398430933,0.1866478590456506,0.7820112896881319,0.02836038253418227,0.021851402780210777,16,"Unnamed: 0,bathrooms,bedrooms,date_day,date_month,date_year,grade,lat,long,sqft_above,sqft_living,sqft_living15,sqft_lot,sqft_lot15,synthetic_target_1,synthetic_target_2,yr_built"
house_sales_synthetic_target_1_base,regression,17.882895708084106,0.2346450807058701,0.18626226323124803,0.7831113230779726,0.03515020966343685,0.02679382046293949,17,"Unnamed: 0,bathrooms,bedrooms,date_day,date_month,date_year,grade,lat,long,price,sqft_above,sqft_living,sqft_living15,sqft_lot,sqft_lot15,synthetic_target_1,synthetic_target_2,yr_built"
house_sales_synthetic_target_1_base,regression,17.882895708084106,0.22974640952826939,0.1835602821114002,0.7920727365005596,0.024650530240319518,0.01910701535232273,18,"Unnamed: 0,bathrooms,bedrooms,date_day,date_month,date_year,grade,lat,long,price,sqft_above,sqft_living,sqft_living15,sqft_lot,sqft_lot15,synthetic_target_1,synthetic_target_2,waterfront,yr_built"
house_sales_synthetic_target_1_base,regression,17.882895708084106,0.22989025568479451,0.18384023712001993,0.7918122849787361,0.027005350073157297,0.02115440612314784,19,"Unnamed: 0,bathrooms,bedrooms,date_day,date_month,date_year,grade,lat,long,price,sqft_above,sqft_basement,sqft_living,sqft_living15,sqft_lot,sqft_lot15,synthetic_target_1,synthetic_target_2,waterfront,yr_built"
house_sales_synthetic_target_1_base,regression,17.882895708084106,0.2296834023464396,0.18364031678763434,0.7921867675706002,0.031211557046641136,0.024338428794727085,20,"Unnamed: 0,bathrooms,bedrooms,date_day,date_month,date_year,grade,lat,long,price,sqft_above,sqft_basement,sqft_living,sqft_living15,sqft_lot,sqft_lot15,synthetic_target_1,synthetic_target_2,waterfront,yr_built,yr_renovated"
house_sales_synthetic_target_2_base,regression,16.493043899536133,0.49248766410607836,0.41163385032995964,0.06996553188545318,0.0050853554271542145,0.004953426912452097,1,"sqft_living15,synthetic_target_2"
house_sales_synthetic_target_2_base,regression,16.493043899536133,0.4733410609169367,0.39521761668886624,0.14087433996763588,0.00410250980955712,0.0050035509672521905,2,"date_day,sqft_living15,synthetic_target_2"
house_sales_synthetic_target_2_base,regression,16.493043899536133,0.43434637930647435,0.3628929976340764,0.2765962727451069,-0.0009351778693751922,0.000269080361429197,3,"date_day,sqft_living15,synthetic_target_2,yr_built"
house_sales_synthetic_target_2_base,regression,16.493043899536133,0.27907197571138065,0.2224993181530056,0.701364945506487,-0.00016495621562595542,0.0021867295891496996,4,"date_day,date_year,sqft_living15,synthetic_target_2,yr_built"
house_sales_synthetic_target_2_base,regression,16.493043899536133,0.2799024013360935,0.2233149007840676,0.6995850234967971,0.005632364029873715,0.006864868922184547,5,"Unnamed: 0,date_day,date_year,sqft_living15,synthetic_target_2,yr_built"
house_sales_synthetic_target_2_base,regression,16.493043899536133,0.273260998235058,0.21732103738384528,0.7136721238521434,0.00684783004106243,0.00678514717924622,6,"Unnamed: 0,date_day,date_month,date_year,sqft_living15,synthetic_target_2,yr_built"
house_sales_synthetic_target_2_base,regression,16.493043899536133,0.2530893018579642,0.20042521483129844,0.7543844229359665,0.014120735158143216,0.010876428869147053,7,"Unnamed: 0,date_day,date_month,date_year,lat,sqft_living15,synthetic_target_2,yr_built"
house_sales_synthetic_target_2_base,regression,16.493043899536133,0.2352600344223095,0.18736814394040172,0.7877710412398167,0.008287323405479385,0.006655238819488207,8,"Unnamed: 0,date_day,date_month,date_year,lat,long,sqft_living15,synthetic_target_2,yr_built"
house_sales_synthetic_target_2_base,regression,16.493043899536133,0.23500240969369232,0.18722772298870324,0.788235595208796,0.007440165737928189,0.006130935356889827,9,"Unnamed: 0,date_day,date_month,date_year,lat,long,sqft_basement,sqft_living15,synthetic_target_2,yr_built"
house_sales_synthetic_target_2_base,regression,16.493043899536133,0.23479144998230667,0.18686251702219991,0.7886156228531429,0.012193910723870827,0.00963353556594243,10,"Unnamed: 0,date_day,date_month,date_year,lat,long,sqft_basement,sqft_living15,sqft_lot15,synthetic_target_2,yr_built"
house_sales_synthetic_target_2_base,regression,16.493043899536133,0.23473957959565084,0.18706053161791025,0.7887090110767927,0.009257100095282383,0.007343218230153797,11,"Unnamed: 0,date_day,date_month,date_year,lat,long,sqft_basement,sqft_living15,sqft_lot,sqft_lot15,synthetic_target_2,yr_built"
house_sales_synthetic_target_2_base,regression,16.493043899536133,0.23147681479734464,0.18440392221809077,0.7945418722539781,0.015128410567217504,0.011752011727115014,12,"Unnamed: 0,date_day,date_month,date_year,lat,long,sqft_basement,sqft_living15,sqft_lot,sqft_lot15,synthetic_target_2,yr_built,yr_renovated"
house_sales_synthetic_target_2_base,regression,16.493043899536133,0.23128480582428598,0.18445332630343333,0.7948825840650713,0.009344283340773196,0.007372277275990685,13,"Unnamed: 0,date_day,date_month,date_year,lat,long,sqft_basement,sqft_living15,sqft_lot,sqft_lot15,synthetic_target_1,synthetic_target_2,yr_built,yr_renovated"
house_sales_synthetic_target_2_base,regression,16.493043899536133,0.23163491933987065,0.18450558938625855,0.7942611101657686,0.017988907263104148,0.014025906974580143,14,"Unnamed: 0,date_day,date_month,date_year,lat,long,price,sqft_basement,sqft_living15,sqft_lot,sqft_lot15,synthetic_target_1,synthetic_target_2,yr_built,yr_renovated"
house_sales_synthetic_target_2_base,regression,16.493043899536133,0.2318120439738336,0.1848380530471744,0.7939463445119673,0.015532135507723116,0.012106186530775026,15,"Unnamed: 0,date_day,date_month,date_year,lat,long,price,sqft_above,sqft_basement,sqft_living15,sqft_lot,sqft_lot15,synthetic_target_1,synthetic_target_2,yr_built,yr_renovated"
house_sales_synthetic_target_2_base,regression,16.493043899536133,0.23163116557360214,0.18443577685737247,0.7942677783265903,0.0101691889746382,0.007703230153008889,16,"Unnamed: 0,date_day,date_month,date_year,lat,long,price,sqft_above,sqft_basement,sqft_living,sqft_living15,sqft_lot,sqft_lot15,synthetic_target_1,synthetic_target_2,yr_built,yr_renovated"
house_sales_synthetic_target_2_base,regression,16.493043899536133,0.23137946951460384,0.18422057807101846,0.7947146426808871,0.012499954343424935,0.009593736678206594,17,"Unnamed: 0,bathrooms,date_day,date_month,date_year,lat,long,price,sqft_above,sqft_basement,sqft_living,sqft_living15,sqft_lot,sqft_lot15,synthetic_target_1,synthetic_target_2,yr_built,yr_renovated"
house_sales_synthetic_target_2_base,regression,16.493043899536133,0.23218696009897014,0.18484675196607642,0.7932792928061795,0.01491381692260521,0.01154684091439076,18,"Unnamed: 0,bathrooms,date_day,date_month,date_year,grade,lat,long,price,sqft_above,sqft_basement,sqft_living,sqft_living15,sqft_lot,sqft_lot15,synthetic_target_1,synthetic_target_2,yr_built,yr_renovated"
house_sales_synthetic_target_2_base,regression,16.493043899536133,0.23118690773753164,0.18429732828597248,0.7950561912560501,0.011328166919159055,0.008823188353530409,19,"Unnamed: 0,bathrooms,date_day,date_month,date_year,grade,lat,long,price,sqft_above,sqft_basement,sqft_living,sqft_living15,sqft_lot,sqft_lot15,synthetic_target_1,synthetic_target_2,waterfront,yr_built,yr_renovated"
house_sales_synthetic_target_2_base,regression,16.493043899536133,0.23141401145313806,0.18428432746451853,0.794653345250282,0.017932480270259565,0.013875097764018185,20,"Unnamed: 0,bathrooms,bedrooms,date_day,date_month,date_year,grade,lat,long,price,sqft_above,sqft_basement,sqft_living,sqft_living15,sqft_lot,sqft_lot15,synthetic_target_1,synthetic_target_2,waterfront,yr_built,yr_renovated"
avocado_sales_synthetic_target_1_base,regression,17.14627480506897,0.3759319518262602,0.307468519209154,0.04680353499362322,0.02210858848518321,0.013054804530339748,1,"4225,synthetic_target_1"
avocado_sales_synthetic_target_1_base,regression,17.14627480506897,0.31295668909687463,0.2402442605002858,0.3394093520465822,0.03399427683402878,0.020334757028157374,2,"4046,4225,synthetic_target_1"
avocado_sales_synthetic_target_1_base,regression,17.14627480506897,0.24831118101133304,0.18571253240151026,0.5841310508638848,0.07795230997546901,0.05285798715560128,3,"4046,4225,Total Bags,synthetic_target_1"
avocado_sales_synthetic_target_1_base,regression,17.14627480506897,0.23032788885045236,0.17610310440420898,0.6421862728245024,0.07068680405417951,0.05055085859328309,4,"4046,4225,Large Bags,Total Bags,synthetic_target_1"
avocado_sales_synthetic_target_1_base,regression,17.14627480506897,0.1904659352811235,0.1501884296357733,0.7553199439809568,0.043564450042659214,0.03258349563775145,5,"4046,4225,4770,Large Bags,Total Bags,synthetic_target_1"
avocado_sales_synthetic_target_1_base,regression,17.14627480506897,0.19097731568307919,0.15063242111623268,0.7540043012841061,0.04754559953683829,0.03589045777122875,6,"4046,4225,4770,Large Bags,Small Bags,Total Bags,synthetic_target_1"
avocado_sales_synthetic_target_1_base,regression,17.14627480506897,0.19150865455401778,0.1509690060716766,0.7526335740480666,0.05470251488584968,0.04143752090530527,7,"4046,4225,4770,Large Bags,Small Bags,Total Bags,synthetic_target_1,synthetic_target_2"
avocado_sales_synthetic_target_1_base,regression,17.14627480506897,0.19152788653655628,0.15128151913587004,0.7525838887148324,0.052200658504139685,0.039822714116551444,8,"4046,4225,4770,Large Bags,Small Bags,Total Bags,Total Volume,synthetic_target_1,synthetic_target_2"
avocado_sales_synthetic_target_1_base,regression,17.14627480506897,0.1912788771396168,0.15096790147632216,0.7532268121892811,0.051058520235681804,0.03868980544646421,9,"4046,4225,4770,Large Bags,Small Bags,Total Bags,Total Volume,month,synthetic_target_1,synthetic_target_2"
avocado_sales_synthetic_target_1_base,regression,17.14627480506897,0.19143801672045974,0.15126684699735624,0.7528160222610103,0.056073235066851634,0.04294250929208089,10,"4046,4225,4770,AveragePrice,Large Bags,Small Bags,Total Bags,Total Volume,month,synthetic_target_1,synthetic_target_2"
avocado_sales_synthetic_target_1_base,regression,17.14627480506897,0.1918830896033696,0.1513747399101421,0.7516653336581859,0.055760171928958324,0.042328977596568285,11,"4046,4225,4770,AveragePrice,Large Bags,Small Bags,Total Bags,Total Volume,day,month,synthetic_target_1,synthetic_target_2"
avocado_sales_synthetic_target_1_base,regression,17.14627480506897,0.1914600008117732,0.15124984391237212,0.7527592474651928,0.05688642549035541,0.043392758658579084,12,"4046,4225,4770,AveragePrice,Large Bags,Small Bags,Total Bags,Total Volume,day,month,synthetic_target_1,synthetic_target_2,type"
avocado_sales_synthetic_target_1_base,regression,17.14627480506897,0.1918728095611476,0.1515337811844471,0.7516919417608126,0.0647250064466875,0.049621883578990986,13,"4046,4225,4770,AveragePrice,Large Bags,Small Bags,Total Bags,Total Volume,day,month,synthetic_target_1,synthetic_target_2,type,year"
avocado_sales_synthetic_target_1_base,regression,17.14627480506897,0.19238123203674284,0.15196716272963967,0.750374270332459,0.06790028793910857,0.05228391831184952,14,"4046,4225,4770,AveragePrice,Large Bags,Small Bags,Total Bags,Total Volume,XLarge Bags,day,month,synthetic_target_1,synthetic_target_2,type,year"
avocado_sales_synthetic_target_1_base,regression,17.14627480506897,0.1917643166230406,0.1513141354415907,0.7519726699624316,0.06103824962581275,0.04640704011887503,15,"4046,4225,4770,AveragePrice,Large Bags,Small Bags,Total Bags,Total Volume,Unnamed: 0,XLarge Bags,day,month,synthetic_target_1,synthetic_target_2,type,year"
avocado_sales_synthetic_target_1_base,regression,17.14627480506897,0.1917643166230406,0.1513141354415907,0.7519726699624316,0.06103824962581275,0.04640704011887503,16,"4046,4225,4770,AveragePrice,Large Bags,Small Bags,Total Bags,Total Volume,Unnamed: 0,XLarge Bags,day,month,synthetic_target_1,synthetic_target_2,type,year"
avocado_sales_synthetic_target_2_base,regression,13.034688711166382,0.35933142957962966,0.29685828490870886,0.1379191563840697,-0.0042835436023502815,-0.003071119667035549,1,"month,synthetic_target_2"
avocado_sales_synthetic_target_2_base,regression,13.034688711166382,0.2859045312157652,0.22790938226064725,0.4542425648131252,0.003104843718240713,0.0025645236343944944,2,"day,month,synthetic_target_2"
avocado_sales_synthetic_target_2_base,regression,13.034688711166382,0.27523586107197556,0.2190158112178939,0.49421304846983716,0.020757714824819917,0.01679353192316338,3,"day,month,synthetic_target_1,synthetic_target_2"
avocado_sales_synthetic_target_2_base,regression,13.034688711166382,0.2617513648860116,0.20782713284355286,0.542558571572697,0.025516144290747,0.019729701359145507,4,"Large Bags,day,month,synthetic_target_1,synthetic_target_2"
avocado_sales_synthetic_target_2_base,regression,13.034688711166382,0.24215318262756907,0.1926183125521387,0.6084944283945048,0.0344820607694519,0.027461245198308587,5,"Large Bags,Total Volume,day,month,synthetic_target_1,synthetic_target_2"
avocado_sales_synthetic_target_2_base,regression,13.034688711166382,0.23657989636349563,0.18852531551168122,0.6263084662858058,0.07705841018843837,0.06297304778079788,6,"Large Bags,Total Bags,Total Volume,day,month,synthetic_target_1,synthetic_target_2"
avocado_sales_synthetic_target_2_base,regression,13.034688711166382,0.19859415405740832,0.1570796650182361,0.7366759629967174,0.03880301498368832,0.03064440672413546,7,"Large Bags,Total Bags,Total Volume,Unnamed: 0,day,month,synthetic_target_1,synthetic_target_2"
avocado_sales_synthetic_target_2_base,regression,13.034688711166382,0.19646185266786514,0.15529833321279538,0.7423002159325534,0.041593163191118554,0.032289463004733523,8,"4046,Large Bags,Total Bags,Total Volume,Unnamed: 0,day,month,synthetic_target_1,synthetic_target_2"
avocado_sales_synthetic_target_2_base,regression,13.034688711166382,0.19434762547863504,0.15405325769063657,0.7478168518896378,0.05393876168350556,0.04276376294603887,9,"4046,4770,Large Bags,Total Bags,Total Volume,Unnamed: 0,day,month,synthetic_target_1,synthetic_target_2"
avocado_sales_synthetic_target_2_base,regression,13.034688711166382,0.19391680861901994,0.15344108429986605,0.7489336582661289,0.05256069848192699,0.04141456758513486,10,"4046,4770,Large Bags,Total Bags,Total Volume,Unnamed: 0,day,month,synthetic_target_1,synthetic_target_2,type"
avocado_sales_synthetic_target_2_base,regression,13.034688711166382,0.19445304253444642,0.1541013899385878,0.7475432018790159,0.06523040633700078,0.05182111157226535,11,"4046,4770,Large Bags,Total Bags,Total Volume,Unnamed: 0,XLarge Bags,day,month,synthetic_target_1,synthetic_target_2,type"
avocado_sales_synthetic_target_2_base,regression,13.034688711166382,0.19226776867546255,0.15266642509140207,0.7531855645667554,0.03710609117771155,0.029596381949408973,12,"4046,4770,Large Bags,Total Bags,Total Volume,Unnamed: 0,XLarge Bags,day,month,synthetic_target_1,synthetic_target_2,type,year"
avocado_sales_synthetic_target_2_base,regression,13.034688711166382,0.19257147297392838,0.15291372104189802,0.7524052173725984,0.038039507638363695,0.030270146657133637,13,"4046,4770,Large Bags,Small Bags,Total Bags,Total Volume,Unnamed: 0,XLarge Bags,day,month,synthetic_target_1,synthetic_target_2,type,year"
avocado_sales_synthetic_target_2_base,regression,13.034688711166382,0.19190218487049437,0.1523283581802433,0.7541232732291705,0.03685752388567046,0.029353618830920233,14,"4046,4225,4770,Large Bags,Small Bags,Total Bags,Total Volume,Unnamed: 0,XLarge Bags,day,month,synthetic_target_1,synthetic_target_2,type,year"
avocado_sales_synthetic_target_2_base,regression,13.034688711166382,0.19376186210945973,0.1539543870636702,0.7493347200575864,0.041873385763702003,0.033544521382910045,15,"4046,4225,4770,AveragePrice,Large Bags,Small Bags,Total Bags,Total Volume,Unnamed: 0,XLarge Bags,day,month,synthetic_target_1,synthetic_target_2,type,year"
avocado_sales_synthetic_target_2_base,regression,13.034688711166382,0.19376186210945973,0.1539543870636702,0.7493347200575864,0.041873385763702003,0.033544521382910045,16,"4046,4225,4770,AveragePrice,Large Bags,Small Bags,Total Bags,Total Volume,Unnamed: 0,XLarge Bags,day,month,synthetic_target_1,synthetic_target_2,type,year"
nasa_synthetic_target_1_base,regression,41.748101234436035,59.95384904470841,49.01869287484152,0.17630753115780673,5.544795931693919,4.354304531870788,1,"sensor_4,synthetic_target_1"
nasa_synthetic_target_1_base,regression,41.748101234436035,53.92567939163968,43.417623980719036,0.33361961406997576,10.895337930511431,8.295325279871378,2,"sensor_2,sensor_4,synthetic_target_1"
nasa_synthetic_target_1_base,regression,41.748101234436035,45.833386137540536,36.184006413190076,0.5186124627022244,4.871730785728367,3.6780338658500256,3,"sensor_1,sensor_2,sensor_4,synthetic_target_1"
nasa_synthetic_target_1_base,regression,41.748101234436035,36.628295060658765,29.128326824431603,0.6925571743438405,0.942596445522895,0.8359229830699846,4,"sensor_1,sensor_10,sensor_2,sensor_4,synthetic_target_1"
nasa_synthetic_target_1_base,regression,41.748101234436035,34.819020573396266,27.68660803623956,0.7221796485948995,1.803651532728793,1.5414086740153685,5,"sensor_1,sensor_10,sensor_2,sensor_3,sensor_4,synthetic_target_1"
nasa_synthetic_target_1_base,regression,41.748101234436035,32.28020815269668,25.680791109459513,0.7612168879500216,1.8350665216690523,1.451664421900329,6,"sensor_1,sensor_10,sensor_2,sensor_3,sensor_4,sensor_6,synthetic_target_1"
nasa_synthetic_target_1_base,regression,41.748101234436035,30.41885860509365,24.19232264802221,0.7879604942149934,2.4625475080552057,1.9138198683487282,7,"sensor_1,sensor_10,sensor_2,sensor_3,sensor_4,sensor_6,sensor_8,synthetic_target_1"
nasa_synthetic_target_1_base,regression,41.748101234436035,30.399693256922003,24.17745925686711,0.7882276002763215,2.228786097768676,1.7228495539779054,8,"sensor_1,sensor_10,sensor_16,sensor_2,sensor_3,sensor_4,sensor_6,sensor_8,synthetic_target_1"
nasa_synthetic_target_1_base,regression,41.748101234436035,30.434238485666437,24.222842680432784,0.7877460241889831,2.9468232801643133,2.295656433291761,9,"sensor_1,sensor_10,sensor_16,sensor_2,sensor_3,sensor_4,sensor_6,sensor_8,synthetic_target_1,synthetic_target_2"
nasa_synthetic_target_1_base,regression,41.748101234436035,30.43444949807702,24.222903074948167,0.78774308090007,2.257556457511921,1.7557033932247244,10,"sensor_1,sensor_10,sensor_16,sensor_2,sensor_3,sensor_4,sensor_5,sensor_6,sensor_8,synthetic_target_1,synthetic_target_2"
nasa_synthetic_target_1_base,regression,41.748101234436035,30.479080658235656,24.256106673081266,0.7871200882824829,3.1282238954883113,2.4339645864106245,11,"Unnamed: 0,sensor_1,sensor_10,sensor_16,sensor_2,sensor_3,sensor_4,sensor_5,sensor_6,sensor_8,synthetic_target_1,synthetic_target_2"
nasa_synthetic_target_1_base,regression,41.748101234436035,30.467883843797082,24.251090672492193,0.7872764669528088,3.2212117057824585,2.512860945621483,12,"Unnamed: 0,class,sensor_1,sensor_10,sensor_16,sensor_2,sensor_3,sensor_4,sensor_5,sensor_6,sensor_8,synthetic_target_1,synthetic_target_2"
nasa_synthetic_target_1_base,regression,41.748101234436035,30.46142516095771,24.238269847843913,0.7873666450705977,2.5637719964363335,1.981746428466863,13,"Unnamed: 0,class,sensor_1,sensor_10,sensor_15,sensor_16,sensor_2,sensor_3,sensor_4,sensor_5,sensor_6,sensor_8,synthetic_target_1,synthetic_target_2"
nasa_synthetic_target_1_base,regression,41.748101234436035,30.504614095197628,24.269134282488277,0.786763264357975,3.103324230277554,2.4420822714133195,14,"Unnamed: 0,class,sensor_1,sensor_10,sensor_13,sensor_15,sensor_16,sensor_2,sensor_3,sensor_4,sensor_5,sensor_6,sensor_8,synthetic_target_1,synthetic_target_2"
nasa_synthetic_target_1_base,regression,41.748101234436035,30.487395082233466,24.234202316633294,0.7870039289217003,2.6157205282807574,2.0013444013263673,15,"Unnamed: 0,class,sensor_1,sensor_10,sensor_13,sensor_14,sensor_15,sensor_16,sensor_2,sensor_3,sensor_4,sensor_5,sensor_6,sensor_8,synthetic_target_1,synthetic_target_2"
nasa_synthetic_target_1_base,regression,41.748101234436035,30.445832304000632,24.175599965683976,0.7875842785444815,3.3909730770384385,2.5638025170870904,16,"Unnamed: 0,class,sensor_1,sensor_10,sensor_13,sensor_14,sensor_15,sensor_16,sensor_2,sensor_3,sensor_4,sensor_5,sensor_6,sensor_8,sensor_9,synthetic_target_1,synthetic_target_2"
nasa_synthetic_target_1_base,regression,41.748101234436035,30.40309050970511,24.157861378969713,0.7881802652872314,2.3080461543234776,1.7309818355824618,17,"Unnamed: 0,class,sensor_1,sensor_10,sensor_13,sensor_14,sensor_15,sensor_16,sensor_2,sensor_3,sensor_4,sensor_5,sensor_6,sensor_7,sensor_8,sensor_9,synthetic_target_1,synthetic_target_2"
nasa_synthetic_target_1_base,regression,41.748101234436035,30.38676498880967,24.149321927484493,0.7884076855270439,3.3856579193950367,2.5927975616810315,18,"Unnamed: 0,class,sensor_1,sensor_10,sensor_13,sensor_14,sensor_15,sensor_16,sensor_2,sensor_21,sensor_3,sensor_4,sensor_5,sensor_6,sensor_7,sensor_8,sensor_9,synthetic_target_1,synthetic_target_2"
nasa_synthetic_target_1_base,regression,41.748101234436035,30.40858435813191,24.168276461765068,0.7881037065796928,2.616680049703824,1.9764780015279975,19,"Unnamed: 0,class,sensor_1,sensor_10,sensor_13,sensor_14,sensor_15,sensor_16,sensor_17,sensor_2,sensor_21,sensor_3,sensor_4,sensor_5,sensor_6,sensor_7,sensor_8,sensor_9,synthetic_target_1,synthetic_target_2"
nasa_synthetic_target_1_base,regression,41.748101234436035,30.36678746148042,24.13773283968345,0.7886858133049439,4.284345620280984,3.3140169365393533,20,"Unnamed: 0,class,sensor_1,sensor_10,sensor_13,sensor_14,sensor_15,sensor_16,sensor_17,sensor_2,sensor_20,sensor_21,sensor_3,sensor_4,sensor_5,sensor_6,sensor_7,sensor_8,sensor_9,synthetic_target_1,synthetic_target_2"
nasa_synthetic_target_1_base,regression,41.748101234436035,30.36678746148042,24.13773283968345,0.7886858133049439,4.284345620280984,3.3140169365393533,21,"Unnamed: 0,class,sensor_1,sensor_10,sensor_13,sensor_14,sensor_15,sensor_16,sensor_17,sensor_18,sensor_2,sensor_20,sensor_21,sensor_3,sensor_4,sensor_5,sensor_6,sensor_7,sensor_8,sensor_9,synthetic_target_1,synthetic_target_2"
nasa_synthetic_target_1_base,regression,41.748101234436035,30.36678746148042,24.13773283968345,0.7886858133049439,4.284345620280984,3.3140169365393533,22,"Unnamed: 0,class,sensor_1,sensor_10,sensor_13,sensor_14,sensor_15,sensor_16,sensor_17,sensor_18,sensor_19,sensor_2,sensor_20,sensor_21,sensor_3,sensor_4,sensor_5,sensor_6,sensor_7,sensor_8,sensor_9,synthetic_target_1,synthetic_target_2"
nasa_synthetic_target_1_base,regression,41.748101234436035,30.408713263117885,24.141427786539523,0.788101910077343,4.659537342606036,3.5942271490338946,23,"Unnamed: 0,class,sensor_1,sensor_10,sensor_12,sensor_13,sensor_14,sensor_15,sensor_16,sensor_17,sensor_18,sensor_19,sensor_2,sensor_20,sensor_21,sensor_3,sensor_4,sensor_5,sensor_6,sensor_7,sensor_8,sensor_9,synthetic_target_1,synthetic_target_2"
nasa_synthetic_target_1_base,regression,41.748101234436035,30.423206674279626,24.154850809903962,0.7878998720630643,4.555073164893251,3.5262124968349156,24,"Unnamed: 0,class,sensor_1,sensor_10,sensor_11,sensor_12,sensor_13,sensor_14,sensor_15,sensor_16,sensor_17,sensor_18,sensor_19,sensor_2,sensor_20,sensor_21,sensor_3,sensor_4,sensor_5,sensor_6,sensor_7,sensor_8,sensor_9,synthetic_target_1,synthetic_target_2"
nasa_synthetic_target_2_base,regression,44.48158001899719,51.846400113284915,41.510394148503515,0.38590433981526595,1.3767161572411908,1.2174866073376691,1,"sensor_12,synthetic_target_2"
nasa_synthetic_target_2_base,regression,44.48158001899719,51.77861783700571,41.35854681268475,0.3875089870872872,7.767180875522072,6.057107415037905,2,"sensor_12,sensor_15,synthetic_target_2"
nasa_synthetic_target_2_base,regression,44.48158001899719,44.93741832624639,35.19085748930727,0.5386664378375043,0.9310002192604472,0.5986164285012379,3,"sensor_12,sensor_15,sensor_16,synthetic_target_2"
nasa_synthetic_target_2_base,regression,44.48158001899719,41.72348617577621,32.56837940263402,0.6022959708211686,1.4065467629252737,1.0762279718966852,4,"sensor_12,sensor_15,sensor_16,sensor_21,synthetic_target_2"
nasa_synthetic_target_2_base,regression,44.48158001899719,34.187014430079785,27.20439428674851,0.7329939115192841,2.326811073390946,1.7836960375957638,5,"sensor_12,sensor_14,sensor_15,sensor_16,sensor_21,synthetic_target_2"
nasa_synthetic_target_2_base,regression,44.48158001899719,32.26225224501911,25.761495575596065,0.7622129610220604,4.112341989162562,3.315346017213816,6,"sensor_11,sensor_12,sensor_14,sensor_15,sensor_16,sensor_21,synthetic_target_2"
nasa_synthetic_target_2_base,regression,44.48158001899719,31.161333294202553,24.884500134174644,0.7781645867788355,2.9944349354175586,2.3837453220394167,7,"sensor_11,sensor_12,sensor_13,sensor_14,sensor_15,sensor_16,sensor_21,synthetic_target_2"
nasa_synthetic_target_2_base,regression,44.48158001899719,30.657145035952315,24.51236546638693,0.7852850763072912,3.180362674440474,2.557121479006348,8,"sensor_11,sensor_12,sensor_13,sensor_14,sensor_15,sensor_16,sensor_20,sensor_21,synthetic_target_2"
nasa_synthetic_target_2_base,regression,44.48158001899719,30.680783130429504,24.513854913494907,0.7849538381341731,3.7667213290412533,3.007187754675954,9,"Unnamed: 0,sensor_11,sensor_12,sensor_13,sensor_14,sensor_15,sensor_16,sensor_20,sensor_21,synthetic_target_2"
nasa_synthetic_target_2_base,regression,44.48158001899719,30.70726085474582,24.552906796980864,0.7845825053740947,3.6174656593972223,2.913390307371756,10,"Unnamed: 0,sensor_11,sensor_12,sensor_13,sensor_14,sensor_15,sensor_16,sensor_20,sensor_21,synthetic_target_1,synthetic_target_2"
nasa_synthetic_target_2_base,regression,44.48158001899719,30.707141060587308,24.571218269350087,0.7845841861301401,3.482638375822937,2.8413914395410096,11,"Unnamed: 0,sensor_11,sensor_12,sensor_13,sensor_14,sensor_15,sensor_16,sensor_20,sensor_21,sensor_8,synthetic_target_1,synthetic_target_2"
nasa_synthetic_target_2_base,regression,44.48158001899719,30.75776595897515,24.60011867416947,0.78387331609588,3.526041752537452,2.837921679999763,12,"Unnamed: 0,sensor_11,sensor_12,sensor_13,sensor_14,sensor_15,sensor_16,sensor_20,sensor_21,sensor_8,sensor_9,synthetic_target_1,synthetic_target_2"
nasa_synthetic_target_2_base,regression,44.48158001899719,30.711863644674654,24.552124645555008,0.7845179215748235,3.046457315770734,2.431633585537295,13,"Unnamed: 0,class,sensor_11,sensor_12,sensor_13,sensor_14,sensor_15,sensor_16,sensor_20,sensor_21,sensor_8,sensor_9,synthetic_target_1,synthetic_target_2"
nasa_synthetic_target_2_base,regression,44.48158001899719,30.401765630600746,24.268344210423898,0.7888474029362581,3.2135641638478205,2.5365826932110878,14,"Unnamed: 0,class,sensor_11,sensor_12,sensor_13,sensor_14,sensor_15,sensor_16,sensor_17,sensor_20,sensor_21,sensor_8,sensor_9,synthetic_target_1,synthetic_target_2"
nasa_synthetic_target_2_base,regression,44.48158001899719,30.399515099328404,24.3044801018722,0.7888786634847302,3.4440242447173794,2.776750179716025,15,"Unnamed: 0,class,sensor_11,sensor_12,sensor_13,sensor_14,sensor_15,sensor_16,sensor_17,sensor_20,sensor_21,sensor_7,sensor_8,sensor_9,synthetic_target_1,synthetic_target_2"
nasa_synthetic_target_2_base,regression,44.48158001899719,30.399515099328404,24.3044801018722,0.7888786634847302,3.4440242447173794,2.776750179716025,16,"Unnamed: 0,class,sensor_11,sensor_12,sensor_13,sensor_14,sensor_15,sensor_16,sensor_17,sensor_18,sensor_20,sensor_21,sensor_7,sensor_8,sensor_9,synthetic_target_1,synthetic_target_2"
nasa_synthetic_target_2_base,regression,44.48158001899719,30.391621576583887,24.282774952109715,0.7889882885696091,4.217403602193258,3.3377113367765077,17,"Unnamed: 0,class,sensor_11,sensor_12,sensor_13,sensor_14,sensor_15,sensor_16,sensor_17,sensor_18,sensor_20,sensor_21,sensor_3,sensor_7,sensor_8,sensor_9,synthetic_target_1,synthetic_target_2"
nasa_synthetic_target_2_base,regression,44.48158001899719,30.391621576583887,24.282774952109715,0.7889882885696091,4.217403602193258,3.3377113367765077,18,"Unnamed: 0,class,sensor_11,sensor_12,sensor_13,sensor_14,sensor_15,sensor_16,sensor_17,sensor_18,sensor_19,sensor_20,sensor_21,sensor_3,sensor_7,sensor_8,sensor_9,synthetic_target_1,synthetic_target_2"
nasa_synthetic_target_2_base,regression,44.48158001899719,30.4398690113841,24.31832073194406,0.7883177843731787,3.5599742378689996,2.829460248067562,19,"Unnamed: 0,class,sensor_10,sensor_11,sensor_12,sensor_13,sensor_14,sensor_15,sensor_16,sensor_17,sensor_18,sensor_19,sensor_20,sensor_21,sensor_3,sensor_7,sensor_8,sensor_9,synthetic_target_1,synthetic_target_2"
nasa_synthetic_target_2_base,regression,44.48158001899719,30.368177678690166,24.258191675631696,0.7893137091127204,3.666728563217255,2.920592934826608,20,"Unnamed: 0,class,sensor_10,sensor_11,sensor_12,sensor_13,sensor_14,sensor_15,sensor_16,sensor_17,sensor_18,sensor_19,sensor_20,sensor_21,sensor_3,sensor_4,sensor_7,sensor_8,sensor_9,synthetic_target_1,synthetic_target_2"
nasa_synthetic_target_2_base,regression,44.48158001899719,30.411750672548198,24.322034297652042,0.7887086798241347,4.080337044962025,3.25194646802629,21,"Unnamed: 0,class,sensor_10,sensor_11,sensor_12,sensor_13,sensor_14,sensor_15,sensor_16,sensor_17,sensor_18,sensor_19,sensor_20,sensor_21,sensor_3,sensor_4,sensor_6,sensor_7,sensor_8,sensor_9,synthetic_target_1,synthetic_target_2"
nasa_synthetic_target_2_base,regression,44.48158001899719,30.386034152408165,24.289008076674694,0.7890658693959975,3.6500495282579806,2.910789930466489,22,"Unnamed: 0,class,sensor_10,sensor_11,sensor_12,sensor_13,sensor_14,sensor_15,sensor_16,sensor_17,sensor_18,sensor_19,sensor_2,sensor_20,sensor_21,sensor_3,sensor_4,sensor_6,sensor_7,sensor_8,sensor_9,synthetic_target_1,synthetic_target_2"
nasa_synthetic_target_2_base,regression,44.48158001899719,30.371393915834407,24.299613237414384,0.7892690799641238,3.5729495312034203,2.897120902679287,23,"Unnamed: 0,class,sensor_1,sensor_10,sensor_11,sensor_12,sensor_13,sensor_14,sensor_15,sensor_16,sensor_17,sensor_18,sensor_19,sensor_2,sensor_20,sensor_21,sensor_3,sensor_4,sensor_6,sensor_7,sensor_8,sensor_9,synthetic_target_1,synthetic_target_2"
nasa_synthetic_target_2_base,regression,44.48158001899719,30.36656587244884,24.28168966798427,0.7893360730800529,3.716460872851812,2.965990475291516,24,"Unnamed: 0,class,sensor_1,sensor_10,sensor_11,sensor_12,sensor_13,sensor_14,sensor_15,sensor_16,sensor_17,sensor_18,sensor_19,sensor_2,sensor_20,sensor_21,sensor_3,sensor_4,sensor_5,sensor_6,sensor_7,sensor_8,sensor_9,synthetic_target_1,synthetic_target_2"
diamonds_synthetic_target_1_base,regression,41.02253222465515,3436.5931207925337,2816.708072798911,0.20891607630096898,146.0013347473955,128.36134534903977,1,"price,synthetic_target_1"
diamonds_synthetic_target_1_base,regression,41.02253222465515,3403.792722801367,2779.475370811338,0.22394493630637669,397.6764997788505,327.34335915101474,2,"Unnamed: 0,price,synthetic_target_1"
diamonds_synthetic_target_1_base,regression,41.02253222465515,3268.2865099716796,2674.9896317384837,0.2845050565488674,187.97282468457934,156.6014654542596,3,"Unnamed: 0,clarity,price,synthetic_target_1"
diamonds_synthetic_target_1_base,regression,41.02253222465515,1751.0020020928732,1396.3002147671064,0.7946287665725862,33.22605721425225,25.862001944849453,4,"Unnamed: 0,clarity,cut,price,synthetic_target_1"
diamonds_synthetic_target_1_base,regression,41.02253222465515,1746.7018376242188,1393.0677614852214,0.7956362419162267,27.453148714982262,21.295303497654686,5,"Unnamed: 0,clarity,cut,price,synthetic_target_1,synthetic_target_2"
diamonds_synthetic_target_1_base,regression,41.02253222465515,1723.7998574683381,1376.0871967852152,0.8009601631430651,25.015495053894483,19.909877855367995,6,"Unnamed: 0,clarity,cut,price,synthetic_target_1,synthetic_target_2,y"
diamonds_synthetic_target_1_base,regression,41.02253222465515,1721.3945511497132,1373.2543157427483,0.8015152365893556,22.811584347578673,17.12200490091095,7,"Unnamed: 0,clarity,cut,price,synthetic_target_1,synthetic_target_2,y,z"
diamonds_synthetic_target_1_base,regression,41.02253222465515,1721.2765698501091,1372.8539232622024,0.801542443237392,38.222923844316256,28.627930994968892,8,"Unnamed: 0,clarity,color,cut,price,synthetic_target_1,synthetic_target_2,y,z"
diamonds_synthetic_target_1_base,regression,41.02253222465515,1720.9213262231851,1373.6187025639017,0.8016243516400036,18.834967050482874,14.861859103166807,9,"Unnamed: 0,clarity,color,cut,price,synthetic_target_1,synthetic_target_2,x,y,z"
diamonds_synthetic_target_1_base,regression,41.02253222465515,1720.6665119782153,1372.7433836869916,0.8016830936614243,29.171933189902347,22.34567662147333,10,"Unnamed: 0,clarity,color,cut,depth,price,synthetic_target_1,synthetic_target_2,x,y,z"
diamonds_synthetic_target_1_base,regression,41.02253222465515,1721.1326267166517,1373.2095629071323,0.8015756341941813,26.354486717544432,19.976670899926603,11,"Unnamed: 0,carat,clarity,color,cut,depth,price,synthetic_target_1,synthetic_target_2,x,y,z"
diamonds_synthetic_target_1_base,regression,41.02253222465515,1721.0313552267035,1372.9927446155543,0.8015989840972254,31.49931521077292,24.074001576899263,12,"Unnamed: 0,carat,clarity,color,cut,depth,price,synthetic_target_1,synthetic_target_2,table,x,y,z"
diamonds_synthetic_target_2_base,regression,39.69007110595703,2417.702076951572,1904.857106427192,0.6108186339169841,357.4159863447876,278.3700748862627,1,"Unnamed: 0,synthetic_target_2"
diamonds_synthetic_target_2_base,regression,39.69007110595703,2248.101584911784,1779.47923645285,0.6635052175607394,111.7732859281241,83.93607810861317,2,"Unnamed: 0,price,synthetic_target_2"
diamonds_synthetic_target_2_base,regression,39.69007110595703,2199.3517689577857,1745.9266493358216,0.6779406850587527,105.56704456198258,86.42904476784884,3,"Unnamed: 0,clarity,price,synthetic_target_2"
diamonds_synthetic_target_2_base,regression,39.69007110595703,2024.5393669987589,1608.091238754757,0.7271028984544243,97.20748439889144,80.34019493562573,4,"Unnamed: 0,clarity,price,synthetic_target_2,z"
diamonds_synthetic_target_2_base,regression,39.69007110595703,1745.864050755135,1390.3097442976552,0.797060158914908,94.42870666151248,73.6705742058009,5,"Unnamed: 0,clarity,price,synthetic_target_2,table,z"
diamonds_synthetic_target_2_base,regression,39.69007110595703,1745.6355720255663,1389.7876774126428,0.7971132723323358,100.58045356784055,77.53326224584202,6,"Unnamed: 0,clarity,price,synthetic_target_1,synthetic_target_2,table,z"
diamonds_synthetic_target_2_base,regression,39.69007110595703,1747.518014969824,1391.7457473586742,0.7966754620329818,107.02195420396538,83.1035318124575,7,"Unnamed: 0,clarity,color,price,synthetic_target_1,synthetic_target_2,table,z"
diamonds_synthetic_target_2_base,regression,39.69007110595703,1745.4179768182846,1390.5997906038904,0.7971638492440052,108.50286592450811,82.91768996999735,8,"Unnamed: 0,clarity,color,price,synthetic_target_1,synthetic_target_2,table,y,z"
diamonds_synthetic_target_2_base,regression,39.69007110595703,1746.4052449750666,1390.0318676546956,0.7969343222074876,123.52960304022167,94.09080775097254,9,"Unnamed: 0,clarity,color,depth,price,synthetic_target_1,synthetic_target_2,table,y,z"
diamonds_synthetic_target_2_base,regression,39.69007110595703,1745.1108393796942,1389.2025064061536,0.7972352282435928,154.4637271729498,119.27405541603434,10,"Unnamed: 0,clarity,color,depth,price,synthetic_target_1,synthetic_target_2,table,x,y,z"
diamonds_synthetic_target_2_base,regression,39.69007110595703,1743.3525214010097,1387.6661966886957,0.7976436210218684,120.2707562471262,91.50448346026042,11,"Unnamed: 0,carat,clarity,color,depth,price,synthetic_target_1,synthetic_target_2,table,x,y,z"
diamonds_synthetic_target_2_base,regression,39.69007110595703,1744.603526440169,1388.835252360128,0.7973531006885328,138.78887370997904,106.00334656529344,12,"Unnamed: 0,carat,clarity,color,cut,depth,price,synthetic_target_1,synthetic_target_2,table,x,y,z"
pol_synthetic_target_1_base,regression,19.21850895881653,34.446062049802045,27.970015580190395,0.29174106171219616,0.42041905476772,0.3486179944298229,1,"f13,synthetic_target_1"
pol_synthetic_target_1_base,regression,19.21850895881653,33.65409955054384,27.224500495995546,0.3239343741833951,0.3420789531641262,0.22250923390751254,2,"f13,f21,synthetic_target_1"
pol_synthetic_target_1_base,regression,19.21850895881653,26.124570740577003,20.585909240889205,0.5926091868218428,0.4503198042734624,0.24543493861607857,3,"f13,f21,f5,synthetic_target_1"
pol_synthetic_target_1_base,regression,19.21850895881653,25.2692311770136,20.025434429604182,0.6188490890164474,0.3333113814610549,0.2819713467302982,4,"f13,f21,f5,f9,synthetic_target_1"
pol_synthetic_target_1_base,regression,19.21850895881653,23.0069270440657,18.233459887142516,0.684041432921676,0.43652912431965873,0.42121553745170104,5,"f13,f18,f21,f5,f9,synthetic_target_1"
pol_synthetic_target_1_base,regression,19.21850895881653,22.353876854595946,17.769235238108852,0.7017237920716124,0.46592365506198163,0.5170830131479782,6,"f13,f14,f18,f21,f5,f9,synthetic_target_1"
pol_synthetic_target_1_base,regression,19.21850895881653,21.744484442110043,17.28180833395282,0.7177648275277557,0.32448004536346176,0.37362103387146917,7,"f13,f14,f18,f20,f21,f5,f9,synthetic_target_1"
pol_synthetic_target_1_base,regression,19.21850895881653,20.400391708826838,16.32452280279998,0.7515780778766361,1.3932283202350106,1.2260855951633065,8,"f13,f14,f18,f20,f21,f23,f5,f9,synthetic_target_1"
pol_synthetic_target_1_base,regression,19.21850895881653,19.927084822257314,15.95998766335529,0.7629715678768276,1.6432720558293639,1.399788781209903,9,"f13,f14,f18,f20,f21,f23,f5,f7,f9,synthetic_target_1"
pol_synthetic_target_1_base,regression,19.21850895881653,19.700221107348874,15.75386402729416,0.7683378375303582,1.7034379886449393,1.4030785051420338,10,"f13,f14,f18,f20,f21,f23,f5,f7,f9,foo,synthetic_target_1"
pol_synthetic_target_1_base,regression,19.21850895881653,18.965652772627163,15.16605555575471,0.7852918671704554,1.7015044061799678,1.413334931289283,11,"f13,f14,f15,f18,f20,f21,f23,f5,f7,f9,foo,synthetic_target_1"
pol_synthetic_target_1_base,regression,19.21850895881653,19.021819236051524,15.237321830120461,0.7840182750104849,1.463642579319803,1.2600879822817337,12,"f13,f14,f15,f16,f18,f20,f21,f23,f5,f7,f9,foo,synthetic_target_1"
pol_synthetic_target_1_base,regression,19.21850895881653,18.532911114873816,14.812228213695823,0.7949781299053209,1.362437594528977,1.1279121696619665,13,"f13,f14,f15,f16,f18,f19,f20,f21,f23,f5,f7,f9,foo,synthetic_target_1"
pol_synthetic_target_1_base,regression,19.21850895881653,18.474896322853652,14.79818283322383,0.7962597077775136,1.4498017427718821,1.2158902769211775,14,"f13,f14,f15,f16,f18,f19,f20,f21,f23,f24,f5,f7,f9,foo,synthetic_target_1"
pol_synthetic_target_1_base,regression,19.21850895881653,18.43416867726485,14.742618461111483,0.797157002788998,1.7096591982649514,1.4089343257962135,15,"f13,f14,f15,f16,f18,f19,f20,f21,f22,f23,f24,f5,f7,f9,foo,synthetic_target_1"
pol_synthetic_target_1_base,regression,19.21850895881653,18.424864982280248,14.709332298500357,0.7973617001830752,1.753348153297825,1.4180678340050967,16,"Unnamed: 0,f13,f14,f15,f16,f18,f19,f20,f21,f22,f23,f24,f5,f7,f9,foo,synthetic_target_1"
pol_synthetic_target_1_base,regression,19.21850895881653,18.46999370504282,14.759416034378495,0.7963678251099096,1.5965975061291253,1.3069313486790488,17,"Unnamed: 0,f13,f14,f15,f16,f18,f19,f20,f21,f22,f23,f24,f5,f7,f9,foo,synthetic_target_1,synthetic_target_2"
pol_synthetic_target_1_base,regression,19.21850895881653,18.452689253326923,14.742904393839444,0.7967492104536306,2.3930338326337015,1.9423073885058049,18,"Unnamed: 0,f13,f14,f15,f16,f18,f19,f20,f21,f22,f23,f24,f31,f5,f7,f9,foo,synthetic_target_1,synthetic_target_2"
pol_synthetic_target_1_base,regression,19.21850895881653,18.568518423930264,14.83315128452539,0.7941895554538501,2.1323766451367767,1.7228165326606621,19,"Unnamed: 0,f13,f14,f15,f16,f18,f19,f20,f21,f22,f23,f24,f28,f31,f5,f7,f9,foo,synthetic_target_1,synthetic_target_2"
pol_synthetic_target_1_base,regression,19.21850895881653,18.59059875771756,14.85603368927774,0.7936997947608196,2.3263480740645086,1.8897432373256535,20,"Unnamed: 0,f13,f14,f15,f16,f18,f19,f20,f21,f22,f23,f24,f28,f30,f31,f5,f7,f9,foo,synthetic_target_1,synthetic_target_2"
pol_synthetic_target_1_base,regression,19.21850895881653,18.39325154452702,14.683401123274743,0.7980564784066285,1.4530459239566014,1.1823698792939012,21,"Unnamed: 0,f13,f14,f15,f16,f17,f18,f19,f20,f21,f22,f23,f24,f28,f30,f31,f5,f7,f9,foo,synthetic_target_1,synthetic_target_2"
pol_synthetic_target_1_base,regression,19.21850895881653,18.39457253692073,14.712635697957264,0.798027470437611,1.4853147485062728,1.218421629847251,22,"Unnamed: 0,f13,f14,f15,f16,f17,f18,f19,f20,f21,f22,f23,f24,f28,f30,f31,f32,f5,f7,f9,foo,synthetic_target_1,synthetic_target_2"
pol_synthetic_target_1_base,regression,19.21850895881653,18.389999448464902,14.700189978669803,0.7981278830379349,1.458699290893147,1.1977343307363597,23,"Unnamed: 0,f13,f14,f15,f16,f17,f18,f19,f20,f21,f22,f23,f24,f28,f30,f31,f32,f33,f5,f7,f9,foo,synthetic_target_1,synthetic_target_2"
pol_synthetic_target_1_base,regression,19.21850895881653,18.3961044809823,14.721712751505986,0.7979938275246409,2.1712709221698496,1.7782891571969213,24,"Unnamed: 0,f13,f14,f15,f16,f17,f18,f19,f20,f21,f22,f23,f24,f28,f30,f31,f32,f33,f5,f6,f7,f9,foo,synthetic_target_1,synthetic_target_2"
pol_synthetic_target_1_base,regression,19.21850895881653,18.3961044809823,14.721712751505986,0.7979938275246409,2.1712709221698496,1.7782891571969213,25,"Unnamed: 0,f13,f14,f15,f16,f17,f18,f19,f20,f21,f22,f23,f24,f28,f30,f31,f32,f33,f34,f5,f6,f7,f9,foo,synthetic_target_1,synthetic_target_2"
pol_synthetic_target_1_base,regression,19.21850895881653,18.3961044809823,14.721712751505986,0.7979938275246409,2.1712709221698496,1.7782891571969213,26,"Unnamed: 0,f13,f14,f15,f16,f17,f18,f19,f20,f21,f22,f23,f24,f28,f30,f31,f32,f33,f34,f37,f5,f6,f7,f9,foo,synthetic_target_1,synthetic_target_2"
pol_synthetic_target_1_base,regression,19.21850895881653,18.429916131417077,14.738173282534229,0.7972505789805694,1.9260727963171824,1.5717523992076998,27,"Unnamed: 0,f13,f14,f15,f16,f17,f18,f19,f20,f21,f22,f23,f24,f27,f28,f30,f31,f32,f33,f34,f37,f5,f6,f7,f9,foo,synthetic_target_1,synthetic_target_2"
pol_synthetic_target_1_base,regression,19.21850895881653,18.429916131417077,14.738173282534229,0.7972505789805694,1.9260727963171824,1.5717523992076998,28,"Unnamed: 0,f13,f14,f15,f16,f17,f18,f19,f20,f21,f22,f23,f24,f27,f28,f30,f31,f32,f33,f34,f35,f37,f5,f6,f7,f9,foo,synthetic_target_1,synthetic_target_2"
pol_synthetic_target_1_base,regression,19.21850895881653,18.429916131417077,14.738173282534229,0.7972505789805694,1.9260727963171824,1.5717523992076998,29,"Unnamed: 0,f13,f14,f15,f16,f17,f18,f19,f20,f21,f22,f23,f24,f27,f28,f30,f31,f32,f33,f34,f35,f37,f45,f5,f6,f7,f9,foo,synthetic_target_1,synthetic_target_2"
pol_synthetic_target_1_base,regression,19.21850895881653,18.392287147453235,14.71285746444301,0.7980776545032144,2.1880689812754675,1.7896952025545527,30,"Unnamed: 0,f13,f14,f15,f16,f17,f18,f19,f20,f21,f22,f23,f24,f26,f27,f28,f30,f31,f32,f33,f34,f35,f37,f45,f5,f6,f7,f9,foo,synthetic_target_1,synthetic_target_2"
pol_synthetic_target_1_base,regression,19.21850895881653,18.44590056972794,14.732229269533084,0.7968987335361062,2.0926667885464845,1.681039214719716,31,"Unnamed: 0,f13,f14,f15,f16,f17,f18,f19,f20,f21,f22,f23,f24,f26,f27,f28,f30,f31,f32,f33,f34,f35,f37,f45,f5,f6,f7,f8,f9,foo,synthetic_target_1,synthetic_target_2"
pol_synthetic_target_1_base,regression,19.21850895881653,18.44590056972794,14.732229269533084,0.7968987335361062,2.0926667885464845,1.681039214719716,32,"Unnamed: 0,f13,f14,f15,f16,f17,f18,f19,f20,f21,f22,f23,f24,f26,f27,f28,f30,f31,f32,f33,f34,f35,f37,f44,f45,f5,f6,f7,f8,f9,foo,synthetic_target_1,synthetic_target_2"
pol_synthetic_target_1_base,regression,19.21850895881653,18.44590056972794,14.732229269533084,0.7968987335361062,2.0926667885464845,1.681039214719716,33,"Unnamed: 0,f13,f14,f15,f16,f17,f18,f19,f20,f21,f22,f23,f24,f26,f27,f28,f30,f31,f32,f33,f34,f35,f36,f37,f44,f45,f5,f6,f7,f8,f9,foo,synthetic_target_1,synthetic_target_2"
pol_synthetic_target_1_base,regression,19.21850895881653,18.44590056972794,14.732229269533084,0.7968987335361062,2.0926667885464845,1.681039214719716,34,"Unnamed: 0,f13,f14,f15,f16,f17,f18,f19,f20,f21,f22,f23,f24,f26,f27,f28,f30,f31,f32,f33,f34,f35,f36,f37,f42,f44,f45,f5,f6,f7,f8,f9,foo,synthetic_target_1,synthetic_target_2"
pol_synthetic_target_1_base,regression,19.21850895881653,18.419386106198132,14.701728845383176,0.7974821965953403,1.8977207518793833,1.5078520471142642,35,"Unnamed: 0,f13,f14,f15,f16,f17,f18,f19,f20,f21,f22,f23,f24,f25,f26,f27,f28,f30,f31,f32,f33,f34,f35,f36,f37,f42,f44,f45,f5,f6,f7,f8,f9,foo,synthetic_target_1,synthetic_target_2"
pol_synthetic_target_1_base,regression,19.21850895881653,18.419386106198132,14.701728845383176,0.7974821965953403,1.8977207518793833,1.5078520471142642,36,"Unnamed: 0,f13,f14,f15,f16,f17,f18,f19,f20,f21,f22,f23,f24,f25,f26,f27,f28,f30,f31,f32,f33,f34,f35,f36,f37,f38,f42,f44,f45,f5,f6,f7,f8,f9,foo,synthetic_target_1,synthetic_target_2"
pol_synthetic_target_1_base,regression,19.21850895881653,18.419386106198132,14.701728845383176,0.7974821965953403,1.8977207518793833,1.5078520471142642,37,"Unnamed: 0,f13,f14,f15,f16,f17,f18,f19,f20,f21,f22,f23,f24,f25,f26,f27,f28,f30,f31,f32,f33,f34,f35,f36,f37,f38,f42,f44,f45,f46,f5,f6,f7,f8,f9,foo,synthetic_target_1,synthetic_target_2"
pol_synthetic_target_1_base,regression,19.21850895881653,18.441581414365416,14.74673387316108,0.796993835775057,2.023951357638861,1.6580863914588164,38,"Unnamed: 0,f13,f14,f15,f16,f17,f18,f19,f20,f21,f22,f23,f24,f25,f26,f27,f28,f29,f30,f31,f32,f33,f34,f35,f36,f37,f38,f42,f44,f45,f46,f5,f6,f7,f8,f9,foo,synthetic_target_1,synthetic_target_2"
pol_synthetic_target_1_base,regression,19.21850895881653,18.441581414365416,14.74673387316108,0.796993835775057,2.023951357638861,1.6580863914588164,39,"Unnamed: 0,f13,f14,f15,f16,f17,f18,f19,f20,f21,f22,f23,f24,f25,f26,f27,f28,f29,f30,f31,f32,f33,f34,f35,f36,f37,f38,f42,f44,f45,f46,f47,f5,f6,f7,f8,f9,foo,synthetic_target_1,synthetic_target_2"
pol_synthetic_target_1_base,regression,19.21850895881653,18.441581414365416,14.74673387316108,0.796993835775057,2.023951357638861,1.6580863914588164,40,"Unnamed: 0,f13,f14,f15,f16,f17,f18,f19,f20,f21,f22,f23,f24,f25,f26,f27,f28,f29,f30,f31,f32,f33,f34,f35,f36,f37,f38,f39,f42,f44,f45,f46,f47,f5,f6,f7,f8,f9,foo,synthetic_target_1,synthetic_target_2"
pol_synthetic_target_2_base,regression,50.811482667922974,32.63286650453686,24.266201642795505,0.0835289649267481,0.13978915059899322,0.19689576510526052,1,"f28,synthetic_target_2"
pol_synthetic_target_2_base,regression,50.811482667922974,26.468277009246187,19.477932364502784,0.3970800736578596,0.14681506620297213,0.29602603966185725,2,"f28,f9,synthetic_target_2"
pol_synthetic_target_2_base,regression,50.811482667922974,25.463173138188868,18.81010010426947,0.4420011021150071,-0.16093964629208557,0.04536587527527303,3,"f28,f30,f9,synthetic_target_2"
pol_synthetic_target_2_base,regression,50.811482667922974,24.56358697049484,17.995158180821775,0.48073163224624804,0.27818458611840313,0.31163899428960207,4,"f28,f29,f30,f9,synthetic_target_2"
pol_synthetic_target_2_base,regression,50.811482667922974,20.91931116219129,15.21164801667445,0.6233802812498264,0.7468202154470802,0.6777959815251204,5,"f26,f28,f29,f30,f9,synthetic_target_2"
pol_synthetic_target_2_base,regression,50.811482667922974,20.85298993621177,15.20179086156708,0.6257645172464439,0.9024744654566348,0.7832419787785181,6,"f26,f28,f29,f30,f31,f9,synthetic_target_2"
pol_synthetic_target_2_base,regression,50.811482667922974,20.313171259895505,14.919096165482411,0.644889302674955,0.9133743216597949,0.8391389887364848,7,"f26,f28,f29,f30,f31,f8,f9,synthetic_target_2"
pol_synthetic_target_2_base,regression,50.811482667922974,18.644059755600658,14.184670151367138,0.7008498207212116,1.4547274104812615,0.9806546765365898,8,"f26,f28,f29,f30,f31,f7,f8,f9,synthetic_target_2"
pol_synthetic_target_2_base,regression,50.811482667922974,18.62749232770325,14.191474585521195,0.7013812443522845,2.236617940507223,1.498519964033573,9,"f26,f28,f29,f30,f31,f5,f7,f8,f9,synthetic_target_2"
pol_synthetic_target_2_base,regression,50.811482667922974,18.732604038237497,14.230272890288335,0.6980016281272159,2.940635519762745,2.0270445676871276,10,"f14,f26,f28,f29,f30,f31,f5,f7,f8,f9,synthetic_target_2"
pol_synthetic_target_2_base,regression,50.811482667922974,18.631576339855453,14.202191175952418,0.7012502877749965,3.1610561061484947,2.243269421345012,11,"f14,f26,f28,f29,f30,f31,f5,f7,f8,f9,synthetic_target_1,synthetic_target_2"
pol_synthetic_target_2_base,regression,50.811482667922974,18.644390091384704,14.215844177716013,0.7008392199308513,3.598357753794698,2.5533630658980027,12,"f14,f19,f26,f28,f29,f30,f31,f5,f7,f8,f9,synthetic_target_1,synthetic_target_2"
pol_synthetic_target_2_base,regression,50.811482667922974,17.93215184492316,13.728644111507645,0.7232592520094601,2.6610002520355795,1.7689745248752136,13,"f14,f19,f23,f26,f28,f29,f30,f31,f5,f7,f8,f9,synthetic_target_1,synthetic_target_2"
pol_synthetic_target_2_base,regression,50.811482667922974,17.91662356530757,13.731277378101339,0.7237383297168343,2.8741396185886927,1.9582839737319766,14,"f14,f18,f19,f23,f26,f28,f29,f30,f31,f5,f7,f8,f9,synthetic_target_1,synthetic_target_2"
pol_synthetic_target_2_base,regression,50.811482667922974,17.658246332803266,13.57912829432884,0.7316488647401531,3.5119557303699924,2.5297913283261106,15,"f14,f18,f19,f23,f24,f26,f28,f29,f30,f31,f5,f7,f8,f9,synthetic_target_1,synthetic_target_2"
pol_synthetic_target_2_base,regression,50.811482667922974,17.678072258924573,13.569717339827482,0.7310459400339963,3.241842809328533,2.2426141729812468,16,"Unnamed: 0,f14,f18,f19,f23,f24,f26,f28,f29,f30,f31,f5,f7,f8,f9,synthetic_target_1,synthetic_target_2"
pol_synthetic_target_2_base,regression,50.811482667922974,17.327984295126495,13.32923628523956,0.7415929332062641,3.2516786837551983,2.222513398884587,17,"Unnamed: 0,f14,f18,f19,f22,f23,f24,f26,f28,f29,f30,f31,f5,f7,f8,f9,synthetic_target_1,synthetic_target_2"
pol_synthetic_target_2_base,regression,50.811482667922974,17.35789383142159,13.340817468081324,0.7407000993120709,2.8694613071634034,1.917455184070457,18,"Unnamed: 0,f13,f14,f18,f19,f22,f23,f24,f26,f28,f29,f30,f31,f5,f7,f8,f9,synthetic_target_1,synthetic_target_2"
pol_synthetic_target_2_base,regression,50.811482667922974,16.597708751434197,12.90576851488263,0.7629147290229386,2.5810664967766446,1.814605034044778,19,"Unnamed: 0,f13,f14,f18,f19,f22,f23,f24,f25,f26,f28,f29,f30,f31,f5,f7,f8,f9,synthetic_target_1,synthetic_target_2"
pol_synthetic_target_2_base,regression,50.811482667922974,16.54225580012068,12.88926386729492,0.7644962865727062,2.7736665966955307,1.9888646562839956,20,"Unnamed: 0,f13,f14,f18,f19,f22,f23,f24,f25,f26,f28,f29,f30,f31,f32,f5,f7,f8,f9,synthetic_target_1,synthetic_target_2"
pol_synthetic_target_2_base,regression,50.811482667922974,16.536349450907064,12.904225102557835,0.7646644279519297,2.7164854348433423,1.9652530006443794,21,"Unnamed: 0,f13,f14,f15,f18,f19,f22,f23,f24,f25,f26,f28,f29,f30,f31,f32,f5,f7,f8,f9,synthetic_target_1,synthetic_target_2"
pol_synthetic_target_2_base,regression,50.811482667922974,16.572264950603838,12.90297309395291,0.7636410614097363,2.745986122813296,1.943210581424422,22,"Unnamed: 0,f13,f14,f15,f18,f19,f20,f22,f23,f24,f25,f26,f28,f29,f30,f31,f32,f5,f7,f8,f9,synthetic_target_1,synthetic_target_2"
pol_synthetic_target_2_base,regression,50.811482667922974,16.59051055653733,12.904891554134993,0.7631203255847228,3.0147348649827936,2.1580649985742397,23,"Unnamed: 0,f13,f14,f15,f18,f19,f20,f22,f23,f24,f25,f26,f28,f29,f30,f31,f32,f5,f7,f8,f9,foo,synthetic_target_1,synthetic_target_2"
pol_synthetic_target_2_base,regression,50.811482667922974,16.54682723800114,12.894531300624333,0.7643661060982905,2.736801285842338,1.9604996662467773,24,"Unnamed: 0,f13,f14,f15,f18,f19,f20,f22,f23,f24,f25,f26,f28,f29,f30,f31,f32,f5,f6,f7,f8,f9,foo,synthetic_target_1,synthetic_target_2"
pol_synthetic_target_2_base,regression,50.811482667922974,16.53764122992129,12.911613396623652,0.764627658841782,2.9155441259863366,2.124031500873958,25,"Unnamed: 0,f13,f14,f15,f18,f19,f20,f22,f23,f24,f25,f26,f27,f28,f29,f30,f31,f32,f5,f6,f7,f8,f9,foo,synthetic_target_1,synthetic_target_2"
pol_synthetic_target_2_base,regression,50.811482667922974,16.51736353845925,12.89400115300231,0.7652045103465712,2.665897665188238,1.8903750739570935,26,"Unnamed: 0,f13,f14,f15,f18,f19,f20,f22,f23,f24,f25,f26,f27,f28,f29,f30,f31,f32,f33,f5,f6,f7,f8,f9,foo,synthetic_target_1,synthetic_target_2"
pol_synthetic_target_2_base,regression,50.811482667922974,16.517592799088053,12.90144941194517,0.7651979923892656,3.1426208225095866,2.2918154967082813,27,"Unnamed: 0,f13,f14,f15,f16,f18,f19,f20,f22,f23,f24,f25,f26,f27,f28,f29,f30,f31,f32,f33,f5,f6,f7,f8,f9,foo,synthetic_target_1,synthetic_target_2"
pol_synthetic_target_2_base,regression,50.811482667922974,16.517592799088053,12.90144941194517,0.7651979923892656,3.1426208225095866,2.2918154967082813,28,"Unnamed: 0,f13,f14,f15,f16,f18,f19,f20,f22,f23,f24,f25,f26,f27,f28,f29,f30,f31,f32,f33,f34,f5,f6,f7,f8,f9,foo,synthetic_target_1,synthetic_target_2"
pol_synthetic_target_2_base,regression,50.811482667922974,16.533527032416863,12.89571083718531,0.764744755086753,3.060758742317553,2.235372264610641,29,"Unnamed: 0,f13,f14,f15,f16,f17,f18,f19,f20,f22,f23,f24,f25,f26,f27,f28,f29,f30,f31,f32,f33,f34,f5,f6,f7,f8,f9,foo,synthetic_target_1,synthetic_target_2"
pol_synthetic_target_2_base,regression,50.811482667922974,16.533527032416863,12.89571083718531,0.764744755086753,3.060758742317553,2.235372264610641,30,"Unnamed: 0,f13,f14,f15,f16,f17,f18,f19,f20,f22,f23,f24,f25,f26,f27,f28,f29,f30,f31,f32,f33,f34,f44,f5,f6,f7,f8,f9,foo,synthetic_target_1,synthetic_target_2"
pol_synthetic_target_2_base,regression,50.811482667922974,16.533527032416863,12.89571083718531,0.764744755086753,3.060758742317553,2.235372264610641,31,"Unnamed: 0,f13,f14,f15,f16,f17,f18,f19,f20,f22,f23,f24,f25,f26,f27,f28,f29,f30,f31,f32,f33,f34,f36,f44,f5,f6,f7,f8,f9,foo,synthetic_target_1,synthetic_target_2"
pol_synthetic_target_2_base,regression,50.811482667922974,16.533527032416863,12.89571083718531,0.764744755086753,3.060758742317553,2.235372264610641,32,"Unnamed: 0,f13,f14,f15,f16,f17,f18,f19,f20,f22,f23,f24,f25,f26,f27,f28,f29,f30,f31,f32,f33,f34,f36,f37,f44,f5,f6,f7,f8,f9,foo,synthetic_target_1,synthetic_target_2"
pol_synthetic_target_2_base,regression,50.811482667922974,16.533527032416863,12.89571083718531,0.764744755086753,3.060758742317553,2.235372264610641,33,"Unnamed: 0,f13,f14,f15,f16,f17,f18,f19,f20,f22,f23,f24,f25,f26,f27,f28,f29,f30,f31,f32,f33,f34,f36,f37,f44,f45,f5,f6,f7,f8,f9,foo,synthetic_target_1,synthetic_target_2"
pol_synthetic_target_2_base,regression,50.811482667922974,16.533527032416863,12.89571083718531,0.764744755086753,3.060758742317553,2.235372264610641,34,"Unnamed: 0,f13,f14,f15,f16,f17,f18,f19,f20,f22,f23,f24,f25,f26,f27,f28,f29,f30,f31,f32,f33,f34,f35,f36,f37,f44,f45,f5,f6,f7,f8,f9,foo,synthetic_target_1,synthetic_target_2"
pol_synthetic_target_2_base,regression,50.811482667922974,16.533527032416863,12.89571083718531,0.764744755086753,3.060758742317553,2.235372264610641,35,"Unnamed: 0,f13,f14,f15,f16,f17,f18,f19,f20,f22,f23,f24,f25,f26,f27,f28,f29,f30,f31,f32,f33,f34,f35,f36,f37,f42,f44,f45,f5,f6,f7,f8,f9,foo,synthetic_target_1,synthetic_target_2"
pol_synthetic_target_2_base,regression,50.811482667922974,16.533527032416863,12.89571083718531,0.764744755086753,3.060758742317553,2.235372264610641,36,"Unnamed: 0,f13,f14,f15,f16,f17,f18,f19,f20,f22,f23,f24,f25,f26,f27,f28,f29,f30,f31,f32,f33,f34,f35,f36,f37,f38,f42,f44,f45,f5,f6,f7,f8,f9,foo,synthetic_target_1,synthetic_target_2"
pol_synthetic_target_2_base,regression,50.811482667922974,16.533527032416863,12.89571083718531,0.764744755086753,3.060758742317553,2.235372264610641,37,"Unnamed: 0,f13,f14,f15,f16,f17,f18,f19,f20,f22,f23,f24,f25,f26,f27,f28,f29,f30,f31,f32,f33,f34,f35,f36,f37,f38,f42,f44,f45,f46,f5,f6,f7,f8,f9,foo,synthetic_target_1,synthetic_target_2"
pol_synthetic_target_2_base,regression,50.811482667922974,16.511030562823677,12.897067693599233,0.7653845232224663,2.8427374867254382,2.09113506256878,38,"Unnamed: 0,f13,f14,f15,f16,f17,f18,f19,f20,f21,f22,f23,f24,f25,f26,f27,f28,f29,f30,f31,f32,f33,f34,f35,f36,f37,f38,f42,f44,f45,f46,f5,f6,f7,f8,f9,foo,synthetic_target_1,synthetic_target_2"
pol_synthetic_target_2_base,regression,50.811482667922974,16.511030562823677,12.897067693599233,0.7653845232224663,2.8427374867254382,2.09113506256878,39,"Unnamed: 0,f13,f14,f15,f16,f17,f18,f19,f20,f21,f22,f23,f24,f25,f26,f27,f28,f29,f30,f31,f32,f33,f34,f35,f36,f37,f38,f40,f42,f44,f45,f46,f5,f6,f7,f8,f9,foo,synthetic_target_1,synthetic_target_2"
pol_synthetic_target_2_base,regression,50.811482667922974,16.511030562823677,12.897067693599233,0.7653845232224663,2.8427374867254382,2.09113506256878,40,"Unnamed: 0,f13,f14,f15,f16,f17,f18,f19,f20,f21,f22,f23,f24,f25,f26,f27,f28,f29,f30,f31,f32,f33,f34,f35,f36,f37,f38,f40,f42,f44,f45,f46,f48,f5,f6,f7,f8,f9,foo,synthetic_target_1,synthetic_target_2"
appliances_synthetic_target_1_base,regression,25.167229652404785,48.01762967870991,38.27978973088149,0.7656408724393692,12.421322227651437,10.0632421862528,1,"Unnamed: 0,synthetic_target_1"
appliances_synthetic_target_1_base,regression,25.167229652404785,48.54032482284234,38.671517812268135,0.760510877233208,10.949460953759463,8.510092461552901,2,"T9,Unnamed: 0,synthetic_target_1"
appliances_synthetic_target_1_base,regression,25.167229652404785,48.02393342628784,38.20982858404391,0.765579335134627,10.039774649918243,7.824475693725589,3,"T9,T_out,Unnamed: 0,synthetic_target_1"
appliances_synthetic_target_1_base,regression,25.167229652404785,48.32034675220261,38.44417755531215,0.7626766221377289,14.902425900419082,11.694709254626876,4,"T9,T_out,Unnamed: 0,synthetic_target_1,synthetic_target_2"
appliances_synthetic_target_1_base,regression,25.167229652404785,48.21587869760989,38.399894104572795,0.7637016938714932,13.54091747852484,10.685867417048133,5,"RH_6,T9,T_out,Unnamed: 0,synthetic_target_1,synthetic_target_2"
appliances_synthetic_target_1_base,regression,25.167229652404785,48.11511042019519,38.230916820099104,0.7646883601623646,12.122059086455813,9.49597147723437,6,"RH_6,T6,T9,T_out,Unnamed: 0,synthetic_target_1,synthetic_target_2"
appliances_synthetic_target_1_base,regression,25.167229652404785,47.47232458053112,37.75578330021612,0.7709335773385937,11.195893173511365,8.767418308430692,7,"RH_6,T4,T6,T9,T_out,Unnamed: 0,synthetic_target_1,synthetic_target_2"
appliances_synthetic_target_1_base,regression,25.167229652404785,47.60565120572545,37.857431999492945,0.769645098619482,13.374167940689766,10.49337199264486,8,"RH_6,T4,T6,T9,T_out,Unnamed: 0,rv1,synthetic_target_1,synthetic_target_2"
appliances_synthetic_target_1_base,regression,25.167229652404785,46.60694356222301,37.22937638668546,0.7792088389440044,9.274761127712672,7.413551681788203,9,"RH_5,RH_6,T4,T6,T9,T_out,Unnamed: 0,rv1,synthetic_target_1,synthetic_target_2"
appliances_synthetic_target_1_base,regression,25.167229652404785,46.51957438168506,37.09598720339572,0.7800358514250083,9.936961860933692,7.843519277649616,10,"RH_5,RH_6,RH_out,T4,T6,T9,T_out,Unnamed: 0,rv1,synthetic_target_1,synthetic_target_2"
appliances_synthetic_target_1_base,regression,25.167229652404785,46.51957438168506,37.09598720339572,0.7800358514250083,9.936961860933692,7.843519277649616,11,"RH_5,RH_6,RH_out,T4,T6,T9,T_out,Unnamed: 0,rv1,rv2,synthetic_target_1,synthetic_target_2"
appliances_synthetic_target_1_base,regression,25.167229652404785,46.45991771875496,37.10654888699139,0.7805996533605147,8.573535694803994,6.813667144571227,12,"RH_5,RH_6,RH_out,T4,T6,T9,T_out,Tdewpoint,Unnamed: 0,rv1,rv2,synthetic_target_1,synthetic_target_2"
appliances_synthetic_target_1_base,regression,25.167229652404785,46.392639882009945,37.0005486283978,0.7812346133004513,8.397496008721554,6.6021696424162,13,"Press_mm_hg,RH_5,RH_6,RH_out,T4,T6,T9,T_out,Tdewpoint,Unnamed: 0,rv1,rv2,synthetic_target_1,synthetic_target_2"
appliances_synthetic_target_1_base,regression,25.167229652404785,46.434750009070996,37.09920688484842,0.7808372908294144,8.487854004095645,6.751155061445456,14,"Press_mm_hg,RH_5,RH_6,RH_out,T4,T6,T9,T_out,Tdewpoint,Unnamed: 0,Visibility,rv1,rv2,synthetic_target_1,synthetic_target_2"
appliances_synthetic_target_1_base,regression,25.167229652404785,46.3789421736784,37.01478195566648,0.7813637778441287,8.356009634135845,6.596873589320271,15,"Press_mm_hg,RH_5,RH_6,RH_out,T2,T4,T6,T9,T_out,Tdewpoint,Unnamed: 0,Visibility,rv1,rv2,synthetic_target_1,synthetic_target_2"
appliances_synthetic_target_1_base,regression,25.167229652404785,46.33098161279616,36.958401231259316,0.7818157283888736,7.550514304640032,5.953710609694774,16,"Press_mm_hg,RH_5,RH_6,RH_8,RH_out,T2,T4,T6,T9,T_out,Tdewpoint,Unnamed: 0,Visibility,rv1,rv2,synthetic_target_1,synthetic_target_2"
appliances_synthetic_target_1_base,regression,25.167229652404785,46.34550937343426,37.01970573289185,0.7816788771623224,7.029069980614217,5.596769140816427,17,"Press_mm_hg,RH_5,RH_6,RH_8,RH_9,RH_out,T2,T4,T6,T9,T_out,Tdewpoint,Unnamed: 0,Visibility,rv1,rv2,synthetic_target_1,synthetic_target_2"
appliances_synthetic_target_1_base,regression,25.167229652404785,46.106966823787445,36.780861116718064,0.7839205118644414,5.167138835469039,4.090130842845674,18,"Press_mm_hg,RH_3,RH_5,RH_6,RH_8,RH_9,RH_out,T2,T4,T6,T9,T_out,Tdewpoint,Unnamed: 0,Visibility,rv1,rv2,synthetic_target_1,synthetic_target_2"
appliances_synthetic_target_1_base,regression,25.167229652404785,46.03460727658489,36.70204350661689,0.7845982031554275,5.244232680555541,4.140898262593872,19,"Press_mm_hg,RH_3,RH_5,RH_6,RH_8,RH_9,RH_out,T2,T3,T4,T6,T9,T_out,Tdewpoint,Unnamed: 0,Visibility,rv1,rv2,synthetic_target_1,synthetic_target_2"
appliances_synthetic_target_1_base,regression,25.167229652404785,46.1502978390535,36.83684123214256,0.7835141809405104,4.9064102476014355,3.9120890439837055,20,"Press_mm_hg,RH_2,RH_3,RH_5,RH_6,RH_8,RH_9,RH_out,T2,T3,T4,T6,T9,T_out,Tdewpoint,Unnamed: 0,Visibility,rv1,rv2,synthetic_target_1,synthetic_target_2"
appliances_synthetic_target_1_base,regression,25.167229652404785,46.045783977065824,36.73780760854285,0.7844935960450844,6.02117336251289,4.792922808794124,21,"Press_mm_hg,RH_2,RH_3,RH_5,RH_6,RH_7,RH_8,RH_9,RH_out,T2,T3,T4,T6,T9,T_out,Tdewpoint,Unnamed: 0,Visibility,rv1,rv2,synthetic_target_1,synthetic_target_2"
appliances_synthetic_target_1_base,regression,25.167229652404785,45.930793438610515,36.60930966573382,0.7855686240777611,4.396078027314985,3.4832221086198984,22,"Press_mm_hg,RH_2,RH_3,RH_5,RH_6,RH_7,RH_8,RH_9,RH_out,T2,T3,T4,T6,T8,T9,T_out,Tdewpoint,Unnamed: 0,Visibility,rv1,rv2,synthetic_target_1,synthetic_target_2"
appliances_synthetic_target_1_base,regression,25.167229652404785,46.046216042858575,36.75821523292268,0.7844895516625554,5.2066335287819,4.152743533503603,23,"Press_mm_hg,RH_1,RH_2,RH_3,RH_5,RH_6,RH_7,RH_8,RH_9,RH_out,T2,T3,T4,T6,T8,T9,T_out,Tdewpoint,Unnamed: 0,Visibility,rv1,rv2,synthetic_target_1,synthetic_target_2"
appliances_synthetic_target_1_base,regression,25.167229652404785,46.139945491481974,36.79210784262776,0.7836112934266434,4.711211854026423,3.7677795206820903,24,"Press_mm_hg,RH_1,RH_2,RH_3,RH_5,RH_6,RH_7,RH_8,RH_9,RH_out,T2,T3,T4,T6,T8,T9,T_out,Tdewpoint,Unnamed: 0,Visibility,Windspeed,rv1,rv2,synthetic_target_1,synthetic_target_2"
appliances_synthetic_target_1_base,regression,25.167229652404785,45.91326529097266,36.53008866603511,0.7857322558096292,3.4757657252184018,2.7071975214156936,25,"Press_mm_hg,RH_1,RH_2,RH_3,RH_4,RH_5,RH_6,RH_7,RH_8,RH_9,RH_out,T2,T3,T4,T6,T8,T9,T_out,Tdewpoint,Unnamed: 0,Visibility,Windspeed,rv1,rv2,synthetic_target_1,synthetic_target_2"
appliances_synthetic_target_1_base,regression,25.167229652404785,45.861599898923245,36.5427718192262,0.7862142079587908,3.8366981941564617,3.023665620251208,26,"Press_mm_hg,RH_1,RH_2,RH_3,RH_4,RH_5,RH_6,RH_7,RH_8,RH_9,RH_out,T2,T3,T4,T5,T6,T8,T9,T_out,Tdewpoint,Unnamed: 0,Visibility,Windspeed,rv1,rv2,synthetic_target_1,synthetic_target_2"
appliances_synthetic_target_1_base,regression,25.167229652404785,46.031223808284885,36.724846806338576,0.7846298653509587,5.139861441596302,4.111306138060783,27,"Press_mm_hg,RH_1,RH_2,RH_3,RH_4,RH_5,RH_6,RH_7,RH_8,RH_9,RH_out,T2,T3,T4,T5,T6,T7,T8,T9,T_out,Tdewpoint,Unnamed: 0,Visibility,Windspeed,rv1,rv2,synthetic_target_1,synthetic_target_2"
appliances_synthetic_target_1_base,regression,25.167229652404785,45.35293065887518,36.09710684688759,0.7909302746736189,4.178026956576403,3.275890864693231,28,"Press_mm_hg,RH_1,RH_2,RH_3,RH_4,RH_5,RH_6,RH_7,RH_8,RH_9,RH_out,T2,T3,T4,T5,T6,T7,T8,T9,T_out,Tdewpoint,Unnamed: 0,Visibility,Windspeed,lights,rv1,rv2,synthetic_target_1,synthetic_target_2"
appliances_synthetic_target_1_base,regression,25.167229652404785,45.18510904018009,35.96562461340209,0.7924746733811346,3.771840138580373,2.976715720126151,29,"Appliances,Press_mm_hg,RH_1,RH_2,RH_3,RH_4,RH_5,RH_6,RH_7,RH_8,RH_9,RH_out,T2,T3,T4,T5,T6,T7,T8,T9,T_out,Tdewpoint,Unnamed: 0,Visibility,Windspeed,lights,rv1,rv2,synthetic_target_1,synthetic_target_2"
appliances_synthetic_target_1_base,regression,25.167229652404785,45.319755946149655,36.10160677480433,0.7912360230021422,4.268657656439444,3.4064580999581437,30,"Appliances,Press_mm_hg,RH_1,RH_2,RH_3,RH_4,RH_5,RH_6,RH_7,RH_8,RH_9,RH_out,T1,T2,T3,T4,T5,T6,T7,T8,T9,T_out,Tdewpoint,Unnamed: 0,Visibility,Windspeed,lights,rv1,rv2,synthetic_target_1,synthetic_target_2"
appliances_synthetic_target_2_base,regression,24.281290769577026,48.29571540686949,38.41392612927729,0.7642007679961972,12.542194878385473,9.928158292432684,1,"Unnamed: 0,synthetic_target_2"
appliances_synthetic_target_2_base,regression,24.281290769577026,48.48532096242639,38.62368855140555,0.7623456714981474,10.675532913892482,8.475232857353898,2,"Unnamed: 0,Visibility,synthetic_target_2"
appliances_synthetic_target_2_base,regression,24.281290769577026,48.375876735510246,38.557713223955304,0.7634173582736945,9.983817116152117,8.054491659284711,3,"T_out,Unnamed: 0,Visibility,synthetic_target_2"
appliances_synthetic_target_2_base,regression,24.281290769577026,48.69122683602446,38.83645029157734,0.7603228601522807,12.251442270384914,9.772238003585866,4,"T_out,Unnamed: 0,Visibility,synthetic_target_1,synthetic_target_2"
appliances_synthetic_target_2_base,regression,24.281290769577026,45.91087599205857,36.547963724293986,0.7869133030209634,4.59163116112726,3.5675866747211415,5,"T_out,Unnamed: 0,Visibility,Windspeed,synthetic_target_1,synthetic_target_2"
appliances_synthetic_target_2_base,regression,24.281290769577026,45.88569105671978,36.55952822617767,0.7871470211812523,4.470399756496995,3.5104052962368257,6,"T_out,Tdewpoint,Unnamed: 0,Visibility,Windspeed,synthetic_target_1,synthetic_target_2"
appliances_synthetic_target_2_base,regression,24.281290769577026,45.65938189526663,36.36305422937806,0.7892414340103795,6.186326677321418,4.829948106505743,7,"T_out,Tdewpoint,Unnamed: 0,Visibility,Windspeed,rv1,synthetic_target_1,synthetic_target_2"
appliances_synthetic_target_2_base,regression,24.281290769577026,45.546574683309224,36.24081359640957,0.7902815583212293,5.676519524469704,4.424630849944158,8,"T4,T_out,Tdewpoint,Unnamed: 0,Visibility,Windspeed,rv1,synthetic_target_1,synthetic_target_2"
appliances_synthetic_target_2_base,regression,24.281290769577026,45.484909794554085,36.16564364984392,0.7908490438042693,7.391357760001711,5.753490298221436,9,"T4,T6,T_out,Tdewpoint,Unnamed: 0,Visibility,Windspeed,rv1,synthetic_target_1,synthetic_target_2"
appliances_synthetic_target_2_base,regression,24.281290769577026,45.484909794554085,36.16564364984392,0.7908490438042693,7.391357760001711,5.753490298221436,10,"T4,T6,T_out,Tdewpoint,Unnamed: 0,Visibility,Windspeed,rv1,rv2,synthetic_target_1,synthetic_target_2"
appliances_synthetic_target_2_base,regression,24.281290769577026,45.431658254650365,36.089915476316335,0.7913384848453217,6.185837532366733,4.765602693716488,11,"Press_mm_hg,T4,T6,T_out,Tdewpoint,Unnamed: 0,Visibility,Windspeed,rv1,rv2,synthetic_target_1,synthetic_target_2"
appliances_synthetic_target_2_base,regression,24.281290769577026,45.27710169033926,35.99383445668116,0.7927557850958037,4.856022556330203,3.7308254123470803,12,"Press_mm_hg,T4,T6,T8,T_out,Tdewpoint,Unnamed: 0,Visibility,Windspeed,rv1,rv2,synthetic_target_1,synthetic_target_2"
appliances_synthetic_target_2_base,regression,24.281290769577026,44.94232613056637,35.78618703853686,0.7958091519882584,3.5132894598441595,2.758223524272175,13,"Press_mm_hg,RH_9,T4,T6,T8,T_out,Tdewpoint,Unnamed: 0,Visibility,Windspeed,rv1,rv2,synthetic_target_1,synthetic_target_2"
appliances_synthetic_target_2_base,regression,24.281290769577026,44.964722454739075,35.78974147394436,0.7956055904776522,2.84141109328327,2.182499203993437,14,"Press_mm_hg,RH_9,T2,T4,T6,T8,T_out,Tdewpoint,Unnamed: 0,Visibility,Windspeed,rv1,rv2,synthetic_target_1,synthetic_target_2"
appliances_synthetic_target_2_base,regression,24.281290769577026,44.96899202748955,35.89393712291606,0.7955667725694965,2.8964936903540064,2.3207884163876003,15,"Press_mm_hg,RH_9,RH_out,T2,T4,T6,T8,T_out,Tdewpoint,Unnamed: 0,Visibility,Windspeed,rv1,rv2,synthetic_target_1,synthetic_target_2"
appliances_synthetic_target_2_base,regression,24.281290769577026,45.01871438262396,35.917456855600385,0.7951144377156902,3.07407439593905,2.3944833026971892,16,"Press_mm_hg,RH_8,RH_9,RH_out,T2,T4,T6,T8,T_out,Tdewpoint,Unnamed: 0,Visibility,Windspeed,rv1,rv2,synthetic_target_1,synthetic_target_2"
appliances_synthetic_target_2_base,regression,24.281290769577026,44.83895029964029,35.78669609639477,0.7967474266057968,3.2686231049041226,2.6048971480975496,17,"Press_mm_hg,RH_6,RH_8,RH_9,RH_out,T2,T4,T6,T8,T_out,Tdewpoint,Unnamed: 0,Visibility,Windspeed,rv1,rv2,synthetic_target_1,synthetic_target_2"
appliances_synthetic_target_2_base,regression,24.281290769577026,45.002211566130555,35.89198980875387,0.7952646227731797,3.044303563440927,2.407814238124395,18,"Press_mm_hg,RH_5,RH_6,RH_8,RH_9,RH_out,T2,T4,T6,T8,T_out,Tdewpoint,Unnamed: 0,Visibility,Windspeed,rv1,rv2,synthetic_target_1,synthetic_target_2"
appliances_synthetic_target_2_base,regression,24.281290769577026,44.9578616176682,35.9038445277948,0.7956679598054617,3.1679100376770677,2.5338755857056015,19,"Press_mm_hg,RH_5,RH_6,RH_8,RH_9,RH_out,T2,T4,T5,T6,T8,T_out,Tdewpoint,Unnamed: 0,Visibility,Windspeed,rv1,rv2,synthetic_target_1,synthetic_target_2"
appliances_synthetic_target_2_base,regression,24.281290769577026,44.92676168831239,35.841556169928786,0.7959505583912201,2.962129810502823,2.3258256569765337,20,"Press_mm_hg,RH_5,RH_6,RH_8,RH_9,RH_out,T2,T4,T5,T6,T7,T8,T_out,Tdewpoint,Unnamed: 0,Visibility,Windspeed,rv1,rv2,synthetic_target_1,synthetic_target_2"
appliances_synthetic_target_2_base,regression,24.281290769577026,44.93522902513886,35.855895573022714,0.7958736368370616,2.6839793212432212,2.1234485713911226,21,"Press_mm_hg,RH_5,RH_6,RH_8,RH_9,RH_out,T2,T4,T5,T6,T7,T8,T9,T_out,Tdewpoint,Unnamed: 0,Visibility,Windspeed,rv1,rv2,synthetic_target_1,synthetic_target_2"
appliances_synthetic_target_2_base,regression,24.281290769577026,44.90293096883694,35.80161483835146,0.7961669708438992,2.8430229562415903,2.218472656349256,22,"Press_mm_hg,RH_4,RH_5,RH_6,RH_8,RH_9,RH_out,T2,T4,T5,T6,T7,T8,T9,T_out,Tdewpoint,Unnamed: 0,Visibility,Windspeed,rv1,rv2,synthetic_target_1,synthetic_target_2"
appliances_synthetic_target_2_base,regression,24.281290769577026,44.97250429932546,35.91332932479675,0.7955348370924009,2.9202979835205696,2.325170677580168,23,"Press_mm_hg,RH_4,RH_5,RH_6,RH_7,RH_8,RH_9,RH_out,T2,T4,T5,T6,T7,T8,T9,T_out,Tdewpoint,Unnamed: 0,Visibility,Windspeed,rv1,rv2,synthetic_target_1,synthetic_target_2"
appliances_synthetic_target_2_base,regression,24.281290769577026,44.97074606814576,35.86642648255945,0.7955508241939775,2.858778356911003,2.2313452092441963,24,"Press_mm_hg,RH_2,RH_4,RH_5,RH_6,RH_7,RH_8,RH_9,RH_out,T2,T4,T5,T6,T7,T8,T9,T_out,Tdewpoint,Unnamed: 0,Visibility,Windspeed,rv1,rv2,synthetic_target_1,synthetic_target_2"
appliances_synthetic_target_2_base,regression,24.281290769577026,44.953872530346445,35.88307843740553,0.7957042187448338,3.679075005721721,2.9340462581966946,25,"Appliances,Press_mm_hg,RH_2,RH_4,RH_5,RH_6,RH_7,RH_8,RH_9,RH_out,T2,T4,T5,T6,T7,T8,T9,T_out,Tdewpoint,Unnamed: 0,Visibility,Windspeed,rv1,rv2,synthetic_target_1,synthetic_target_2"
appliances_synthetic_target_2_base,regression,24.281290769577026,45.00961532623174,35.95898389583914,0.7951972511372063,3.2880222503077334,2.662660416836502,26,"Appliances,Press_mm_hg,RH_2,RH_4,RH_5,RH_6,RH_7,RH_8,RH_9,RH_out,T2,T3,T4,T5,T6,T7,T8,T9,T_out,Tdewpoint,Unnamed: 0,Visibility,Windspeed,rv1,rv2,synthetic_target_1,synthetic_target_2"
appliances_synthetic_target_2_base,regression,24.281290769577026,45.05730992805478,35.92118435736056,0.7947629812226973,3.423421644848254,2.6996266042438606,27,"Appliances,Press_mm_hg,RH_2,RH_3,RH_4,RH_5,RH_6,RH_7,RH_8,RH_9,RH_out,T2,T3,T4,T5,T6,T7,T8,T9,T_out,Tdewpoint,Unnamed: 0,Visibility,Windspeed,rv1,rv2,synthetic_target_1,synthetic_target_2"
appliances_synthetic_target_2_base,regression,24.281290769577026,44.99223940769777,35.906628357515956,0.7953553484215317,2.968656471418498,2.3347202991850367,28,"Appliances,Press_mm_hg,RH_1,RH_2,RH_3,RH_4,RH_5,RH_6,RH_7,RH_8,RH_9,RH_out,T2,T3,T4,T5,T6,T7,T8,T9,T_out,Tdewpoint,Unnamed: 0,Visibility,Windspeed,rv1,rv2,synthetic_target_1,synthetic_target_2"
appliances_synthetic_target_2_base,regression,24.281290769577026,44.89452932843415,35.858529419199044,0.7962432407694084,2.8471902088223544,2.2968334783493063,29,"Appliances,Press_mm_hg,RH_1,RH_2,RH_3,RH_4,RH_5,RH_6,RH_7,RH_8,RH_9,RH_out,T1,T2,T3,T4,T5,T6,T7,T8,T9,T_out,Tdewpoint,Unnamed: 0,Visibility,Windspeed,rv1,rv2,synthetic_target_1,synthetic_target_2"
appliances_synthetic_target_2_base,regression,24.281290769577026,44.94923265401989,35.88854235152354,0.7957463890045683,3.28194146111354,2.615438825458135,30,"Appliances,Press_mm_hg,RH_1,RH_2,RH_3,RH_4,RH_5,RH_6,RH_7,RH_8,RH_9,RH_out,T1,T2,T3,T4,T5,T6,T7,T8,T9,T_out,Tdewpoint,Unnamed: 0,Visibility,Windspeed,lights,rv1,rv2,synthetic_target_1,synthetic_target_2"
superconductivity_synthetic_target_1_base,regression,171.99372124671936,22.154939123651694,17.26970136743611,0.5547359169369659,2.4937275166654835,1.7913391474432636,1,"gmean_atomic_mass,synthetic_target_1"
superconductivity_synthetic_target_1_base,regression,171.99372124671936,18.161938284276005,14.227365875276677,0.7007728931315425,2.234130188053152,1.7019590992701072,2,"gmean_atomic_mass,range_atomic_radius,synthetic_target_1"
superconductivity_synthetic_target_1_base,regression,171.99372124671936,17.997076459850106,14.091423705849758,0.7061806011240965,1.953587523477168,1.450651238094677,3,"gmean_atomic_mass,mean_atomic_radius,range_atomic_radius,synthetic_target_1"
superconductivity_synthetic_target_1_base,regression,171.99372124671936,17.894433950139437,14.03587126124389,0.7095225172027477,1.9751681307485303,1.5174372903938558,4,"gmean_atomic_mass,mean_atomic_radius,range_Density,range_atomic_radius,synthetic_target_1"
superconductivity_synthetic_target_1_base,regression,171.99372124671936,16.59223529939951,13.13280092003624,0.7502610173105562,2.912968483406317,2.2453845789616,5,"gmean_atomic_mass,mean_atomic_radius,range_Density,range_atomic_radius,synthetic_target_1,wtd_range_ThermalConductivity"
superconductivity_synthetic_target_1_base,regression,171.99372124671936,15.89614254220501,12.6401276878414,0.7707760250313408,2.5746534893138335,2.0578185548340286,6,"gmean_atomic_mass,mean_atomic_radius,range_Density,range_atomic_radius,synthetic_target_1,wtd_range_ThermalConductivity,wtd_range_fie"
superconductivity_synthetic_target_1_base,regression,171.99372124671936,15.80738951504219,12.565607942928395,0.7733285345268758,2.1550648680041977,1.7042494971105189,7,"gmean_atomic_mass,mean_atomic_radius,range_Density,range_atomic_radius,synthetic_target_1,wtd_range_ThermalConductivity,wtd_range_fie,wtd_std_ThermalConductivity"
superconductivity_synthetic_target_1_base,regression,171.99372124671936,15.858993432596428,12.625380953152904,0.7718461609178008,2.6071596585608514,2.0746323709497307,8,"critical_temp,gmean_atomic_mass,mean_atomic_radius,range_Density,range_atomic_radius,synthetic_target_1,wtd_range_ThermalConductivity,wtd_range_fie,wtd_std_ThermalConductivity"
superconductivity_synthetic_target_1_base,regression,171.99372124671936,15.771035282525038,12.555753120395742,0.7743699451071648,2.3797004203531795,1.9109191290955572,9,"critical_temp,gmean_atomic_mass,mean_atomic_radius,range_Density,range_atomic_radius,synthetic_target_1,wtd_range_Density,wtd_range_ThermalConductivity,wtd_range_fie,wtd_std_ThermalConductivity"
superconductivity_synthetic_target_1_base,regression,171.99372124671936,15.681732800435608,12.512845560957103,0.7769179422988143,2.4074499314554245,1.9491573281085959,10,"critical_temp,gmean_atomic_mass,mean_atomic_radius,range_Density,range_atomic_radius,range_fie,synthetic_target_1,wtd_range_Density,wtd_range_ThermalConductivity,wtd_range_fie,wtd_std_ThermalConductivity"
superconductivity_synthetic_target_1_base,regression,171.99372124671936,15.678136472846697,12.504866537642053,0.7770202504014964,2.395565225605541,1.9357199201430983,11,"Unnamed: 0,critical_temp,gmean_atomic_mass,mean_atomic_radius,range_Density,range_atomic_radius,range_fie,synthetic_target_1,wtd_range_Density,wtd_range_ThermalConductivity,wtd_range_fie,wtd_std_ThermalConductivity"
superconductivity_synthetic_target_1_base,regression,171.99372124671936,15.638343392236116,12.471186860605416,0.7781507151995556,1.9624787530861312,1.5643926624641509,12,"Unnamed: 0,critical_temp,gmean_atomic_mass,mean_atomic_radius,range_Density,range_atomic_radius,range_fie,synthetic_target_1,wtd_range_Density,wtd_range_ThermalConductivity,wtd_range_Valence,wtd_range_fie,wtd_std_ThermalConductivity"
superconductivity_synthetic_target_1_base,regression,171.99372124671936,15.653588699854486,12.495215630826737,0.7777179571911791,2.1771274554378923,1.761380955337481,13,"Unnamed: 0,critical_temp,gmean_atomic_mass,mean_atomic_radius,range_Density,range_atomic_radius,range_fie,synthetic_target_1,wtd_range_Density,wtd_range_ThermalConductivity,wtd_range_Valence,wtd_range_fie,wtd_std_FusionHeat,wtd_std_ThermalConductivity"
superconductivity_synthetic_target_1_base,regression,171.99372124671936,15.65015564811743,12.489258447337441,0.777815445644199,2.3112549359946453,1.8594331607877557,14,"Unnamed: 0,critical_temp,gmean_atomic_mass,mean_atomic_radius,range_Density,range_atomic_radius,range_fie,synthetic_target_1,synthetic_target_2,wtd_range_Density,wtd_range_ThermalConductivity,wtd_range_Valence,wtd_range_fie,wtd_std_FusionHeat,wtd_std_ThermalConductivity"
superconductivity_synthetic_target_1_base,regression,171.99372124671936,15.648867606183172,12.494886994307926,0.7778520166857714,2.515636234177988,2.038234740605523,15,"Unnamed: 0,critical_temp,gmean_atomic_mass,mean_atomic_radius,range_Density,range_atomic_radius,range_fie,synthetic_target_1,synthetic_target_2,wtd_range_Density,wtd_range_ThermalConductivity,wtd_range_Valence,wtd_range_fie,wtd_std_Density,wtd_std_FusionHeat,wtd_std_ThermalConductivity"
superconductivity_synthetic_target_1_base,regression,171.99372124671936,15.612304762045285,12.443515676483702,0.7788888806346363,2.1102518934330785,1.7030700326376795,16,"Unnamed: 0,critical_temp,gmean_atomic_mass,mean_atomic_radius,range_Density,range_atomic_radius,range_fie,synthetic_target_1,synthetic_target_2,wtd_gmean_ThermalConductivity,wtd_range_Density,wtd_range_ThermalConductivity,wtd_range_Valence,wtd_range_fie,wtd_std_Density,wtd_std_FusionHeat,wtd_std_ThermalConductivity"
superconductivity_synthetic_target_1_base,regression,171.99372124671936,15.622744222949771,12.4714983912793,0.7785930815634491,2.2067843785664323,1.7928810848200563,17,"Unnamed: 0,critical_temp,gmean_atomic_mass,mean_atomic_radius,range_Density,range_atomic_radius,range_fie,synthetic_target_1,synthetic_target_2,wtd_gmean_ThermalConductivity,wtd_mean_Density,wtd_range_Density,wtd_range_ThermalConductivity,wtd_range_Valence,wtd_range_fie,wtd_std_Density,wtd_std_FusionHeat,wtd_std_ThermalConductivity"
superconductivity_synthetic_target_1_base,regression,171.99372124671936,15.561976308297206,12.426921404826226,0.7803121482799871,2.167534972703889,1.7458687358594531,18,"Unnamed: 0,critical_temp,gmean_atomic_mass,mean_atomic_radius,range_Density,range_atomic_radius,range_fie,synthetic_target_1,synthetic_target_2,wtd_gmean_Density,wtd_gmean_ThermalConductivity,wtd_mean_Density,wtd_range_Density,wtd_range_ThermalConductivity,wtd_range_Valence,wtd_range_fie,wtd_std_Density,wtd_std_FusionHeat,wtd_std_ThermalConductivity"
superconductivity_synthetic_target_1_base,regression,171.99372124671936,15.571565782497112,12.431666234634942,0.7800413163460054,1.853614916105176,1.4971711357115538,19,"Unnamed: 0,critical_temp,gmean_atomic_mass,mean_atomic_radius,range_Density,range_atomic_radius,range_fie,synthetic_target_1,synthetic_target_2,wtd_gmean_Density,wtd_gmean_ThermalConductivity,wtd_mean_Density,wtd_mean_ThermalConductivity,wtd_range_Density,wtd_range_ThermalConductivity,wtd_range_Valence,wtd_range_fie,wtd_std_Density,wtd_std_FusionHeat,wtd_std_ThermalConductivity"
superconductivity_synthetic_target_1_base,regression,171.99372124671936,15.58945235315711,12.450763213910522,0.7795357068010328,2.115636377303904,1.7023647812225828,20,"Unnamed: 0,critical_temp,gmean_atomic_mass,mean_atomic_radius,range_Density,range_atomic_radius,range_fie,synthetic_target_1,synthetic_target_2,wtd_gmean_Density,wtd_gmean_ThermalConductivity,wtd_mean_Density,wtd_mean_ThermalConductivity,wtd_mean_atomic_radius,wtd_range_Density,wtd_range_ThermalConductivity,wtd_range_Valence,wtd_range_fie,wtd_std_Density,wtd_std_FusionHeat,wtd_std_ThermalConductivity"
superconductivity_synthetic_target_1_base,regression,171.99372124671936,15.548253287053207,12.431367811267979,0.7806994322256707,1.737102099846421,1.4297990408094723,21,"Unnamed: 0,critical_temp,gmean_atomic_mass,mean_atomic_radius,range_Density,range_atomic_radius,range_fie,synthetic_target_1,synthetic_target_2,wtd_gmean_Density,wtd_gmean_ThermalConductivity,wtd_mean_Density,wtd_mean_ThermalConductivity,wtd_mean_atomic_radius,wtd_range_Density,wtd_range_ThermalConductivity,wtd_range_Valence,wtd_range_atomic_radius,wtd_range_fie,wtd_std_Density,wtd_std_FusionHeat,wtd_std_ThermalConductivity"
superconductivity_synthetic_target_1_base,regression,171.99372124671936,15.545971540816174,12.438071260990354,0.7807637933496412,1.6643540135404447,1.3807807573754758,22,"Unnamed: 0,critical_temp,gmean_atomic_mass,mean_atomic_radius,range_Density,range_atomic_radius,range_fie,std_atomic_radius,synthetic_target_1,synthetic_target_2,wtd_gmean_Density,wtd_gmean_ThermalConductivity,wtd_mean_Density,wtd_mean_ThermalConductivity,wtd_mean_atomic_radius,wtd_range_Density,wtd_range_ThermalConductivity,wtd_range_Valence,wtd_range_atomic_radius,wtd_range_fie,wtd_std_Density,wtd_std_FusionHeat,wtd_std_ThermalConductivity"
superconductivity_synthetic_target_1_base,regression,171.99372124671936,15.570149032453926,12.451543446153087,0.7800813395912641,1.8689569135257784,1.527116751097779,23,"Unnamed: 0,critical_temp,gmean_atomic_mass,mean_atomic_radius,range_Density,range_atomic_radius,range_fie,std_Density,std_atomic_radius,synthetic_target_1,synthetic_target_2,wtd_gmean_Density,wtd_gmean_ThermalConductivity,wtd_mean_Density,wtd_mean_ThermalConductivity,wtd_mean_atomic_radius,wtd_range_Density,wtd_range_ThermalConductivity,wtd_range_Valence,wtd_range_atomic_radius,wtd_range_fie,wtd_std_Density,wtd_std_FusionHeat,wtd_std_ThermalConductivity"
superconductivity_synthetic_target_1_base,regression,171.99372124671936,15.557599085386274,12.44161490189556,0.7804357170912584,1.8631606033807184,1.5399977427794376,24,"Unnamed: 0,critical_temp,gmean_atomic_mass,mean_Density,mean_atomic_radius,range_Density,range_atomic_radius,range_fie,std_Density,std_atomic_radius,synthetic_target_1,synthetic_target_2,wtd_gmean_Density,wtd_gmean_ThermalConductivity,wtd_mean_Density,wtd_mean_ThermalConductivity,wtd_mean_atomic_radius,wtd_range_Density,wtd_range_ThermalConductivity,wtd_range_Valence,wtd_range_atomic_radius,wtd_range_fie,wtd_std_Density,wtd_std_FusionHeat,wtd_std_ThermalConductivity"
superconductivity_synthetic_target_1_base,regression,171.99372124671936,15.50960867361489,12.418378895685965,0.781788204530528,1.5981774932845916,1.3399807958906766,25,"Unnamed: 0,critical_temp,gmean_atomic_mass,mean_Density,mean_atomic_radius,range_Density,range_atomic_radius,range_fie,std_Density,std_atomic_radius,synthetic_target_1,synthetic_target_2,wtd_gmean_Density,wtd_gmean_ThermalConductivity,wtd_gmean_Valence,wtd_mean_Density,wtd_mean_ThermalConductivity,wtd_mean_atomic_radius,wtd_range_Density,wtd_range_ThermalConductivity,wtd_range_Valence,wtd_range_atomic_radius,wtd_range_fie,wtd_std_Density,wtd_std_FusionHeat,wtd_std_ThermalConductivity"
superconductivity_synthetic_target_1_base,regression,171.99372124671936,15.548105087440797,12.420441286016931,0.7807036127729844,1.7608736834482066,1.4457270168114427,26,"Unnamed: 0,critical_temp,gmean_atomic_mass,mean_Density,mean_atomic_radius,range_Density,range_atomic_radius,range_fie,std_Density,std_atomic_radius,synthetic_target_1,synthetic_target_2,wtd_entropy_Density,wtd_gmean_Density,wtd_gmean_ThermalConductivity,wtd_gmean_Valence,wtd_mean_Density,wtd_mean_ThermalConductivity,wtd_mean_atomic_radius,wtd_range_Density,wtd_range_ThermalConductivity,wtd_range_Valence,wtd_range_atomic_radius,wtd_range_fie,wtd_std_Density,wtd_std_FusionHeat,wtd_std_ThermalConductivity"
superconductivity_synthetic_target_1_base,regression,171.99372124671936,15.551572830956738,12.41677116761646,0.7806057811176266,1.4391748256647414,1.1725079556432103,27,"Unnamed: 0,critical_temp,gmean_atomic_mass,mean_Density,mean_atomic_radius,range_Density,range_atomic_radius,range_fie,std_Density,std_atomic_radius,synthetic_target_1,synthetic_target_2,wtd_entropy_Density,wtd_entropy_ThermalConductivity,wtd_gmean_Density,wtd_gmean_ThermalConductivity,wtd_gmean_Valence,wtd_mean_Density,wtd_mean_ThermalConductivity,wtd_mean_atomic_radius,wtd_range_Density,wtd_range_ThermalConductivity,wtd_range_Valence,wtd_range_atomic_radius,wtd_range_fie,wtd_std_Density,wtd_std_FusionHeat,wtd_std_ThermalConductivity"
superconductivity_synthetic_target_1_base,regression,171.99372124671936,15.560372121157322,12.441130413829551,0.7803574384481667,1.6417965486249564,1.37030208172874,28,"Unnamed: 0,critical_temp,gmean_atomic_mass,mean_Density,mean_atomic_radius,range_Density,range_atomic_radius,range_fie,std_Density,std_atomic_radius,synthetic_target_1,synthetic_target_2,wtd_entropy_Density,wtd_entropy_ThermalConductivity,wtd_entropy_atomic_mass,wtd_gmean_Density,wtd_gmean_ThermalConductivity,wtd_gmean_Valence,wtd_mean_Density,wtd_mean_ThermalConductivity,wtd_mean_atomic_radius,wtd_range_Density,wtd_range_ThermalConductivity,wtd_range_Valence,wtd_range_atomic_radius,wtd_range_fie,wtd_std_Density,wtd_std_FusionHeat,wtd_std_ThermalConductivity"
superconductivity_synthetic_target_1_base,regression,171.99372124671936,15.551051635247735,12.443582096907242,0.7806204864352926,1.8256903330582794,1.517695749686565,29,"Unnamed: 0,critical_temp,gmean_Density,gmean_atomic_mass,mean_Density,mean_atomic_radius,range_Density,range_atomic_radius,range_fie,std_Density,std_atomic_radius,synthetic_target_1,synthetic_target_2,wtd_entropy_Density,wtd_entropy_ThermalConductivity,wtd_entropy_atomic_mass,wtd_gmean_Density,wtd_gmean_ThermalConductivity,wtd_gmean_Valence,wtd_mean_Density,wtd_mean_ThermalConductivity,wtd_mean_atomic_radius,wtd_range_Density,wtd_range_ThermalConductivity,wtd_range_Valence,wtd_range_atomic_radius,wtd_range_fie,wtd_std_Density,wtd_std_FusionHeat,wtd_std_ThermalConductivity"
superconductivity_synthetic_target_1_base,regression,171.99372124671936,15.491640111361269,12.408928199730768,0.7822935275230318,1.7036721187587585,1.4414020513209937,30,"Unnamed: 0,critical_temp,gmean_Density,gmean_atomic_mass,gmean_fie,mean_Density,mean_atomic_radius,range_Density,range_atomic_radius,range_fie,std_Density,std_atomic_radius,synthetic_target_1,synthetic_target_2,wtd_entropy_Density,wtd_entropy_ThermalConductivity,wtd_entropy_atomic_mass,wtd_gmean_Density,wtd_gmean_ThermalConductivity,wtd_gmean_Valence,wtd_mean_Density,wtd_mean_ThermalConductivity,wtd_mean_atomic_radius,wtd_range_Density,wtd_range_ThermalConductivity,wtd_range_Valence,wtd_range_atomic_radius,wtd_range_fie,wtd_std_Density,wtd_std_FusionHeat,wtd_std_ThermalConductivity"
superconductivity_synthetic_target_1_base,regression,171.99372124671936,15.49892281885538,12.391143676553328,0.782088789325949,1.4733457479432612,1.2225244775045105,31,"Unnamed: 0,critical_temp,gmean_Density,gmean_atomic_mass,gmean_fie,mean_Density,mean_atomic_radius,range_Density,range_atomic_radius,range_fie,std_Density,std_atomic_radius,synthetic_target_1,synthetic_target_2,wtd_entropy_Density,wtd_entropy_ThermalConductivity,wtd_entropy_atomic_mass,wtd_gmean_Density,wtd_gmean_ThermalConductivity,wtd_gmean_Valence,wtd_mean_Density,wtd_mean_ThermalConductivity,wtd_mean_atomic_radius,wtd_range_Density,wtd_range_ThermalConductivity,wtd_range_Valence,wtd_range_atomic_radius,wtd_range_fie,wtd_std_Density,wtd_std_FusionHeat,wtd_std_ThermalConductivity,wtd_std_fie"
superconductivity_synthetic_target_1_base,regression,171.99372124671936,15.49866022685016,12.38822555439428,0.7820961732271011,1.4696246527516301,1.220111204068358,32,"Unnamed: 0,critical_temp,gmean_Density,gmean_ThermalConductivity,gmean_atomic_mass,gmean_fie,mean_Density,mean_atomic_radius,range_Density,range_atomic_radius,range_fie,std_Density,std_atomic_radius,synthetic_target_1,synthetic_target_2,wtd_entropy_Density,wtd_entropy_ThermalConductivity,wtd_entropy_atomic_mass,wtd_gmean_Density,wtd_gmean_ThermalConductivity,wtd_gmean_Valence,wtd_mean_Density,wtd_mean_ThermalConductivity,wtd_mean_atomic_radius,wtd_range_Density,wtd_range_ThermalConductivity,wtd_range_Valence,wtd_range_atomic_radius,wtd_range_fie,wtd_std_Density,wtd_std_FusionHeat,wtd_std_ThermalConductivity,wtd_std_fie"
superconductivity_synthetic_target_1_base,regression,171.99372124671936,15.471758242774085,12.371874637351567,0.7828519750363904,1.2756604125548812,1.0690004362183192,33,"Unnamed: 0,critical_temp,gmean_Density,gmean_ThermalConductivity,gmean_atomic_mass,gmean_fie,mean_Density,mean_atomic_radius,range_Density,range_atomic_radius,range_fie,std_Density,std_atomic_radius,synthetic_target_1,synthetic_target_2,wtd_entropy_Density,wtd_entropy_ThermalConductivity,wtd_entropy_atomic_mass,wtd_entropy_fie,wtd_gmean_Density,wtd_gmean_ThermalConductivity,wtd_gmean_Valence,wtd_mean_Density,wtd_mean_ThermalConductivity,wtd_mean_atomic_radius,wtd_range_Density,wtd_range_ThermalConductivity,wtd_range_Valence,wtd_range_atomic_radius,wtd_range_fie,wtd_std_Density,wtd_std_FusionHeat,wtd_std_ThermalConductivity,wtd_std_fie"
superconductivity_synthetic_target_1_base,regression,171.99372124671936,15.540748379592689,12.447730483134906,0.7809110872878864,1.6418112879692401,1.3791572156339953,34,"Unnamed: 0,critical_temp,gmean_Density,gmean_ThermalConductivity,gmean_atomic_mass,gmean_fie,mean_Density,mean_atomic_radius,range_Density,range_atomic_radius,range_fie,std_Density,std_atomic_radius,synthetic_target_1,synthetic_target_2,wtd_entropy_Density,wtd_entropy_ThermalConductivity,wtd_entropy_atomic_mass,wtd_entropy_fie,wtd_gmean_Density,wtd_gmean_ThermalConductivity,wtd_gmean_Valence,wtd_mean_Density,wtd_mean_ThermalConductivity,wtd_mean_atomic_radius,wtd_range_Density,wtd_range_ThermalConductivity,wtd_range_Valence,wtd_range_atomic_radius,wtd_range_fie,wtd_std_Density,wtd_std_FusionHeat,wtd_std_ThermalConductivity,wtd_std_Valence,wtd_std_fie"
superconductivity_synthetic_target_1_base,regression,171.99372124671936,15.46408618573671,12.353603275743145,0.7830672781648463,1.4009430209643252,1.1594607073059873,35,"Unnamed: 0,critical_temp,gmean_Density,gmean_ThermalConductivity,gmean_atomic_mass,gmean_fie,mean_Density,mean_atomic_radius,range_Density,range_atomic_radius,range_fie,std_Density,std_atomic_radius,synthetic_target_1,synthetic_target_2,wtd_entropy_Density,wtd_entropy_ThermalConductivity,wtd_entropy_atomic_mass,wtd_entropy_atomic_radius,wtd_entropy_fie,wtd_gmean_Density,wtd_gmean_ThermalConductivity,wtd_gmean_Valence,wtd_mean_Density,wtd_mean_ThermalConductivity,wtd_mean_atomic_radius,wtd_range_Density,wtd_range_ThermalConductivity,wtd_range_Valence,wtd_range_atomic_radius,wtd_range_fie,wtd_std_Density,wtd_std_FusionHeat,wtd_std_ThermalConductivity,wtd_std_Valence,wtd_std_fie"
superconductivity_synthetic_target_1_base,regression,171.99372124671936,15.43196640321114,12.36120614192747,0.7839675053717827,1.4337826500655613,1.20937008194805,36,"Unnamed: 0,critical_temp,gmean_Density,gmean_ThermalConductivity,gmean_atomic_mass,gmean_fie,mean_Density,mean_atomic_mass,mean_atomic_radius,range_Density,range_atomic_radius,range_fie,std_Density,std_atomic_radius,synthetic_target_1,synthetic_target_2,wtd_entropy_Density,wtd_entropy_ThermalConductivity,wtd_entropy_atomic_mass,wtd_entropy_atomic_radius,wtd_entropy_fie,wtd_gmean_Density,wtd_gmean_ThermalConductivity,wtd_gmean_Valence,wtd_mean_Density,wtd_mean_ThermalConductivity,wtd_mean_atomic_radius,wtd_range_Density,wtd_range_ThermalConductivity,wtd_range_Valence,wtd_range_atomic_radius,wtd_range_fie,wtd_std_Density,wtd_std_FusionHeat,wtd_std_ThermalConductivity,wtd_std_Valence,wtd_std_fie"
superconductivity_synthetic_target_1_base,regression,171.99372124671936,15.437311128097983,12.37180735318772,0.7838178375758705,1.3657623816097608,1.1684565908679616,37,"Unnamed: 0,critical_temp,gmean_Density,gmean_ThermalConductivity,gmean_atomic_mass,gmean_fie,mean_Density,mean_atomic_mass,mean_atomic_radius,range_Density,range_atomic_radius,range_fie,std_Density,std_atomic_radius,synthetic_target_1,synthetic_target_2,wtd_entropy_Density,wtd_entropy_ThermalConductivity,wtd_entropy_atomic_mass,wtd_entropy_atomic_radius,wtd_entropy_fie,wtd_gmean_Density,wtd_gmean_ThermalConductivity,wtd_gmean_Valence,wtd_mean_Density,wtd_mean_ThermalConductivity,wtd_mean_atomic_radius,wtd_range_Density,wtd_range_ThermalConductivity,wtd_range_Valence,wtd_range_atomic_mass,wtd_range_atomic_radius,wtd_range_fie,wtd_std_Density,wtd_std_FusionHeat,wtd_std_ThermalConductivity,wtd_std_Valence,wtd_std_fie"
superconductivity_synthetic_target_1_base,regression,171.99372124671936,15.46190017156589,12.37280946779215,0.7831286053561791,1.4653483009631163,1.2333220596610381,38,"Unnamed: 0,critical_temp,gmean_Density,gmean_ThermalConductivity,gmean_atomic_mass,gmean_fie,mean_Density,mean_atomic_mass,mean_atomic_radius,range_Density,range_atomic_radius,range_fie,std_Density,std_atomic_radius,synthetic_target_1,synthetic_target_2,wtd_entropy_Density,wtd_entropy_ThermalConductivity,wtd_entropy_atomic_mass,wtd_entropy_atomic_radius,wtd_entropy_fie,wtd_gmean_Density,wtd_gmean_ThermalConductivity,wtd_gmean_Valence,wtd_mean_Density,wtd_mean_ThermalConductivity,wtd_mean_atomic_radius,wtd_range_Density,wtd_range_ThermalConductivity,wtd_range_Valence,wtd_range_atomic_mass,wtd_range_atomic_radius,wtd_range_fie,wtd_std_Density,wtd_std_ElectronAffinity,wtd_std_FusionHeat,wtd_std_ThermalConductivity,wtd_std_Valence,wtd_std_fie"
superconductivity_synthetic_target_1_base,regression,171.99372124671936,15.449270969072865,12.374709969514678,0.7834827396039006,1.5767792190816348,1.3299116183933375,39,"Unnamed: 0,critical_temp,gmean_Density,gmean_ThermalConductivity,gmean_atomic_mass,gmean_fie,mean_Density,mean_atomic_mass,mean_atomic_radius,range_Density,range_atomic_radius,range_fie,std_Density,std_atomic_radius,synthetic_target_1,synthetic_target_2,wtd_entropy_Density,wtd_entropy_ThermalConductivity,wtd_entropy_atomic_mass,wtd_entropy_atomic_radius,wtd_entropy_fie,wtd_gmean_Density,wtd_gmean_ThermalConductivity,wtd_gmean_Valence,wtd_mean_Density,wtd_mean_ThermalConductivity,wtd_mean_atomic_radius,wtd_range_Density,wtd_range_ThermalConductivity,wtd_range_Valence,wtd_range_atomic_mass,wtd_range_atomic_radius,wtd_range_fie,wtd_std_Density,wtd_std_ElectronAffinity,wtd_std_FusionHeat,wtd_std_ThermalConductivity,wtd_std_Valence,wtd_std_atomic_radius,wtd_std_fie"
superconductivity_synthetic_target_1_base,regression,171.99372124671936,15.47178578002064,12.384064524813148,0.7828512020584353,1.4207727538631687,1.1984671032137495,40,"Unnamed: 0,critical_temp,gmean_Density,gmean_ThermalConductivity,gmean_atomic_mass,gmean_fie,mean_Density,mean_atomic_mass,mean_atomic_radius,range_Density,range_atomic_radius,range_fie,std_Density,std_atomic_radius,synthetic_target_1,synthetic_target_2,wtd_entropy_Density,wtd_entropy_ThermalConductivity,wtd_entropy_atomic_mass,wtd_entropy_atomic_radius,wtd_entropy_fie,wtd_gmean_Density,wtd_gmean_ThermalConductivity,wtd_gmean_Valence,wtd_mean_Density,wtd_mean_ThermalConductivity,wtd_mean_atomic_radius,wtd_range_Density,wtd_range_FusionHeat,wtd_range_ThermalConductivity,wtd_range_Valence,wtd_range_atomic_mass,wtd_range_atomic_radius,wtd_range_fie,wtd_std_Density,wtd_std_ElectronAffinity,wtd_std_FusionHeat,wtd_std_ThermalConductivity,wtd_std_Valence,wtd_std_atomic_radius,wtd_std_fie"
superconductivity_synthetic_target_2_base,regression,135.46316933631897,20.978767255523355,16.64933934502903,0.598857164288739,0.8341889002930465,0.6744492645801152,1,"range_FusionHeat,synthetic_target_2"
superconductivity_synthetic_target_2_base,regression,135.46316933631897,17.96891586843161,14.145367257413676,0.7057050151575233,2.5189965111895685,1.8746142504952132,2,"range_FusionHeat,synthetic_target_2,wtd_gmean_ElectronAffinity"
superconductivity_synthetic_target_2_base,regression,135.46316933631897,17.230382009165975,13.635952512854356,0.7293992954873737,1.9027830988116659,1.5002775268361397,3,"range_FusionHeat,range_ThermalConductivity,synthetic_target_2,wtd_gmean_ElectronAffinity"
superconductivity_synthetic_target_2_base,regression,135.46316933631897,16.780772021570982,13.296287386612999,0.7433371661101095,2.2671412341773323,1.7719116689538499,4,"range_FusionHeat,range_ThermalConductivity,synthetic_target_2,wtd_gmean_ElectronAffinity,wtd_mean_ElectronAffinity"
superconductivity_synthetic_target_2_base,regression,135.46316933631897,16.077338749052792,12.797274328685244,0.7644042588307253,2.3320994257560628,1.8581215139114189,5,"range_FusionHeat,range_ThermalConductivity,synthetic_target_2,wtd_gmean_ElectronAffinity,wtd_mean_ElectronAffinity,wtd_range_fie"
superconductivity_synthetic_target_2_base,regression,135.46316933631897,15.781435657479271,12.596248748277956,0.7729967219745394,2.08767171291953,1.7160344040675,6,"range_FusionHeat,range_ThermalConductivity,synthetic_target_2,wtd_gmean_ElectronAffinity,wtd_mean_ElectronAffinity,wtd_range_Valence,wtd_range_fie"
superconductivity_synthetic_target_2_base,regression,135.46316933631897,15.697502911862493,12.500886282552312,0.7754049112652359,2.103024299466936,1.69276780929793,7,"range_FusionHeat,range_ThermalConductivity,synthetic_target_2,wtd_gmean_ElectronAffinity,wtd_mean_ElectronAffinity,wtd_range_Valence,wtd_range_fie,wtd_std_Valence"
superconductivity_synthetic_target_2_base,regression,135.46316933631897,15.673327581094998,12.485875389488823,0.7760961650967932,1.787448387560314,1.4358124811104922,8,"range_FusionHeat,range_ThermalConductivity,synthetic_target_2,wtd_gmean_ElectronAffinity,wtd_gmean_Valence,wtd_mean_ElectronAffinity,wtd_range_Valence,wtd_range_fie,wtd_std_Valence"
superconductivity_synthetic_target_2_base,regression,135.46316933631897,15.688643560368615,12.474850553195619,0.7756583535297917,2.055590186250024,1.6095964500432185,9,"Unnamed: 0,range_FusionHeat,range_ThermalConductivity,synthetic_target_2,wtd_gmean_ElectronAffinity,wtd_gmean_Valence,wtd_mean_ElectronAffinity,wtd_range_Valence,wtd_range_fie,wtd_std_Valence"
superconductivity_synthetic_target_2_base,regression,135.46316933631897,15.578475613715373,12.387009476096148,0.7787980107433553,2.1614577421979106,1.6994737261842072,10,"Unnamed: 0,entropy_Valence,range_FusionHeat,range_ThermalConductivity,synthetic_target_2,wtd_gmean_ElectronAffinity,wtd_gmean_Valence,wtd_mean_ElectronAffinity,wtd_range_Valence,wtd_range_fie,wtd_std_Valence"
superconductivity_synthetic_target_2_base,regression,135.46316933631897,15.627213285290258,12.412691434736102,0.777411773182034,2.217405682980406,1.7377529491708295,11,"Unnamed: 0,entropy_Valence,range_FusionHeat,range_ThermalConductivity,synthetic_target_2,wtd_gmean_ElectronAffinity,wtd_gmean_Valence,wtd_mean_ElectronAffinity,wtd_mean_Valence,wtd_range_Valence,wtd_range_fie,wtd_std_Valence"
superconductivity_synthetic_target_2_base,regression,135.46316933631897,15.56625921422081,12.369759457767815,0.7791448010698286,1.9914854540565372,1.5587774387151736,12,"Unnamed: 0,entropy_Valence,range_FusionHeat,range_ThermalConductivity,synthetic_target_2,wtd_entropy_Valence,wtd_gmean_ElectronAffinity,wtd_gmean_Valence,wtd_mean_ElectronAffinity,wtd_mean_Valence,wtd_range_Valence,wtd_range_fie,wtd_std_Valence"
superconductivity_synthetic_target_2_base,regression,135.46316933631897,15.49534226029986,12.304442455948683,0.7811525667538286,2.0487584651370785,1.5914235765653224,13,"Unnamed: 0,entropy_Valence,range_FusionHeat,range_ThermalConductivity,synthetic_target_2,wtd_entropy_Valence,wtd_gmean_ElectronAffinity,wtd_gmean_Valence,wtd_mean_Density,wtd_mean_ElectronAffinity,wtd_mean_Valence,wtd_range_Valence,wtd_range_fie,wtd_std_Valence"
superconductivity_synthetic_target_2_base,regression,135.46316933631897,15.52274759462585,12.33578084185584,0.7803777673731442,2.1116449191841884,1.6486312089289807,14,"Unnamed: 0,entropy_Valence,range_FusionHeat,range_ThermalConductivity,std_ThermalConductivity,synthetic_target_2,wtd_entropy_Valence,wtd_gmean_ElectronAffinity,wtd_gmean_Valence,wtd_mean_Density,wtd_mean_ElectronAffinity,wtd_mean_Valence,wtd_range_Valence,wtd_range_fie,wtd_std_Valence"
superconductivity_synthetic_target_2_base,regression,135.46316933631897,15.434882483893166,12.287348137183068,0.7828570342472638,1.7685002307770237,1.4036817832243482,15,"Unnamed: 0,entropy_Valence,range_FusionHeat,range_ThermalConductivity,std_ThermalConductivity,synthetic_target_2,wtd_entropy_ElectronAffinity,wtd_entropy_Valence,wtd_gmean_ElectronAffinity,wtd_gmean_Valence,wtd_mean_Density,wtd_mean_ElectronAffinity,wtd_mean_Valence,wtd_range_Valence,wtd_range_fie,wtd_std_Valence"
superconductivity_synthetic_target_2_base,regression,135.46316933631897,15.461082396908665,12.318828803792918,0.7821192307272773,1.849301317949319,1.478431539844717,16,"Unnamed: 0,entropy_Valence,range_FusionHeat,range_ThermalConductivity,std_ThermalConductivity,synthetic_target_2,wtd_entropy_ElectronAffinity,wtd_entropy_Valence,wtd_gmean_ElectronAffinity,wtd_gmean_Valence,wtd_mean_Density,wtd_mean_ElectronAffinity,wtd_mean_Valence,wtd_range_Density,wtd_range_Valence,wtd_range_fie,wtd_std_Valence"
superconductivity_synthetic_target_2_base,regression,135.46316933631897,15.441856062848172,12.279793686535795,0.7826607767513236,1.8530056952729037,1.4638657878921393,17,"Unnamed: 0,entropy_Valence,range_FusionHeat,range_ThermalConductivity,std_ThermalConductivity,synthetic_target_2,wtd_entropy_ElectronAffinity,wtd_entropy_Valence,wtd_gmean_ElectronAffinity,wtd_gmean_Valence,wtd_mean_Density,wtd_mean_ElectronAffinity,wtd_mean_Valence,wtd_range_Density,wtd_range_ElectronAffinity,wtd_range_Valence,wtd_range_fie,wtd_std_Valence"
superconductivity_synthetic_target_2_base,regression,135.46316933631897,15.44088352214641,12.301798713350944,0.7826881522926669,1.906408519862655,1.5348394395972953,18,"Unnamed: 0,entropy_Valence,range_FusionHeat,range_ThermalConductivity,std_ThermalConductivity,std_Valence,synthetic_target_2,wtd_entropy_ElectronAffinity,wtd_entropy_Valence,wtd_gmean_ElectronAffinity,wtd_gmean_Valence,wtd_mean_Density,wtd_mean_ElectronAffinity,wtd_mean_Valence,wtd_range_Density,wtd_range_ElectronAffinity,wtd_range_Valence,wtd_range_fie,wtd_std_Valence"
superconductivity_synthetic_target_2_base,regression,135.46316933631897,15.452706956647123,12.302403085708235,0.7823552236610569,2.016587959881498,1.613830439478555,19,"Unnamed: 0,entropy_Valence,range_FusionHeat,range_ThermalConductivity,std_ThermalConductivity,std_Valence,synthetic_target_1,synthetic_target_2,wtd_entropy_ElectronAffinity,wtd_entropy_Valence,wtd_gmean_ElectronAffinity,wtd_gmean_Valence,wtd_mean_Density,wtd_mean_ElectronAffinity,wtd_mean_Valence,wtd_range_Density,wtd_range_ElectronAffinity,wtd_range_Valence,wtd_range_fie,wtd_std_Valence"
superconductivity_synthetic_target_2_base,regression,135.46316933631897,15.427198969628492,12.286707669334803,0.7830731688119372,1.878638922213847,1.4946550241774226,20,"Unnamed: 0,entropy_Valence,range_FusionHeat,range_ThermalConductivity,std_ThermalConductivity,std_Valence,synthetic_target_1,synthetic_target_2,wtd_entropy_ElectronAffinity,wtd_entropy_Valence,wtd_gmean_ElectronAffinity,wtd_gmean_Valence,wtd_mean_Density,wtd_mean_ElectronAffinity,wtd_mean_Valence,wtd_range_Density,wtd_range_ElectronAffinity,wtd_range_Valence,wtd_range_fie,wtd_std_Density,wtd_std_Valence"
superconductivity_synthetic_target_2_base,regression,135.46316933631897,15.418393165886192,12.272327440383156,0.7833207406404741,1.68823794316795,1.350927119072777,21,"Unnamed: 0,entropy_Valence,range_FusionHeat,range_ThermalConductivity,std_ThermalConductivity,std_Valence,synthetic_target_1,synthetic_target_2,wtd_entropy_ElectronAffinity,wtd_entropy_Valence,wtd_gmean_ElectronAffinity,wtd_gmean_Valence,wtd_mean_Density,wtd_mean_ElectronAffinity,wtd_mean_ThermalConductivity,wtd_mean_Valence,wtd_range_Density,wtd_range_ElectronAffinity,wtd_range_Valence,wtd_range_fie,wtd_std_Density,wtd_std_Valence"
superconductivity_synthetic_target_2_base,regression,135.46316933631897,15.426562744611697,12.254385050311658,0.7830910607742048,1.924265940361245,1.522345946237854,22,"Unnamed: 0,entropy_Valence,range_FusionHeat,range_ThermalConductivity,std_ThermalConductivity,std_Valence,synthetic_target_1,synthetic_target_2,wtd_entropy_ElectronAffinity,wtd_entropy_Valence,wtd_gmean_ElectronAffinity,wtd_gmean_Valence,wtd_mean_Density,wtd_mean_ElectronAffinity,wtd_mean_ThermalConductivity,wtd_mean_Valence,wtd_range_Density,wtd_range_ElectronAffinity,wtd_range_Valence,wtd_range_fie,wtd_std_Density,wtd_std_ThermalConductivity,wtd_std_Valence"
superconductivity_synthetic_target_2_base,regression,135.46316933631897,15.414832190521999,12.268666112486203,0.7834208159718622,1.7065054874522563,1.3566021564209052,23,"Unnamed: 0,entropy_Valence,range_FusionHeat,range_ThermalConductivity,std_ThermalConductivity,std_Valence,synthetic_target_1,synthetic_target_2,wtd_entropy_ElectronAffinity,wtd_entropy_Valence,wtd_gmean_Density,wtd_gmean_ElectronAffinity,wtd_gmean_Valence,wtd_mean_Density,wtd_mean_ElectronAffinity,wtd_mean_ThermalConductivity,wtd_mean_Valence,wtd_range_Density,wtd_range_ElectronAffinity,wtd_range_Valence,wtd_range_fie,wtd_std_Density,wtd_std_ThermalConductivity,wtd_std_Valence"
superconductivity_synthetic_target_2_base,regression,135.46316933631897,15.38174727416081,12.248826935518391,0.7843495078220801,1.7734695184398799,1.4205891016635483,24,"Unnamed: 0,entropy_Valence,range_FusionHeat,range_ThermalConductivity,std_ThermalConductivity,std_Valence,synthetic_target_1,synthetic_target_2,wtd_entropy_ElectronAffinity,wtd_entropy_ThermalConductivity,wtd_entropy_Valence,wtd_gmean_Density,wtd_gmean_ElectronAffinity,wtd_gmean_Valence,wtd_mean_Density,wtd_mean_ElectronAffinity,wtd_mean_ThermalConductivity,wtd_mean_Valence,wtd_range_Density,wtd_range_ElectronAffinity,wtd_range_Valence,wtd_range_fie,wtd_std_Density,wtd_std_ThermalConductivity,wtd_std_Valence"
superconductivity_synthetic_target_2_base,regression,135.46316933631897,15.402320704744293,12.251169244981922,0.7837722473295119,1.6285553806731574,1.283326867849084,25,"Unnamed: 0,entropy_Valence,range_FusionHeat,range_ThermalConductivity,std_ThermalConductivity,std_Valence,synthetic_target_1,synthetic_target_2,wtd_entropy_ElectronAffinity,wtd_entropy_ThermalConductivity,wtd_entropy_Valence,wtd_gmean_Density,wtd_gmean_ElectronAffinity,wtd_gmean_Valence,wtd_mean_Density,wtd_mean_ElectronAffinity,wtd_mean_ThermalConductivity,wtd_mean_Valence,wtd_range_Density,wtd_range_ElectronAffinity,wtd_range_Valence,wtd_range_fie,wtd_std_Density,wtd_std_FusionHeat,wtd_std_ThermalConductivity,wtd_std_Valence"
superconductivity_synthetic_target_2_base,regression,135.46316933631897,15.4122113149357,12.272605584914047,0.7834944565842388,1.7991575379503146,1.4365273193133135,26,"Unnamed: 0,entropy_Valence,range_FusionHeat,range_ThermalConductivity,std_ThermalConductivity,std_Valence,synthetic_target_1,synthetic_target_2,wtd_entropy_ElectronAffinity,wtd_entropy_ThermalConductivity,wtd_entropy_Valence,wtd_entropy_fie,wtd_gmean_Density,wtd_gmean_ElectronAffinity,wtd_gmean_Valence,wtd_mean_Density,wtd_mean_ElectronAffinity,wtd_mean_ThermalConductivity,wtd_mean_Valence,wtd_range_Density,wtd_range_ElectronAffinity,wtd_range_Valence,wtd_range_fie,wtd_std_Density,wtd_std_FusionHeat,wtd_std_ThermalConductivity,wtd_std_Valence"
superconductivity_synthetic_target_2_base,regression,135.46316933631897,15.415613173625283,12.27868000797231,0.7833988697104998,1.8786068789187151,1.5084451466714999,27,"Unnamed: 0,entropy_Valence,range_FusionHeat,range_ThermalConductivity,std_ThermalConductivity,std_Valence,synthetic_target_1,synthetic_target_2,wtd_entropy_ElectronAffinity,wtd_entropy_ThermalConductivity,wtd_entropy_Valence,wtd_entropy_fie,wtd_gmean_Density,wtd_gmean_ElectronAffinity,wtd_gmean_Valence,wtd_mean_Density,wtd_mean_ElectronAffinity,wtd_mean_ThermalConductivity,wtd_mean_Valence,wtd_range_Density,wtd_range_ElectronAffinity,wtd_range_ThermalConductivity,wtd_range_Valence,wtd_range_fie,wtd_std_Density,wtd_std_FusionHeat,wtd_std_ThermalConductivity,wtd_std_Valence"
superconductivity_synthetic_target_2_base,regression,135.46316933631897,15.42593332822365,12.272318319946294,0.7831087605376759,2.088513188950756,1.6509931469228984,28,"Unnamed: 0,entropy_Valence,range_FusionHeat,range_ThermalConductivity,std_Density,std_ThermalConductivity,std_Valence,synthetic_target_1,synthetic_target_2,wtd_entropy_ElectronAffinity,wtd_entropy_ThermalConductivity,wtd_entropy_Valence,wtd_entropy_fie,wtd_gmean_Density,wtd_gmean_ElectronAffinity,wtd_gmean_Valence,wtd_mean_Density,wtd_mean_ElectronAffinity,wtd_mean_ThermalConductivity,wtd_mean_Valence,wtd_range_Density,wtd_range_ElectronAffinity,wtd_range_ThermalConductivity,wtd_range_Valence,wtd_range_fie,wtd_std_Density,wtd_std_FusionHeat,wtd_std_ThermalConductivity,wtd_std_Valence"
superconductivity_synthetic_target_2_base,regression,135.46316933631897,15.364054287089184,12.237377826325357,0.7848453301620908,1.432615140523719,1.1520628745474326,29,"Unnamed: 0,entropy_ThermalConductivity,entropy_Valence,range_FusionHeat,range_ThermalConductivity,std_Density,std_ThermalConductivity,std_Valence,synthetic_target_1,synthetic_target_2,wtd_entropy_ElectronAffinity,wtd_entropy_ThermalConductivity,wtd_entropy_Valence,wtd_entropy_fie,wtd_gmean_Density,wtd_gmean_ElectronAffinity,wtd_gmean_Valence,wtd_mean_Density,wtd_mean_ElectronAffinity,wtd_mean_ThermalConductivity,wtd_mean_Valence,wtd_range_Density,wtd_range_ElectronAffinity,wtd_range_ThermalConductivity,wtd_range_Valence,wtd_range_fie,wtd_std_Density,wtd_std_FusionHeat,wtd_std_ThermalConductivity,wtd_std_Valence"
superconductivity_synthetic_target_2_base,regression,135.46316933631897,15.367082000519432,12.223640042663474,0.7847605230066497,1.4828091084721429,1.1778030016442234,30,"Unnamed: 0,entropy_ThermalConductivity,entropy_Valence,gmean_Density,range_FusionHeat,range_ThermalConductivity,std_Density,std_ThermalConductivity,std_Valence,synthetic_target_1,synthetic_target_2,wtd_entropy_ElectronAffinity,wtd_entropy_ThermalConductivity,wtd_entropy_Valence,wtd_entropy_fie,wtd_gmean_Density,wtd_gmean_ElectronAffinity,wtd_gmean_Valence,wtd_mean_Density,wtd_mean_ElectronAffinity,wtd_mean_ThermalConductivity,wtd_mean_Valence,wtd_range_Density,wtd_range_ElectronAffinity,wtd_range_ThermalConductivity,wtd_range_Valence,wtd_range_fie,wtd_std_Density,wtd_std_FusionHeat,wtd_std_ThermalConductivity,wtd_std_Valence"
superconductivity_synthetic_target_2_base,regression,135.46316933631897,15.346657949001688,12.208579696529133,0.7853322829298062,1.2845395716603125,1.0149226400216502,31,"Unnamed: 0,entropy_ThermalConductivity,entropy_Valence,gmean_Density,range_FusionHeat,range_ThermalConductivity,std_Density,std_ThermalConductivity,std_Valence,synthetic_target_1,synthetic_target_2,wtd_entropy_ElectronAffinity,wtd_entropy_ThermalConductivity,wtd_entropy_Valence,wtd_entropy_fie,wtd_gmean_Density,wtd_gmean_ElectronAffinity,wtd_gmean_ThermalConductivity,wtd_gmean_Valence,wtd_mean_Density,wtd_mean_ElectronAffinity,wtd_mean_ThermalConductivity,wtd_mean_Valence,wtd_range_Density,wtd_range_ElectronAffinity,wtd_range_ThermalConductivity,wtd_range_Valence,wtd_range_fie,wtd_std_Density,wtd_std_FusionHeat,wtd_std_ThermalConductivity,wtd_std_Valence"
superconductivity_synthetic_target_2_base,regression,135.46316933631897,15.328027773915325,12.201905054198496,0.7858531611146609,1.3624430677839499,1.0966876985810146,32,"Unnamed: 0,entropy_ThermalConductivity,entropy_Valence,gmean_Density,range_FusionHeat,range_ThermalConductivity,std_Density,std_ThermalConductivity,std_Valence,synthetic_target_1,synthetic_target_2,wtd_entropy_ElectronAffinity,wtd_entropy_ThermalConductivity,wtd_entropy_Valence,wtd_entropy_fie,wtd_gmean_Density,wtd_gmean_ElectronAffinity,wtd_gmean_ThermalConductivity,wtd_gmean_Valence,wtd_mean_Density,wtd_mean_ElectronAffinity,wtd_mean_ThermalConductivity,wtd_mean_Valence,wtd_range_Density,wtd_range_ElectronAffinity,wtd_range_FusionHeat,wtd_range_ThermalConductivity,wtd_range_Valence,wtd_range_fie,wtd_std_Density,wtd_std_FusionHeat,wtd_std_ThermalConductivity,wtd_std_Valence"
superconductivity_synthetic_target_2_base,regression,135.46316933631897,15.339592891051968,12.220726050993417,0.7855298882667372,1.5284602537808798,1.2375068894146537,33,"Unnamed: 0,entropy_ThermalConductivity,entropy_Valence,gmean_Density,range_FusionHeat,range_ThermalConductivity,std_Density,std_ThermalConductivity,std_Valence,synthetic_target_1,synthetic_target_2,wtd_entropy_ElectronAffinity,wtd_entropy_ThermalConductivity,wtd_entropy_Valence,wtd_entropy_fie,wtd_gmean_Density,wtd_gmean_ElectronAffinity,wtd_gmean_ThermalConductivity,wtd_gmean_Valence,wtd_mean_Density,wtd_mean_ElectronAffinity,wtd_mean_ThermalConductivity,wtd_mean_Valence,wtd_range_Density,wtd_range_ElectronAffinity,wtd_range_FusionHeat,wtd_range_ThermalConductivity,wtd_range_Valence,wtd_range_fie,wtd_std_Density,wtd_std_ElectronAffinity,wtd_std_FusionHeat,wtd_std_ThermalConductivity,wtd_std_Valence"
superconductivity_synthetic_target_2_base,regression,135.46316933631897,15.319064119840252,12.190605877502835,0.7861035490903918,1.4406844105943346,1.1506860851507454,34,"Unnamed: 0,entropy_ThermalConductivity,entropy_Valence,gmean_Density,range_FusionHeat,range_ThermalConductivity,range_fie,std_Density,std_ThermalConductivity,std_Valence,synthetic_target_1,synthetic_target_2,wtd_entropy_ElectronAffinity,wtd_entropy_ThermalConductivity,wtd_entropy_Valence,wtd_entropy_fie,wtd_gmean_Density,wtd_gmean_ElectronAffinity,wtd_gmean_ThermalConductivity,wtd_gmean_Valence,wtd_mean_Density,wtd_mean_ElectronAffinity,wtd_mean_ThermalConductivity,wtd_mean_Valence,wtd_range_Density,wtd_range_ElectronAffinity,wtd_range_FusionHeat,wtd_range_ThermalConductivity,wtd_range_Valence,wtd_range_fie,wtd_std_Density,wtd_std_ElectronAffinity,wtd_std_FusionHeat,wtd_std_ThermalConductivity,wtd_std_Valence"
superconductivity_synthetic_target_2_base,regression,135.46316933631897,15.329238820791769,12.210246996268152,0.7858193208699427,1.3850500482393198,1.10456648574546,35,"Unnamed: 0,entropy_ThermalConductivity,entropy_Valence,gmean_Density,mean_Density,range_FusionHeat,range_ThermalConductivity,range_fie,std_Density,std_ThermalConductivity,std_Valence,synthetic_target_1,synthetic_target_2,wtd_entropy_ElectronAffinity,wtd_entropy_ThermalConductivity,wtd_entropy_Valence,wtd_entropy_fie,wtd_gmean_Density,wtd_gmean_ElectronAffinity,wtd_gmean_ThermalConductivity,wtd_gmean_Valence,wtd_mean_Density,wtd_mean_ElectronAffinity,wtd_mean_ThermalConductivity,wtd_mean_Valence,wtd_range_Density,wtd_range_ElectronAffinity,wtd_range_FusionHeat,wtd_range_ThermalConductivity,wtd_range_Valence,wtd_range_fie,wtd_std_Density,wtd_std_ElectronAffinity,wtd_std_FusionHeat,wtd_std_ThermalConductivity,wtd_std_Valence"
superconductivity_synthetic_target_2_base,regression,135.46316933631897,15.298438591552292,12.181470201272836,0.7866791400401014,1.3956631102212178,1.1278329357080175,36,"Unnamed: 0,entropy_ThermalConductivity,entropy_Valence,gmean_Density,mean_Density,range_FusionHeat,range_ThermalConductivity,range_fie,std_Density,std_ThermalConductivity,std_Valence,synthetic_target_1,synthetic_target_2,wtd_entropy_ElectronAffinity,wtd_entropy_FusionHeat,wtd_entropy_ThermalConductivity,wtd_entropy_Valence,wtd_entropy_fie,wtd_gmean_Density,wtd_gmean_ElectronAffinity,wtd_gmean_ThermalConductivity,wtd_gmean_Valence,wtd_mean_Density,wtd_mean_ElectronAffinity,wtd_mean_ThermalConductivity,wtd_mean_Valence,wtd_range_Density,wtd_range_ElectronAffinity,wtd_range_FusionHeat,wtd_range_ThermalConductivity,wtd_range_Valence,wtd_range_fie,wtd_std_Density,wtd_std_ElectronAffinity,wtd_std_FusionHeat,wtd_std_ThermalConductivity,wtd_std_Valence"
superconductivity_synthetic_target_2_base,regression,135.46316933631897,15.31287449765901,12.19446096416402,0.7862763626173853,1.2679204814721992,1.0193760586774943,37,"Unnamed: 0,entropy_ThermalConductivity,entropy_Valence,gmean_Density,mean_Density,mean_FusionHeat,range_FusionHeat,range_ThermalConductivity,range_fie,std_Density,std_ThermalConductivity,std_Valence,synthetic_target_1,synthetic_target_2,wtd_entropy_ElectronAffinity,wtd_entropy_FusionHeat,wtd_entropy_ThermalConductivity,wtd_entropy_Valence,wtd_entropy_fie,wtd_gmean_Density,wtd_gmean_ElectronAffinity,wtd_gmean_ThermalConductivity,wtd_gmean_Valence,wtd_mean_Density,wtd_mean_ElectronAffinity,wtd_mean_ThermalConductivity,wtd_mean_Valence,wtd_range_Density,wtd_range_ElectronAffinity,wtd_range_FusionHeat,wtd_range_ThermalConductivity,wtd_range_Valence,wtd_range_fie,wtd_std_Density,wtd_std_ElectronAffinity,wtd_std_FusionHeat,wtd_std_ThermalConductivity,wtd_std_Valence"
superconductivity_synthetic_target_2_base,regression,135.46316933631897,15.317585076099197,12.183013883584252,0.7861448501688668,1.4462082157381158,1.1511443977174824,38,"Unnamed: 0,entropy_ThermalConductivity,entropy_Valence,gmean_Density,mean_Density,mean_FusionHeat,range_FusionHeat,range_ThermalConductivity,range_fie,std_Density,std_ThermalConductivity,std_Valence,synthetic_target_1,synthetic_target_2,wtd_entropy_ElectronAffinity,wtd_entropy_FusionHeat,wtd_entropy_ThermalConductivity,wtd_entropy_Valence,wtd_entropy_fie,wtd_gmean_Density,wtd_gmean_ElectronAffinity,wtd_gmean_ThermalConductivity,wtd_gmean_Valence,wtd_mean_Density,wtd_mean_ElectronAffinity,wtd_mean_ThermalConductivity,wtd_mean_Valence,wtd_range_Density,wtd_range_ElectronAffinity,wtd_range_FusionHeat,wtd_range_ThermalConductivity,wtd_range_Valence,wtd_range_atomic_mass,wtd_range_fie,wtd_std_Density,wtd_std_ElectronAffinity,wtd_std_FusionHeat,wtd_std_ThermalConductivity,wtd_std_Valence"
superconductivity_synthetic_target_2_base,regression,135.46316933631897,15.326125252732819,12.206830697742578,0.785906317804961,1.5651232402244073,1.262200479368385,39,"Unnamed: 0,entropy_ThermalConductivity,entropy_Valence,gmean_Density,mean_Density,mean_FusionHeat,range_Density,range_FusionHeat,range_ThermalConductivity,range_fie,std_Density,std_ThermalConductivity,std_Valence,synthetic_target_1,synthetic_target_2,wtd_entropy_ElectronAffinity,wtd_entropy_FusionHeat,wtd_entropy_ThermalConductivity,wtd_entropy_Valence,wtd_entropy_fie,wtd_gmean_Density,wtd_gmean_ElectronAffinity,wtd_gmean_ThermalConductivity,wtd_gmean_Valence,wtd_mean_Density,wtd_mean_ElectronAffinity,wtd_mean_ThermalConductivity,wtd_mean_Valence,wtd_range_Density,wtd_range_ElectronAffinity,wtd_range_FusionHeat,wtd_range_ThermalConductivity,wtd_range_Valence,wtd_range_atomic_mass,wtd_range_fie,wtd_std_Density,wtd_std_ElectronAffinity,wtd_std_FusionHeat,wtd_std_ThermalConductivity,wtd_std_Valence"
superconductivity_synthetic_target_2_base,regression,135.46316933631897,15.356289312148581,12.230418125455053,0.7850627530390155,1.8306806642642428,1.4820503040272257,40,"Unnamed: 0,entropy_ThermalConductivity,entropy_Valence,gmean_Density,mean_Density,mean_FusionHeat,range_Density,range_FusionHeat,range_ThermalConductivity,range_fie,std_Density,std_FusionHeat,std_ThermalConductivity,std_Valence,synthetic_target_1,synthetic_target_2,wtd_entropy_ElectronAffinity,wtd_entropy_FusionHeat,wtd_entropy_ThermalConductivity,wtd_entropy_Valence,wtd_entropy_fie,wtd_gmean_Density,wtd_gmean_ElectronAffinity,wtd_gmean_ThermalConductivity,wtd_gmean_Valence,wtd_mean_Density,wtd_mean_ElectronAffinity,wtd_mean_ThermalConductivity,wtd_mean_Valence,wtd_range_Density,wtd_range_ElectronAffinity,wtd_range_FusionHeat,wtd_range_ThermalConductivity,wtd_range_Valence,wtd_range_atomic_mass,wtd_range_fie,wtd_std_Density,wtd_std_ElectronAffinity,wtd_std_FusionHeat,wtd_std_ThermalConductivity,wtd_std_Valence"
